,辆格内靛,辆格疙,朝楼,矫啊,绊啊,历啊,辆啊,芭贰樊,刘鼻傈魂诀辆内靛,惯青林侥荐
0,A301400,ARIRANG 内胶蹿150,20210823,14195,14345,14100,14285,327,000,200000
1,A301400,ARIRANG 内胶蹿150,20210820,14260,14395,13930,13940,919,000,200000
2,A301400,ARIRANG 内胶蹿150,20210819,14485,14600,14260,14260,17298,000,200000
3,A301400,ARIRANG 内胶蹿150,20210818,14355,14620,14220,14605,12132,000,200000
4,A301400,ARIRANG 内胶蹿150,20210817,14700,14700,14360,14400,4766,000,200000
5,A301400,ARIRANG 内胶蹿150,20210813,14830,14830,14500,14650,266,000,200000
6,A301400,ARIRANG 内胶蹿150,20210812,14910,14915,14840,14855,92,000,200000
7,A301400,ARIRANG 内胶蹿150,20210811,14780,14935,14760,14885,251,000,200000
8,A301400,ARIRANG 内胶蹿150,20210810,14885,14950,14790,14800,413,000,200000
9,A301400,ARIRANG 内胶蹿150,20210809,14870,14975,14820,14940,434,000,200000
10,A301400,ARIRANG 内胶蹿150,20210806,14915,14930,14805,14915,216,000,200000
11,A301400,ARIRANG 内胶蹿150,20210805,14825,14935,14825,14880,651,000,200000
12,A301400,ARIRANG 内胶蹿150,20210804,14640,14775,14610,14775,338,000,200000
13,A301400,ARIRANG 内胶蹿150,20210803,14695,14720,14530,14610,68,000,200000
14,A301400,ARIRANG 内胶蹿150,20210802,14440,14640,14440,14625,238,000,200000
15,A301400,ARIRANG 内胶蹿150,20210730,14625,14655,14410,14410,821,000,1050000
16,A301400,ARIRANG 内胶蹿150,20210729,14640,14725,14640,14725,180,000,1050000
17,A301400,ARIRANG 内胶蹿150,20210728,14825,14825,14505,14570,1010675,000,1050000
18,A301400,ARIRANG 内胶蹿150,20210727,14990,15035,14865,14900,319,000,1050000
19,A301400,ARIRANG 内胶蹿150,20210726,15070,15105,14880,14885,190,000,1050000
20,A301400,ARIRANG 内胶蹿150,20210723,15065,15145,14995,15070,642,000,1050000
21,A301400,ARIRANG 内胶蹿150,20210722,14895,15030,14880,14955,880,000,1050000
22,A301400,ARIRANG 内胶蹿150,20210721,14945,14950,14815,14825,337,000,1050000
23,A301400,ARIRANG 内胶蹿150,20210720,14845,14955,14790,14870,357,000,1050000
24,A301400,ARIRANG 内胶蹿150,20210719,14925,14960,14865,14940,573,000,1050000
25,A301400,ARIRANG 内胶蹿150,20210716,14960,14975,14865,14960,592,000,1050000
26,A301400,ARIRANG 内胶蹿150,20210715,14800,15055,14795,15005,1478,000,1050000
27,A301400,ARIRANG 内胶蹿150,20210714,14760,14825,14700,14800,530,000,1050000
28,A301400,ARIRANG 内胶蹿150,20210713,14720,14815,14705,14795,393,000,1050000
29,A301400,ARIRANG 内胶蹿150,20210712,14680,14725,14600,14675,1169,000,1050000
30,A301400,ARIRANG 内胶蹿150,20210709,14585,14670,14470,14670,1607,000,1050000
31,A301400,ARIRANG 内胶蹿150,20210708,14940,14940,14630,14720,1144,000,1050000
32,A301400,ARIRANG 内胶蹿150,20210707,14825,14995,14825,14900,641,000,1050000
33,A301400,ARIRANG 内胶蹿150,20210706,14965,14980,14825,14825,440,000,1050000
34,A301400,ARIRANG 内胶蹿150,20210705,14910,15065,14845,14990,1244,000,1050000
35,A301400,ARIRANG 内胶蹿150,20210702,14750,14855,14730,14845,1180,000,1050000
36,A301400,ARIRANG 内胶蹿150,20210701,14705,14820,14650,14790,312,000,1050000
37,A301400,ARIRANG 内胶蹿150,20210630,14525,14720,14525,14690,2246,000,1050000
38,A301400,ARIRANG 内胶蹿150,20210629,14500,14630,14490,14510,191,000,1050000
39,A301400,ARIRANG 内胶蹿150,20210628,14425,14445,14385,14405,80,000,200000
40,A301400,ARIRANG 内胶蹿150,20210625,14490,14575,14345,14415,356,000,200000
41,A301400,ARIRANG 内胶蹿150,20210624,14495,14530,14400,14425,973235,000,200000
42,A301400,ARIRANG 内胶蹿150,20210623,14400,14590,14400,14460,609,000,200000
43,A301400,ARIRANG 内胶蹿150,20210622,14450,14450,14325,14360,86,000,200000
44,A301400,ARIRANG 内胶蹿150,20210621,14405,14470,14320,14450,931,000,200000
45,A301400,ARIRANG 内胶蹿150,20210618,14160,14510,14160,14410,1125,000,200000
46,A301400,ARIRANG 内胶蹿150,20210617,14030,14185,13960,14115,67,000,200000
47,A301400,ARIRANG 内胶蹿150,20210616,14040,14100,14040,14050,409,000,200000
48,A301400,ARIRANG 内胶蹿150,20210615,14205,14205,14050,14110,206,000,200000
49,A301400,ARIRANG 内胶蹿150,20210614,14030,14130,14030,14130,317,000,200000
50,A301400,ARIRANG 内胶蹿150,20210611,14015,14110,14005,14020,94,000,200000
51,A301400,ARIRANG 内胶蹿150,20210610,13705,14120,13705,14015,9596,000,200000
52,A301400,ARIRANG 内胶蹿150,20210609,13920,13945,13700,13700,459,000,200000
53,A301400,ARIRANG 内胶蹿150,20210608,13830,13920,13830,13915,475,000,200000
54,A301400,ARIRANG 内胶蹿150,20210607,13930,13935,13770,13825,455,000,300000
55,A301400,ARIRANG 内胶蹿150,20210604,13945,13965,13825,13925,128,000,300000
56,A301400,ARIRANG 内胶蹿150,20210603,13860,14060,13860,14020,663,000,400000
57,A301400,ARIRANG 内胶蹿150,20210602,13995,13995,13845,13860,167,000,400000
58,A301400,ARIRANG 内胶蹿150,20210601,13960,14005,13900,13945,122,000,400000
59,A301400,ARIRANG 内胶蹿150,20210531,13960,14010,13905,13970,438,000,400000
60,A301400,ARIRANG 内胶蹿150,20210528,13890,13980,13875,13905,184,000,400000
61,A301400,ARIRANG 内胶蹿150,20210527,13760,13970,13650,13970,268,000,350000
62,A301400,ARIRANG 内胶蹿150,20210526,13790,13870,13755,13760,557,000,350000
63,A301400,ARIRANG 内胶蹿150,20210525,13605,13825,13590,13825,297,000,250000
64,A301400,ARIRANG 内胶蹿150,20210524,13760,13760,13580,13580,804,000,250000
65,A301400,ARIRANG 内胶蹿150,20210521,13945,14100,13785,13785,7069,000,250000
66,A301400,ARIRANG 内胶蹿150,20210520,13855,13945,13825,13935,508,000,200000
67,A301400,ARIRANG 内胶蹿150,20210518,13745,13930,13740,13930,2859,000,200000
68,A301400,ARIRANG 内胶蹿150,20210517,13820,13875,13680,13765,236,000,200000
69,A301400,ARIRANG 内胶蹿150,20210514,13510,13750,13490,13750,551,000,200000
70,A301400,ARIRANG 内胶蹿150,20210513,13390,13670,13390,13470,918,000,200000
71,A301400,ARIRANG 内胶蹿150,20210512,13790,13815,13550,13610,798,000,200000
72,A301400,ARIRANG 内胶蹿150,20210511,14000,18350,13725,13790,3393,000,200000
73,A301400,ARIRANG 内胶蹿150,20210510,14000,14140,13910,14120,1920,000,200000
74,A301400,ARIRANG 内胶蹿150,20210507,13710,13905,13710,13880,1487,000,200000
75,A301400,ARIRANG 内胶蹿150,20210506,13715,13715,13535,13700,793,000,200000
76,A301400,ARIRANG 内胶蹿150,20210504,13540,13750,13350,13720,2955,000,200000
77,A301400,ARIRANG 内胶蹿150,20210503,13985,14055,13575,13615,741,000,200000
78,A301400,ARIRANG 内胶蹿150,20210430,14190,14195,13920,14060,695,000,200000
79,A301400,ARIRANG 内胶蹿150,20210429,14400,14415,14105,14165,536,000,200000
80,A301400,ARIRANG 内胶蹿150,20210428,14728,14728,14340,14340,331,000,200000
81,A301400,ARIRANG 内胶蹿150,20210427,14972,14972,14753,14773,493,000,200000
82,A301400,ARIRANG 内胶蹿150,20210426,14992,14992,14873,14922,347,000,200000
83,A301400,ARIRANG 内胶蹿150,20210423,14908,14987,14803,14898,706,000,200000
84,A301400,ARIRANG 内胶蹿150,20210422,14972,14977,14883,14913,660,000,200000
85,A301400,ARIRANG 内胶蹿150,20210421,15047,15047,14863,14873,656,000,200000
86,A301400,ARIRANG 内胶蹿150,20210420,15112,15147,15082,15102,409,000,200000
87,A301400,ARIRANG 内胶蹿150,20210419,15037,15197,14942,15162,888,000,200000
88,A301400,ARIRANG 内胶蹿150,20210416,14908,14977,14808,14967,1194,000,200000
89,A301400,ARIRANG 内胶蹿150,20210415,14813,14848,14748,14833,995,000,200000
90,A301400,ARIRANG 内胶蹿150,20210414,14858,14937,14838,14853,265,000,200000
91,A301400,ARIRANG 内胶蹿150,20210413,14609,14818,14594,14818,2007,000,200000
92,A301400,ARIRANG 内胶蹿150,20210412,14519,14579,14439,14579,1085,000,200000
93,A301400,ARIRANG 内胶蹿150,20210409,14439,14529,14434,14469,520,000,200000
94,A301400,ARIRANG 内胶蹿150,20210408,14210,14379,14185,14379,492,000,200000
95,A301400,ARIRANG 内胶蹿150,20210407,14145,14225,14120,14180,133,000,250000
96,A301400,ARIRANG 内胶蹿150,20210406,14335,14335,14140,14195,160,000,250000
97,A301400,ARIRANG 内胶蹿150,20210405,14344,14344,14200,14235,45620,000,250000
98,A301400,ARIRANG 内胶蹿150,20210402,14394,14399,14265,14349,270,000,250000
99,A301400,ARIRANG 内胶蹿150,20210401,14225,14349,14130,14349,1029,000,250000
100,A301400,ARIRANG 内胶蹿150,20210331,14305,14335,14200,14200,764,000,250000
101,A301400,ARIRANG 内胶蹿150,20210330,14320,14349,14280,14280,623,000,250000
102,A301400,ARIRANG 内胶蹿150,20210329,14399,14399,14245,14280,1589,000,250000
103,A301400,ARIRANG 内胶蹿150,20210326,14364,14389,14255,14349,965,000,250000
104,A301400,ARIRANG 内胶蹿150,20210325,14305,14344,14225,14315,140,000,250000
105,A301400,ARIRANG 内胶蹿150,20210324,14215,14364,14165,14340,313,000,250000
106,A301400,ARIRANG 内胶蹿150,20210323,14369,14464,14235,14240,366,000,250000
107,A301400,ARIRANG 内胶蹿150,20210322,14265,14320,14150,14285,4421,000,250000
108,A301400,ARIRANG 内胶蹿150,20210319,14041,14295,14041,14250,2194,000,250000
109,A301400,ARIRANG 内胶蹿150,20210318,14315,14359,14235,14265,6992,000,250000
110,A301400,ARIRANG 内胶蹿150,20210317,14130,14225,14046,14225,1241,000,250000
111,A301400,ARIRANG 内胶蹿150,20210316,13936,14150,13881,14140,442,000,250000
112,A301400,ARIRANG 内胶蹿150,20210315,13976,13976,13851,13876,156,000,250000
113,A301400,ARIRANG 内胶蹿150,20210312,13816,13951,13742,13936,505,000,250000
114,A301400,ARIRANG 内胶蹿150,20210311,13383,13712,13383,13712,1409,000,250000
115,A301400,ARIRANG 内胶蹿150,20210310,13632,13632,13358,13358,2068,000,250000
116,A301400,ARIRANG 内胶蹿150,20210309,13423,13473,13094,13403,28326,000,250000
117,A301400,ARIRANG 内胶蹿150,20210308,13916,13916,13453,13453,2257,000,250000
118,A301400,ARIRANG 内胶蹿150,20210305,13667,13876,13562,13826,2841,000,250000
119,A301400,ARIRANG 内胶蹿150,20210304,13796,13881,13652,13871,461,000,250000
120,A301400,ARIRANG 内胶蹿150,20210303,13841,13971,13801,13956,134,000,250000
121,A301400,ARIRANG 内胶蹿150,20210302,13836,14046,13682,13801,18450,000,250000
122,A301400,ARIRANG 内胶蹿150,20210226,13478,13727,13473,13612,8594,000,250000
123,A301400,ARIRANG 内胶蹿150,20210225,13567,13876,13567,13876,666,000,250000
124,A301400,ARIRANG 内胶蹿150,20210224,13757,13991,13353,13358,1823,000,250000
125,A301400,ARIRANG 内胶蹿150,20210223,13971,13991,13732,13732,7931,000,250000
126,A301400,ARIRANG 内胶蹿150,20210222,14394,14394,14085,14120,201,000,250000
127,A301400,ARIRANG 内胶蹿150,20210219,14344,14379,14016,14379,802,000,250000
128,A301400,ARIRANG 内胶蹿150,20210218,14474,14534,14310,14310,565,000,250000
129,A301400,ARIRANG 内胶蹿150,20210217,14628,14628,14444,14534,189,000,250000
130,A301400,ARIRANG 内胶蹿150,20210216,14878,14878,14549,14549,642,000,250000
131,A301400,ARIRANG 内胶蹿150,20210215,14703,14868,14624,14818,2561,000,250000
132,A301400,ARIRANG 内胶蹿150,20210210,14579,14643,14424,14624,833,000,250000
133,A301400,ARIRANG 内胶蹿150,20210209,14678,14708,14559,14559,210,000,250000
134,A301400,ARIRANG 内胶蹿150,20210208,14803,14813,14648,14683,97,000,250000
135,A301400,ARIRANG 内胶蹿150,20210205,14818,14863,14668,14788,801,000,250000
136,A301400,ARIRANG 内胶蹿150,20210204,14898,14898,14604,14743,264,000,250000
137,A301400,ARIRANG 内胶蹿150,20210203,14977,14977,14643,14908,4566,000,250000
138,A301400,ARIRANG 内胶蹿150,20210202,14947,15002,14693,14853,1394,000,250000
139,A301400,ARIRANG 内胶蹿150,20210201,14255,14828,14205,14808,2372,000,250000
140,A301400,ARIRANG 内胶蹿150,20210129,14808,14863,14135,14245,672,000,250000
141,A301400,ARIRANG 内胶蹿150,20210128,14638,14908,14638,14718,1647,000,250000
142,A301400,ARIRANG 内胶蹿150,20210127,15296,15296,14997,15032,3822,000,250000
143,A301400,ARIRANG 内胶蹿150,20210126,15391,15481,15122,15152,5274,000,250000
144,A301400,ARIRANG 内胶蹿150,20210125,14992,15341,14957,15331,2552,000,250000
145,A301400,ARIRANG 内胶蹿150,20210122,14927,14967,14793,14883,4597,000,250000
146,A301400,ARIRANG 内胶蹿150,20210121,15032,15032,14783,14873,295,000,250000
147,A301400,ARIRANG 内胶蹿150,20210120,14584,14972,14584,14883,1270,000,250000
148,A301400,ARIRANG 内胶蹿150,20210119,14399,14688,14250,14584,382,000,250000
149,A301400,ARIRANG 内胶蹿150,20210118,14628,14833,14349,14364,882,000,250000
150,A301400,ARIRANG 内胶蹿150,20210115,15072,15102,14723,14768,860,000,250000
151,A301400,ARIRANG 内胶蹿150,20210114,15142,15177,15027,15102,725,000,250000
152,A301400,ARIRANG 内胶蹿150,20210113,15266,15326,15117,15251,2042,000,250000
153,A301400,ARIRANG 内胶蹿150,20210112,15261,15336,14942,15192,4789,000,250000
154,A301400,ARIRANG 内胶蹿150,20210111,15406,15625,14883,15266,4525,000,250000
155,A301400,ARIRANG 内胶蹿150,20210108,15316,15316,15077,15266,1692,000,250000
156,A301400,ARIRANG 内胶蹿150,20210107,15107,15301,15067,15157,1510,000,400000
157,A301400,ARIRANG 内胶蹿150,20210106,15316,15316,15057,15117,8169,000,400000
158,A301400,ARIRANG 内胶蹿150,20210105,15147,15306,14908,15246,2819,000,400000
159,A301400,ARIRANG 内胶蹿150,20210104,15286,15286,15032,15192,4608,000,400000
160,A301400,ARIRANG 内胶蹿150,20201230,15286,15361,15112,15286,5432,000,400000
161,A301400,ARIRANG 内胶蹿150,20201229,15122,15251,14932,15231,2826,000,400000
162,A301400,ARIRANG 内胶蹿150,20201228,14738,14893,14638,14723,15913,000,400000
163,A301400,ARIRANG 内胶蹿150,20201224,14569,14713,14469,14648,380,000,400000
164,A301400,ARIRANG 内胶蹿150,20201223,14693,14768,14469,14514,237,000,400000
165,A301400,ARIRANG 内胶蹿150,20201222,15072,15077,14624,14624,20947,000,250000
166,A301400,ARIRANG 内胶蹿150,20201221,14848,15037,14768,15012,3451,000,250000
167,A301400,ARIRANG 内胶蹿150,20201218,14818,14838,14713,14793,98,000,250000
168,A301400,ARIRANG 内胶蹿150,20201217,14713,14913,14698,14798,1483,000,250000
169,A301400,ARIRANG 内胶蹿150,20201216,14638,14748,14584,14713,595,000,250000
170,A301400,ARIRANG 内胶蹿150,20201215,14628,14628,14419,14609,743,000,250000
171,A301400,ARIRANG 内胶蹿150,20201214,14564,14743,14534,14559,1397,000,250000
172,A301400,ARIRANG 内胶蹿150,20201211,14599,14599,14509,14564,4713,000,250000
173,A301400,ARIRANG 内胶蹿150,20201210,14065,14434,14065,14419,597,000,250000
174,A301400,ARIRANG 内胶蹿150,20201209,14230,14285,13951,14180,410,000,350000
175,A301400,ARIRANG 内胶蹿150,20201208,14658,14748,14051,14065,2771,000,350000
176,A301400,ARIRANG 内胶蹿150,20201207,14354,14663,14195,14663,1103,000,350000
177,A301400,ARIRANG 内胶蹿150,20201204,13976,14160,13956,14145,223,000,350000
178,A301400,ARIRANG 内胶蹿150,20201203,13732,13916,13712,13901,1105,000,350000
179,A301400,ARIRANG 内胶蹿150,20201202,13622,13687,13502,13687,279,000,350000
180,A301400,ARIRANG 内胶蹿150,20201201,13468,13542,13378,13532,1334,000,350000
181,A301400,ARIRANG 内胶蹿150,20201130,13552,13602,13383,13383,991,000,350000
182,A301400,ARIRANG 内胶蹿150,20201127,13208,13478,13208,13438,9910,000,350000
183,A301400,ARIRANG 内胶蹿150,20201126,13049,13238,12905,13184,187,000,350000
184,A301400,ARIRANG 内胶蹿150,20201125,13109,13323,12939,12994,2444,000,350000
185,A301400,ARIRANG 内胶蹿150,20201124,13218,13218,13004,13064,1225,000,350000
186,A301400,ARIRANG 内胶蹿150,20201123,13144,13253,13144,13154,1028,000,350000
187,A301400,ARIRANG 内胶蹿150,20201120,12939,13139,12939,13139,7292,000,350000
188,A301400,ARIRANG 内胶蹿150,20201119,12780,12914,12675,12905,1597,000,350000
189,A301400,ARIRANG 内胶蹿150,20201118,12611,12790,12536,12760,2207,000,350000
190,A301400,ARIRANG 内胶蹿150,20201117,12735,12735,12541,12606,938,000,350000
191,A301400,ARIRANG 内胶蹿150,20201116,12710,12820,12680,12755,1460,000,350000
192,A301400,ARIRANG 内胶蹿150,20201113,12546,12620,12351,12616,239,000,350000
193,A301400,ARIRANG 内胶蹿150,20201112,12720,12745,12551,12606,661,000,350000
194,A301400,ARIRANG 内胶蹿150,20201111,12591,12675,12406,12635,346,000,350000
195,A301400,ARIRANG 内胶蹿150,20201110,12750,12750,12521,12591,388,000,350000
196,A301400,ARIRANG 内胶蹿150,20201109,12770,12830,12720,12775,72197,000,350000
197,A301400,ARIRANG 内胶蹿150,20201106,12984,12984,12581,12620,67443,000,350000
198,A301400,ARIRANG 内胶蹿150,20201105,12690,12900,12690,12890,76860,000,350000
199,A301400,ARIRANG 内胶蹿150,20201104,12511,13353,12327,12655,204191,000,350000
200,A301400,ARIRANG 内胶蹿150,20201103,12237,12451,12237,12391,1066,000,350000
201,A301400,ARIRANG 内胶蹿150,20201102,11998,12192,11983,12142,24950,000,350000
202,A301400,ARIRANG 内胶蹿150,20201030,12446,12446,11933,11998,30068,000,350000
203,A301400,ARIRANG 内胶蹿150,20201029,11973,12441,11973,12386,78678,000,350000
204,A301400,ARIRANG 内胶蹿150,20201028,11873,12227,11868,12227,454,000,350000
205,A301400,ARIRANG 内胶蹿150,20201027,11579,12008,11579,11868,1329,000,350000
206,A301400,ARIRANG 内胶蹿150,20201026,12152,12152,11669,11669,8345,000,350000
207,A301400,ARIRANG 内胶蹿150,20201023,12307,12307,12087,12172,1297,000,350000
208,A301400,ARIRANG 内胶蹿150,20201022,12506,12506,12242,12247,1984,000,350000
209,A301400,ARIRANG 内胶蹿150,20201021,12456,12546,12356,12536,475,000,350000
210,A301400,ARIRANG 内胶蹿150,20201020,12327,12481,12102,12481,686,000,350000
211,A301400,ARIRANG 内胶蹿150,20201019,12556,12606,12376,12376,661,000,350000
212,A301400,ARIRANG 内胶蹿150,20201016,12690,12710,12386,12561,407,000,350000
213,A301400,ARIRANG 内胶蹿150,20201015,12954,12954,12516,12625,259,000,350000
214,A301400,ARIRANG 内胶蹿150,20201014,13179,13179,12979,12979,122,000,350000
215,A301400,ARIRANG 内胶蹿150,20201013,13343,13343,13089,13179,166,000,350000
216,A301400,ARIRANG 内胶蹿150,20201012,13233,13283,13169,13228,342,000,350000
217,A301400,ARIRANG 内胶蹿150,20201008,13358,13358,13179,13223,410,000,350000
218,A301400,ARIRANG 内胶蹿150,20201007,13089,13233,13034,13213,91,000,350000
219,A301400,ARIRANG 内胶蹿150,20201006,13213,13253,13104,13149,319,000,400000
220,A301400,ARIRANG 内胶蹿150,20201005,13054,13208,13019,13179,711,000,400000
221,A301400,ARIRANG 内胶蹿150,20200929,13084,13084,12919,13054,331,000,400000
222,A301400,ARIRANG 内胶蹿150,20200928,12685,12865,12581,12865,3286,000,400000
223,A301400,ARIRANG 内胶蹿150,20200925,12591,12601,12421,12436,3601,000,350000
224,A301400,ARIRANG 内胶蹿150,20200924,12825,12850,12426,12426,4832,000,350000
225,A301400,ARIRANG 内胶蹿150,20200923,13313,13313,12855,13084,78,000,350000
226,A301400,ARIRANG 内胶蹿150,20200922,13487,13487,13034,13034,439,000,350000
227,A301400,ARIRANG 内胶蹿150,20200921,13881,13886,13383,13473,147,000,350000
228,A301400,ARIRANG 内胶蹿150,20200918,13791,13821,13647,13816,67,000,350000
229,A301400,ARIRANG 内胶蹿150,20200917,13881,13896,13657,13717,91,000,350000
230,A301400,ARIRANG 内胶蹿150,20200916,13936,14036,13816,13926,265,000,350000
231,A301400,ARIRANG 内胶蹿150,20200915,13796,13901,13742,13871,70,000,350000
232,A301400,ARIRANG 内胶蹿150,20200914,13672,13697,13567,13697,72,000,350000
233,A301400,ARIRANG 内胶蹿150,20200911,13622,13632,13433,13582,7056,000,350000
234,A301400,ARIRANG 内胶蹿150,20200910,13642,13652,13482,13652,10494,000,350000
235,A301400,ARIRANG 内胶蹿150,20200909,13482,13612,13438,13468,1135,000,350000
236,A301400,ARIRANG 内胶蹿150,20200908,13737,13846,13652,13682,17202,000,350000
237,A301400,ARIRANG 内胶蹿150,20200907,13627,13697,13487,13677,9872,000,350000
238,A301400,ARIRANG 内胶蹿150,20200904,13159,13537,13159,13537,20977,000,350000
239,A301400,ARIRANG 内胶蹿150,20200903,13667,13717,13612,13657,275,000,350000
240,A301400,ARIRANG 内胶蹿150,20200902,13468,13642,13468,13642,1111,000,350000
241,A301400,ARIRANG 内胶蹿150,20200901,13313,13368,13273,13323,472,000,350000
242,A301400,ARIRANG 内胶蹿150,20200831,13283,13378,13154,13323,9621,000,350000
243,A301400,ARIRANG 内胶蹿150,20200828,13243,13403,13149,13213,547,000,350000
244,A301400,ARIRANG 内胶蹿150,20200827,13203,13203,13059,13109,77,000,350000
245,A301400,ARIRANG 内胶蹿150,20200826,13144,13208,12969,13144,817,000,350000
246,A301400,ARIRANG 内胶蹿150,20200825,12994,13169,12964,13134,11353,000,350000
247,A301400,ARIRANG 内胶蹿150,20200824,12546,12890,12521,12885,152,000,350000
248,A301400,ARIRANG 内胶蹿150,20200821,12645,12660,12312,12511,1856,000,350000
249,A301400,ARIRANG 内胶蹿150,20200820,12805,12870,12371,12416,4913,000,400000
250,A301400,ARIRANG 内胶蹿150,20200819,12820,12914,12730,12890,1169,000,400000
251,A301400,ARIRANG 内胶蹿150,20200818,13104,13154,12506,12576,57330,000,400000
252,A301400,ARIRANG 内胶蹿150,20200814,13438,13443,13024,13044,1912,000,400000
253,A301400,ARIRANG 内胶蹿150,20200813,13393,13642,13373,13418,23747,000,400000
254,A301400,ARIRANG 内胶蹿150,20200812,13507,13507,13094,13184,13100,000,400000
255,A301400,ARIRANG 内胶蹿150,20200811,13557,13617,13502,13502,702,000,400000
256,A301400,ARIRANG 内胶蹿150,20200810,13527,13607,13463,13557,3811,000,400000
257,A301400,ARIRANG 内胶蹿150,20200807,13507,13527,13328,13482,306,000,400000
258,A301400,ARIRANG 内胶蹿150,20200806,13288,13363,13223,13283,31325,000,400000
259,A301400,ARIRANG 内胶蹿150,20200805,13004,13258,12979,13228,186,000,400000
260,A301400,ARIRANG 内胶蹿150,20200804,12929,12964,12905,12929,216,000,500000
261,A301400,ARIRANG 内胶蹿150,20200803,12680,12835,12591,12820,114,000,500000
262,A301400,ARIRANG 内胶蹿150,20200731,12680,12745,12586,12611,383285,000,650000
263,A301400,ARIRANG 内胶蹿150,20200730,12645,12655,12531,12571,1091,000,750000
264,A301400,ARIRANG 内胶蹿150,20200729,12725,12725,12516,12645,188560,000,750000
265,A301400,ARIRANG 内胶蹿150,20200728,12665,12770,12576,12725,96690,000,750000
266,A301400,ARIRANG 内胶蹿150,20200727,12421,12586,12416,12526,1406,000,750000
267,A301400,ARIRANG 内胶蹿150,20200724,12446,12611,12376,12476,2934,000,800000
268,A301400,ARIRANG 内胶蹿150,20200723,12426,12635,12356,12635,1052,000,800000
269,A301400,ARIRANG 内胶蹿150,20200722,12341,12381,12242,12361,27912,000,800000
270,A301400,ARIRANG 内胶蹿150,20200721,12277,12401,12277,12366,21163,000,800000
271,A301400,ARIRANG 内胶蹿150,20200720,12212,12227,12102,12147,743,000,950000
272,A301400,ARIRANG 内胶蹿150,20200717,12087,12227,12067,12212,2828,000,950000
273,A301400,ARIRANG 内胶蹿150,20200716,12192,12192,11908,12057,145148,000,950000
274,A301400,ARIRANG 内胶蹿150,20200715,12202,12227,12092,12177,20111,000,800000
275,A301400,ARIRANG 内胶蹿150,20200714,12127,12237,12072,12167,1283,000,800000
276,A301400,ARIRANG 内胶蹿150,20200713,12212,12222,12117,12217,141014,000,600000
277,A301400,ARIRANG 内胶蹿150,20200710,12112,12137,11998,12062,326,000,600000
278,A301400,ARIRANG 内胶蹿150,20200709,12057,12177,12057,12057,224475,000,600000
279,A301400,ARIRANG 内胶蹿150,20200708,11978,12043,11933,12013,1617,000,600000
280,A301400,ARIRANG 内胶蹿150,20200707,11943,12008,11863,11893,1416,000,600000
281,A301400,ARIRANG 内胶蹿150,20200706,11818,11923,11739,11878,1964,000,600000
282,A301400,ARIRANG 内胶蹿150,20200703,11694,11828,11594,11783,30904,000,600000
283,A301400,ARIRANG 内胶蹿150,20200702,11474,11644,11474,11604,402,000,500000
284,A301400,ARIRANG 内胶蹿150,20200701,11664,11664,11365,11375,557,000,500000
285,A301400,ARIRANG 内胶蹿150,20200630,11729,11729,11534,11659,319267,000,500000
286,A301400,ARIRANG 内胶蹿150,20200629,11704,11749,11554,11564,36393,000,500000
287,A301400,ARIRANG 内胶蹿150,20200626,11923,11978,11739,11853,38971,000,500000
288,A301400,ARIRANG 内胶蹿150,20200625,11768,11918,11739,11783,513,000,500000
289,A301400,ARIRANG 内胶蹿150,20200624,11978,12067,11858,11903,1625,000,500000
290,A301400,ARIRANG 内胶蹿150,20200623,11943,11998,11739,11848,392,000,500000
291,A301400,ARIRANG 内胶蹿150,20200622,11589,11863,11564,11863,32457,000,500000
292,A301400,ARIRANG 内胶蹿150,20200619,11689,11689,11484,11614,738,000,500000
293,A301400,ARIRANG 内胶蹿150,20200618,11664,11694,11559,11604,7558,000,500000
294,A301400,ARIRANG 内胶蹿150,20200617,11569,11694,11360,11594,662,000,500000
295,A301400,ARIRANG 内胶蹿150,20200616,11305,11629,11280,11614,4264,000,500000
296,A301400,ARIRANG 内胶蹿150,20200615,11664,11714,10892,10892,40744,000,500000
297,A301400,ARIRANG 内胶蹿150,20200612,11340,11768,11320,11724,42500,000,500000
298,A301400,ARIRANG 内胶蹿150,20200611,11983,12028,11763,11888,2909,000,500000
299,A301400,ARIRANG 内胶蹿150,20200610,11709,11858,11699,11853,20704,000,500000
300,A301400,ARIRANG 内胶蹿150,20200609,11699,11739,11559,11699,3297,000,500000
301,A301400,ARIRANG 内胶蹿150,20200608,11684,11758,11574,11624,30208,000,500000
302,A301400,ARIRANG 内胶蹿150,20200605,11489,11639,11440,11639,453,000,500000
303,A301400,ARIRANG 内胶蹿150,20200604,11514,11529,11340,11425,24621,000,500000
304,A301400,ARIRANG 内胶蹿150,20200603,11579,11649,11330,11395,26656,000,500000
305,A301400,ARIRANG 内胶蹿150,20200602,11360,11509,11335,11489,7252,000,500000
306,A301400,ARIRANG 内胶蹿150,20200601,10911,11335,10911,11330,461,000,500000
307,A301400,ARIRANG 内胶蹿150,20200529,10702,10887,10652,10887,409,000,500000
308,A301400,ARIRANG 内胶蹿150,20200528,11016,11031,10563,10687,4927,000,500000
309,A301400,ARIRANG 内胶蹿150,20200527,10981,11086,10921,10976,102487,000,500000
310,A301400,ARIRANG 内胶蹿150,20200526,10966,11076,10892,11076,18172,000,500000
311,A301400,ARIRANG 内胶蹿150,20200525,10812,10906,10722,10877,83569,000,500000
312,A301400,ARIRANG 内胶蹿150,20200522,10916,10921,10558,10727,18769,000,500000
313,A301400,ARIRANG 内胶蹿150,20200521,10877,10906,10822,10882,144,000,500000
314,A301400,ARIRANG 内胶蹿150,20200520,10598,10777,10593,10772,12154,000,500000
315,A301400,ARIRANG 内胶蹿150,20200519,10583,10583,10468,10583,17396,000,450000
316,A301400,ARIRANG 内胶蹿150,20200518,10697,10697,10488,10498,124484,000,450000
317,A301400,ARIRANG 内胶蹿150,20200515,10717,10737,10558,10598,101726,000,450000
318,A301400,ARIRANG 内胶蹿150,20200514,10578,10677,10518,10617,28118,000,250000
319,A301400,ARIRANG 内胶蹿150,20200513,10114,10627,10114,10627,340,000,450000
320,A301400,ARIRANG 内胶蹿150,20200512,10603,10657,10428,10553,302039,000,450000
321,A301400,ARIRANG 内胶蹿150,20200511,10583,10667,10418,10573,34871,000,450000
322,A301400,ARIRANG 内胶蹿150,20200508,10264,10493,10264,10468,22549,000,450000
323,A301400,ARIRANG 内胶蹿150,20200507,10094,10229,10084,10214,15876,000,450000
324,A301400,ARIRANG 内胶蹿150,20200506,9910,10064,9870,10064,834,000,450000
325,A301400,ARIRANG 内胶蹿150,20200504,9726,9915,9726,9805,393,000,450000
326,A301400,ARIRANG 内胶蹿150,20200429,9910,9935,9880,9915,90,000,450000
327,A301400,ARIRANG 内胶蹿150,20200428,10020,10020,9805,9920,447,000,450000
328,A301400,ARIRANG 内胶蹿150,20200427,9831,9990,9821,9990,410,000,450000
329,A301400,ARIRANG 内胶蹿150,20200424,9895,9950,9741,9766,183,000,450000
330,A301400,ARIRANG 内胶蹿150,20200423,9900,9965,9841,9915,724,000,450000
331,A301400,ARIRANG 内胶蹿150,20200422,9627,9861,9602,9861,1402,000,450000
332,A301400,ARIRANG 内胶蹿150,20200421,9821,9915,9428,9756,2593,000,450000
333,A301400,ARIRANG 内胶蹿150,20200420,9965,9995,9836,9846,513,000,450000
334,A301400,ARIRANG 内胶蹿150,20200417,9865,9915,9751,9915,688,000,450000
335,A301400,ARIRANG 内胶蹿150,20200416,9453,9731,9403,9716,577,000,450000
336,A301400,ARIRANG 内胶蹿150,20200414,9384,9528,9324,9498,1152,000,450000
337,A301400,ARIRANG 内胶蹿150,20200413,9418,9458,9279,9279,360,000,450000
338,A301400,ARIRANG 内胶蹿150,20200410,9567,9587,9334,9483,1371,000,450000
339,A301400,ARIRANG 内胶蹿150,20200409,9587,9592,9468,9533,462,000,450000
340,A301400,ARIRANG 内胶蹿150,20200408,9513,9597,9413,9498,1218,000,450000
341,A301400,ARIRANG 内胶蹿150,20200407,9557,9597,9334,9513,1628,000,450000
342,A301400,ARIRANG 内胶蹿150,20200406,9190,9448,9155,9448,1202,000,450000
343,A301400,ARIRANG 内胶蹿150,20200403,9066,9190,8971,9081,2875,000,450000
344,A301400,ARIRANG 内胶蹿150,20200402,8768,9041,8604,9041,3826,000,450000
345,A301400,ARIRANG 内胶蹿150,20200401,9200,9279,8758,8758,3727,000,450000
346,A301400,ARIRANG 内胶蹿150,20200331,8812,9175,8807,9175,5331,000,450000
347,A301400,ARIRANG 内胶蹿150,20200330,8271,8653,8221,8643,5658,000,450000
348,A301400,ARIRANG 内胶蹿150,20200327,8703,8733,8211,8410,1235,000,450000
349,A301400,ARIRANG 内胶蹿150,20200326,8355,8663,8191,8365,8908,000,450000
350,A301400,ARIRANG 内胶蹿150,20200325,8276,8316,8017,8271,3888,000,450000
351,A301400,ARIRANG 内胶蹿150,20200324,7546,7968,7541,7968,3221,000,450000
352,A301400,ARIRANG 内胶蹿150,20200323,7272,7526,7158,7322,1504,000,450000
353,A301400,ARIRANG 内胶蹿150,20200320,7282,7680,7128,7680,1289,000,450000
354,A301400,ARIRANG 内胶蹿150,20200319,7988,8072,6870,6959,28772,000,450000
355,A301400,ARIRANG 内胶蹿150,20200318,8311,8420,7719,7719,2719,000,1450000
356,A301400,ARIRANG 内胶蹿150,20200317,7635,8256,7635,8256,1671,000,1450000
357,A301400,ARIRANG 内胶蹿150,20200316,8445,8509,7953,7953,3703,000,1450000
358,A301400,ARIRANG 内胶蹿150,20200313,8072,8489,7734,8206,12241,000,450000
359,A301400,ARIRANG 内胶蹿150,20200312,8932,9001,8529,8633,1430,000,450000
360,A301400,ARIRANG 内胶蹿150,20200311,9443,9443,9026,9051,6942,000,450000
361,A301400,ARIRANG 内胶蹿150,20200310,9215,9433,9215,9433,91,000,450000
362,A301400,ARIRANG 内胶蹿150,20200309,9508,9548,9294,9294,746,000,450000
363,A301400,ARIRANG 内胶蹿150,20200306,9682,9726,9602,9652,447,000,450000
364,A301400,ARIRANG 内胶蹿150,20200305,9721,9776,9687,9776,715,000,450000
365,A301400,ARIRANG 内胶蹿150,20200304,9384,9637,9384,9637,714,000,450000
366,A301400,ARIRANG 内胶蹿150,20200303,9786,9786,9488,9488,4367,000,450000
367,A301400,ARIRANG 内胶蹿150,20200302,9369,9528,9240,9528,4549,000,450000
368,A301400,ARIRANG 内胶蹿150,20200228,9458,9513,9235,9279,2523,000,400000
369,A301400,ARIRANG 内胶蹿150,20200227,9811,9915,9543,9617,291,000,400000
370,A301400,ARIRANG 内胶蹿150,20200226,9572,9831,9572,9791,735,000,400000
371,A301400,ARIRANG 内胶蹿150,20200225,9463,9766,9413,9766,3232,000,400000
372,A301400,ARIRANG 内胶蹿150,20200224,9607,9662,9448,9448,1238,000,400000
373,A301400,ARIRANG 内胶蹿150,20200221,9970,10039,9865,9865,121,000,400000
374,A301400,ARIRANG 内胶蹿150,20200220,10208,10213,10039,10114,2059,000,850000
375,A301400,ARIRANG 内胶蹿150,20200219,10203,10213,10039,10154,372,000,850000
376,A301400,ARIRANG 内胶蹿150,20200218,10298,10298,10139,10139,1913,000,850000
377,A301400,ARIRANG 内胶蹿150,20200217,10298,10337,10268,10318,1306,000,850000
378,A301400,ARIRANG 内胶蹿150,20200214,10283,10352,10258,10293,243,000,850000
379,A301400,ARIRANG 内胶蹿150,20200213,10367,10367,10218,10288,3308,000,850000
380,A301400,ARIRANG 内胶蹿150,20200212,10238,10293,10218,10293,234,000,850000
381,A301400,ARIRANG 内胶蹿150,20200211,10169,10238,10169,10238,310,000,850000
382,A301400,ARIRANG 内胶蹿150,20200210,10029,10149,10000,10149,388,000,850000
383,A301400,ARIRANG 内胶蹿150,20200207,10089,10109,9995,10069,76,000,850000
384,A301400,ARIRANG 内胶蹿150,20200206,9920,10079,9920,10059,253,000,850000
385,A301400,ARIRANG 内胶蹿150,20200205,10005,10005,9821,9821,620,000,850000
386,A301400,ARIRANG 内胶蹿150,20200204,9716,9885,9716,9885,398,000,1000000
387,A301400,ARIRANG 内胶蹿150,20200203,9448,9726,9418,9692,3810,000,1000000
388,A301400,ARIRANG 内胶蹿150,20200131,9846,9905,9582,9582,438,000,1000000
389,A301400,ARIRANG 内胶蹿150,20200130,9905,9905,9702,9726,566,000,2000000
390,A301400,ARIRANG 内胶蹿150,20200129,9975,10000,9885,9960,382,000,2000000
391,A301400,ARIRANG 内胶蹿150,20200128,9826,9910,9791,9836,1067,000,2000000
392,A301400,ARIRANG 内胶蹿150,20200123,10263,10283,10193,10223,423,000,3000000
393,A301400,ARIRANG 内胶蹿150,20200122,10069,10288,10069,10273,206,000,3000000
394,A301400,ARIRANG 内胶蹿150,20200121,10218,10243,10074,10084,501,000,3000000
395,A301400,ARIRANG 内胶蹿150,20200120,10342,10377,10228,10253,1724,000,3000000
396,A301400,ARIRANG 内胶蹿150,20200117,10392,10447,10323,10342,519,000,3000000
397,A301400,ARIRANG 内胶蹿150,20200116,10203,10327,10203,10327,84,000,3000000
398,A301400,ARIRANG 内胶蹿150,20200115,10223,10263,10198,10208,88,000,4000000
399,A301400,ARIRANG 内胶蹿150,20200114,10362,10427,10258,10268,1398,000,4000000
400,A301400,ARIRANG 内胶蹿150,20200113,10218,10308,10218,10288,234,000,4000000
401,A301400,ARIRANG 内胶蹿150,20200110,10139,10203,10084,10203,1015,000,4000000
402,A301400,ARIRANG 内胶蹿150,20200109,9950,10079,9950,10079,290,000,4000000
403,A301400,ARIRANG 内胶蹿150,20200108,9925,9925,9672,9692,2579,000,4000000
404,A301400,ARIRANG 内胶蹿150,20200107,9970,10024,9900,10024,275,000,4000000
405,A301400,ARIRANG 内胶蹿150,20200106,9905,9985,9846,9846,1014,000,500000
406,A301400,ARIRANG 内胶蹿150,20200103,10332,10362,10139,10139,810,000,500000
407,A301400,ARIRANG 内胶蹿150,20200102,10342,10342,10144,10298,1053,000,500000
408,A301400,ARIRANG 内胶蹿150,20191230,10104,10248,10094,10248,718,000,500000
409,A301400,ARIRANG 内胶蹿150,20191227,9950,10109,9950,10079,761,000,500000
410,A301400,ARIRANG 内胶蹿150,20191226,9647,9880,9647,9880,618,000,500000
411,A301400,ARIRANG 内胶蹿150,20191224,9786,9786,9662,9662,1248,000,500000
412,A301400,ARIRANG 内胶蹿150,20191223,9766,9831,9766,9791,463,000,500000
413,A301400,ARIRANG 内胶蹿150,20191220,9716,9746,9682,9721,73,000,200000
414,A301400,ARIRANG 内胶蹿150,20191219,9637,9721,9592,9637,338,000,200000
415,A301400,ARIRANG 内胶蹿150,20191218,9707,9707,9637,9647,241,000,200000
416,A301400,ARIRANG 内胶蹿150,20191217,9577,9687,9572,9687,258,000,200000
417,A301400,ARIRANG 内胶蹿150,20191216,9562,9587,9518,9523,359,000,200000
418,A301400,ARIRANG 内胶蹿150,20191213,9617,9642,9543,9553,431,000,200000
419,A301400,ARIRANG 内胶蹿150,20191212,9354,9528,9334,9498,680,000,200000
420,A301400,ARIRANG 内胶蹿150,20191211,9274,9374,9274,9289,67,000,200000
421,A301400,ARIRANG 内胶蹿150,20191210,9309,9314,9269,9309,173,000,200000
422,A301400,ARIRANG 内胶蹿150,20191209,9413,9413,9299,9354,1164,000,200000
423,A301400,ARIRANG 内胶蹿150,20191206,9240,9369,9240,9369,626,000,200000
424,A301400,ARIRANG 内胶蹿150,20191205,9349,9349,9115,9200,1291,000,500000
425,A301400,ARIRANG 内胶蹿150,20191204,9245,9334,9225,9284,148,000,500000
426,A301400,ARIRANG 内胶蹿150,20191203,9354,9389,9319,9334,144,000,500000
427,A301400,ARIRANG 内胶蹿150,20191202,9413,9523,9408,9458,804,000,500000
428,A301400,ARIRANG 内胶蹿150,20191129,9543,9572,9354,9418,504,000,500000
429,A301400,ARIRANG 内胶蹿150,20191128,9677,9697,9528,9528,177,000,500000
430,A301400,ARIRANG 内胶蹿150,20191127,9801,9801,9657,9697,116,000,500000
431,A301400,ARIRANG 内胶蹿150,20191126,9786,9846,9761,9761,204,000,500000
432,A301400,ARIRANG 内胶蹿150,20191125,9553,9697,9538,9672,389,000,500000
433,A301400,ARIRANG 内胶蹿150,20191122,9498,9533,9354,9433,159,000,500000
434,A301400,ARIRANG 内胶蹿150,20191121,9711,9711,9448,9478,1609,000,500000
435,A301400,ARIRANG 内胶蹿150,20191120,9890,9935,9707,9721,999,000,500000
436,A301400,ARIRANG 内胶蹿150,20191119,10084,10084,9935,9935,554,000,500000
437,A301400,ARIRANG 内胶蹿150,20191118,10139,10178,10074,10109,58,000,500000
438,A301400,ARIRANG 内胶蹿150,20191115,9990,10129,9940,10129,1372,000,500000
439,A301400,ARIRANG 内胶蹿150,20191114,9945,10015,9900,9980,506,000,500000
440,A301400,ARIRANG 内胶蹿150,20191113,10039,10039,9905,9935,589,000,200000
441,A301400,ARIRANG 内胶蹿150,20191112,10010,10084,9980,10064,408,000,200000
442,A301400,ARIRANG 内胶蹿150,20191111,10134,10134,9950,9975,16175,000,200000
443,A301400,ARIRANG 内胶蹿150,20191108,10193,10208,10074,10109,61,000,200000
444,A301400,ARIRANG 内胶蹿150,20191107,10109,10193,10074,10129,150,000,200000
445,A301400,ARIRANG 内胶蹿150,20191106,10342,10347,10173,10193,906,000,200000
446,A301400,ARIRANG 内胶蹿150,20191105,10273,10332,10193,10332,374,000,200000
447,A301400,ARIRANG 内胶蹿150,20191104,10228,10273,10198,10238,258,000,200000
448,A301400,ARIRANG 内胶蹿150,20191101,10039,10119,10019,10119,482,000,200000
449,A301400,ARIRANG 内胶蹿150,20191031,10059,10173,10054,10089,370,000,200000
450,A301400,ARIRANG 内胶蹿150,20191030,10149,10149,10024,10024,152,000,200000
451,A301400,ARIRANG 内胶蹿150,20191029,9995,10064,9910,10064,296,000,200000
452,A301400,ARIRANG 内胶蹿150,20191028,9975,10000,9875,9935,312,000,200000
453,A301400,ARIRANG 内胶蹿150,20191025,10188,10188,9940,9965,173,000,200000
454,A301400,ARIRANG 内胶蹿150,20191024,10377,10377,9935,10208,69,000,200000
455,A301400,ARIRANG 内胶蹿150,20191023,10064,10248,10064,10248,967,000,200000
456,A301400,ARIRANG 内胶蹿150,20191022,9910,10169,9880,10005,2101,000,200000
457,A301400,ARIRANG 内胶蹿150,20191021,9567,9776,9562,9776,350,000,200000
458,A301400,ARIRANG 内胶蹿150,20191018,9716,9716,9562,9572,91,000,200000
459,A301400,ARIRANG 内胶蹿150,20191017,9716,9761,9597,9637,193,000,200000
460,A301400,ARIRANG 内胶蹿150,20191016,9726,9771,9716,9741,456,000,200000
461,A301400,ARIRANG 内胶蹿150,20191015,9543,9687,9543,9657,90,000,200000
462,A301400,ARIRANG 内胶蹿150,20191014,9557,9617,9508,9562,57,000,200000
463,A301400,ARIRANG 内胶蹿150,20191011,9518,9533,9403,9403,51,000,200000
464,A301400,ARIRANG 内胶蹿150,20191010,9448,9463,9374,9453,1123,000,200000
465,A301400,ARIRANG 内胶蹿150,20191008,9438,9518,9299,9498,2150,000,200000
466,A301400,ARIRANG 内胶蹿150,20191007,9180,9374,9180,9374,2259,000,200000
467,A301400,ARIRANG 内胶蹿150,20191004,9066,9150,8966,9061,148,000,200000
468,A301400,ARIRANG 内胶蹿150,20191002,9095,9160,9036,9036,588,000,200000
469,A301400,ARIRANG 内胶蹿150,20191001,8912,9180,8912,9180,137,000,600000
470,A301400,ARIRANG 内胶蹿150,20190930,8996,8996,8822,8912,146,000,600000
471,A301400,ARIRANG 内胶蹿150,20190927,8951,8951,8847,8941,130,000,600000
472,A301400,ARIRANG 内胶蹿150,20190926,9006,9061,8872,8927,64,000,200000
473,A301400,ARIRANG 内胶蹿150,20190925,8937,9016,8822,8852,5411,000,200000
474,A301400,ARIRANG 内胶蹿150,20190924,9145,9150,9041,9041,1831,000,200000
475,A301400,ARIRANG 内胶蹿150,20190923,9394,9394,9279,9309,99,000,200000
476,A301400,ARIRANG 内胶蹿150,20190920,9403,9423,9354,9384,1022,000,200000
477,A301400,ARIRANG 内胶蹿150,20190919,9389,9493,9319,9369,276,000,200000
478,A301400,ARIRANG 内胶蹿150,20190918,9458,9488,9369,9369,2825,000,200000
479,A301400,ARIRANG 内胶蹿150,20190917,9324,9498,9314,9423,854,000,200000
480,A301400,ARIRANG 内胶蹿150,20190916,9245,9339,9160,9329,2364,000,200000
481,A301400,ARIRANG 内胶蹿150,20190911,9041,9200,9041,9150,3521,000,200000
482,A301400,ARIRANG 内胶蹿150,20190910,9120,9120,8971,9016,808,000,200000
483,A301400,ARIRANG 内胶蹿150,20190909,9190,9200,9061,9076,598,000,200000
484,A301400,ARIRANG 内胶蹿150,20190906,9279,9279,9125,9145,161,000,200000
485,A301400,ARIRANG 内胶蹿150,20190905,9185,9225,9155,9185,485,000,200000
486,A301400,ARIRANG 内胶蹿150,20190904,8956,9125,8956,9125,341,000,200000
487,A301400,ARIRANG 内胶蹿150,20190903,9016,9071,8991,8996,1272,000,200000
488,A301400,ARIRANG 内胶蹿150,20190902,8802,9051,8802,9051,94,000,200000
489,A301400,ARIRANG 内胶蹿150,20190830,8822,8887,8807,8877,353,000,200000
490,A301400,ARIRANG 内胶蹿150,20190829,8718,8778,8594,8688,317,000,200000
491,A301400,ARIRANG 内胶蹿150,20190828,8440,8653,8430,8653,171,000,200000
492,A301400,ARIRANG 内胶蹿150,20190827,8440,8524,8365,8380,371,000,200000
493,A301400,ARIRANG 内胶蹿150,20190826,8519,8564,8296,8296,1038,000,200000
494,A301400,ARIRANG 内胶蹿150,20190823,8718,8832,8713,8763,411,000,200000
495,A301400,ARIRANG 内胶蹿150,20190822,8887,8927,8797,8832,274,000,200000
496,A301400,ARIRANG 内胶蹿150,20190821,8648,8872,8648,8862,745,000,200000
497,A301400,ARIRANG 内胶蹿150,20190820,8519,8713,8489,8688,892,000,200000
498,A301400,ARIRANG 内胶蹿150,20190819,8534,8544,8450,8514,177,000,200000
499,A301400,ARIRANG 内胶蹿150,20190816,8430,8499,8415,8479,2631,000,200000
500,A301400,ARIRANG 内胶蹿150,20190814,8499,8529,8465,8514,1827,000,200000
501,A301400,ARIRANG 内胶蹿150,20190813,8350,8400,8325,8365,3144,000,200000
502,A301400,ARIRANG 内胶蹿150,20190812,8470,8484,8330,8455,2071,000,200000
503,A301400,ARIRANG 内胶蹿150,20190809,8484,8499,8385,8420,2862,000,200000
504,A301400,ARIRANG 内胶蹿150,20190808,8206,8380,8206,8380,9121,000,200000
505,A301400,ARIRANG 内胶蹿150,20190807,8102,8221,7948,8122,7531,000,200000
506,A301400,ARIRANG 内胶蹿150,20190806,7893,8390,7809,7973,30402,000,200000
507,A301400,ARIRANG 内胶蹿150,20190805,8802,8802,8117,8122,106412,000,200000
508,A301400,ARIRANG 内胶蹿150,20190802,8927,9031,8867,8867,41810,000,200000
509,A301400,ARIRANG 内胶蹿150,20190801,9299,9374,9220,9225,3910,000,200000
510,A301400,ARIRANG 内胶蹿150,20190731,9284,9359,9021,9334,9310,000,200000
511,A301400,ARIRANG 内胶蹿150,20190730,9254,9359,9254,9254,2906,000,200000
512,A301400,ARIRANG 内胶蹿150,20190729,9483,9483,9205,9205,3883,000,200000
513,A301400,ARIRANG 内胶蹿150,20190726,9592,9622,9473,9523,2453,000,200000
514,A301400,ARIRANG 内胶蹿150,20190725,9746,9746,9597,9617,74891,000,200000
515,A301400,ARIRANG 内胶蹿150,20190724,9851,9900,9736,9761,146,000,200000
516,A301400,ARIRANG 内胶蹿150,20190723,9975,10000,9826,9851,324,000,200000
517,A301400,ARIRANG 内胶蹿150,20190722,9910,9945,9900,9920,103,000,200000
518,A301400,ARIRANG 内胶蹿150,20190719,9811,9915,9806,9915,1345,000,200000
519,A301400,ARIRANG 内胶蹿150,20190718,9736,9791,9662,9726,856,000,200000
520,A301400,ARIRANG 内胶蹿150,20190717,9811,9831,9711,9766,296,000,200000
521,A301400,ARIRANG 内胶蹿150,20190716,9796,9935,9796,9880,2031,000,200000
522,A301400,ARIRANG 内胶蹿150,20190715,9910,9910,9766,9816,1161,000,200000
523,A301400,ARIRANG 内胶蹿150,20190712,9880,9965,9826,9910,658,000,200000
524,A301400,ARIRANG 内胶蹿150,20190711,9751,9875,9716,9870,426,000,200000
525,A301400,ARIRANG 内胶蹿150,20190710,9687,9836,9662,9716,1912,000,200000
526,A301400,ARIRANG 内胶蹿150,20190709,9885,9950,9602,9602,3672,000,200000
527,A301400,ARIRANG 内胶蹿150,20190708,10164,10164,9851,9865,4473,000,200000
528,A301400,ARIRANG 内胶蹿150,20190705,10144,10223,10044,10223,199,000,200000
529,A301400,ARIRANG 内胶蹿150,20190704,10173,10173,9970,10119,711,000,200000
530,A301400,ARIRANG 内胶蹿150,20190703,10223,10223,10129,10173,717,000,200000
531,A301400,ARIRANG 内胶蹿150,20190702,10258,10318,10164,10198,80,000,200000
532,A301400,ARIRANG 内胶蹿150,20190701,10198,10273,10173,10253,2589,000,200000
533,A301400,ARIRANG 内胶蹿150,20190628,10218,10238,10034,10089,2289,000,200000
534,A301400,ARIRANG 内胶蹿150,20190627,10571,10621,10228,10273,1625,000,200000
535,A301400,ARIRANG 内胶蹿150,20190626,10596,10675,10576,10576,222,000,200000
536,A301400,ARIRANG 内胶蹿150,20190625,10690,10690,10531,10586,343,000,200000
537,A301400,ARIRANG 内胶蹿150,20190624,10680,10700,10635,10640,11147,000,200000
538,A301400,ARIRANG 内胶蹿150,20190621,10889,10889,10730,10745,284,000,200000
539,A301400,ARIRANG 内胶蹿150,20190620,10740,10849,10740,10839,167,000,200000
540,A301400,ARIRANG 内胶蹿150,20190619,10760,10760,10665,10705,238,000,200000
541,A301400,ARIRANG 内胶蹿150,20190618,10789,10804,10616,10626,113,000,200000
542,A301400,ARIRANG 内胶蹿150,20190617,10839,10839,10755,10755,62,000,200000
543,A301400,ARIRANG 内胶蹿150,20190614,10978,10978,10829,10839,226,000,200000
544,A301400,ARIRANG 内胶蹿150,20190613,10914,11028,10864,11028,121,000,200000
545,A301400,ARIRANG 内胶蹿150,20190612,11053,11053,10914,10939,75,000,200000
546,A301400,ARIRANG 内胶蹿150,20190611,10943,11053,10924,11038,90,000,200000
547,A301400,ARIRANG 内胶蹿150,20190610,10904,10904,10829,10889,48,000,200000
548,A301400,ARIRANG 内胶蹿150,20190607,10824,10864,10755,10834,352,000,200000
549,A301400,ARIRANG 内胶蹿150,20190605,10844,10844,10755,10755,562,000,400000
550,A301400,ARIRANG 内胶蹿150,20190604,10705,10750,10670,10725,404,000,400000
551,A301400,ARIRANG 内胶蹿150,20190603,10621,10705,10611,10680,2952,000,400000
552,A301400,ARIRANG 内胶蹿150,20190531,10491,10735,10481,10700,37563,000,400000
553,A301400,ARIRANG 内胶蹿150,20190530,10531,10546,10442,10506,141,000,400000
554,A301400,ARIRANG 内胶蹿150,20190529,10690,10690,10511,10531,48279,000,400000
555,A301400,ARIRANG 内胶蹿150,20190528,10546,10755,10531,10755,252,000,400000
556,A301400,ARIRANG 内胶蹿150,20190527,10551,10621,10447,10531,916,000,400000
557,A301400,ARIRANG 内胶蹿150,20190524,10591,10655,10486,10486,1299,000,400000
558,A301400,ARIRANG 内胶蹿150,20190523,10804,10824,10631,10631,2136,000,400000
559,A301400,ARIRANG 内胶蹿150,20190522,10884,10884,10775,10829,618,000,400000
560,A301400,ARIRANG 内胶蹿150,20190521,10775,10914,10775,10819,440,000,400000
561,A301400,ARIRANG 内胶蹿150,20190520,11013,11093,10804,10804,214,000,400000
562,A301400,ARIRANG 内胶蹿150,20190517,11222,11271,11013,11013,72,000,400000
563,A301400,ARIRANG 内胶蹿150,20190516,11351,11351,11112,11112,452,000,400000
564,A301400,ARIRANG 内胶蹿150,20190515,11053,11306,11048,11306,806,000,400000
565,A301400,ARIRANG 内胶蹿150,20190514,10814,11117,10814,11018,434,000,400000
566,A301400,ARIRANG 内胶蹿150,20190513,11232,11266,10978,10978,1785,000,400000
567,A301400,ARIRANG 内胶蹿150,20190510,11371,11435,11147,11296,877,000,400000
568,A301400,ARIRANG 内胶蹿150,20190509,11674,11674,11291,11306,42434,000,400000
569,A301400,ARIRANG 内胶蹿150,20190508,11674,11773,11425,11644,106530,000,400000
570,A301400,ARIRANG 内胶蹿150,20190507,11848,11937,11823,11833,158,000,400000
571,A301400,ARIRANG 内胶蹿150,20190503,12007,12041,11957,12021,65,000,400000
572,A301400,ARIRANG 内胶蹿150,20190502,11952,12026,11952,11972,47,000,400000
573,A301400,ARIRANG 内胶蹿150,20190430,11952,11997,11848,11997,45,000,400000
574,A301400,ARIRANG 内胶蹿150,20190429,11773,11942,11773,11942,53,000,400000
575,A301400,ARIRANG 内胶蹿150,20190426,11897,11897,11773,11773,49,000,400000
576,A301400,ARIRANG 内胶蹿150,20190425,11902,11977,11887,11897,546,000,400000
577,A301400,ARIRANG 内胶蹿150,20190424,12170,12170,11952,12026,119,000,400000
578,A301400,ARIRANG 内胶蹿150,20190423,12096,12096,12001,12076,6550,000,400000
579,A301400,ARIRANG 内胶蹿150,20190422,12106,12175,12041,12081,183,000,400000
580,A301400,ARIRANG 内胶蹿150,20190419,11987,12111,11987,12111,62,000,400000
581,A301400,ARIRANG 内胶蹿150,20190418,12175,12175,11907,11907,51,000,400000
582,A301400,ARIRANG 内胶蹿150,20190417,12185,12195,12135,12165,47,000,400000
583,A301400,ARIRANG 内胶蹿150,20190416,12185,12195,12081,12195,194,000,400000
584,A301400,ARIRANG 内胶蹿150,20190415,12235,12235,12145,12175,267,000,400000
585,A301400,ARIRANG 内胶蹿150,20190412,12160,12250,12160,12200,80,000,400000
586,A301400,ARIRANG 内胶蹿150,20190411,12140,12235,12140,12210,74,000,400000
587,A301400,ARIRANG 内胶蹿150,20190410,12016,12121,12016,12101,48,000,400000
588,A301400,ARIRANG 内胶蹿150,20190409,12006,12071,11942,12071,55,000,400000
589,A301400,ARIRANG 内胶蹿150,20190408,12066,12091,11967,12021,44,000,400000
590,A301400,ARIRANG 内胶蹿150,20190405,12121,12140,12016,12041,122,000,400000
591,A301400,ARIRANG 内胶蹿150,20190404,12130,12175,12031,12101,95,000,400000
592,A301400,ARIRANG 内胶蹿150,20190403,11942,12126,11942,12126,176,000,400000
593,A301400,ARIRANG 内胶蹿150,20190402,11957,11957,11892,11912,690,000,400000
594,A301400,ARIRANG 内胶蹿150,20190401,11838,11937,11808,11922,163,000,400000
595,A301400,ARIRANG 内胶蹿150,20190329,11684,11877,11570,11877,1082,000,400000
596,A301400,ARIRANG 内胶蹿150,20190328,11664,11728,11584,11584,959,000,400000
597,A301400,ARIRANG 内胶蹿150,20190327,11952,11952,11738,11738,249,000,800000
598,A301400,ARIRANG 内胶蹿150,20190326,11748,12319,11555,11927,81,000,800000
599,A301400,ARIRANG 内胶蹿150,20190325,11907,11952,11763,11763,87,000,800000
600,A301400,ARIRANG 内胶蹿150,20190322,12121,12126,12031,12106,599,000,800000
601,A301400,ARIRANG 内胶蹿150,20190321,12205,12284,12061,12096,1038,000,800000
602,A301400,ARIRANG 内胶蹿150,20190320,12195,12235,12076,12235,116,000,800000
603,A301400,ARIRANG 内胶蹿150,20190319,12334,12413,12190,12190,74,000,800000
604,A301400,ARIRANG 内胶蹿150,20190318,12379,12443,12294,12344,131,000,800000
605,A301400,ARIRANG 内胶蹿150,20190315,12493,12493,12274,12364,435,000,800000
606,A301400,ARIRANG 内胶蹿150,20190314,12716,12756,12483,12483,67,000,400000
607,A301400,ARIRANG 内胶蹿150,20190313,12637,12751,12572,12612,4255,000,400000
608,A301400,ARIRANG 内胶蹿150,20190312,12468,12686,12468,12642,134,000,400000
609,A301400,ARIRANG 内胶蹿150,20190311,12250,12364,12071,12364,10538,000,400000
610,A301400,ARIRANG 内胶蹿150,20190308,12096,12284,12096,12235,41343,000,400000
611,A301400,ARIRANG 内胶蹿150,20190307,12384,12473,12190,12220,5478,000,400000
612,A301400,ARIRANG 内胶蹿150,20190306,12597,12597,12379,12473,40,000,400000
613,A301400,ARIRANG 内胶蹿150,20190305,12547,12671,12547,12572,61,000,400000
614,A301400,ARIRANG 内胶蹿150,20190304,12468,12597,12468,12597,46,000,400000
615,A301400,ARIRANG 内胶蹿150,20190228,12557,12667,12279,12279,118,000,400000
616,A301400,ARIRANG 内胶蹿150,20190227,12408,12523,12403,12518,39983,000,400000
617,A301400,ARIRANG 内胶蹿150,20190226,12468,12478,12384,12384,31410,000,400000
618,A301400,ARIRANG 内胶蹿150,20190225,12319,12617,12319,12463,44885,000,400000
619,A301400,ARIRANG 内胶蹿150,20190222,12339,12359,12250,12294,218,000,400000
620,A301400,ARIRANG 内胶蹿150,20190221,12493,12493,12369,12403,116,000,400000
621,A301400,ARIRANG 内胶蹿150,20190220,12443,12493,12413,12443,60,000,200000
622,A301400,ARIRANG 内胶蹿150,20190219,12250,12413,12250,12394,76,000,200000
623,A301400,ARIRANG 内胶蹿150,20190218,12264,12389,12264,12309,55,000,200000
624,A301400,ARIRANG 内胶蹿150,20190215,12260,12289,12145,12230,87,000,200000
625,A301400,ARIRANG 内胶蹿150,20190214,12260,12299,12215,12274,51,000,200000
626,A301400,ARIRANG 内胶蹿150,20190213,12200,12304,12165,12289,75,000,200000
627,A301400,ARIRANG 内胶蹿150,20190212,12185,12185,12076,12086,258,000,200000
628,A301400,ARIRANG 内胶蹿150,20190211,12096,12180,12091,12180,67,000,200000
629,A301400,ARIRANG 内胶蹿150,20190208,12046,12111,12031,12061,45,000,200000
630,A301400,ARIRANG 内胶蹿150,20190207,11897,12096,11867,12091,115,000,200000
631,A301400,ARIRANG 内胶蹿150,20190201,11892,11892,11803,11833,39,000,200000
632,A301400,ARIRANG 内胶蹿150,20190131,11872,11942,11813,11867,118,000,200000
633,A301400,ARIRANG 内胶蹿150,20190130,11654,11783,11654,11748,57,000,200000
634,A301400,ARIRANG 内胶蹿150,20190129,11619,11654,11530,11654,47,000,200000
635,A301400,ARIRANG 内胶蹿150,20190128,11639,11763,11639,11674,738,000,200000
636,A301400,ARIRANG 内胶蹿150,20190125,11505,11654,11480,11624,238,000,200000
637,A301400,ARIRANG 内胶蹿150,20190124,11336,11510,11336,11510,136,000,200000
638,A301400,ARIRANG 内胶蹿150,20190123,11292,11346,11277,11321,369,000,200000
639,A301400,ARIRANG 内胶蹿150,20190122,11386,11386,11272,11321,245,000,200000
640,A301400,ARIRANG 内胶蹿150,20190121,11455,11455,11316,11346,99,000,200000
641,A301400,ARIRANG 内胶蹿150,20190118,11331,11426,11326,11391,115,000,200000
642,A301400,ARIRANG 内胶蹿150,20190117,11426,11436,11217,11217,81,000,200000
643,A301400,ARIRANG 内胶蹿150,20190116,11421,11421,11302,11386,149,000,200000
644,A301400,ARIRANG 内胶蹿150,20190115,11371,11480,11366,11426,793,000,200000
645,A301400,ARIRANG 内胶蹿150,20190114,11470,11470,11331,11336,101,000,200000
646,A301400,ARIRANG 内胶蹿150,20190111,11450,11495,11411,11450,119,000,200000
647,A301400,ARIRANG 内胶蹿150,20190110,11391,11505,11361,11450,99,000,200000
648,A301400,ARIRANG 内胶蹿150,20190109,11307,11465,11297,11421,335,000,200000
649,A301400,ARIRANG 内胶蹿150,20190108,11346,11346,11192,11242,108,000,200000
650,A301400,ARIRANG 内胶蹿150,20190107,11465,11465,11257,11321,253,000,200000
651,A301400,ARIRANG 内胶蹿150,20190104,11088,11232,10959,11232,74,000,200000
652,A301400,ARIRANG 内胶蹿150,20190103,11431,11436,11098,11098,180,000,200000
653,A301400,ARIRANG 内胶蹿150,20190102,11689,11709,11346,11386,437,000,200000
654,A301400,ARIRANG 内胶蹿150,20181228,11584,11629,11495,11594,220,000,200000
655,A301400,ARIRANG 内胶蹿150,20181227,11853,11853,11505,11525,393,000,200000
656,A301400,ARIRANG 内胶蹿150,20181226,11252,11545,11252,11525,74,000,200000
657,A301400,ARIRANG 内胶蹿150,20181224,11475,11505,11406,11455,97,000,200000
658,A301400,ARIRANG 内胶蹿150,20181221,11396,11520,11381,11495,298,000,200000
659,A301400,ARIRANG 内胶蹿150,20181220,11336,11580,11292,11366,35103,000,200000
660,A301400,ARIRANG 内胶蹿150,20181219,11148,11455,11143,11455,117,000,200000
661,A301400,ARIRANG 内胶蹿150,20181218,11038,11227,11019,11128,242,000,200000
662,A301400,ARIRANG 内胶蹿150,20181217,11168,11182,10944,11173,326,000,200000
663,A301400,ARIRANG 内胶蹿150,20181214,11421,11445,11177,11217,139,000,200000
664,A301400,ARIRANG 内胶蹿150,20181213,11555,11575,11441,11575,262,000,200000
665,A301400,ARIRANG 内胶蹿150,20181212,11292,11565,11292,11565,140,000,200000
666,A301400,ARIRANG 内胶蹿150,20181211,11450,11450,11222,11222,104,000,200000
667,A301400,ARIRANG 内胶蹿150,20181210,11450,11555,11351,11431,4491,000,200000
668,A301400,ARIRANG 内胶蹿150,20181207,11609,11709,11530,11659,142,000,200000
669,A301400,ARIRANG 内胶蹿150,20181206,11853,11853,11475,11490,347,000,200000
670,A301400,ARIRANG 内胶蹿150,20181205,11798,11937,11798,11902,199,000,200000
671,A301400,ARIRANG 内胶蹿150,20181204,12071,12111,11942,12026,130,000,200000
672,A301400,ARIRANG 内胶蹿150,20181203,11942,12116,11902,12111,502,000,200000
673,A301400,ARIRANG 内胶蹿150,20181130,11808,11843,11694,11694,951,000,200000
674,A301400,ARIRANG 内胶蹿150,20181129,12096,12096,11748,11753,1426,000,200000
675,A301400,ARIRANG 内胶蹿150,20181128,11937,11937,11828,11843,87,000,200000
676,A301400,ARIRANG 内胶蹿150,20181127,11902,11942,11738,11887,792,000,200000
677,A301400,ARIRANG 内胶蹿150,20181126,11580,11882,11580,11828,915,000,200000
678,A301400,ARIRANG 内胶蹿150,20181123,11768,11803,11555,11565,424,000,200000
679,A301400,ARIRANG 内胶蹿150,20181122,11828,11838,11639,11723,506,000,200000
680,A301400,ARIRANG 内胶蹿150,20181121,11465,11738,11341,11738,289,000,200000
681,A301400,ARIRANG 内胶蹿150,20181120,11763,11823,11639,11644,172,000,200000
682,A301400,ARIRANG 内胶蹿150,20181119,11654,11897,11654,11897,456,000,200000
683,A301400,ARIRANG 内胶蹿150,20181116,11535,11694,11495,11649,218,000,200000
684,A301400,ARIRANG 内胶蹿150,20181115,11237,11475,11177,11475,81,000,200000
685,A301400,ARIRANG 内胶蹿150,20181114,11088,11366,11019,11158,173,000,200000
686,A301400,ARIRANG 内胶蹿150,20181113,10979,11197,10820,11173,362,000,200000
687,A301400,ARIRANG 内胶蹿150,20181112,11326,11386,11138,11138,387,000,200000
688,A301400,ARIRANG 内胶蹿150,20181109,11763,11763,11426,11520,204,000,200000
689,A301400,ARIRANG 内胶蹿150,20181108,11892,11892,11714,11758,860,000,200000
690,A301400,ARIRANG 内胶蹿150,20181107,11778,11927,11584,11624,348,000,200000
691,A301400,ARIRANG 内胶蹿150,20181106,11907,11907,11624,11624,135,000,200000
692,A301400,ARIRANG 内胶蹿150,20181105,11748,11882,11634,11828,1626,000,200000
693,A301400,ARIRANG 内胶蹿150,20181102,11351,11803,11351,11803,500,000,200000
694,A301400,ARIRANG 内胶蹿150,20181101,11222,11416,11173,11173,2693,000,200000
695,A301400,ARIRANG 内胶蹿150,20181031,11227,11307,11143,11158,1487,000,200000
696,A301400,ARIRANG 内胶蹿150,20181030,11034,11351,10934,11351,1015,000,200000
697,A301400,ARIRANG 内胶蹿150,20181029,11580,11709,11058,11073,3007,000,200000
698,A301400,ARIRANG 内胶蹿150,20181026,11679,11679,11361,11431,122,000,200000
699,A301400,ARIRANG 内胶蹿150,20181025,11604,11718,11604,11718,129,000,200000
700,A301400,ARIRANG 内胶蹿150,20181024,12180,12180,11912,11957,330,000,200000
701,A301400,ARIRANG 内胶蹿150,20181023,12408,12408,12230,12264,561,000,200000
702,A301400,ARIRANG 内胶蹿150,20181022,12582,12671,12582,12671,5,000,200000
703,A301400,ARIRANG 内胶蹿150,20181019,12299,12652,12245,12652,45,000,200000
704,A301400,ARIRANG 内胶蹿150,20181018,12498,12498,12374,12374,87,000,200000
705,A301400,ARIRANG 内胶蹿150,20181017,12542,12602,12493,12602,4,000,200000
706,A301400,ARIRANG 内胶蹿150,20181016,12468,12493,12468,12493,11,000,200000
707,A301400,ARIRANG 内胶蹿150,20181015,12533,12533,12240,12240,225,000,200000
708,A301400,ARIRANG 内胶蹿150,20181012,12389,12587,12389,12587,17,000,200000
709,A301400,ARIRANG 内胶蹿150,20181011,12284,12299,12130,12130,136,000,200000
710,A301400,ARIRANG 内胶蹿150,20181010,12875,12875,12696,12696,12,000,200000
711,A301400,ARIRANG 内胶蹿150,20181008,13143,13143,12890,12890,24,000,200000
712,A301400,ARIRANG 内胶蹿150,20181005,13213,13213,13168,13168,8,000,200000
713,A301400,ARIRANG 内胶蹿150,20181004,13356,13356,13213,13213,120,000,200000
714,A301400,ARIRANG 内胶蹿150,20181002,13719,13719,13396,13396,259,000,200000
715,A301400,ARIRANG 内胶蹿150,20181001,13898,13898,13838,13873,182,000,200000
716,A301400,ARIRANG 内胶蹿150,20180928,14027,14027,14027,14027,1,000,200000
717,A301400,ARIRANG 内胶蹿150,20180927,14136,14136,14136,14136,1,000,200000
718,A301400,ARIRANG 内胶蹿150,20180921,14012,14012,14012,14012,1,000,200000
719,A301400,ARIRANG 内胶蹿150,20180920,14300,14300,14007,14007,7,000,200000
720,A301400,ARIRANG 内胶蹿150,20180919,14111,14111,14111,14111,1,000,200000
721,A301400,ARIRANG 内胶蹿150,20180918,13987,14131,13987,14131,14,000,200000
722,A301400,ARIRANG 内胶蹿150,20180917,14131,14131,14076,14076,10,000,200000
723,A301400,ARIRANG 内胶蹿150,20180914,14131,14131,14131,14131,1,000,200000
724,A301400,ARIRANG 内胶蹿150,20180913,13798,13937,13798,13937,3,000,200000
725,A301400,ARIRANG 内胶蹿150,20180912,13863,13863,13863,13863,1,000,200000
726,A301400,ARIRANG 内胶蹿150,20180911,13649,13649,13649,13649,1,000,200000
727,A301400,ARIRANG 内胶蹿150,20180910,13649,13649,13530,13530,4,000,200000
728,A301400,ARIRANG 内胶蹿150,20180907,13605,13605,13605,13605,0,000,200000
729,A301400,ARIRANG 内胶蹿150,20180906,13634,13634,13634,13634,364,000,200000
730,A301400,ARIRANG 内胶蹿150,20180905,13898,13898,13808,13808,15,000,200000
731,A301400,ARIRANG 内胶蹿150,20180904,13610,13838,13610,13838,6,000,200000
732,A301400,ARIRANG 内胶蹿150,20180903,13684,13684,13580,13580,62,000,200000
733,A301400,ARIRANG 内胶蹿150,20180831,13282,13659,13282,13659,5,000,200000
734,A301400,ARIRANG 内胶蹿150,20180830,13282,13282,13282,13282,0,000,200000
735,A301400,ARIRANG 内胶蹿150,20180829,13227,13272,13227,13272,51,000,200000
736,A301400,ARIRANG 内胶蹿150,20180828,13391,13451,13213,13213,354,000,200000
737,A301400,ARIRANG 内胶蹿150,20180827,13217,13287,13217,13287,10,000,200000
738,A301400,ARIRANG 内胶蹿150,20180824,13064,13247,13064,13153,21,000,200000
739,A301400,ARIRANG 内胶蹿150,20180823,12910,12984,12910,12984,13,000,200000
740,A301400,ARIRANG 内胶蹿150,20180822,12994,12994,12910,12910,2,000,200000
741,A301400,ARIRANG 内胶蹿150,20180821,12662,12989,12662,12989,9,000,200000
742,A301400,ARIRANG 内胶蹿150,20180820,12706,12706,12627,12627,5,000,200000
743,A301400,ARIRANG 内胶蹿150,20180817,12443,12637,12443,12637,8,000,200000
744,A301400,ARIRANG 内胶蹿150,20180816,12250,12433,12111,12433,4,000,200000
745,A301400,ARIRANG 内胶蹿150,20180814,12443,12443,12443,12443,1,000,200000
746,A301400,ARIRANG 内胶蹿150,20180813,12344,12344,12319,12319,8,000,200000
747,A301400,ARIRANG 内胶蹿150,20180810,12930,12930,12820,12820,73,000,200000
748,A301400,ARIRANG 内胶蹿150,20180809,12810,12810,12810,12810,1,000,200000
749,A301400,ARIRANG 内胶蹿150,20180808,12741,12741,12741,12741,1,000,200000
750,A301400,ARIRANG 内胶蹿150,20180807,12627,12766,12622,12761,72,000,200000
751,A301400,ARIRANG 内胶蹿150,20180806,12796,12796,12671,12671,2,000,250000
752,A301400,ARIRANG 内胶蹿150,20180803,12860,12860,12860,12860,1,000,250000
753,A301400,ARIRANG 内胶蹿150,20180802,12825,12825,12657,12657,2,000,500000
754,A301400,ARIRANG 内胶蹿150,20180801,12786,12944,12786,12944,101,000,500000
755,A301400,ARIRANG 内胶蹿150,20180731,12339,12547,12339,12547,234,000,250000
756,A301400,ARIRANG 内胶蹿150,20180730,12314,12468,12314,12413,17,000,250000
757,A301400,ARIRANG 内胶蹿150,20180727,12523,12523,12523,12523,1001,000,250000
758,A301400,ARIRANG 内胶蹿150,20180726,12175,12478,12175,12478,283,000,250000
759,A301400,ARIRANG 内胶蹿150,20180725,12170,12185,12046,12130,368,000,250000
760,A301400,ARIRANG 内胶蹿150,20180724,12508,12508,12508,12508,85,000,250000
761,A301400,ARIRANG 内胶蹿150,20180723,13019,13019,12468,12468,8,000,250000
762,A301400,ARIRANG 内胶蹿150,20180720,13168,13168,13133,13158,3,000,250000
763,A301400,ARIRANG 内胶蹿150,20180719,13297,13297,13297,13297,1,000,250000
764,A301400,ARIRANG 内胶蹿150,20180718,13773,13773,13525,13525,1001,000,250000
765,A301400,ARIRANG 内胶蹿150,20180717,13818,13818,13818,13818,0,000,250000
766,A301400,ARIRANG 内胶蹿150,20180716,13848,13848,13848,13848,0,000,250000
767,A301400,ARIRANG 内胶蹿150,20180713,13873,13873,13848,13848,18,000,250000
768,A301400,ARIRANG 内胶蹿150,20180712,13754,13754,13754,13754,0,000,250000
769,A301400,ARIRANG 内胶蹿150,20180711,13724,13724,13610,13610,8002,000,250000
770,A301400,ARIRANG 内胶蹿150,20180710,13828,13828,13828,13828,0,000,250000
771,A301400,ARIRANG 内胶蹿150,20180709,13828,13828,13828,13828,0,000,550000
772,A301400,ARIRANG 内胶蹿150,20180706,13818,13818,13818,13818,0,000,550000
773,A301400,ARIRANG 内胶蹿150,20180705,13520,13520,13505,13505,11,000,550000
