,종목코드,종목명,날짜,시가,고가,저가,종가,거래량,증권전산업종코드,발행주식수
0,A049470,SGA,20210823,1130,1170,1110,1155,83738,355,52862000
1,A049470,SGA,20210820,1170,1190,1095,1130,773941,355,52862000
2,A049470,SGA,20210819,1230,1265,1160,1175,620423,355,52862000
3,A049470,SGA,20210818,1170,1245,1150,1230,628179,355,52862000
4,A049470,SGA,20210817,1255,1270,1170,1180,1137253,355,52862000
5,A049470,SGA,20210813,1330,1340,1200,1275,1410834,355,52862000
6,A049470,SGA,20210812,1330,1360,1325,1340,305691,355,52862000
7,A049470,SGA,20210811,1375,1375,1330,1330,851259,355,52862000
8,A049470,SGA,20210810,1395,1405,1370,1390,588538,355,52862000
9,A049470,SGA,20210809,1450,1455,1400,1400,868028,355,52862000
10,A049470,SGA,20210806,1495,1500,1440,1450,1341344,355,52862000
11,A049470,SGA,20210805,1455,1510,1430,1485,5573096,355,52862000
12,A049470,SGA,20210804,1410,1480,1385,1445,3373231,355,52862000
13,A049470,SGA,20210803,1385,1415,1350,1415,776214,355,52862000
14,A049470,SGA,20210802,1370,1405,1360,1385,532578,355,52862000
15,A049470,SGA,20210730,1405,1430,1370,1370,749311,355,52862000
16,A049470,SGA,20210729,1360,1430,1345,1400,1265975,355,52862000
17,A049470,SGA,20210728,1395,1425,1350,1370,781728,355,52862000
18,A049470,SGA,20210727,1395,1450,1370,1395,2470861,355,52862000
19,A049470,SGA,20210726,1405,1470,1325,1380,2441916,355,52862000
20,A049470,SGA,20210723,1330,1405,1330,1405,1123749,355,52862000
21,A049470,SGA,20210722,1330,1335,1305,1325,448640,355,52412000
22,A049470,SGA,20210721,1315,1350,1300,1330,377698,355,52412000
23,A049470,SGA,20210720,1350,1355,1290,1310,1074808,355,52412000
24,A049470,SGA,20210719,1360,1385,1350,1365,381473,355,52412000
25,A049470,SGA,20210716,1365,1385,1350,1360,517666,355,52412000
26,A049470,SGA,20210715,1375,1410,1365,1380,521469,355,52412000
27,A049470,SGA,20210714,1415,1420,1365,1380,811176,355,52412000
28,A049470,SGA,20210713,1385,1425,1385,1415,599817,355,52412000
29,A049470,SGA,20210712,1365,1430,1355,1385,1101148,355,52412000
30,A049470,SGA,20210709,1370,1400,1350,1370,846077,355,52412000
31,A049470,SGA,20210708,1435,1470,1370,1400,2305031,355,52412000
32,A049470,SGA,20210707,1410,1435,1380,1435,1110381,355,52412000
33,A049470,SGA,20210706,1370,1425,1355,1420,2061829,355,52412000
34,A049470,SGA,20210705,1390,1400,1325,1385,1885151,355,52412000
35,A049470,SGA,20210702,1435,1435,1360,1395,2474606,355,52412000
36,A049470,SGA,20210701,1425,1510,1410,1440,6188170,355,52412000
37,A049470,SGA,20210630,1455,1460,1385,1430,3394478,355,52412000
38,A049470,SGA,20210629,1605,1700,1415,1455,13468832,355,52412000
39,A049470,SGA,20210628,1565,1700,1560,1590,13145407,355,52412000
40,A049470,SGA,20210625,1485,1570,1450,1565,4722921,355,52412000
41,A049470,SGA,20210624,1490,1590,1450,1490,9717768,355,52412000
42,A049470,SGA,20210623,1630,1630,1460,1490,6604811,355,52412000
43,A049470,SGA,20210622,1590,1660,1525,1645,8283133,355,52412000
44,A049470,SGA,20210621,1585,1645,1510,1615,10251868,355,52412000
45,A049470,SGA,20210618,1740,1745,1575,1640,44572954,355,50747000
46,A049470,SGA,20210617,1150,1510,1130,1510,50568817,355,50747000
47,A049470,SGA,20210616,1110,1215,1100,1165,4578344,355,50747000
48,A049470,SGA,20210615,1140,1145,1090,1115,1462819,355,50747000
49,A049470,SGA,20210614,1140,1160,1125,1145,1884410,355,50747000
50,A049470,SGA,20210611,1100,1140,1080,1140,1865851,355,50747000
51,A049470,SGA,20210610,1080,1105,1065,1080,1365071,355,50747000
52,A049470,SGA,20210609,1150,1155,1065,1090,3385208,355,50747000
53,A049470,SGA,20210608,1155,1205,1105,1150,7675577,355,50747000
54,A049470,SGA,20210607,1110,1175,1085,1165,9385533,355,50747000
55,A049470,SGA,20210604,1025,1330,1025,1110,46929708,355,50747000
56,A049470,SGA,20210603,1025,1035,1010,1025,367096,355,50747000
57,A049470,SGA,20210602,1020,1025,1005,1025,444276,355,50747000
58,A049470,SGA,20210601,1010,1030,1005,1020,459713,355,50747000
59,A049470,SGA,20210531,1010,1030,1005,1010,485072,355,50747000
60,A049470,SGA,20210528,1090,1090,1005,1010,849679,355,50747000
61,A049470,SGA,20210527,1025,1040,1020,1040,355293,355,50747000
62,A049470,SGA,20210526,1030,1045,1015,1020,847349,355,50747000
63,A049470,SGA,20210525,995,1025,993,1020,457692,355,50747000
64,A049470,SGA,20210524,990,1030,980,995,864976,355,50747000
65,A049470,SGA,20210521,960,1015,960,1000,809700,355,50747000
66,A049470,SGA,20210520,1000,1000,957,960,993671,355,50747000
67,A049470,SGA,20210518,1015,1015,1000,1005,325635,355,50747000
68,A049470,SGA,20210517,1010,1020,1000,1015,440034,355,50747000
69,A049470,SGA,20210514,1000,1010,995,1005,565337,355,50747000
70,A049470,SGA,20210513,1010,1025,997,1005,595015,355,50747000
71,A049470,SGA,20210512,1070,1070,1020,1025,439395,355,50747000
72,A049470,SGA,20210511,1075,1080,1060,1070,375316,355,50747000
73,A049470,SGA,20210510,1090,1090,1065,1070,696980,355,50747000
74,A049470,SGA,20210507,1065,1085,1050,1070,422391,355,50747000
75,A049470,SGA,20210506,1040,1050,1035,1050,224953,355,50747000
76,A049470,SGA,20210504,1035,1040,999,1035,370664,355,50747000
77,A049470,SGA,20210503,1050,1075,1025,1035,394749,355,50747000
78,A049470,SGA,20210430,1015,1065,1000,1050,605639,355,50747000
79,A049470,SGA,20210429,1030,1040,999,1015,597479,355,50702000
80,A049470,SGA,20210428,1060,1070,1025,1040,529396,355,50702000
81,A049470,SGA,20210427,1075,1085,1050,1070,384205,355,50702000
82,A049470,SGA,20210426,1060,1080,1035,1075,469566,355,48812000
83,A049470,SGA,20210423,1080,1090,1020,1060,743695,355,48812000
84,A049470,SGA,20210422,1105,1115,1065,1080,655327,355,48812000
85,A049470,SGA,20210421,1100,1120,1085,1105,600345,355,48812000
86,A049470,SGA,20210420,1100,1125,1095,1100,529904,355,48812000
87,A049470,SGA,20210419,1110,1115,1075,1095,661773,355,48812000
88,A049470,SGA,20210416,1140,1155,1095,1100,966352,355,48812000
89,A049470,SGA,20210415,1160,1165,1120,1140,872740,355,48812000
90,A049470,SGA,20210414,1130,1195,1115,1160,3576438,355,48812000
91,A049470,SGA,20210413,1145,1160,1105,1115,1053800,355,48812000
92,A049470,SGA,20210412,1105,1145,1100,1145,1134258,355,48812000
93,A049470,SGA,20210409,1105,1110,1080,1105,598179,355,48812000
94,A049470,SGA,20210408,1090,1110,1065,1110,998241,355,48812000
95,A049470,SGA,20210407,1120,1125,1080,1090,1737954,355,48812000
96,A049470,SGA,20210406,1160,1160,1115,1140,1760145,355,48812000
97,A049470,SGA,20210405,1115,1170,1085,1170,4074209,355,48812000
98,A049470,SGA,20210402,1125,1135,1070,1130,4533341,355,48812000
99,A049470,SGA,20210401,1040,1255,1025,1135,28735215,355,48812000
100,A049470,SGA,20210331,1035,1035,998,1020,1010188,355,48812000
101,A049470,SGA,20210330,989,1020,975,1010,922198,355,48812000
102,A049470,SGA,20210329,970,992,965,981,673596,355,48812000
103,A049470,SGA,20210326,953,974,943,969,329211,355,48812000
104,A049470,SGA,20210325,977,980,950,953,423401,355,48812000
105,A049470,SGA,20210324,941,980,941,966,516487,355,48812000
106,A049470,SGA,20210323,961,1005,937,957,914804,355,48812000
107,A049470,SGA,20210322,972,1010,961,967,1275097,355,48812000
108,A049470,SGA,20210319,969,1025,950,969,2337759,355,48812000
109,A049470,SGA,20210318,936,976,929,969,1203763,355,48812000
110,A049470,SGA,20210317,940,949,930,936,622974,355,48812000
111,A049470,SGA,20210316,950,950,912,926,768035,355,48812000
112,A049470,SGA,20210315,923,948,915,948,1127826,355,48812000
113,A049470,SGA,20210312,896,922,875,914,1064720,355,48812000
114,A049470,SGA,20210311,850,894,847,892,890270,355,48812000
115,A049470,SGA,20210310,900,900,858,860,761788,355,48812000
116,A049470,SGA,20210309,908,912,872,887,1241758,355,48812000
117,A049470,SGA,20210308,925,928,871,888,1239818,355,48812000
118,A049470,SGA,20210305,913,948,910,925,2088099,355,48812000
119,A049470,SGA,20210304,943,943,904,923,2832759,355,48812000
120,A049470,SGA,20210303,1045,1120,943,943,23233105,355,48812000
121,A049470,SGA,20210302,1020,1020,990,1020,11212104,355,48812000
122,A049470,SGA,20210226,787,831,750,787,1272356,355,48812000
123,A049470,SGA,20210225,809,822,785,788,766606,355,48812000
124,A049470,SGA,20210224,854,855,798,809,1054442,355,48812000
125,A049470,SGA,20210223,844,928,811,854,1866957,355,48812000
126,A049470,SGA,20210222,850,923,832,864,1522131,355,48812000
127,A049470,SGA,20210219,905,909,840,854,1500367,355,48812000
128,A049470,SGA,20210218,869,1020,867,918,12107903,355,48812000
129,A049470,SGA,20210217,853,892,820,867,1093223,355,48812000
130,A049470,SGA,20210216,851,855,828,849,554327,355,48812000
131,A049470,SGA,20210215,838,854,820,848,722499,355,48812000
132,A049470,SGA,20210210,865,865,818,838,1092678,355,48812000
133,A049470,SGA,20210209,849,975,846,865,10578320,355,48812000
134,A049470,SGA,20210208,829,864,820,846,641226,355,48812000
135,A049470,SGA,20210205,809,836,784,820,481703,355,48812000
136,A049470,SGA,20210204,829,829,801,809,275036,355,48812000
137,A049470,SGA,20210203,810,819,798,817,337614,355,48812000
138,A049470,SGA,20210202,790,817,786,805,226661,355,48812000
139,A049470,SGA,20210201,770,796,758,782,212302,355,48812000
140,A049470,SGA,20210129,810,816,760,770,456563,355,48812000
141,A049470,SGA,20210128,830,835,804,809,426675,355,48812000
142,A049470,SGA,20210127,848,848,831,841,252842,355,48812000
143,A049470,SGA,20210126,840,847,828,838,378258,355,48812000
144,A049470,SGA,20210125,866,866,833,835,384422,355,48812000
145,A049470,SGA,20210122,862,870,835,835,354709,355,48812000
146,A049470,SGA,20210121,835,869,830,862,722653,355,48812000
147,A049470,SGA,20210120,834,837,823,830,215636,355,48812000
148,A049470,SGA,20210119,859,862,821,829,702544,355,48812000
149,A049470,SGA,20210118,831,888,821,859,781865,355,48812000
150,A049470,SGA,20210115,852,853,825,831,389230,355,48812000
151,A049470,SGA,20210114,830,853,830,853,284756,355,48812000
152,A049470,SGA,20210113,845,870,822,853,272377,355,48812000
153,A049470,SGA,20210112,814,865,804,845,373086,355,48812000
154,A049470,SGA,20210111,848,855,801,813,863573,355,48812000
155,A049470,SGA,20210108,878,891,842,855,613914,355,48812000
156,A049470,SGA,20210107,880,908,872,877,673592,355,48812000
157,A049470,SGA,20210106,897,902,861,872,1075565,355,48812000
158,A049470,SGA,20210105,847,897,838,897,2241813,355,48812000
159,A049470,SGA,20210104,840,855,818,831,531518,355,48812000
160,A049470,SGA,20201230,822,840,815,831,349269,355,48812000
161,A049470,SGA,20201229,803,823,758,817,387207,355,48812000
162,A049470,SGA,20201228,800,835,794,812,737283,355,48812000
163,A049470,SGA,20201224,803,811,783,801,535876,355,48812000
164,A049470,SGA,20201223,807,835,795,799,636828,355,48812000
165,A049470,SGA,20201222,846,854,804,808,1079599,355,48362000
166,A049470,SGA,20201221,880,880,844,845,886647,355,48362000
167,A049470,SGA,20201218,869,943,859,871,2620286,355,48362000
168,A049470,SGA,20201217,910,910,869,874,1348323,355,48362000
169,A049470,SGA,20201216,887,908,875,891,1765034,355,48362000
170,A049470,SGA,20201215,929,929,866,884,2816387,355,48362000
171,A049470,SGA,20201214,921,1050,894,920,14685622,355,48362000
172,A049470,SGA,20201211,936,955,920,920,1359445,355,48362000
173,A049470,SGA,20201210,950,950,906,932,1878256,355,48362000
174,A049470,SGA,20201209,1030,1030,971,971,3744762,355,48362000
175,A049470,SGA,20201208,963,1230,937,1125,28923402,355,48362000
176,A049470,SGA,20201207,996,997,945,963,3852987,355,48362000
177,A049470,SGA,20201204,1020,1060,975,995,12006889,355,48362000
178,A049470,SGA,20201203,975,1130,958,1030,52224230,355,48362000
179,A049470,SGA,20201202,679,882,676,882,7304648,355,48362000
180,A049470,SGA,20201201,708,708,677,679,255020,355,48362000
181,A049470,SGA,20201130,695,697,676,676,326365,355,48362000
182,A049470,SGA,20201127,662,698,662,695,346790,355,48362000
183,A049470,SGA,20201126,665,671,651,663,213450,355,48362000
184,A049470,SGA,20201125,698,699,661,671,395911,355,48362000
185,A049470,SGA,20201124,682,702,661,694,962544,355,48362000
186,A049470,SGA,20201123,662,725,661,669,1637629,355,48362000
187,A049470,SGA,20201120,635,664,629,660,368058,355,48362000
188,A049470,SGA,20201119,638,645,625,635,117723,355,48362000
189,A049470,SGA,20201118,609,666,602,637,494849,355,48362000
190,A049470,SGA,20201117,621,645,608,612,133514,355,48362000
191,A049470,SGA,20201116,629,633,621,621,132365,355,48362000
192,A049470,SGA,20201113,618,646,618,627,511635,355,48362000
193,A049470,SGA,20201112,610,620,605,618,188164,355,48362000
194,A049470,SGA,20201111,603,612,602,610,114519,355,48362000
195,A049470,SGA,20201110,610,615,603,610,102558,355,48362000
196,A049470,SGA,20201109,619,620,601,610,136000,355,48362000
197,A049470,SGA,20201106,609,613,598,604,93689,355,48362000
198,A049470,SGA,20201105,615,615,600,608,53861,355,48362000
199,A049470,SGA,20201104,613,613,600,608,71508,355,48362000
200,A049470,SGA,20201103,599,609,599,605,86248,355,48362000
201,A049470,SGA,20201102,594,607,590,603,78181,355,48362000
202,A049470,SGA,20201030,601,601,592,594,62545,355,48362000
203,A049470,SGA,20201029,619,620,588,601,164462,355,48362000
204,A049470,SGA,20201028,616,616,601,608,51463,355,48362000
205,A049470,SGA,20201027,585,608,579,606,132596,355,48362000
206,A049470,SGA,20201026,615,615,580,585,100061,355,48362000
207,A049470,SGA,20201023,615,623,595,606,201104,355,48362000
208,A049470,SGA,20201022,598,608,591,599,111652,355,48362000
209,A049470,SGA,20201021,590,607,590,594,89618,355,48362000
210,A049470,SGA,20201020,602,605,581,590,65579,355,48362000
211,A049470,SGA,20201019,597,606,592,605,61705,355,48362000
212,A049470,SGA,20201016,601,602,590,597,66055,355,48362000
213,A049470,SGA,20201015,614,614,592,602,103000,355,48362000
214,A049470,SGA,20201014,625,635,610,615,74375,355,48362000
215,A049470,SGA,20201013,629,639,619,625,82484,355,48362000
216,A049470,SGA,20201012,623,632,611,629,143557,355,48362000
217,A049470,SGA,20201008,618,630,612,623,143745,355,48362000
218,A049470,SGA,20201007,595,613,585,611,174280,355,48362000
219,A049470,SGA,20201006,602,602,588,594,133737,355,48362000
220,A049470,SGA,20201005,591,597,589,596,132482,355,48362000
221,A049470,SGA,20200929,585,596,575,591,137463,355,48362000
222,A049470,SGA,20200928,573,589,568,585,113887,355,48362000
223,A049470,SGA,20200925,561,599,561,567,86792,355,48362000
224,A049470,SGA,20200924,582,588,559,561,288435,355,48362000
225,A049470,SGA,20200923,597,608,579,595,117709,355,48362000
226,A049470,SGA,20200922,605,614,589,597,169852,355,48362000
227,A049470,SGA,20200921,626,632,600,614,192172,355,48362000
228,A049470,SGA,20200918,642,647,611,626,544991,355,48362000
229,A049470,SGA,20200917,603,724,603,648,4005272,355,48362000
230,A049470,SGA,20200916,612,612,602,611,72582,355,48362000
231,A049470,SGA,20200915,623,623,599,612,181638,355,48362000
232,A049470,SGA,20200914,602,619,602,616,242223,355,48362000
233,A049470,SGA,20200911,598,602,593,600,228088,355,48362000
234,A049470,SGA,20200910,589,598,586,596,107659,355,48362000
235,A049470,SGA,20200909,596,599,587,588,100402,355,48362000
236,A049470,SGA,20200908,592,600,586,593,222971,355,48362000
237,A049470,SGA,20200907,577,595,565,592,148123,355,48362000
238,A049470,SGA,20200904,586,586,550,577,160804,355,48362000
239,A049470,SGA,20200903,591,598,583,588,114618,355,48362000
240,A049470,SGA,20200902,596,599,583,591,154638,355,48362000
241,A049470,SGA,20200901,580,590,571,588,119196,355,48362000
242,A049470,SGA,20200831,580,593,572,580,208728,355,48362000
243,A049470,SGA,20200828,568,577,564,575,154496,355,48362000
244,A049470,SGA,20200827,570,589,560,568,277467,355,48362000
245,A049470,SGA,20200826,557,562,525,558,119797,355,48362000
246,A049470,SGA,20200825,538,558,538,555,93511,355,48362000
247,A049470,SGA,20200824,522,572,514,538,412590,355,48362000
248,A049470,SGA,20200821,520,529,514,516,130674,355,48362000
249,A049470,SGA,20200820,550,550,515,523,126403,355,48362000
250,A049470,SGA,20200819,550,559,534,545,179481,355,48362000
251,A049470,SGA,20200818,563,567,550,553,159610,355,48362000
252,A049470,SGA,20200814,570,570,554,560,170320,355,48362000
253,A049470,SGA,20200813,570,570,557,567,52205,355,48362000
254,A049470,SGA,20200812,579,579,555,557,139817,355,48362000
255,A049470,SGA,20200811,579,579,567,574,74975,355,48362000
256,A049470,SGA,20200810,591,591,566,574,178846,355,48362000
257,A049470,SGA,20200807,590,592,579,586,75330,355,48362000
258,A049470,SGA,20200806,588,590,579,585,111351,355,48362000
259,A049470,SGA,20200805,595,595,579,586,101519,355,48362000
260,A049470,SGA,20200804,596,603,583,592,200433,355,48362000
261,A049470,SGA,20200803,600,604,596,596,98431,355,48362000
262,A049470,SGA,20200731,603,612,600,600,127020,355,48362000
263,A049470,SGA,20200730,608,613,603,607,63951,355,48362000
264,A049470,SGA,20200729,612,618,603,607,48635,355,48362000
265,A049470,SGA,20200728,607,619,606,612,97508,355,48362000
266,A049470,SGA,20200727,617,620,606,606,149282,355,48362000
267,A049470,SGA,20200724,632,632,601,611,119128,355,48362000
268,A049470,SGA,20200723,637,643,608,621,121391,355,48362000
269,A049470,SGA,20200722,630,642,623,637,154064,355,48362000
270,A049470,SGA,20200721,655,667,628,628,329241,355,48362000
271,A049470,SGA,20200720,650,655,630,655,330194,355,48362000
272,A049470,SGA,20200717,628,745,622,653,2934152,355,48362000
273,A049470,SGA,20200716,615,625,613,621,273224,355,48362000
274,A049470,SGA,20200715,600,611,575,610,161883,355,48362000
275,A049470,SGA,20200714,610,610,595,600,146368,355,48362000
276,A049470,SGA,20200713,608,614,595,610,108898,355,48362000
277,A049470,SGA,20200710,619,625,607,608,80410,355,48362000
278,A049470,SGA,20200709,616,625,607,619,153768,355,48362000
279,A049470,SGA,20200708,625,630,610,616,343281,355,48362000
280,A049470,SGA,20200707,625,629,615,615,186116,355,48362000
281,A049470,SGA,20200706,617,627,613,625,128481,355,48362000
282,A049470,SGA,20200703,611,624,608,614,151447,355,48362000
283,A049470,SGA,20200702,605,615,593,611,264268,355,48362000
284,A049470,SGA,20200701,620,620,596,596,98744,355,48362000
285,A049470,SGA,20200630,605,615,603,612,75517,355,48362000
286,A049470,SGA,20200629,623,627,600,605,84193,355,48362000
287,A049470,SGA,20200626,634,640,610,623,163204,355,48362000
288,A049470,SGA,20200625,644,649,631,634,37714,355,48362000
289,A049470,SGA,20200624,632,649,607,647,234021,355,48362000
290,A049470,SGA,20200623,665,665,636,639,172105,355,48362000
291,A049470,SGA,20200622,652,690,652,665,169179,355,48362000
292,A049470,SGA,20200619,675,692,654,660,184242,355,48362000
293,A049470,SGA,20200618,652,660,635,642,132873,355,48362000
294,A049470,SGA,20200617,673,673,641,652,95417,355,48362000
295,A049470,SGA,20200616,649,684,649,670,140151,355,48362000
296,A049470,SGA,20200615,680,694,645,649,288220,355,48362000
297,A049470,SGA,20200612,706,708,673,680,313005,355,48362000
298,A049470,SGA,20200611,725,725,695,706,186993,355,48362000
299,A049470,SGA,20200610,725,744,713,720,188150,355,48362000
300,A049470,SGA,20200609,709,729,708,723,208862,355,48362000
301,A049470,SGA,20200608,746,746,675,705,175542,355,48362000
302,A049470,SGA,20200605,719,750,709,735,295442,355,48362000
303,A049470,SGA,20200604,710,719,698,708,156231,355,48362000
304,A049470,SGA,20200603,739,739,703,704,286765,355,48362000
305,A049470,SGA,20200602,746,758,708,731,294308,355,48362000
306,A049470,SGA,20200601,744,768,730,745,500539,355,48362000
307,A049470,SGA,20200529,735,746,735,735,171160,355,48362000
308,A049470,SGA,20200528,771,771,745,747,206232,355,48362000
309,A049470,SGA,20200527,764,770,745,769,295672,355,48362000
310,A049470,SGA,20200526,752,799,726,764,2733629,355,48362000
311,A049470,SGA,20200525,666,826,662,752,9340128,355,48362000
312,A049470,SGA,20200522,711,717,667,667,651187,355,48362000
313,A049470,SGA,20200521,740,747,693,711,1050986,355,48362000
314,A049470,SGA,20200520,660,800,655,733,7735617,355,48362000
315,A049470,SGA,20200519,663,693,631,654,1098683,355,48362000
316,A049470,SGA,20200518,577,718,560,654,5504177,355,48362000
317,A049470,SGA,20200515,580,587,570,577,80154,355,48362000
318,A049470,SGA,20200514,589,591,570,579,66583,355,48362000
319,A049470,SGA,20200513,584,598,579,591,76706,355,48362000
320,A049470,SGA,20200512,594,597,555,595,140756,355,48362000
321,A049470,SGA,20200511,595,595,580,593,72107,355,48362000
322,A049470,SGA,20200508,592,595,580,585,140019,355,48362000
323,A049470,SGA,20200507,567,587,565,577,168379,355,48362000
324,A049470,SGA,20200506,574,574,563,567,70586,355,48362000
325,A049470,SGA,20200504,549,564,542,564,66656,355,48362000
326,A049470,SGA,20200429,564,570,533,547,176014,355,48362000
327,A049470,SGA,20200428,564,575,560,564,33323,355,48362000
328,A049470,SGA,20200427,564,574,550,570,26363,355,48362000
329,A049470,SGA,20200424,561,574,557,565,100105,355,48362000
330,A049470,SGA,20200423,545,575,545,565,108418,355,48362000
331,A049470,SGA,20200422,541,554,525,554,92577,355,48362000
332,A049470,SGA,20200421,576,591,525,558,183668,355,48362000
333,A049470,SGA,20200420,555,584,555,576,220721,355,48362000
334,A049470,SGA,20200417,537,555,537,554,200878,355,48362000
335,A049470,SGA,20200416,542,542,513,536,46145,355,48362000
336,A049470,SGA,20200414,501,535,501,528,72527,355,48362000
337,A049470,SGA,20200413,538,538,512,517,63305,355,48362000
338,A049470,SGA,20200410,550,575,502,538,209069,355,48362000
339,A049470,SGA,20200409,521,550,521,546,180741,355,48362000
340,A049470,SGA,20200408,511,528,508,528,120564,355,48362000
341,A049470,SGA,20200407,524,524,505,520,123324,355,48362000
342,A049470,SGA,20200406,491,525,482,510,201928,355,48362000
343,A049470,SGA,20200403,472,499,472,491,111599,355,48362000
344,A049470,SGA,20200402,493,500,459,486,113528,355,48362000
345,A049470,SGA,20200401,490,528,480,490,186755,355,48362000
346,A049470,SGA,20200331,465,512,465,478,257908,355,48362000
347,A049470,SGA,20200330,445,475,445,463,148147,355,48362000
348,A049470,SGA,20200327,437,469,436,445,262867,355,48362000
349,A049470,SGA,20200326,434,476,401,436,443460,355,48362000
350,A049470,SGA,20200325,354,455,354,425,1137243,355,48362000
351,A049470,SGA,20200324,326,378,326,350,139250,355,48362000
352,A049470,SGA,20200323,332,338,327,338,63213,355,48362000
353,A049470,SGA,20200320,302,373,302,341,295742,355,48362000
354,A049470,SGA,20200319,399,405,315,327,299677,355,48362000
355,A049470,SGA,20200318,380,409,372,398,142003,355,48362000
356,A049470,SGA,20200317,385,399,354,386,180354,355,48362000
357,A049470,SGA,20200316,387,421,387,396,270420,355,48362000
358,A049470,SGA,20200313,467,467,390,394,466405,355,48362000
359,A049470,SGA,20200312,534,534,482,491,174007,355,48362000
360,A049470,SGA,20200311,557,570,534,534,141959,355,48362000
361,A049470,SGA,20200310,550,565,531,561,120436,355,48362000
362,A049470,SGA,20200309,597,611,550,585,225029,355,48362000
363,A049470,SGA,20200306,624,624,606,613,52858,355,48362000
364,A049470,SGA,20200305,614,622,614,619,30718,355,48362000
365,A049470,SGA,20200304,616,625,606,614,105842,355,48362000
366,A049470,SGA,20200303,621,621,603,611,129236,355,48362000
367,A049470,SGA,20200302,609,628,575,616,84091,355,48362000
368,A049470,SGA,20200228,615,627,590,609,98664,355,48362000
369,A049470,SGA,20200227,641,646,629,636,89856,355,48362000
370,A049470,SGA,20200226,642,646,627,646,46548,355,48362000
371,A049470,SGA,20200225,642,649,630,642,195355,355,48362000
372,A049470,SGA,20200224,675,683,625,631,260105,355,48362000
373,A049470,SGA,20200221,688,693,678,687,95110,355,48362000
374,A049470,SGA,20200220,694,694,687,692,44601,355,48362000
375,A049470,SGA,20200219,694,707,689,694,52099,355,48362000
376,A049470,SGA,20200218,685,704,685,694,119940,355,48362000
377,A049470,SGA,20200217,711,727,699,704,117620,355,48362000
378,A049470,SGA,20200214,712,725,711,711,69357,355,48362000
379,A049470,SGA,20200213,730,741,720,720,86154,355,48362000
380,A049470,SGA,20200212,738,758,735,740,50067,355,48362000
381,A049470,SGA,20200211,732,750,731,739,27387,355,48362000
382,A049470,SGA,20200210,729,755,725,731,71053,355,48362000
383,A049470,SGA,20200207,745,749,727,734,92319,355,48362000
384,A049470,SGA,20200206,759,764,744,745,110712,355,48362000
385,A049470,SGA,20200205,751,763,751,757,70462,355,48362000
386,A049470,SGA,20200204,736,767,729,757,532368,355,48362000
387,A049470,SGA,20200203,736,745,720,737,188821,355,48362000
388,A049470,SGA,20200131,740,749,714,740,286463,355,48362000
389,A049470,SGA,20200130,740,766,730,740,427382,355,48362000
390,A049470,SGA,20200129,724,749,715,740,190370,355,48362000
391,A049470,SGA,20200128,704,732,688,724,447261,355,48362000
392,A049470,SGA,20200123,703,730,701,716,279667,355,48362000
393,A049470,SGA,20200122,687,713,682,703,193062,355,48362000
394,A049470,SGA,20200121,677,693,667,691,267023,355,48362000
395,A049470,SGA,20200120,674,678,665,677,122586,355,48362000
396,A049470,SGA,20200117,671,685,667,674,157774,355,48362000
397,A049470,SGA,20200116,677,678,662,671,122929,355,48362000
398,A049470,SGA,20200115,668,677,667,674,77414,355,48362000
399,A049470,SGA,20200114,682,682,669,672,112945,355,48362000
400,A049470,SGA,20200113,680,680,668,672,109993,355,48362000
401,A049470,SGA,20200110,678,679,666,670,146307,355,48362000
402,A049470,SGA,20200109,661,677,661,674,157754,355,48362000
403,A049470,SGA,20200108,698,698,650,659,508702,355,48362000
404,A049470,SGA,20200107,681,790,681,698,5725852,355,48362000
405,A049470,SGA,20200106,685,690,681,685,134585,355,48362000
406,A049470,SGA,20200103,699,699,682,693,83052,355,48362000
407,A049470,SGA,20200102,692,698,688,698,70186,355,48362000
408,A049470,SGA,20191230,681,705,679,693,170472,355,48362000
409,A049470,SGA,20191227,678,686,676,680,68186,355,48362000
410,A049470,SGA,20191226,682,686,675,682,98802,355,48362000
411,A049470,SGA,20191224,672,680,661,678,70366,355,48362000
412,A049470,SGA,20191223,679,683,668,672,76519,355,48362000
413,A049470,SGA,20191220,685,690,681,683,36391,355,48362000
414,A049470,SGA,20191219,684,685,679,685,45350,355,48362000
415,A049470,SGA,20191218,689,691,674,684,59381,355,48362000
416,A049470,SGA,20191217,693,695,681,689,51358,355,48362000
417,A049470,SGA,20191216,687,693,684,692,44274,355,48362000
418,A049470,SGA,20191213,693,697,678,692,82556,355,48362000
419,A049470,SGA,20191212,690,694,685,692,54586,355,48362000
420,A049470,SGA,20191211,700,700,680,690,49654,355,48362000
421,A049470,SGA,20191210,699,699,690,695,56687,355,48362000
422,A049470,SGA,20191209,692,693,680,690,51419,355,48362000
423,A049470,SGA,20191206,673,683,666,680,65837,355,48362000
424,A049470,SGA,20191205,670,674,665,669,112018,355,48362000
425,A049470,SGA,20191204,667,672,660,669,86783,355,48362000
426,A049470,SGA,20191203,683,691,659,666,275304,355,48362000
427,A049470,SGA,20191202,690,695,685,694,138062,355,48362000
428,A049470,SGA,20191129,696,696,683,690,109093,355,48362000
429,A049470,SGA,20191128,698,699,684,696,114143,355,48362000
430,A049470,SGA,20191127,703,705,693,694,54028,355,48362000
431,A049470,SGA,20191126,701,703,692,702,45570,355,48362000
432,A049470,SGA,20191125,684,700,684,700,102459,355,48362000
433,A049470,SGA,20191122,681,694,680,684,84143,355,48362000
434,A049470,SGA,20191121,704,712,690,690,255193,355,48362000
435,A049470,SGA,20191120,722,725,700,706,228401,355,48362000
436,A049470,SGA,20191119,725,727,713,725,91296,355,48362000
437,A049470,SGA,20191118,720,734,716,727,131756,355,48362000
438,A049470,SGA,20191115,735,742,714,719,201174,355,48362000
439,A049470,SGA,20191114,724,745,724,737,122659,355,48362000
440,A049470,SGA,20191113,732,733,720,730,100293,355,48362000
441,A049470,SGA,20191112,733,738,720,732,114333,355,48362000
442,A049470,SGA,20191111,748,749,728,733,140919,355,48362000
443,A049470,SGA,20191108,726,737,723,732,92407,355,48362000
444,A049470,SGA,20191107,720,734,720,728,113166,355,48362000
445,A049470,SGA,20191106,711,725,709,719,153740,355,48362000
446,A049470,SGA,20191105,718,718,708,714,183748,355,48362000
447,A049470,SGA,20191104,704,723,704,710,105230,355,48362000
448,A049470,SGA,20191101,730,731,710,710,94973,355,48362000
449,A049470,SGA,20191031,704,730,703,710,143976,355,48362000
450,A049470,SGA,20191030,718,718,705,709,152881,355,48362000
451,A049470,SGA,20191029,725,737,706,719,122653,355,48362000
452,A049470,SGA,20191028,724,750,700,714,672681,355,48362000
453,A049470,SGA,20191025,729,729,692,710,655086,355,48362000
454,A049470,SGA,20191024,755,755,720,728,652898,355,48362000
455,A049470,SGA,20191023,754,760,746,755,204339,355,48362000
456,A049470,SGA,20191022,750,759,745,750,236957,355,48362000
457,A049470,SGA,20191021,766,766,749,750,279226,355,48362000
458,A049470,SGA,20191018,784,789,766,766,213920,355,48362000
459,A049470,SGA,20191017,790,802,779,785,291933,355,48362000
460,A049470,SGA,20191016,788,805,777,785,214637,355,48362000
461,A049470,SGA,20191015,788,795,769,789,250074,355,48362000
462,A049470,SGA,20191014,781,789,762,786,527221,355,48362000
463,A049470,SGA,20191011,778,796,769,783,481367,355,48362000
464,A049470,SGA,20191010,762,800,760,773,624629,355,48362000
465,A049470,SGA,20191008,752,769,745,762,349661,355,48362000
466,A049470,SGA,20191007,782,782,749,755,436939,355,48362000
467,A049470,SGA,20191004,777,799,763,767,312927,355,48362000
468,A049470,SGA,20191002,775,791,772,779,405149,355,48362000
469,A049470,SGA,20191001,775,795,775,788,312244,355,48362000
470,A049470,SGA,20190930,801,801,750,774,478184,355,48362000
471,A049470,SGA,20190927,828,828,795,803,503205,355,48362000
472,A049470,SGA,20190926,845,874,823,832,573285,355,48362000
473,A049470,SGA,20190925,860,898,839,845,2613463,355,48362000
474,A049470,SGA,20190924,843,861,816,860,1429083,355,48362000
475,A049470,SGA,20190923,789,918,789,855,9116478,355,48362000
476,A049470,SGA,20190920,806,811,768,780,2515553,355,48362000
477,A049470,SGA,20190919,746,958,746,815,21700663,355,48362000
478,A049470,SGA,20190918,749,749,720,737,51395,355,48362000
479,A049470,SGA,20190917,736,758,736,743,112866,355,48362000
480,A049470,SGA,20190916,735,739,731,739,112857,355,48362000
481,A049470,SGA,20190911,738,740,731,735,16822,355,48362000
482,A049470,SGA,20190910,735,739,728,738,31598,355,48362000
483,A049470,SGA,20190909,740,740,732,733,34660,355,48362000
484,A049470,SGA,20190906,743,744,735,737,29890,355,48362000
485,A049470,SGA,20190905,744,744,735,739,64286,355,48362000
486,A049470,SGA,20190904,736,747,730,738,77351,355,48362000
487,A049470,SGA,20190903,750,750,737,737,30772,355,48362000
488,A049470,SGA,20190902,747,750,737,742,23856,355,48362000
489,A049470,SGA,20190830,752,752,739,740,41678,355,48362000
490,A049470,SGA,20190829,761,770,745,745,63969,355,48362000
491,A049470,SGA,20190828,765,772,751,760,35252,355,48362000
492,A049470,SGA,20190827,750,789,747,765,166396,355,48362000
493,A049470,SGA,20190826,732,750,725,746,54926,355,48362000
494,A049470,SGA,20190823,738,745,737,737,19223,355,48362000
495,A049470,SGA,20190822,754,756,738,738,35334,355,48362000
496,A049470,SGA,20190821,733,751,731,743,74382,355,48362000
497,A049470,SGA,20190820,743,743,735,736,44343,355,48362000
498,A049470,SGA,20190819,736,745,729,735,59026,355,48362000
499,A049470,SGA,20190816,750,755,732,734,34747,355,48362000
500,A049470,SGA,20190814,745,755,740,751,39694,355,48362000
501,A049470,SGA,20190813,753,753,739,745,22375,355,48362000
502,A049470,SGA,20190812,754,768,731,753,37943,355,48362000
503,A049470,SGA,20190809,780,780,738,754,52649,355,48362000
504,A049470,SGA,20190808,728,745,726,744,55619,355,48362000
505,A049470,SGA,20190807,701,726,701,719,44895,355,48362000
506,A049470,SGA,20190806,734,745,700,717,126951,355,48362000
507,A049470,SGA,20190805,813,813,735,757,185319,355,48362000
508,A049470,SGA,20190802,812,823,805,813,66405,355,48362000
509,A049470,SGA,20190801,830,845,820,824,40788,355,48362000
510,A049470,SGA,20190731,847,863,817,842,118000,355,48362000
511,A049470,SGA,20190730,849,866,840,852,69932,355,48362000
512,A049470,SGA,20190729,897,904,849,849,130886,355,48362000
513,A049470,SGA,20190726,906,915,890,904,18216,355,48362000
514,A049470,SGA,20190725,931,935,891,906,205384,355,48362000
515,A049470,SGA,20190724,958,958,930,931,58339,355,48362000
516,A049470,SGA,20190723,970,972,950,950,89525,355,48362000
517,A049470,SGA,20190722,979,979,968,972,33945,355,48362000
518,A049470,SGA,20190719,981,984,974,979,19036,355,48362000
519,A049470,SGA,20190718,977,986,963,981,87764,355,48362000
520,A049470,SGA,20190717,989,989,960,979,84104,355,48362000
521,A049470,SGA,20190716,999,1000,980,989,102385,355,48362000
522,A049470,SGA,20190715,1000,1005,997,999,25630,355,48362000
523,A049470,SGA,20190712,1000,1005,990,1000,84107,355,48362000
524,A049470,SGA,20190711,1000,1005,993,998,36596,355,48362000
525,A049470,SGA,20190710,988,999,980,999,58359,355,48362000
526,A049470,SGA,20190709,994,1000,989,989,32474,355,48362000
527,A049470,SGA,20190708,1020,1020,992,994,118859,355,48362000
528,A049470,SGA,20190705,997,1035,989,1015,135313,355,48362000
529,A049470,SGA,20190704,1000,1005,987,998,142519,355,48362000
530,A049470,SGA,20190703,1005,1010,993,994,77850,355,48362000
531,A049470,SGA,20190702,1010,1010,996,999,48314,355,48362000
532,A049470,SGA,20190701,1000,1020,993,1000,86401,355,48362000
533,A049470,SGA,20190628,1005,1015,998,1005,82377,355,48362000
534,A049470,SGA,20190627,1040,1040,998,1010,116967,355,48362000
535,A049470,SGA,20190626,1000,1030,1000,1030,105642,355,48362000
536,A049470,SGA,20190625,1040,1055,980,1010,216827,355,48362000
537,A049470,SGA,20190624,1040,1060,1030,1050,185828,355,48362000
538,A049470,SGA,20190621,1060,1060,1035,1040,91024,355,48362000
539,A049470,SGA,20190620,1035,1060,1025,1045,138286,355,48362000
540,A049470,SGA,20190619,1025,1060,1015,1030,268572,355,48362000
541,A049470,SGA,20190618,1020,1050,1005,1020,220149,355,48362000
542,A049470,SGA,20190617,1030,1030,1010,1015,58650,355,48362000
543,A049470,SGA,20190614,1010,1025,1010,1015,48043,355,48362000
544,A049470,SGA,20190613,1005,1035,1000,1010,142465,355,48362000
545,A049470,SGA,20190612,1025,1025,1000,1005,132104,355,48362000
546,A049470,SGA,20190611,1015,1105,1005,1020,1339271,355,48362000
547,A049470,SGA,20190610,1020,1020,998,1005,52355,355,48362000
548,A049470,SGA,20190607,1010,1010,995,1000,37860,355,48362000
549,A049470,SGA,20190605,1020,1020,993,1000,65750,355,48362000
550,A049470,SGA,20190604,1005,1010,995,995,88078,355,48362000
551,A049470,SGA,20190603,1020,1020,997,1000,66958,355,48362000
552,A049470,SGA,20190531,1015,1035,1005,1005,43897,355,48362000
553,A049470,SGA,20190530,985,1035,985,1035,142528,355,48362000
554,A049470,SGA,20190529,1045,1045,999,1005,78772,355,48362000
555,A049470,SGA,20190528,1010,1045,980,1035,169953,355,48362000
556,A049470,SGA,20190527,1010,1030,995,998,121956,355,48362000
557,A049470,SGA,20190524,1010,1035,979,1035,232711,355,48362000
558,A049470,SGA,20190523,980,1025,965,1010,326526,355,48362000
559,A049470,SGA,20190522,940,980,911,980,401550,355,48362000
560,A049470,SGA,20190521,990,1005,908,940,935274,355,48362000
561,A049470,SGA,20190520,1080,1175,995,997,2328132,355,48362000
562,A049470,SGA,20190517,1064,1064,1064,1064,0,355,48362000
563,A049470,SGA,20190516,1064,1064,1064,1064,0,355,48362000
564,A049470,SGA,20190515,1064,1064,1064,1064,0,355,48362000
565,A049470,SGA,20190514,1064,1064,1064,1064,0,355,48362000
566,A049470,SGA,20190513,1064,1064,1064,1064,0,355,48362000
567,A049470,SGA,20190510,1064,1064,1064,1064,0,355,48362000
568,A049470,SGA,20190509,1064,1064,1064,1064,0,355,48362000
569,A049470,SGA,20190508,1064,1064,1064,1064,0,355,48362000
570,A049470,SGA,20190507,1064,1064,1064,1064,0,355,48362000
571,A049470,SGA,20190503,1064,1064,1064,1064,0,355,48362000
572,A049470,SGA,20190502,1064,1064,1064,1064,0,355,48362000
573,A049470,SGA,20190430,1064,1064,1064,1064,0,355,48362000
574,A049470,SGA,20190429,1064,1064,1064,1064,0,355,48362000
575,A049470,SGA,20190426,1064,1064,1064,1064,0,355,48362000
576,A049470,SGA,20190425,1064,1064,1064,1064,0,355,48362000
577,A049470,SGA,20190424,1040,1074,1040,1064,548353,355,48362000
578,A049470,SGA,20190423,1066,1092,1050,1058,711882,355,48362000
579,A049470,SGA,20190422,1064,1068,1054,1054,139937,355,48362000
580,A049470,SGA,20190419,1050,1070,1050,1064,122790,355,48362000
581,A049470,SGA,20190418,1048,1050,1036,1050,60176,355,48362000
582,A049470,SGA,20190417,1030,1064,1026,1044,220207,355,48362000
583,A049470,SGA,20190416,1050,1050,1026,1032,102172,355,48362000
584,A049470,SGA,20190415,1042,1052,1030,1038,95664,355,48362000
585,A049470,SGA,20190412,1066,1066,1034,1052,55796,355,48362000
586,A049470,SGA,20190411,1052,1062,1030,1046,80573,355,48362000
587,A049470,SGA,20190410,1054,1054,1040,1054,31217,355,48362000
588,A049470,SGA,20190409,1058,1058,1036,1054,72227,355,48362000
589,A049470,SGA,20190408,1062,1064,1044,1046,66347,355,48362000
590,A049470,SGA,20190405,1058,1066,1050,1062,59788,355,48362000
591,A049470,SGA,20190404,1062,1064,1042,1060,73144,355,48362000
592,A049470,SGA,20190403,1042,1050,1038,1046,65266,355,48362000
593,A049470,SGA,20190402,1036,1046,1010,1042,78617,355,48362000
594,A049470,SGA,20190401,1038,1038,1010,1030,33250,355,48362000
595,A049470,SGA,20190329,1030,1050,1004,1032,63631,355,48362000
596,A049470,SGA,20190328,1032,1032,1006,1018,40688,355,48362000
597,A049470,SGA,20190327,998,1034,994,1034,107842,355,48362000
598,A049470,SGA,20190326,994,1012,986,992,117452,355,48362000
599,A049470,SGA,20190325,1000,1018,986,996,142369,355,48362000
600,A049470,SGA,20190322,990,1088,990,1002,441372,355,48362000
601,A049470,SGA,20190321,1008,1028,990,996,170405,355,48362000
602,A049470,SGA,20190320,1032,1034,996,1026,124778,355,48362000
603,A049470,SGA,20190319,1054,1054,1020,1028,102479,355,48362000
604,A049470,SGA,20190318,1054,1060,1032,1046,84511,355,48362000
605,A049470,SGA,20190315,1060,1070,1042,1046,112499,355,48362000
606,A049470,SGA,20190314,1060,1064,1042,1060,61732,355,48362000
607,A049470,SGA,20190313,1036,1070,1036,1060,116634,355,48362000
608,A049470,SGA,20190312,1060,1068,1056,1062,71913,355,48362000
609,A049470,SGA,20190311,1064,1064,1020,1060,129103,355,48362000
610,A049470,SGA,20190308,1070,1070,1044,1064,147028,355,48362000
611,A049470,SGA,20190307,1066,1088,1064,1064,115292,355,48362000
612,A049470,SGA,20190306,1086,1092,1078,1078,79213,355,48362000
613,A049470,SGA,20190305,1080,1096,1066,1086,124036,355,48362000
614,A049470,SGA,20190304,1074,1090,1066,1078,163801,355,48362000
615,A049470,SGA,20190228,1114,1130,1066,1084,204221,355,48362000
616,A049470,SGA,20190227,1128,1130,1098,1114,128280,355,48362000
617,A049470,SGA,20190226,1120,1138,1108,1120,313214,355,48362000
618,A049470,SGA,20190225,1122,1138,1102,1120,274108,355,48362000
619,A049470,SGA,20190222,1120,1122,1080,1120,587396,355,48362000
620,A049470,SGA,20190221,1086,1238,1084,1120,6461321,355,48362000
621,A049470,SGA,20190220,1092,1092,1076,1080,63056,355,48362000
622,A049470,SGA,20190219,1102,1102,1078,1080,84483,355,48362000
623,A049470,SGA,20190218,1092,1110,1080,1090,110895,355,48362000
624,A049470,SGA,20190215,1088,1098,1080,1092,57743,355,48362000
625,A049470,SGA,20190214,1078,1086,1050,1080,73853,355,48362000
626,A049470,SGA,20190213,1108,1108,1062,1080,202150,355,48362000
627,A049470,SGA,20190212,1116,1118,1102,1108,77687,355,48362000
628,A049470,SGA,20190211,1124,1130,1080,1116,90919,355,48362000
629,A049470,SGA,20190208,1130,1130,1108,1122,52208,355,48362000
630,A049470,SGA,20190207,1136,1144,1106,1122,125570,355,48362000
631,A049470,SGA,20190201,1136,1146,1132,1136,67823,355,48362000
632,A049470,SGA,20190131,1138,1142,1128,1134,68211,355,48362000
633,A049470,SGA,20190130,1126,1136,1116,1134,66128,355,48362000
634,A049470,SGA,20190129,1130,1136,1120,1132,53651,355,48362000
635,A049470,SGA,20190128,1136,1160,1134,1134,81282,355,48362000
636,A049470,SGA,20190125,1150,1162,1138,1146,92768,355,48362000
637,A049470,SGA,20190124,1154,1154,1122,1146,75670,355,48362000
638,A049470,SGA,20190123,1154,1160,1140,1150,66612,355,48362000
639,A049470,SGA,20190122,1180,1180,1146,1158,30955,355,48362000
640,A049470,SGA,20190121,1172,1172,1150,1160,64852,355,48362000
641,A049470,SGA,20190118,1164,1176,1144,1160,83207,355,48362000
642,A049470,SGA,20190117,1168,1168,1154,1162,92560,355,48362000
643,A049470,SGA,20190116,1150,1160,1142,1160,49635,355,48362000
644,A049470,SGA,20190115,1150,1150,1132,1138,47697,355,48362000
645,A049470,SGA,20190114,1138,1148,1120,1136,38773,355,48362000
646,A049470,SGA,20190111,1162,1186,1130,1138,91721,355,48362000
647,A049470,SGA,20190110,1166,1172,1146,1162,53658,355,48362000
648,A049470,SGA,20190109,1148,1206,1126,1172,259005,355,48362000
649,A049470,SGA,20190108,1142,1168,1134,1134,52193,355,48362000
650,A049470,SGA,20190107,1122,1144,1100,1142,96554,355,48362000
651,A049470,SGA,20190104,1118,1118,1076,1112,95176,355,48362000
652,A049470,SGA,20190103,1096,1132,1088,1104,177062,355,48362000
653,A049470,SGA,20190102,1082,1098,1076,1086,39332,355,48362000
654,A049470,SGA,20181228,1084,1100,1078,1078,65833,355,48362000
655,A049470,SGA,20181227,1058,1086,1058,1082,38649,355,48362000
656,A049470,SGA,20181226,1070,1070,1038,1058,105679,355,48362000
657,A049470,SGA,20181224,1108,1108,1056,1084,80281,355,48362000
658,A049470,SGA,20181221,1062,1094,1056,1082,172339,355,48362000
659,A049470,SGA,20181220,1096,1096,1058,1064,44589,355,48362000
660,A049470,SGA,20181219,1088,1096,1066,1092,76981,355,48362000
661,A049470,SGA,20181218,1038,1088,1038,1080,81581,355,48362000
662,A049470,SGA,20181217,1050,1060,1038,1058,73291,355,48362000
663,A049470,SGA,20181214,1086,1088,1040,1056,107808,355,48362000
664,A049470,SGA,20181213,1042,1110,1034,1082,324580,355,48362000
665,A049470,SGA,20181212,1034,1044,1032,1042,32685,355,48362000
666,A049470,SGA,20181211,1036,1050,1010,1034,48840,355,48362000
667,A049470,SGA,20181210,1056,1056,1028,1034,66477,355,48362000
668,A049470,SGA,20181207,1082,1090,1052,1056,101433,355,48362000
669,A049470,SGA,20181206,1078,1078,1048,1074,86774,355,48362000
670,A049470,SGA,20181205,1070,1092,1054,1084,150597,355,48362000
671,A049470,SGA,20181204,1024,1090,1022,1060,233938,355,48362000
672,A049470,SGA,20181203,1020,1044,1018,1034,59327,355,48362000
673,A049470,SGA,20181130,1024,1036,1000,1020,39867,355,48362000
674,A049470,SGA,20181129,1034,1104,1024,1024,245564,355,48362000
675,A049470,SGA,20181128,1028,1040,1018,1024,42761,355,48362000
676,A049470,SGA,20181127,1010,1022,1002,1022,36376,355,48362000
677,A049470,SGA,20181126,988,1020,984,1006,42515,355,48362000
678,A049470,SGA,20181123,988,1086,974,988,244437,355,48362000
679,A049470,SGA,20181122,994,1004,986,986,56840,355,48362000
680,A049470,SGA,20181121,1016,1016,990,1008,25634,355,48362000
681,A049470,SGA,20181120,1000,1018,990,1014,47726,355,48362000
682,A049470,SGA,20181119,1008,1022,1008,1010,46560,355,48362000
683,A049470,SGA,20181116,992,1012,992,1006,57475,355,48362000
684,A049470,SGA,20181115,1002,1020,990,1000,41461,355,48362000
685,A049470,SGA,20181114,1020,1020,998,1008,25974,355,48362000
686,A049470,SGA,20181113,1012,1012,984,1002,35767,355,48362000
687,A049470,SGA,20181112,1014,1018,1004,1012,52825,355,48362000
688,A049470,SGA,20181109,1040,1040,1010,1014,47791,355,48362000
689,A049470,SGA,20181108,1010,1042,1010,1022,36652,355,48362000
690,A049470,SGA,20181107,1030,1048,990,1012,70097,355,48362000
691,A049470,SGA,20181106,1020,1048,1020,1030,121819,355,48362000
692,A049470,SGA,20181105,1022,1066,1022,1040,66474,355,48362000
693,A049470,SGA,20181102,1034,1058,1034,1050,68953,355,48362000
694,A049470,SGA,20181101,1014,1042,1014,1034,92145,355,48362000
695,A049470,SGA,20181031,956,1050,956,1030,142209,355,48362000
696,A049470,SGA,20181030,740,958,740,956,1170143,355,48362000
697,A049470,SGA,20181029,1030,1050,926,926,219642,355,48362000
698,A049470,SGA,20181026,1092,1108,998,1042,384984,355,48362000
699,A049470,SGA,20181025,1150,1164,1094,1110,109991,355,48362000
700,A049470,SGA,20181024,1182,1202,1140,1170,133947,355,48362000
701,A049470,SGA,20181023,1204,1220,1180,1182,74090,355,48362000
702,A049470,SGA,20181022,1228,1238,1204,1220,46226,355,48362000
703,A049470,SGA,20181019,1220,1234,1188,1228,44567,355,48362000
704,A049470,SGA,20181018,1254,1254,1180,1224,28894,355,48362000
705,A049470,SGA,20181017,1206,1262,1194,1234,118162,355,48362000
706,A049470,SGA,20181016,1150,1198,1150,1196,81059,355,48362000
707,A049470,SGA,20181015,1126,1182,1126,1168,98450,355,48362000
708,A049470,SGA,20181012,1060,1206,1060,1156,154286,355,48362000
709,A049470,SGA,20181011,1022,1160,1022,1154,389559,355,48362000
710,A049470,SGA,20181010,1230,1236,1150,1170,262394,355,48362000
711,A049470,SGA,20181008,1224,1240,1190,1236,113023,355,48362000
712,A049470,SGA,20181005,1200,1300,1200,1230,196200,355,48362000
713,A049470,SGA,20181004,1298,1308,1222,1256,146312,355,48362000
714,A049470,SGA,20181002,1350,1350,1294,1298,127320,355,48362000
715,A049470,SGA,20181001,1342,1354,1334,1336,85703,355,48362000
716,A049470,SGA,20180928,1354,1372,1348,1350,46337,355,48362000
717,A049470,SGA,20180927,1330,1378,1320,1354,169623,355,48362000
718,A049470,SGA,20180921,1330,1342,1304,1320,73495,355,48362000
719,A049470,SGA,20180920,1360,1372,1314,1320,140283,355,48362000
720,A049470,SGA,20180919,1364,1372,1340,1350,91697,355,48362000
721,A049470,SGA,20180918,1370,1370,1350,1352,75608,355,48362000
722,A049470,SGA,20180917,1392,1400,1370,1370,63714,355,48362000
723,A049470,SGA,20180914,1396,1398,1380,1392,66946,355,48362000
724,A049470,SGA,20180913,1386,1396,1376,1392,56207,355,48362000
725,A049470,SGA,20180912,1408,1408,1386,1386,81959,355,48362000
726,A049470,SGA,20180911,1412,1414,1396,1408,43327,355,48362000
727,A049470,SGA,20180910,1394,1408,1376,1406,93411,355,48362000
728,A049470,SGA,20180907,1390,1400,1386,1392,42077,355,48362000
729,A049470,SGA,20180906,1408,1410,1388,1388,92055,355,48362000
730,A049470,SGA,20180905,1416,1424,1400,1410,104004,355,48362000
731,A049470,SGA,20180904,1402,1432,1396,1412,124574,355,48362000
732,A049470,SGA,20180903,1396,1420,1396,1404,75180,355,48362000
733,A049470,SGA,20180831,1400,1436,1394,1402,110918,355,48362000
734,A049470,SGA,20180830,1392,1412,1392,1400,58874,355,48362000
735,A049470,SGA,20180829,1414,1414,1396,1396,55991,355,48362000
736,A049470,SGA,20180828,1384,1420,1376,1402,154295,355,48362000
737,A049470,SGA,20180827,1372,1388,1360,1378,120608,355,48362000
738,A049470,SGA,20180824,1384,1402,1372,1372,76960,355,48362000
739,A049470,SGA,20180823,1376,1398,1370,1372,136180,355,48362000
740,A049470,SGA,20180822,1382,1382,1350,1376,100181,355,48334000
741,A049470,SGA,20180821,1368,1388,1362,1374,97903,355,48334000
742,A049470,SGA,20180820,1388,1398,1362,1370,119387,355,48334000
743,A049470,SGA,20180817,1360,1416,1360,1392,71331,355,48334000
744,A049470,SGA,20180816,1392,1420,1368,1382,142077,355,48279000
745,A049470,SGA,20180814,1380,1428,1380,1418,110706,355,48279000
746,A049470,SGA,20180813,1470,1472,1428,1428,177430,355,48279000
747,A049470,SGA,20180810,1490,1508,1480,1480,100573,355,48279000
748,A049470,SGA,20180809,1462,1490,1462,1484,63615,355,48279000
749,A049470,SGA,20180808,1482,1490,1466,1476,133050,355,48279000
750,A049470,SGA,20180807,1466,1486,1456,1476,67186,355,48279000
751,A049470,SGA,20180806,1482,1486,1464,1466,57048,355,48279000
752,A049470,SGA,20180803,1486,1488,1466,1472,54087,355,48279000
753,A049470,SGA,20180802,1480,1480,1456,1480,56660,355,48279000
754,A049470,SGA,20180801,1464,1472,1450,1472,67966,355,48279000
755,A049470,SGA,20180731,1454,1472,1446,1456,48732,355,48279000
756,A049470,SGA,20180730,1472,1472,1450,1458,46012,355,48279000
757,A049470,SGA,20180727,1500,1536,1458,1460,145089,355,48279000
758,A049470,SGA,20180726,1434,1506,1432,1444,165557,355,48279000
759,A049470,SGA,20180725,1474,1474,1434,1434,114329,355,48279000
760,A049470,SGA,20180724,1438,1468,1436,1462,151722,355,48279000
761,A049470,SGA,20180723,1514,1516,1460,1474,102988,355,48279000
762,A049470,SGA,20180720,1522,1526,1508,1516,66924,355,48279000
763,A049470,SGA,20180719,1538,1574,1516,1522,114192,355,48279000
764,A049470,SGA,20180718,1530,1550,1516,1530,140993,355,48279000
765,A049470,SGA,20180717,1540,1540,1510,1526,163302,355,48279000
766,A049470,SGA,20180716,1526,1554,1510,1526,107416,355,48279000
767,A049470,SGA,20180713,1518,1522,1504,1520,60503,355,48279000
768,A049470,SGA,20180712,1498,1526,1486,1506,69064,355,48279000
769,A049470,SGA,20180711,1508,1508,1484,1498,60051,355,48279000
770,A049470,SGA,20180710,1458,1506,1458,1506,178068,355,48279000
771,A049470,SGA,20180709,1452,1490,1452,1458,258393,355,48279000
772,A049470,SGA,20180706,1460,1494,1444,1450,159266,355,48279000
773,A049470,SGA,20180705,1498,1498,1460,1466,116869,355,48279000
774,A049470,SGA,20180704,1468,1496,1468,1492,100433,355,48279000
775,A049470,SGA,20180703,1470,1500,1470,1478,238886,355,48279000
776,A049470,SGA,20180702,1542,1556,1488,1492,186665,355,48279000
777,A049470,SGA,20180629,1560,1560,1484,1544,217683,355,48279000
778,A049470,SGA,20180628,1550,1558,1524,1526,93214,355,48279000
779,A049470,SGA,20180627,1514,1574,1514,1552,236972,355,48279000
780,A049470,SGA,20180626,1500,1530,1500,1516,145460,355,48279000
781,A049470,SGA,20180625,1494,1536,1492,1536,134900,355,48279000
782,A049470,SGA,20180622,1518,1538,1494,1500,216006,355,48279000
783,A049470,SGA,20180621,1536,1556,1522,1522,118392,355,48279000
784,A049470,SGA,20180620,1502,1670,1490,1542,1075801,355,48279000
785,A049470,SGA,20180619,1522,1544,1506,1506,147212,355,48279000
786,A049470,SGA,20180618,1580,1596,1542,1542,258750,355,48279000
787,A049470,SGA,20180615,1588,1610,1588,1596,131376,355,48279000
788,A049470,SGA,20180614,1620,1620,1588,1596,225349,355,48279000
789,A049470,SGA,20180612,1616,1638,1604,1610,205446,355,48279000
790,A049470,SGA,20180611,1634,1666,1626,1626,136746,355,48279000
791,A049470,SGA,20180608,1648,1648,1620,1634,159293,355,48279000
792,A049470,SGA,20180607,1656,1662,1632,1632,157855,355,46265000
793,A049470,SGA,20180605,1646,1678,1640,1652,109159,355,46265000
794,A049470,SGA,20180604,1630,1668,1618,1662,181052,355,46265000
795,A049470,SGA,20180601,1618,1630,1600,1616,279694,355,46265000
796,A049470,SGA,20180531,1622,1636,1596,1618,395323,355,46265000
797,A049470,SGA,20180530,1656,1658,1616,1620,450934,355,46265000
798,A049470,SGA,20180529,1676,1694,1654,1658,223325,355,46265000
799,A049470,SGA,20180528,1688,1700,1664,1676,265450,355,46265000
800,A049470,SGA,20180525,1692,1720,1682,1688,267515,355,46265000
801,A049470,SGA,20180524,1722,1736,1710,1720,170245,355,46265000
802,A049470,SGA,20180523,1732,1748,1724,1732,233058,355,46265000
803,A049470,SGA,20180521,1730,1738,1710,1732,137399,355,46265000
804,A049470,SGA,20180518,1708,1750,1696,1718,207536,355,46265000
805,A049470,SGA,20180517,1700,1736,1696,1698,231398,355,46265000
806,A049470,SGA,20180516,1732,1734,1682,1696,390854,355,46265000
807,A049470,SGA,20180515,1762,1776,1714,1722,481457,355,46265000
808,A049470,SGA,20180514,1860,1866,1758,1760,1693792,355,46265000
809,A049470,SGA,20180511,1710,1730,1696,1704,211711,355,46265000
810,A049470,SGA,20180510,1676,1712,1676,1710,90859,355,46265000
811,A049470,SGA,20180509,1654,1710,1654,1688,257948,355,46265000
812,A049470,SGA,20180508,1764,1764,1690,1700,320064,355,46265000
813,A049470,SGA,20180504,1780,1794,1740,1744,256063,355,46265000
814,A049470,SGA,20180503,1724,1800,1724,1776,352493,355,46265000
815,A049470,SGA,20180502,1720,1748,1704,1740,385793,355,46265000
816,A049470,SGA,20180430,1816,1816,1738,1748,402409,355,46265000
817,A049470,SGA,20180427,1784,1818,1784,1806,315287,355,46265000
818,A049470,SGA,20180426,1782,1802,1754,1788,193847,355,46265000
819,A049470,SGA,20180425,1772,1822,1772,1782,498371,355,46265000
820,A049470,SGA,20180424,1742,1780,1736,1780,183203,355,46265000
821,A049470,SGA,20180423,1750,1778,1738,1742,314002,355,46265000
822,A049470,SGA,20180420,1722,1774,1722,1762,254373,355,46265000
823,A049470,SGA,20180419,1766,1798,1734,1740,359958,355,46265000
824,A049470,SGA,20180418,1794,1794,1764,1778,276171,355,46265000
825,A049470,SGA,20180417,1728,1784,1726,1784,385695,355,46265000
826,A049470,SGA,20180416,1718,1746,1712,1732,242803,355,46265000
827,A049470,SGA,20180413,1732,1744,1712,1724,308192,355,46265000
828,A049470,SGA,20180412,1688,1760,1672,1730,415137,355,46265000
829,A049470,SGA,20180411,1660,1692,1648,1688,296865,355,46265000
830,A049470,SGA,20180410,1650,1668,1620,1644,333398,355,46265000
831,A049470,SGA,20180409,1662,1680,1654,1664,237403,355,46265000
832,A049470,SGA,20180406,1664,1682,1658,1678,281015,355,46265000
833,A049470,SGA,20180405,1664,1684,1656,1666,217102,355,46265000
834,A049470,SGA,20180404,1702,1710,1652,1666,383647,355,46265000
835,A049470,SGA,20180403,1680,1706,1680,1690,186808,355,46265000
836,A049470,SGA,20180402,1702,1726,1688,1694,303311,355,46265000
837,A049470,SGA,20180330,1698,1726,1692,1710,165903,355,46265000
838,A049470,SGA,20180329,1712,1718,1680,1696,309530,355,46265000
839,A049470,SGA,20180328,1728,1740,1694,1706,242404,355,46265000
840,A049470,SGA,20180327,1714,1752,1712,1746,206432,355,46265000
841,A049470,SGA,20180326,1650,1728,1650,1710,430136,355,46265000
842,A049470,SGA,20180323,1700,1726,1660,1694,833134,355,46265000
843,A049470,SGA,20180322,1756,1780,1722,1722,649916,355,46265000
844,A049470,SGA,20180321,1812,1812,1780,1780,225685,355,46265000
845,A049470,SGA,20180320,1798,1798,1764,1788,374563,355,46265000
846,A049470,SGA,20180319,1846,1850,1796,1798,494316,355,46265000
847,A049470,SGA,20180316,1854,1870,1838,1842,252766,355,46265000
848,A049470,SGA,20180315,1876,1876,1848,1854,228198,355,46265000
849,A049470,SGA,20180314,1888,1890,1846,1876,272215,355,46265000
850,A049470,SGA,20180313,1890,1924,1868,1872,265903,355,46265000
851,A049470,SGA,20180312,1872,1906,1870,1896,308421,355,45986000
852,A049470,SGA,20180309,1854,1876,1852,1870,358748,355,45986000
853,A049470,SGA,20180308,1812,1878,1812,1854,323100,355,45986000
854,A049470,SGA,20180307,1920,1922,1820,1832,501739,355,45986000
855,A049470,SGA,20180306,1856,1930,1856,1900,373625,355,45986000
856,A049470,SGA,20180305,1944,1974,1860,1860,767062,355,45986000
857,A049470,SGA,20180302,1992,1992,1950,1954,696095,355,45986000
858,A049470,SGA,20180228,2060,2070,2000,2030,408045,355,45986000
859,A049470,SGA,20180227,2090,2110,2040,2040,405781,355,45986000
860,A049470,SGA,20180226,2110,2140,2090,2090,535904,355,45986000
861,A049470,SGA,20180223,2060,2110,2050,2100,692181,355,44967000
862,A049470,SGA,20180222,2120,2130,2040,2050,837029,355,44967000
863,A049470,SGA,20180221,2130,2150,2110,2120,485909,355,44967000
864,A049470,SGA,20180220,2120,2180,2110,2120,878526,355,44967000
865,A049470,SGA,20180219,2110,2150,2070,2130,1052835,355,44967000
866,A049470,SGA,20180214,2120,2140,2070,2090,662425,355,44967000
867,A049470,SGA,20180213,2070,2190,2060,2100,1710781,355,44967000
868,A049470,SGA,20180212,2040,2170,2030,2050,2279338,355,44967000
869,A049470,SGA,20180209,2050,2100,2010,2020,922836,355,44967000
870,A049470,SGA,20180208,2080,2160,2080,2110,1197909,355,44967000
871,A049470,SGA,20180207,2200,2280,2090,2090,2169849,355,44967000
872,A049470,SGA,20180206,2130,2310,2060,2190,8393733,355,44967000
873,A049470,SGA,20180205,2050,2590,2000,2200,14908273,355,44967000
874,A049470,SGA,20180202,2240,2250,2090,2130,1692378,355,44967000
875,A049470,SGA,20180201,2290,2300,2210,2220,1258989,355,44967000
876,A049470,SGA,20180131,2220,2330,2190,2270,2802285,355,44967000
877,A049470,SGA,20180130,2220,2260,2170,2220,1916733,355,44967000
878,A049470,SGA,20180129,2430,2580,2250,2250,11031777,355,44967000
879,A049470,SGA,20180126,2180,2240,2160,2210,1945507,355,44967000
880,A049470,SGA,20180125,2190,2250,2160,2180,2284796,355,44967000
881,A049470,SGA,20180124,2220,2260,2160,2180,2170644,355,44967000
882,A049470,SGA,20180123,2200,2310,2160,2200,4209936,355,44967000
883,A049470,SGA,20180122,2240,2460,2180,2210,11286588,355,44967000
884,A049470,SGA,20180119,2050,2170,1962,2160,6905418,355,44967000
885,A049470,SGA,20180118,2020,2220,1988,2020,9225284,355,44967000
886,A049470,SGA,20180117,1838,2190,1824,1962,18290912,355,44967000
887,A049470,SGA,20180116,1850,1870,1836,1842,255043,355,44967000
888,A049470,SGA,20180115,1816,1896,1800,1850,580001,355,44967000
889,A049470,SGA,20180112,1828,1840,1794,1802,512299,355,44967000
890,A049470,SGA,20180111,1870,1882,1816,1830,851363,355,44967000
891,A049470,SGA,20180110,1892,1910,1866,1884,398594,355,44967000
892,A049470,SGA,20180109,1966,1966,1880,1896,766265,355,44967000
893,A049470,SGA,20180108,1876,1980,1860,1970,1833896,355,44967000
894,A049470,SGA,20180105,1926,1926,1860,1870,527178,355,44967000
895,A049470,SGA,20180104,1854,1926,1846,1896,1221877,355,44967000
896,A049470,SGA,20180103,1820,1882,1800,1840,830658,355,44967000
897,A049470,SGA,20180102,1802,1824,1780,1810,616706,355,44967000
898,A049470,SGA,20171228,1844,1862,1792,1800,679141,355,44967000
899,A049470,SGA,20171227,1814,1878,1812,1834,523781,355,44967000
900,A049470,SGA,20171226,1856,1876,1814,1828,509504,355,44967000
901,A049470,SGA,20171222,1922,1972,1850,1858,1011278,355,44967000
902,A049470,SGA,20171221,1928,2040,1914,1916,1570015,355,42771000
903,A049470,SGA,20171220,2090,2180,1922,1922,4892462,355,42771000
904,A049470,SGA,20171219,2170,2180,1960,1990,4847802,355,42771000
905,A049470,SGA,20171218,1880,2240,1878,2120,9632961,355,42771000
906,A049470,SGA,20171215,1864,1870,1828,1856,506001,355,42771000
907,A049470,SGA,20171214,1866,1898,1846,1846,477166,355,42771000
908,A049470,SGA,20171213,1780,1930,1750,1874,2330324,355,42771000
909,A049470,SGA,20171212,1780,1806,1774,1774,252745,355,42771000
910,A049470,SGA,20171211,1790,1814,1734,1814,309888,355,42771000
911,A049470,SGA,20171208,1948,1948,1800,1800,1223639,355,42771000
912,A049470,SGA,20171207,1826,1990,1800,1910,3403987,355,42771000
913,A049470,SGA,20171206,1784,1890,1768,1806,1262129,355,42771000
914,A049470,SGA,20171205,1746,1782,1740,1774,306059,355,42771000
915,A049470,SGA,20171204,1752,1794,1736,1752,377577,355,42771000
916,A049470,SGA,20171201,1760,1820,1732,1744,464284,355,42771000
917,A049470,SGA,20171130,1788,1794,1746,1746,230874,355,42771000
918,A049470,SGA,20171129,1768,1788,1754,1788,251678,355,42771000
919,A049470,SGA,20171128,1776,1818,1760,1764,607690,355,42771000
920,A049470,SGA,20171127,1750,1788,1730,1770,410022,355,42771000
921,A049470,SGA,20171124,1742,1754,1740,1746,158348,355,42771000
922,A049470,SGA,20171123,1740,1760,1726,1740,205696,355,42771000
923,A049470,SGA,20171122,1754,1754,1724,1738,247565,355,42771000
924,A049470,SGA,20171121,1774,1776,1748,1754,202283,355,42771000
925,A049470,SGA,20171120,1746,1784,1744,1774,162942,355,42771000
926,A049470,SGA,20171117,1740,1780,1728,1760,224093,355,42771000
927,A049470,SGA,20171116,1738,1758,1732,1740,205964,355,42771000
928,A049470,SGA,20171115,1824,1838,1730,1746,598592,355,42771000
929,A049470,SGA,20171114,1828,1852,1822,1832,210171,355,42771000
930,A049470,SGA,20171113,1840,1850,1818,1832,149661,355,42771000
931,A049470,SGA,20171110,1830,1874,1818,1832,255892,355,42771000
932,A049470,SGA,20171109,1816,1830,1808,1820,135593,355,42771000
933,A049470,SGA,20171108,1812,1830,1808,1816,127919,355,42771000
934,A049470,SGA,20171107,1808,1830,1808,1818,82979,355,42771000
935,A049470,SGA,20171106,1808,1818,1796,1816,154171,355,42771000
936,A049470,SGA,20171103,1808,1820,1792,1806,127965,355,42771000
937,A049470,SGA,20171102,1826,1834,1808,1808,107362,355,42771000
938,A049470,SGA,20171101,1806,1834,1796,1824,189287,355,42771000
939,A049470,SGA,20171031,1802,1812,1792,1794,98122,355,42771000
940,A049470,SGA,20171030,1814,1820,1790,1802,137467,355,42771000
941,A049470,SGA,20171027,1808,1816,1790,1816,154893,355,42771000
942,A049470,SGA,20171026,1810,1816,1792,1800,155746,355,42771000
943,A049470,SGA,20171025,1808,1828,1794,1814,187221,355,42771000
944,A049470,SGA,20171024,1774,1810,1774,1792,272914,355,42771000
945,A049470,SGA,20171023,1756,1786,1756,1766,126723,355,42771000
946,A049470,SGA,20171020,1778,1786,1748,1760,225955,355,42771000
947,A049470,SGA,20171019,1724,1766,1722,1762,203461,355,42771000
948,A049470,SGA,20171018,1718,1736,1710,1728,169098,355,42771000
949,A049470,SGA,20171017,1706,1724,1696,1712,273723,355,42771000
950,A049470,SGA,20171016,1776,1776,1692,1700,338907,355,42771000
951,A049470,SGA,20171013,1792,1798,1752,1756,238030,355,42771000
952,A049470,SGA,20171012,1790,1814,1790,1792,206613,355,42771000
953,A049470,SGA,20171011,1770,1796,1764,1796,214977,355,42771000
954,A049470,SGA,20171010,1776,1880,1758,1776,653028,355,42771000
955,A049470,SGA,20170929,1774,1816,1752,1766,318771,355,42771000
956,A049470,SGA,20170928,1788,1818,1784,1788,150838,355,42771000
957,A049470,SGA,20170927,1766,1810,1766,1786,197271,355,42771000
958,A049470,SGA,20170926,1732,1800,1732,1772,231863,355,42771000
959,A049470,SGA,20170925,1750,1830,1728,1788,568199,355,42771000
960,A049470,SGA,20170922,1966,1990,1786,1796,1154068,355,42771000
961,A049470,SGA,20170921,1996,2040,1956,1958,445779,355,42771000
962,A049470,SGA,20170920,2070,2100,1996,1996,746701,355,42771000
963,A049470,SGA,20170919,2120,2130,2070,2080,618504,355,42771000
964,A049470,SGA,20170918,2260,2340,2130,2130,2686400,355,42771000
965,A049470,SGA,20170915,2140,2190,2110,2170,624768,355,42771000
966,A049470,SGA,20170914,2110,2140,2110,2130,206239,355,42771000
967,A049470,SGA,20170913,2120,2140,2110,2120,230753,355,42771000
968,A049470,SGA,20170912,2120,2140,2110,2120,318680,355,42771000
969,A049470,SGA,20170911,2090,2120,2090,2100,244105,355,42771000
970,A049470,SGA,20170908,2090,2120,2080,2080,283099,355,42771000
971,A049470,SGA,20170907,2080,2100,2080,2090,216855,355,42771000
972,A049470,SGA,20170906,2090,2100,2050,2080,312269,355,42771000
973,A049470,SGA,20170905,2120,2130,2070,2090,169586,355,42771000
974,A049470,SGA,20170904,2080,2120,2060,2100,176488,355,42771000
975,A049470,SGA,20170901,2100,2130,2100,2130,140806,355,42771000
976,A049470,SGA,20170831,2120,2130,2090,2100,125848,355,42771000
977,A049470,SGA,20170830,2110,2130,2090,2120,199153,355,42771000
978,A049470,SGA,20170829,2070,2100,2060,2100,182656,355,42771000
979,A049470,SGA,20170828,2090,2110,2070,2080,208762,355,42771000
980,A049470,SGA,20170825,2100,2120,2080,2090,138732,355,42771000
981,A049470,SGA,20170824,2070,2110,2050,2110,380058,355,42771000
982,A049470,SGA,20170823,2070,2110,2050,2070,688395,355,42771000
983,A049470,SGA,20170822,2030,2050,2020,2050,255925,355,42771000
984,A049470,SGA,20170821,2010,2050,2010,2020,212984,355,42771000
985,A049470,SGA,20170818,2020,2040,2010,2010,147802,355,42771000
986,A049470,SGA,20170817,1982,2030,1982,2020,362682,355,42771000
987,A049470,SGA,20170816,2000,2030,2000,2000,254858,355,42771000
988,A049470,SGA,20170814,2020,2040,2000,2000,210779,355,42771000
989,A049470,SGA,20170811,2030,2050,2000,2010,283830,355,42771000
990,A049470,SGA,20170810,2020,2150,2020,2040,1619390,355,42771000
991,A049470,SGA,20170809,2060,2080,2030,2030,231121,355,42771000
992,A049470,SGA,20170808,2040,2080,2040,2070,325367,355,42771000
993,A049470,SGA,20170807,2020,2060,2020,2050,180280,355,42771000
994,A049470,SGA,20170804,2010,2060,2010,2020,220411,355,42771000
995,A049470,SGA,20170803,2050,2050,2000,2030,323122,355,42771000
996,A049470,SGA,20170802,2030,2050,2020,2040,135106,355,42771000
997,A049470,SGA,20170801,1994,2040,1994,2020,169594,355,42771000
998,A049470,SGA,20170731,2050,2070,1998,2010,406911,355,42771000
999,A049470,SGA,20170728,2080,2090,2040,2050,268357,355,42771000
1000,A049470,SGA,20170727,2110,2120,2060,2080,253079,355,42771000
1001,A049470,SGA,20170726,2130,2160,2090,2100,335378,355,42771000
1002,A049470,SGA,20170725,2130,2160,2090,2100,386547,355,42771000
1003,A049470,SGA,20170724,2170,2170,2130,2150,154672,355,42771000
1004,A049470,SGA,20170721,2210,2210,2150,2170,230761,355,42771000
1005,A049470,SGA,20170720,2160,2220,2160,2200,478904,355,42771000
1006,A049470,SGA,20170719,2150,2160,2130,2160,273042,355,42771000
1007,A049470,SGA,20170718,2130,2160,2130,2140,230835,355,42771000
1008,A049470,SGA,20170717,2140,2160,2130,2150,185126,355,42771000
1009,A049470,SGA,20170714,2160,2170,2130,2140,194396,355,42771000
1010,A049470,SGA,20170713,2130,2170,2110,2150,236790,355,42771000
1011,A049470,SGA,20170712,2130,2140,2120,2120,127219,355,42771000
1012,A049470,SGA,20170711,2140,2170,2130,2130,188503,355,42771000
1013,A049470,SGA,20170710,2180,2190,2140,2140,163803,355,42771000
1014,A049470,SGA,20170707,2170,2180,2140,2180,197398,355,42771000
1015,A049470,SGA,20170706,2120,2180,2120,2170,243430,355,42771000
1016,A049470,SGA,20170705,2100,2140,2100,2140,173871,355,42771000
1017,A049470,SGA,20170704,2090,2130,2090,2120,171609,355,42771000
1018,A049470,SGA,20170703,2120,2140,2100,2100,158503,355,42771000
1019,A049470,SGA,20170630,2100,2130,2090,2120,127507,355,42771000
1020,A049470,SGA,20170629,2110,2130,2100,2110,218902,355,42771000
1021,A049470,SGA,20170628,2070,2180,2070,2100,693545,355,42771000
1022,A049470,SGA,20170627,2040,2090,2040,2070,345828,355,42771000
1023,A049470,SGA,20170626,2090,2110,2050,2050,476079,355,42771000
1024,A049470,SGA,20170623,2130,2150,2110,2120,318966,355,42771000
1025,A049470,SGA,20170622,2160,2170,2120,2140,225216,355,42771000
1026,A049470,SGA,20170621,2100,2160,2080,2150,531291,355,42771000
1027,A049470,SGA,20170620,2140,2160,2110,2120,352038,355,42771000
1028,A049470,SGA,20170619,2120,2160,2120,2130,233687,355,42771000
1029,A049470,SGA,20170616,2180,2190,2130,2140,337500,355,42771000
1030,A049470,SGA,20170615,2220,2220,2150,2150,400865,355,42771000
1031,A049470,SGA,20170614,2200,2220,2180,2210,348356,355,42771000
1032,A049470,SGA,20170613,2200,2220,2190,2200,259725,355,42771000
1033,A049470,SGA,20170612,2230,2240,2180,2180,412917,355,42771000
1034,A049470,SGA,20170609,2220,2230,2210,2220,333572,355,42771000
1035,A049470,SGA,20170608,2260,2260,2210,2220,353501,355,42771000
1036,A049470,SGA,20170607,2260,2270,2240,2240,334212,355,42771000
1037,A049470,SGA,20170605,2280,2290,2250,2260,360692,355,42771000
1038,A049470,SGA,20170602,2260,2330,2250,2290,722174,355,42771000
1039,A049470,SGA,20170601,2310,2310,2240,2250,615146,355,42771000
1040,A049470,SGA,20170531,2290,2300,2270,2300,367761,355,42771000
1041,A049470,SGA,20170530,2290,2300,2270,2290,225157,355,42771000
1042,A049470,SGA,20170529,2330,2350,2270,2280,485501,355,42771000
1043,A049470,SGA,20170526,2330,2360,2320,2320,351428,355,42771000
1044,A049470,SGA,20170525,2330,2340,2310,2320,270943,355,42771000
1045,A049470,SGA,20170524,2330,2370,2320,2320,503131,355,42771000
1046,A049470,SGA,20170523,2370,2370,2310,2320,478727,355,42771000
1047,A049470,SGA,20170522,2300,2350,2270,2350,640823,355,42771000
1048,A049470,SGA,20170519,2290,2300,2280,2290,351955,355,42771000
1049,A049470,SGA,20170518,2270,2310,2270,2280,497225,355,42771000
1050,A049470,SGA,20170517,2320,2330,2280,2280,446462,355,42771000
1051,A049470,SGA,20170516,2310,2330,2280,2310,765369,355,42771000
1052,A049470,SGA,20170515,2430,2460,2290,2310,2888650,355,42771000
1053,A049470,SGA,20170512,2300,2300,2260,2260,385961,355,42771000
1054,A049470,SGA,20170511,2300,2310,2270,2290,284790,355,42771000
1055,A049470,SGA,20170510,2320,2330,2280,2280,687749,355,42771000
1056,A049470,SGA,20170508,2300,2340,2290,2320,702144,355,42771000
1057,A049470,SGA,20170504,2310,2330,2280,2290,532960,355,42771000
1058,A049470,SGA,20170502,2340,2350,2290,2310,918701,355,42771000
1059,A049470,SGA,20170428,2420,2650,2330,2340,10014756,355,42771000
1060,A049470,SGA,20170427,2330,2330,2270,2270,305768,355,42771000
1061,A049470,SGA,20170426,2340,2340,2300,2310,267165,355,42771000
1062,A049470,SGA,20170425,2290,2390,2260,2330,811228,355,42771000
1063,A049470,SGA,20170424,2280,2300,2250,2280,471244,355,42771000
1064,A049470,SGA,20170421,2330,2340,2290,2300,381035,355,42771000
1065,A049470,SGA,20170420,2340,2370,2300,2320,536373,355,42771000
1066,A049470,SGA,20170419,2380,2380,2320,2340,378661,355,42771000
1067,A049470,SGA,20170418,2360,2400,2340,2370,409623,355,42771000
1068,A049470,SGA,20170417,2330,2360,2310,2340,326065,355,42771000
1069,A049470,SGA,20170414,2370,2390,2310,2310,589955,355,42771000
1070,A049470,SGA,20170413,2390,2440,2350,2380,628973,355,42771000
1071,A049470,SGA,20170412,2410,2420,2370,2380,323006,355,42771000
1072,A049470,SGA,20170411,2380,2420,2320,2410,650591,355,42771000
1073,A049470,SGA,20170410,2500,2510,2370,2380,1138896,355,42771000
1074,A049470,SGA,20170407,2540,2580,2500,2510,2598520,355,42771000
1075,A049470,SGA,20170406,2510,2520,2420,2460,569589,355,42771000
1076,A049470,SGA,20170405,2450,2510,2440,2500,778479,355,42771000
1077,A049470,SGA,20170404,2480,2580,2420,2430,2402790,355,42771000
1078,A049470,SGA,20170403,2460,2490,2420,2470,660584,355,42771000
1079,A049470,SGA,20170331,2430,2460,2400,2440,529129,355,42771000
1080,A049470,SGA,20170330,2410,2460,2390,2420,626913,355,42771000
1081,A049470,SGA,20170329,2380,2480,2370,2410,1565667,355,42771000
1082,A049470,SGA,20170328,2320,2370,2310,2340,437876,355,42771000
1083,A049470,SGA,20170327,2360,2390,2310,2320,600034,355,42771000
1084,A049470,SGA,20170324,2420,2440,2320,2340,994217,355,42771000
1085,A049470,SGA,20170323,2480,2530,2370,2400,1363760,355,42771000
1086,A049470,SGA,20170322,2500,2560,2470,2480,727859,355,42771000
1087,A049470,SGA,20170321,2520,2600,2500,2500,1268507,355,42771000
1088,A049470,SGA,20170320,2480,2590,2450,2540,2150167,355,42771000
1089,A049470,SGA,20170317,2490,2680,2450,2470,6993705,355,42771000
1090,A049470,SGA,20170316,2460,2500,2430,2490,560556,355,42771000
1091,A049470,SGA,20170315,2460,2530,2430,2430,1307839,355,42771000
1092,A049470,SGA,20170314,2410,2460,2400,2430,589262,355,42771000
1093,A049470,SGA,20170313,2410,2460,2370,2420,843682,355,42771000
1094,A049470,SGA,20170310,2330,2400,2280,2400,859512,355,42771000
1095,A049470,SGA,20170309,2390,2410,2320,2330,571796,355,42771000
1096,A049470,SGA,20170308,2360,2420,2350,2390,692115,355,42771000
1097,A049470,SGA,20170307,2300,2410,2300,2380,1459201,355,42771000
1098,A049470,SGA,20170306,2310,2330,2290,2300,438668,355,42771000
1099,A049470,SGA,20170303,2290,2510,2280,2310,4574432,355,42771000
1100,A049470,SGA,20170302,2270,2310,2250,2270,445453,355,42771000
1101,A049470,SGA,20170228,2270,2290,2240,2250,326757,355,42771000
1102,A049470,SGA,20170227,2280,2300,2250,2270,264595,355,42771000
1103,A049470,SGA,20170224,2330,2340,2270,2280,350075,355,42771000
1104,A049470,SGA,20170223,2260,2320,2250,2310,481062,355,42771000
1105,A049470,SGA,20170222,2280,2290,2230,2260,360372,355,42771000
1106,A049470,SGA,20170221,2280,2290,2250,2270,288654,355,42771000
1107,A049470,SGA,20170220,2260,2290,2240,2280,320940,355,42771000
1108,A049470,SGA,20170217,2270,2280,2240,2250,403028,355,42771000
1109,A049470,SGA,20170216,2240,2280,2210,2260,727005,355,42771000
1110,A049470,SGA,20170215,2290,2310,2210,2220,1359550,355,42771000
1111,A049470,SGA,20170214,2370,2380,2270,2290,1721996,355,42771000
1112,A049470,SGA,20170213,2410,2460,2390,2460,296196,355,42771000
1113,A049470,SGA,20170210,2400,2440,2390,2400,266798,355,42771000
1114,A049470,SGA,20170209,2390,2430,2380,2390,190747,355,42771000
1115,A049470,SGA,20170208,2430,2440,2380,2390,250035,355,42771000
1116,A049470,SGA,20170207,2450,2470,2410,2430,280406,355,42771000
1117,A049470,SGA,20170206,2380,2440,2380,2430,271613,355,42771000
1118,A049470,SGA,20170203,2420,2450,2360,2380,351791,355,42771000
1119,A049470,SGA,20170202,2460,2490,2420,2430,454086,355,42771000
1120,A049470,SGA,20170201,2380,2460,2370,2460,389639,355,42771000
1121,A049470,SGA,20170131,2350,2390,2340,2380,246207,355,42771000
1122,A049470,SGA,20170126,2360,2370,2330,2350,207048,355,42771000
1123,A049470,SGA,20170125,2360,2410,2330,2340,382247,355,42771000
1124,A049470,SGA,20170124,2390,2430,2350,2370,429458,355,42771000
1125,A049470,SGA,20170123,2430,2460,2370,2390,303379,355,42771000
1126,A049470,SGA,20170120,2430,2480,2410,2410,334301,355,42771000
1127,A049470,SGA,20170119,2460,2510,2420,2430,463978,355,42771000
1128,A049470,SGA,20170118,2460,2480,2420,2440,279154,355,42771000
1129,A049470,SGA,20170117,2520,2540,2460,2460,427923,355,42771000
1130,A049470,SGA,20170116,2530,2580,2510,2520,499760,355,42771000
1131,A049470,SGA,20170113,2540,2580,2520,2530,532531,355,42771000
1132,A049470,SGA,20170112,2580,2590,2530,2540,638098,355,42038000
1133,A049470,SGA,20170111,2520,2770,2520,2560,4722805,355,42038000
1134,A049470,SGA,20170110,2600,2600,2520,2520,443056,355,42038000
1135,A049470,SGA,20170109,2570,2620,2560,2590,431892,355,42038000
1136,A049470,SGA,20170106,2590,2610,2560,2570,416776,355,42038000
1137,A049470,SGA,20170105,2630,2660,2560,2590,1464762,355,42038000
1138,A049470,SGA,20170104,2550,2580,2530,2580,807632,355,42038000
1139,A049470,SGA,20170103,2510,2560,2510,2520,480273,355,42038000
1140,A049470,SGA,20170102,2460,2530,2460,2500,414543,355,42038000
1141,A049470,SGA,20161229,2460,2500,2440,2450,403530,355,42038000
1142,A049470,SGA,20161228,2520,2550,2450,2450,690697,355,42038000
1143,A049470,SGA,20161227,2480,2570,2460,2520,796239,355,42038000
1144,A049470,SGA,20161226,2580,2580,2460,2480,592407,355,42038000
1145,A049470,SGA,20161223,2520,2590,2520,2570,1320376,355,42038000
1146,A049470,SGA,20161222,2500,2520,2460,2510,582272,355,42038000
1147,A049470,SGA,20161221,2490,2540,2470,2490,882245,355,42038000
1148,A049470,SGA,20161220,2450,2550,2420,2470,2411265,355,42038000
1149,A049470,SGA,20161219,2400,2420,2370,2420,458018,355,42038000
1150,A049470,SGA,20161216,2410,2430,2360,2380,709367,355,42038000
1151,A049470,SGA,20161215,2400,2450,2370,2410,632545,355,42038000
1152,A049470,SGA,20161214,2360,2460,2340,2410,1779538,355,42038000
1153,A049470,SGA,20161213,2320,2340,2300,2330,457458,355,42038000
1154,A049470,SGA,20161212,2270,2390,2260,2340,1112695,355,42038000
1155,A049470,SGA,20161209,2220,2260,2220,2230,476964,355,42038000
1156,A049470,SGA,20161208,2330,2340,2230,2230,972200,355,42038000
1157,A049470,SGA,20161207,2350,2380,2300,2300,1471970,355,42038000
1158,A049470,SGA,20161206,2300,2570,2290,2320,8318427,355,42038000
1159,A049470,SGA,20161205,2250,2340,2240,2240,414661,355,42038000
1160,A049470,SGA,20161202,2360,2370,2270,2280,320439,355,42038000
1161,A049470,SGA,20161201,2310,2390,2280,2360,486230,355,42038000
1162,A049470,SGA,20161130,2300,2320,2260,2280,169625,355,42038000
1163,A049470,SGA,20161129,2280,2330,2280,2290,285642,355,42038000
1164,A049470,SGA,20161128,2330,2350,2300,2320,225986,355,42038000
1165,A049470,SGA,20161125,2280,2330,2270,2310,251728,355,42038000
1166,A049470,SGA,20161124,2260,2290,2230,2280,193254,355,42038000
1167,A049470,SGA,20161123,2310,2320,2240,2270,364098,355,42038000
1168,A049470,SGA,20161122,2340,2360,2300,2310,284647,355,42038000
1169,A049470,SGA,20161121,2350,2360,2310,2340,323491,355,42038000
1170,A049470,SGA,20161118,2340,2380,2310,2330,465689,355,42038000
1171,A049470,SGA,20161117,2330,2380,2320,2340,482053,355,42038000
1172,A049470,SGA,20161116,2280,2350,2280,2320,409838,355,42038000
1173,A049470,SGA,20161115,2270,2310,2250,2280,412671,355,42038000
1174,A049470,SGA,20161114,2190,2290,2170,2260,821016,355,42038000
1175,A049470,SGA,20161111,2180,2220,2160,2190,479873,355,42038000
1176,A049470,SGA,20161110,2110,2190,2100,2170,666350,355,42038000
1177,A049470,SGA,20161109,2170,2210,2000,2050,1662644,355,42038000
1178,A049470,SGA,20161108,2180,2190,2120,2150,599702,355,42038000
1179,A049470,SGA,20161107,2130,2190,2110,2150,573294,355,42038000
1180,A049470,SGA,20161104,2050,2350,2050,2100,2687286,355,42038000
1181,A049470,SGA,20161103,1982,2110,1982,2040,787061,355,42038000
1182,A049470,SGA,20161102,2220,2250,2060,2070,1080687,355,42038000
1183,A049470,SGA,20161101,2210,2280,2210,2250,384186,355,42038000
1184,A049470,SGA,20161031,2340,2380,2240,2270,530286,355,42038000
1185,A049470,SGA,20161028,2340,2360,2300,2310,253822,355,42038000
1186,A049470,SGA,20161027,2290,2360,2290,2330,179401,355,42038000
1187,A049470,SGA,20161026,2360,2380,2280,2310,522723,355,42038000
1188,A049470,SGA,20161025,2480,2520,2370,2390,1191818,355,42038000
1189,A049470,SGA,20161024,2270,2380,2270,2360,755908,355,42038000
1190,A049470,SGA,20161021,2330,2360,2280,2280,544436,355,42038000
1191,A049470,SGA,20161020,2400,2420,2300,2350,642333,355,42038000
1192,A049470,SGA,20161019,2380,2430,2360,2380,678610,355,42038000
1193,A049470,SGA,20161018,2470,2490,2410,2410,653756,355,42038000
1194,A049470,SGA,20161017,2520,2540,2480,2490,292039,355,42038000
1195,A049470,SGA,20161014,2480,2550,2470,2510,356568,355,40940000
1196,A049470,SGA,20161013,2530,2560,2490,2490,476044,355,40940000
1197,A049470,SGA,20161012,2480,2570,2480,2510,434458,355,40940000
1198,A049470,SGA,20161011,2530,2560,2490,2490,400701,355,40940000
1199,A049470,SGA,20161010,2580,2600,2530,2530,342257,355,40940000
1200,A049470,SGA,20161007,2550,2620,2530,2570,1121839,355,40940000
1201,A049470,SGA,20161006,2520,2560,2510,2510,224023,355,40940000
1202,A049470,SGA,20161005,2490,2560,2490,2530,384590,355,40940000
1203,A049470,SGA,20161004,2460,2520,2450,2500,343767,355,40940000
1204,A049470,SGA,20160930,2500,2500,2440,2440,499951,355,40940000
1205,A049470,SGA,20160929,2510,2550,2500,2500,410359,355,40940000
1206,A049470,SGA,20160928,2560,2580,2510,2510,555248,355,40940000
1207,A049470,SGA,20160927,2570,2580,2530,2580,333766,355,40810000
1208,A049470,SGA,20160926,2540,2630,2530,2580,848722,355,40810000
1209,A049470,SGA,20160923,2530,2580,2520,2530,391307,355,40810000
1210,A049470,SGA,20160922,2530,2560,2520,2520,450910,355,40810000
1211,A049470,SGA,20160921,2530,2580,2490,2520,561577,355,40810000
1212,A049470,SGA,20160920,2440,2540,2440,2500,585970,355,40810000
1213,A049470,SGA,20160919,2480,2500,2440,2460,390813,355,40810000
1214,A049470,SGA,20160913,2460,2500,2440,2470,491817,355,40810000
1215,A049470,SGA,20160912,2390,2480,2370,2460,577623,355,40810000
1216,A049470,SGA,20160909,2460,2480,2430,2440,414489,355,39832000
1217,A049470,SGA,20160908,2500,2540,2400,2470,1384967,355,39832000
1218,A049470,SGA,20160907,2640,2650,2520,2520,741755,355,39832000
1219,A049470,SGA,20160906,2650,2680,2620,2630,367050,355,39832000
1220,A049470,SGA,20160905,2630,2670,2630,2650,352982,355,39832000
1221,A049470,SGA,20160902,2630,2650,2600,2620,407160,355,39832000
1222,A049470,SGA,20160901,2590,2660,2590,2620,516467,355,39832000
1223,A049470,SGA,20160831,2630,2660,2570,2590,755158,355,39832000
1224,A049470,SGA,20160830,2660,2700,2610,2610,656089,355,39832000
1225,A049470,SGA,20160829,2790,2800,2650,2660,1461447,355,39832000
1226,A049470,SGA,20160826,2850,2910,2800,2800,1256531,355,39832000
1227,A049470,SGA,20160825,2850,2860,2790,2820,923049,355,39832000
1228,A049470,SGA,20160824,2860,2910,2850,2850,892349,355,39832000
1229,A049470,SGA,20160823,2890,2900,2840,2860,686461,355,39832000
1230,A049470,SGA,20160822,2860,2930,2860,2880,1330776,355,39832000
1231,A049470,SGA,20160819,2870,2910,2850,2860,708451,355,39832000
1232,A049470,SGA,20160818,2850,2880,2840,2850,545180,355,39832000
1233,A049470,SGA,20160817,2920,2960,2830,2840,1789124,355,39832000
1234,A049470,SGA,20160816,2800,2930,2780,2880,1818488,355,39832000
1235,A049470,SGA,20160812,2820,2820,2780,2780,532141,355,39832000
1236,A049470,SGA,20160811,2800,2840,2790,2800,585888,355,39832000
1237,A049470,SGA,20160810,2860,2880,2800,2810,632711,355,39832000
1238,A049470,SGA,20160809,2820,2860,2810,2850,563987,355,39832000
1239,A049470,SGA,20160808,2820,2850,2790,2800,592171,355,39832000
1240,A049470,SGA,20160805,2860,2880,2820,2820,518205,355,39832000
1241,A049470,SGA,20160804,2840,2900,2820,2850,930565,355,39832000
1242,A049470,SGA,20160803,2800,2880,2750,2830,1501058,355,39832000
1243,A049470,SGA,20160802,2770,2860,2760,2800,954999,355,39832000
1244,A049470,SGA,20160801,2840,2840,2780,2780,805762,355,39832000
1245,A049470,SGA,20160729,2850,2880,2810,2820,923242,355,39832000
1246,A049470,SGA,20160728,2860,2900,2830,2850,1168815,355,39832000
1247,A049470,SGA,20160727,2950,2980,2820,2840,1815557,355,39832000
1248,A049470,SGA,20160726,2900,2950,2850,2870,1498367,355,39832000
1249,A049470,SGA,20160725,2990,3000,2840,2850,1610646,355,39372000
1250,A049470,SGA,20160722,2990,3040,2960,2960,1801500,355,39372000
1251,A049470,SGA,20160721,3040,3070,2970,2990,1958931,355,39372000
1252,A049470,SGA,20160720,3030,3090,3010,3030,1621662,355,39372000
1253,A049470,SGA,20160719,3250,3300,3010,3010,6269688,355,39372000
1254,A049470,SGA,20160718,3130,3240,3080,3230,6049398,355,39372000
1255,A049470,SGA,20160715,3030,3130,3010,3110,4614420,355,39372000
1256,A049470,SGA,20160714,3030,3040,2940,3000,1199631,355,39372000
1257,A049470,SGA,20160713,3040,3050,2970,3000,1530409,355,39372000
1258,A049470,SGA,20160712,2930,3020,2920,3010,2302282,355,39372000
1259,A049470,SGA,20160711,2930,2970,2920,2940,882438,355,39372000
1260,A049470,SGA,20160708,3010,3020,2910,2950,1997666,355,39372000
1261,A049470,SGA,20160707,3030,3120,2990,3000,3996573,355,39372000
1262,A049470,SGA,20160706,3000,3060,2970,3000,3387477,355,39372000
1263,A049470,SGA,20160705,2910,3050,2880,3010,6254000,355,39372000
1264,A049470,SGA,20160704,2900,2970,2870,2890,2207697,355,39372000
1265,A049470,SGA,20160701,2830,3010,2810,2890,6539489,355,39372000
1266,A049470,SGA,20160630,2800,2860,2780,2800,2084083,355,39372000
1267,A049470,SGA,20160629,2810,2830,2780,2790,1803481,355,39372000
1268,A049470,SGA,20160628,2870,2920,2780,2790,4115645,355,39372000
1269,A049470,SGA,20160627,3080,3200,2810,2820,9759707,355,39372000
1270,A049470,SGA,20160624,2840,3080,2570,2810,15465768,355,39372000
1271,A049470,SGA,20160623,2920,2970,2770,2800,1531129,355,39372000
1272,A049470,SGA,20160622,2850,2960,2830,2900,2126533,355,39372000
1273,A049470,SGA,20160621,2890,2910,2840,2860,1159407,355,39372000
1274,A049470,SGA,20160620,2840,2940,2830,2910,2283198,355,39372000
1275,A049470,SGA,20160617,2870,2910,2800,2850,1734849,355,39372000
1276,A049470,SGA,20160616,2790,2900,2760,2820,2584767,355,39372000
1277,A049470,SGA,20160615,2790,2820,2750,2780,701629,355,39372000
1278,A049470,SGA,20160614,2810,2860,2740,2770,1170339,355,39372000
1279,A049470,SGA,20160613,2780,2860,2750,2860,913873,355,39268000
1280,A049470,SGA,20160610,2780,2860,2740,2800,1525090,355,39268000
1281,A049470,SGA,20160609,2840,2870,2710,2730,1838790,355,39268000
1282,A049470,SGA,20160608,2860,2870,2790,2810,1148551,355,39268000
1283,A049470,SGA,20160607,2810,2890,2780,2850,1313690,355,39268000
1284,A049470,SGA,20160603,3000,3020,2810,2830,3269664,355,39268000
1285,A049470,SGA,20160602,3010,3040,2960,2990,2458612,355,39268000
1286,A049470,SGA,20160601,3040,3050,2960,3000,1701556,355,39268000
1287,A049470,SGA,20160531,3150,3220,2980,3010,3459148,355,39268000
1288,A049470,SGA,20160530,3170,3270,3100,3130,3505997,355,39268000
1289,A049470,SGA,20160527,3170,3260,3100,3140,3330335,355,39268000
1290,A049470,SGA,20160526,3050,3220,3010,3190,6253207,355,39268000
1291,A049470,SGA,20160525,3000,3060,2920,3030,4413442,355,39268000
1292,A049470,SGA,20160524,3100,3400,2920,2940,18856815,355,39268000
1293,A049470,SGA,20160523,3020,3160,2960,3080,6763306,355,39268000
1294,A049470,SGA,20160520,2880,2980,2870,2960,2719537,355,39268000
1295,A049470,SGA,20160519,2850,2940,2810,2850,1721031,355,39268000
1296,A049470,SGA,20160518,2970,2970,2860,2860,2292822,355,39268000
1297,A049470,SGA,20160517,2860,3010,2830,2990,5872841,355,39268000
1298,A049470,SGA,20160516,2780,2890,2760,2840,2492463,355,39268000
1299,A049470,SGA,20160513,2830,2880,2750,2770,1660077,355,39268000
1300,A049470,SGA,20160512,2850,2900,2800,2800,2021023,355,39202000
1301,A049470,SGA,20160511,2930,3000,2820,2830,3249102,355,39202000
1302,A049470,SGA,20160510,2790,3010,2760,2890,7165014,355,39202000
1303,A049470,SGA,20160509,2870,2890,2700,2750,3133670,355,39202000
1304,A049470,SGA,20160504,3100,3180,2860,2890,7934160,355,39202000
1305,A049470,SGA,20160503,2850,3170,2850,3140,18040216,355,39202000
1306,A049470,SGA,20160502,2950,2990,2770,2770,3564651,355,39202000
1307,A049470,SGA,20160429,2960,3080,2900,2950,7980598,355,39202000
1308,A049470,SGA,20160428,2960,3030,2810,2900,7384983,355,39202000
1309,A049470,SGA,20160427,2590,3260,2540,2900,26253828,355,39202000
1310,A049470,SGA,20160426,2630,2680,2540,2560,1601065,355,39202000
1311,A049470,SGA,20160425,2550,2570,2510,2510,682083,355,39202000
1312,A049470,SGA,20160422,2570,2630,2550,2560,1294263,355,39202000
1313,A049470,SGA,20160421,2530,2560,2510,2530,721013,355,39118000
1314,A049470,SGA,20160420,2520,2570,2490,2520,824775,355,39118000
1315,A049470,SGA,20160419,2470,2550,2450,2490,1105901,355,39118000
1316,A049470,SGA,20160418,2440,2480,2420,2470,315039,355,39118000
1317,A049470,SGA,20160415,2440,2460,2410,2460,287152,355,39118000
1318,A049470,SGA,20160414,2480,2490,2420,2440,415656,355,39118000
1319,A049470,SGA,20160412,2490,2510,2440,2450,348245,355,39118000
1320,A049470,SGA,20160411,2470,2500,2460,2490,282562,355,39118000
1321,A049470,SGA,20160408,2430,2510,2410,2470,505867,355,39118000
1322,A049470,SGA,20160407,2490,2510,2420,2440,494869,355,39118000
1323,A049470,SGA,20160406,2520,2530,2470,2490,321556,355,39118000
1324,A049470,SGA,20160405,2510,2540,2490,2520,311293,355,39118000
1325,A049470,SGA,20160404,2480,2540,2470,2520,435640,355,39118000
1326,A049470,SGA,20160401,2510,2540,2470,2480,485471,355,39118000
1327,A049470,SGA,20160331,2570,2580,2500,2510,325964,355,39118000
1328,A049470,SGA,20160330,2520,2600,2520,2560,737351,355,39118000
1329,A049470,SGA,20160329,2460,2530,2460,2510,464935,355,39118000
1330,A049470,SGA,20160328,2540,2560,2440,2460,1054365,355,39118000
1331,A049470,SGA,20160325,2600,2630,2540,2560,1070604,355,39118000
1332,A049470,SGA,20160324,2630,2650,2580,2590,798993,355,39118000
1333,A049470,SGA,20160323,2640,2670,2600,2660,548372,355,39118000
1334,A049470,SGA,20160322,2650,2670,2620,2640,500267,355,39118000
1335,A049470,SGA,20160321,2740,2750,2650,2660,618406,355,39118000
1336,A049470,SGA,20160318,2670,2730,2660,2720,672760,355,39118000
1337,A049470,SGA,20160317,2760,2770,2680,2680,910263,355,39118000
1338,A049470,SGA,20160316,2700,2770,2680,2750,751748,355,39118000
1339,A049470,SGA,20160315,2850,2850,2700,2720,1537594,355,39118000
1340,A049470,SGA,20160314,2880,2900,2820,2840,943937,355,39118000
1341,A049470,SGA,20160311,2770,2970,2760,2870,3031352,355,39118000
1342,A049470,SGA,20160310,2810,2880,2770,2780,1178212,355,39118000
1343,A049470,SGA,20160309,2800,2870,2780,2800,1870473,355,39118000
1344,A049470,SGA,20160308,2900,2960,2690,2770,5719985,355,39118000
1345,A049470,SGA,20160307,2620,2670,2610,2620,759018,355,39118000
1346,A049470,SGA,20160304,2680,2720,2620,2620,898139,355,39118000
1347,A049470,SGA,20160303,2820,2830,2660,2680,1364310,355,39118000
1348,A049470,SGA,20160302,2690,2850,2660,2770,2544251,355,39118000
1349,A049470,SGA,20160229,2720,2730,2660,2670,706323,355,39118000
1350,A049470,SGA,20160226,2660,2750,2620,2690,1316450,355,39118000
1351,A049470,SGA,20160225,2710,2760,2600,2630,1572865,355,39118000
1352,A049470,SGA,20160224,2570,2680,2540,2670,2001991,355,39118000
1353,A049470,SGA,20160223,2590,2600,2520,2580,866692,355,39118000
1354,A049470,SGA,20160222,2610,2650,2550,2570,1358789,355,39118000
1355,A049470,SGA,20160219,2550,2640,2490,2590,1855851,355,39118000
1356,A049470,SGA,20160218,2430,2510,2400,2510,856037,355,39118000
1357,A049470,SGA,20160217,2460,2480,2380,2390,536878,355,39118000
1358,A049470,SGA,20160216,2530,2530,2450,2470,843187,355,39118000
1359,A049470,SGA,20160215,2260,2520,2260,2450,1911533,355,39118000
1360,A049470,SGA,20160212,2320,2380,2090,2230,1113903,355,39118000
1361,A049470,SGA,20160211,2460,2470,2390,2390,606955,355,39118000
1362,A049470,SGA,20160205,2540,2550,2500,2510,563338,355,39118000
1363,A049470,SGA,20160204,2440,2620,2370,2530,2374568,355,39085000
1364,A049470,SGA,20160203,2490,2510,2400,2430,1223460,355,39085000
1365,A049470,SGA,20160202,2530,2600,2510,2520,683567,355,39085000
1366,A049470,SGA,20160201,2590,2670,2510,2540,1107421,355,39085000
1367,A049470,SGA,20160129,2580,2660,2560,2590,1229065,355,39085000
1368,A049470,SGA,20160128,2520,2600,2500,2570,1353227,355,39085000
1369,A049470,SGA,20160127,2570,2570,2470,2500,587273,355,39085000
1370,A049470,SGA,20160126,2500,2660,2450,2540,1698781,355,39085000
1371,A049470,SGA,20160125,2510,2560,2500,2500,586284,355,39085000
1372,A049470,SGA,20160122,2470,2560,2470,2490,666689,355,39085000
1373,A049470,SGA,20160121,2460,2520,2440,2470,734729,355,39085000
1374,A049470,SGA,20160120,2620,2620,2480,2500,1041022,355,39085000
1375,A049470,SGA,20160119,2560,2610,2500,2600,902323,355,39085000
1376,A049470,SGA,20160118,2530,2600,2520,2550,643100,355,39085000
1377,A049470,SGA,20160115,2680,2800,2560,2580,2264274,355,39085000
1378,A049470,SGA,20160114,2500,2610,2470,2610,1709096,355,39085000
1379,A049470,SGA,20160113,2450,2690,2450,2530,2289464,355,39085000
1380,A049470,SGA,20160112,2510,2530,2450,2450,591684,355,39085000
1381,A049470,SGA,20160111,2430,2550,2430,2490,749101,355,39085000
1382,A049470,SGA,20160108,2400,2480,2380,2450,805815,355,39085000
1383,A049470,SGA,20160107,2500,2550,2450,2470,685087,355,39085000
1384,A049470,SGA,20160106,2550,2550,2440,2500,782370,355,39085000
1385,A049470,SGA,20160105,2480,2520,2440,2520,402971,355,39085000
1386,A049470,SGA,20160104,2570,2580,2490,2500,552883,355,39085000
