,曽鯉坪球,曽鯉誤,劾促,獣亜,壱亜,煽亜,曽亜,暗掘勲,装映穿至穣曽坪球,降楳爽縦呪
0,A068400,SK兄斗朝,20210823,11950,12050,11750,12000,22859,026,47285000
1,A068400,SK兄斗朝,20210820,12050,12200,11550,11950,253969,026,47285000
2,A068400,SK兄斗朝,20210819,12650,12800,11850,11900,275809,026,47285000
3,A068400,SK兄斗朝,20210818,12650,12950,12500,12900,124319,026,47285000
4,A068400,SK兄斗朝,20210817,12750,12750,12100,12600,290892,026,47285000
5,A068400,SK兄斗朝,20210813,13450,13450,12600,12700,294877,026,47285000
6,A068400,SK兄斗朝,20210812,13250,13500,13100,13450,147057,026,47285000
7,A068400,SK兄斗朝,20210811,13200,13400,13000,13150,139760,026,47285000
8,A068400,SK兄斗朝,20210810,13250,13500,12900,13200,352778,026,47285000
9,A068400,SK兄斗朝,20210809,14250,14250,13200,13200,821865,026,47285000
10,A068400,SK兄斗朝,20210806,15200,15200,14200,14250,570628,026,47285000
11,A068400,SK兄斗朝,20210805,15300,15750,14850,15100,333144,026,47285000
12,A068400,SK兄斗朝,20210804,15350,15500,15000,15300,138592,026,47285000
13,A068400,SK兄斗朝,20210803,15800,15800,14900,15250,354525,026,47285000
14,A068400,SK兄斗朝,20210802,14800,15700,14700,15600,319161,026,47285000
15,A068400,SK兄斗朝,20210730,15100,15200,14800,14900,76266,026,47285000
16,A068400,SK兄斗朝,20210729,15000,15150,14850,14950,127137,026,47285000
17,A068400,SK兄斗朝,20210728,14850,15100,14650,14950,140519,026,47285000
18,A068400,SK兄斗朝,20210727,14950,15150,14700,15050,156486,026,47285000
19,A068400,SK兄斗朝,20210726,14750,15000,14550,14950,145376,026,47285000
20,A068400,SK兄斗朝,20210723,14600,14800,14550,14700,111953,026,47285000
21,A068400,SK兄斗朝,20210722,14500,14700,14300,14650,155762,026,47285000
22,A068400,SK兄斗朝,20210721,14700,14900,14400,14450,135924,026,47285000
23,A068400,SK兄斗朝,20210720,14750,14900,14500,14800,144461,026,47285000
24,A068400,SK兄斗朝,20210719,14950,15050,14750,15000,98436,026,47285000
25,A068400,SK兄斗朝,20210716,14750,15100,14750,15000,152744,026,47285000
26,A068400,SK兄斗朝,20210715,15100,15250,14650,15050,219748,026,47285000
27,A068400,SK兄斗朝,20210714,14900,15450,14650,15200,464522,026,47285000
28,A068400,SK兄斗朝,20210713,14500,15250,14400,14900,708770,026,47285000
29,A068400,SK兄斗朝,20210712,13750,14800,13750,14250,513855,026,47285000
30,A068400,SK兄斗朝,20210709,13750,14000,13450,13650,228494,026,47285000
31,A068400,SK兄斗朝,20210708,14200,14350,13850,13900,311640,026,47285000
32,A068400,SK兄斗朝,20210707,14400,14650,14050,14350,248234,026,47285000
33,A068400,SK兄斗朝,20210706,14600,14950,14450,14600,298639,026,47285000
34,A068400,SK兄斗朝,20210705,13900,15100,13750,14700,975526,026,47285000
35,A068400,SK兄斗朝,20210702,13650,13950,13350,13950,222034,026,47285000
36,A068400,SK兄斗朝,20210701,13700,13700,13450,13650,65778,026,47285000
37,A068400,SK兄斗朝,20210630,13650,13750,13450,13700,134884,026,47285000
38,A068400,SK兄斗朝,20210629,13400,13700,13300,13550,91186,026,47285000
39,A068400,SK兄斗朝,20210628,13650,13650,13300,13400,137993,026,47285000
40,A068400,SK兄斗朝,20210625,13550,13750,13450,13600,127588,026,47285000
41,A068400,SK兄斗朝,20210624,13400,13800,13200,13550,211694,026,47285000
42,A068400,SK兄斗朝,20210623,13850,13850,13350,13500,258408,026,47285000
43,A068400,SK兄斗朝,20210622,13950,14000,13600,13800,218965,026,47285000
44,A068400,SK兄斗朝,20210621,13950,14200,13500,13900,374584,026,47285000
45,A068400,SK兄斗朝,20210618,14550,14600,13900,14200,350598,026,47285000
46,A068400,SK兄斗朝,20210617,14600,14750,14250,14500,167625,026,47285000
47,A068400,SK兄斗朝,20210616,14600,14800,14500,14550,114788,026,47285000
48,A068400,SK兄斗朝,20210615,15050,15250,14500,14650,199297,026,47285000
49,A068400,SK兄斗朝,20210614,14950,15050,14800,14800,123996,026,47285000
50,A068400,SK兄斗朝,20210611,15000,15150,14700,14950,196208,026,47285000
51,A068400,SK兄斗朝,20210610,15350,15450,14650,14900,573921,026,47285000
52,A068400,SK兄斗朝,20210609,14500,15500,14500,15350,1104116,026,47285000
53,A068400,SK兄斗朝,20210608,14500,14650,14200,14250,370799,026,47285000
54,A068400,SK兄斗朝,20210607,14450,14450,13750,14200,413007,026,47285000
55,A068400,SK兄斗朝,20210604,14350,14500,14000,14450,198352,026,47285000
56,A068400,SK兄斗朝,20210603,14950,15000,14150,14550,455867,026,47285000
57,A068400,SK兄斗朝,20210602,14900,15350,14750,14900,344310,026,47285000
58,A068400,SK兄斗朝,20210601,14850,15050,14400,15000,458350,026,47285000
59,A068400,SK兄斗朝,20210531,13650,15000,13500,14750,1023967,026,47285000
60,A068400,SK兄斗朝,20210528,13950,14050,13400,13600,333991,026,47285000
61,A068400,SK兄斗朝,20210527,13750,14100,13700,14000,310305,026,47285000
62,A068400,SK兄斗朝,20210526,13500,13950,13250,13750,375504,026,47285000
63,A068400,SK兄斗朝,20210525,13300,13800,13100,13500,498589,026,47285000
64,A068400,SK兄斗朝,20210524,12750,13350,12650,13250,560493,026,47285000
65,A068400,SK兄斗朝,20210521,13000,13100,12600,12650,212899,026,47285000
66,A068400,SK兄斗朝,20210520,13200,13200,12650,13050,359767,026,47285000
67,A068400,SK兄斗朝,20210518,13450,13850,13150,13250,426060,026,47285000
68,A068400,SK兄斗朝,20210517,13000,13650,12700,13400,530419,026,47285000
69,A068400,SK兄斗朝,20210514,13200,13800,12750,12850,665795,026,47285000
70,A068400,SK兄斗朝,20210513,12050,13500,11900,13050,1310868,026,47285000
71,A068400,SK兄斗朝,20210512,12550,12700,12100,12300,437781,026,47285000
72,A068400,SK兄斗朝,20210511,12350,12750,12300,12650,393392,026,47285000
73,A068400,SK兄斗朝,20210510,12100,12550,12100,12500,503819,026,47285000
74,A068400,SK兄斗朝,20210507,12300,12300,11850,11950,327979,026,47285000
75,A068400,SK兄斗朝,20210506,11650,12450,11350,12350,488741,026,47285000
76,A068400,SK兄斗朝,20210504,12050,12400,11700,11800,455767,026,47285000
77,A068400,SK兄斗朝,20210503,11550,12000,11500,11900,407921,026,47285000
78,A068400,SK兄斗朝,20210430,11350,11650,11200,11500,272147,026,47285000
79,A068400,SK兄斗朝,20210429,11450,11500,11150,11350,113591,026,47285000
80,A068400,SK兄斗朝,20210428,11650,11700,11250,11450,195584,026,47285000
81,A068400,SK兄斗朝,20210427,11600,11700,11450,11650,201178,026,47285000
82,A068400,SK兄斗朝,20210426,11400,11700,11250,11600,226880,026,47285000
83,A068400,SK兄斗朝,20210423,11300,11350,11150,11350,176337,026,47285000
84,A068400,SK兄斗朝,20210422,10950,11300,10900,11300,174930,026,47285000
85,A068400,SK兄斗朝,20210421,11150,11150,10800,10900,153194,026,47285000
86,A068400,SK兄斗朝,20210420,11000,11200,10950,11150,126944,026,47285000
87,A068400,SK兄斗朝,20210419,11200,11250,11000,11050,136466,026,47285000
88,A068400,SK兄斗朝,20210416,10950,11250,10800,11150,287553,026,47285000
89,A068400,SK兄斗朝,20210415,10750,10950,10650,10850,204641,026,47285000
90,A068400,SK兄斗朝,20210414,10600,10750,10550,10750,93778,026,47285000
91,A068400,SK兄斗朝,20210413,10600,10650,10500,10650,60121,026,47285000
92,A068400,SK兄斗朝,20210412,10650,10650,10500,10600,46634,026,47285000
93,A068400,SK兄斗朝,20210409,10650,10650,10550,10650,47527,026,47285000
94,A068400,SK兄斗朝,20210408,10700,10750,10450,10650,116233,026,47285000
95,A068400,SK兄斗朝,20210407,10600,10700,10550,10700,82455,026,47285000
96,A068400,SK兄斗朝,20210406,10600,10650,10500,10600,85513,026,47285000
97,A068400,SK兄斗朝,20210405,10600,10650,10450,10600,56371,026,47285000
98,A068400,SK兄斗朝,20210402,10700,10750,10550,10600,76906,026,47285000
99,A068400,SK兄斗朝,20210401,10700,10750,10600,10750,65308,026,47285000
100,A068400,SK兄斗朝,20210331,10600,10850,10550,10700,118606,026,47285000
101,A068400,SK兄斗朝,20210330,10450,10600,10450,10600,62145,026,47285000
102,A068400,SK兄斗朝,20210329,10400,10550,10300,10450,112472,026,47285000
103,A068400,SK兄斗朝,20210326,10550,10550,10250,10400,129675,026,47285000
104,A068400,SK兄斗朝,20210325,10300,10550,10150,10550,187008,026,47285000
105,A068400,SK兄斗朝,20210324,10650,10750,10350,10400,262241,026,47285000
106,A068400,SK兄斗朝,20210323,10500,10700,10150,10550,288475,026,47285000
107,A068400,SK兄斗朝,20210322,10550,10600,10450,10500,72661,026,47285000
108,A068400,SK兄斗朝,20210319,10300,10600,10300,10550,151952,026,47285000
109,A068400,SK兄斗朝,20210318,10850,10950,10300,10450,361106,026,47285000
110,A068400,SK兄斗朝,20210317,11000,11050,10750,10800,178369,026,47285000
111,A068400,SK兄斗朝,20210316,11100,11200,11000,11100,76292,026,47285000
112,A068400,SK兄斗朝,20210315,11200,11250,11000,11150,55919,026,47285000
113,A068400,SK兄斗朝,20210312,11200,11300,11050,11200,93086,026,47285000
114,A068400,SK兄斗朝,20210311,10950,11250,10800,11200,124690,026,47285000
115,A068400,SK兄斗朝,20210310,11000,11100,10750,10950,45873,026,47285000
116,A068400,SK兄斗朝,20210309,11000,11150,10500,10950,184991,026,47285000
117,A068400,SK兄斗朝,20210308,10800,11300,10700,11000,153660,026,47285000
118,A068400,SK兄斗朝,20210305,11100,11250,10700,10950,218948,026,47285000
119,A068400,SK兄斗朝,20210304,11350,11600,11000,11250,124750,026,47285000
120,A068400,SK兄斗朝,20210303,11400,11500,11150,11500,69580,026,47285000
121,A068400,SK兄斗朝,20210302,11500,11600,11200,11300,141842,026,47285000
122,A068400,SK兄斗朝,20210226,11150,11500,11000,11300,157103,026,47285000
123,A068400,SK兄斗朝,20210225,11300,11500,11000,11500,258483,026,47285000
124,A068400,SK兄斗朝,20210224,11700,11950,11000,11000,312285,026,47285000
125,A068400,SK兄斗朝,20210223,11700,11900,11300,11750,149990,026,47285000
126,A068400,SK兄斗朝,20210222,12350,12450,11750,11750,202879,026,47285000
127,A068400,SK兄斗朝,20210219,12600,12600,11950,12450,284104,026,47285000
128,A068400,SK兄斗朝,20210218,12750,12950,12350,12650,225395,026,47285000
129,A068400,SK兄斗朝,20210217,12700,13000,12250,12700,329087,026,47285000
130,A068400,SK兄斗朝,20210216,12050,12900,12050,12700,699479,026,47285000
131,A068400,SK兄斗朝,20210215,11200,12350,11100,12000,581101,026,47285000
132,A068400,SK兄斗朝,20210210,11450,11500,11100,11250,136029,026,47285000
133,A068400,SK兄斗朝,20210209,11350,11700,11200,11250,219332,026,47285000
134,A068400,SK兄斗朝,20210208,11200,11650,11200,11350,243886,026,47285000
135,A068400,SK兄斗朝,20210205,11600,11600,11200,11200,241553,026,47285000
136,A068400,SK兄斗朝,20210204,10600,12700,10500,11600,1767376,026,47285000
137,A068400,SK兄斗朝,20210203,10800,10800,10100,10600,219473,026,47285000
138,A068400,SK兄斗朝,20210202,10600,10950,10500,10650,175158,026,47285000
139,A068400,SK兄斗朝,20210201,10150,10450,9990,10400,83416,026,47285000
140,A068400,SK兄斗朝,20210129,10450,10500,10050,10200,157276,026,47285000
141,A068400,SK兄斗朝,20210128,10500,10750,10200,10300,237347,026,47285000
142,A068400,SK兄斗朝,20210127,10900,10950,10600,10850,88392,026,47285000
143,A068400,SK兄斗朝,20210126,11350,11350,10750,10900,243391,026,47285000
144,A068400,SK兄斗朝,20210125,11400,11500,11100,11400,182845,026,47285000
145,A068400,SK兄斗朝,20210122,11200,11700,10900,11500,446807,026,47285000
146,A068400,SK兄斗朝,20210121,10400,11650,10350,11350,958184,026,47285000
147,A068400,SK兄斗朝,20210120,10300,10300,10050,10300,69314,026,47285000
148,A068400,SK兄斗朝,20210119,10100,10350,10100,10300,81181,026,47285000
149,A068400,SK兄斗朝,20210118,10200,10250,9990,10100,131280,026,47285000
150,A068400,SK兄斗朝,20210115,10500,10550,10200,10250,180974,026,47285000
151,A068400,SK兄斗朝,20210114,10450,10600,10350,10500,194730,026,47285000
152,A068400,SK兄斗朝,20210113,10400,10500,10300,10450,136610,026,47285000
153,A068400,SK兄斗朝,20210112,10150,10500,10000,10400,287939,026,47285000
154,A068400,SK兄斗朝,20210111,10100,10400,9950,10100,1011472,026,47285000
155,A068400,SK兄斗朝,20210108,9720,9790,9500,9640,261446,026,47285000
156,A068400,SK兄斗朝,20210107,9460,9730,9420,9600,297643,026,47285000
157,A068400,SK兄斗朝,20210106,9400,9520,9280,9400,268041,026,47285000
158,A068400,SK兄斗朝,20210105,9340,9380,9240,9350,109324,026,47285000
159,A068400,SK兄斗朝,20210104,9150,9380,9110,9350,234330,026,47285000
160,A068400,SK兄斗朝,20201230,9030,9090,9000,9050,56580,026,47285000
161,A068400,SK兄斗朝,20201229,8980,9050,8930,9030,59111,026,47285000
162,A068400,SK兄斗朝,20201228,8940,9100,8850,8980,101383,026,47285000
163,A068400,SK兄斗朝,20201224,8850,8940,8850,8900,31399,026,47285000
164,A068400,SK兄斗朝,20201223,8870,8940,8820,8890,62354,026,47285000
165,A068400,SK兄斗朝,20201222,8910,8980,8860,8860,54257,026,47285000
166,A068400,SK兄斗朝,20201221,9030,9090,8880,8980,58698,026,47285000
167,A068400,SK兄斗朝,20201218,9000,9060,8970,9020,41343,026,47285000
168,A068400,SK兄斗朝,20201217,9050,9100,8970,9000,59207,026,47285000
169,A068400,SK兄斗朝,20201216,9070,9120,9040,9090,68821,026,47285000
170,A068400,SK兄斗朝,20201215,9170,9170,9060,9070,37307,026,47285000
171,A068400,SK兄斗朝,20201214,9230,9270,9100,9170,65141,026,47285000
172,A068400,SK兄斗朝,20201211,9160,9260,9160,9230,92663,026,47285000
173,A068400,SK兄斗朝,20201210,9100,9210,9010,9160,51101,026,47285000
174,A068400,SK兄斗朝,20201209,9050,9190,8970,9130,81584,026,47285000
175,A068400,SK兄斗朝,20201208,9000,9080,8910,9010,65782,026,47285000
176,A068400,SK兄斗朝,20201207,9060,9150,8930,9000,80533,026,47285000
177,A068400,SK兄斗朝,20201204,9190,9190,9050,9100,77341,026,47285000
178,A068400,SK兄斗朝,20201203,9390,9390,9120,9180,69941,026,47285000
179,A068400,SK兄斗朝,20201202,9240,9270,9150,9210,43729,026,47285000
180,A068400,SK兄斗朝,20201201,9180,9250,9110,9240,39078,026,47285000
181,A068400,SK兄斗朝,20201130,9120,9280,9000,9180,63254,026,47285000
182,A068400,SK兄斗朝,20201127,9240,9240,9090,9120,48228,026,47285000
183,A068400,SK兄斗朝,20201126,9350,9400,9200,9240,96762,026,47285000
184,A068400,SK兄斗朝,20201125,9160,9570,9160,9430,323320,026,47285000
185,A068400,SK兄斗朝,20201124,9130,9240,9050,9140,87858,026,47285000
186,A068400,SK兄斗朝,20201123,8870,9210,8840,9020,159476,026,47285000
187,A068400,SK兄斗朝,20201120,8810,8900,8810,8870,31189,026,47285000
188,A068400,SK兄斗朝,20201119,8900,8950,8820,8860,64362,026,47285000
189,A068400,SK兄斗朝,20201118,8830,8940,8810,8900,76428,026,47285000
190,A068400,SK兄斗朝,20201117,8810,8890,8750,8800,70329,026,47285000
191,A068400,SK兄斗朝,20201116,8700,8870,8650,8800,80840,026,47285000
192,A068400,SK兄斗朝,20201113,8800,8800,8630,8700,67894,026,47285000
193,A068400,SK兄斗朝,20201112,8870,8900,8800,8800,57472,026,47285000
194,A068400,SK兄斗朝,20201111,8760,8910,8680,8890,117156,026,47285000
195,A068400,SK兄斗朝,20201110,8900,8950,8660,8780,145211,026,47285000
196,A068400,SK兄斗朝,20201109,8640,8640,8560,8600,76354,026,47285000
197,A068400,SK兄斗朝,20201106,8700,8710,8530,8590,48290,026,47285000
198,A068400,SK兄斗朝,20201105,8680,8740,8620,8700,40674,026,47285000
199,A068400,SK兄斗朝,20201104,8650,8670,8570,8650,50908,026,47285000
200,A068400,SK兄斗朝,20201103,8510,8650,8470,8650,53875,026,47285000
201,A068400,SK兄斗朝,20201102,8300,8400,8280,8350,23441,026,47285000
202,A068400,SK兄斗朝,20201030,8440,8470,8270,8300,30954,026,47285000
203,A068400,SK兄斗朝,20201029,8400,8470,8340,8440,37731,026,47285000
204,A068400,SK兄斗朝,20201028,8400,8530,8350,8520,20612,026,47285000
205,A068400,SK兄斗朝,20201027,8480,8560,8410,8440,60298,026,47285000
206,A068400,SK兄斗朝,20201026,8710,8720,8500,8570,77946,026,47285000
207,A068400,SK兄斗朝,20201023,8620,8720,8600,8710,47086,026,47285000
208,A068400,SK兄斗朝,20201022,8700,8720,8600,8620,35793,026,47285000
209,A068400,SK兄斗朝,20201021,8680,8780,8620,8720,39752,026,47285000
210,A068400,SK兄斗朝,20201020,8620,8770,8530,8650,56785,026,47285000
211,A068400,SK兄斗朝,20201019,8610,8750,8540,8720,66717,026,47285000
212,A068400,SK兄斗朝,20201016,8760,8790,8510,8560,80160,026,35765000
213,A068400,SK兄斗朝,20201015,8820,8870,8670,8760,61113,026,35765000
214,A068400,SK兄斗朝,20201014,8900,8940,8760,8820,71788,026,35765000
215,A068400,SK兄斗朝,20201013,8930,9000,8800,8900,54648,026,35765000
216,A068400,SK兄斗朝,20201012,8890,9080,8830,8930,100340,026,35765000
217,A068400,SK兄斗朝,20201008,8750,8890,8710,8870,92965,026,35765000
218,A068400,SK兄斗朝,20201007,8530,8710,8520,8710,76992,026,35765000
219,A068400,SK兄斗朝,20201006,8590,8720,8520,8580,132791,026,35765000
220,A068400,SK兄斗朝,20201005,8480,8590,8460,8540,105257,026,35765000
221,A068400,SK兄斗朝,20200929,8430,8600,8380,8550,98470,026,35765000
222,A068400,SK兄斗朝,20200928,8250,8530,8210,8400,93562,026,35765000
223,A068400,SK兄斗朝,20200925,8140,8290,8130,8170,67105,026,35765000
224,A068400,SK兄斗朝,20200924,8390,8450,8150,8160,190627,026,35765000
225,A068400,SK兄斗朝,20200923,8500,8630,8300,8550,171197,026,35765000
226,A068400,SK兄斗朝,20200922,8710,8770,8460,8540,250065,026,35765000
227,A068400,SK兄斗朝,20200921,9190,9190,8830,8850,279930,026,35765000
228,A068400,SK兄斗朝,20200918,9410,9690,9050,9120,804566,026,35765000
229,A068400,SK兄斗朝,20200917,11750,11750,9350,9350,7291298,026,35765000
230,A068400,SK兄斗朝,20200916,8820,9140,8780,9060,280384,026,35765000
231,A068400,SK兄斗朝,20200915,8800,8900,8720,8820,60106,026,35765000
232,A068400,SK兄斗朝,20200914,8550,8790,8550,8770,74245,026,35765000
233,A068400,SK兄斗朝,20200911,8540,8610,8450,8580,71418,026,35765000
234,A068400,SK兄斗朝,20200910,8500,8570,8470,8520,41298,026,35765000
235,A068400,SK兄斗朝,20200909,8600,8600,8420,8490,75064,026,35765000
236,A068400,SK兄斗朝,20200908,8690,8740,8580,8620,53454,026,35765000
237,A068400,SK兄斗朝,20200907,8540,8700,8450,8620,40881,026,35765000
238,A068400,SK兄斗朝,20200904,8450,8550,8350,8550,71436,026,35765000
239,A068400,SK兄斗朝,20200903,8540,8650,8510,8640,94717,026,35765000
240,A068400,SK兄斗朝,20200902,8460,8510,8390,8510,41907,026,35765000
241,A068400,SK兄斗朝,20200901,8400,8450,8380,8440,43418,026,35765000
242,A068400,SK兄斗朝,20200831,8430,8580,8310,8400,58084,026,35765000
243,A068400,SK兄斗朝,20200828,8550,8650,8390,8400,94636,026,35765000
244,A068400,SK兄斗朝,20200827,8650,8720,8460,8510,48887,026,35765000
245,A068400,SK兄斗朝,20200826,8690,8690,8560,8650,33821,026,35765000
246,A068400,SK兄斗朝,20200825,8590,8730,8590,8660,40877,026,35765000
247,A068400,SK兄斗朝,20200824,8510,8830,8470,8570,57583,026,35765000
248,A068400,SK兄斗朝,20200821,8470,8650,8430,8510,30191,026,35765000
249,A068400,SK兄斗朝,20200820,8900,8900,8400,8490,106284,026,35765000
250,A068400,SK兄斗朝,20200819,9020,9020,8810,8910,99473,026,35765000
251,A068400,SK兄斗朝,20200818,9450,9450,8510,8830,184136,026,35765000
252,A068400,SK兄斗朝,20200814,9650,9730,9420,9500,115296,026,35765000
253,A068400,SK兄斗朝,20200813,9850,9860,9640,9660,88959,026,35765000
254,A068400,SK兄斗朝,20200812,9700,10050,9550,9780,296102,026,35765000
255,A068400,SK兄斗朝,20200811,9920,9920,9580,9730,118795,026,35765000
256,A068400,SK兄斗朝,20200810,9600,9880,9550,9830,143487,026,35765000
257,A068400,SK兄斗朝,20200807,9530,9670,9450,9500,93736,026,35765000
258,A068400,SK兄斗朝,20200806,9590,9740,9530,9530,51108,026,35765000
259,A068400,SK兄斗朝,20200805,9580,9760,9490,9590,60603,026,35765000
260,A068400,SK兄斗朝,20200804,9590,10000,9470,9510,309514,026,35765000
261,A068400,SK兄斗朝,20200803,9300,9520,9200,9330,110180,026,35765000
262,A068400,SK兄斗朝,20200731,9280,9370,9190,9260,48397,026,35765000
263,A068400,SK兄斗朝,20200730,9400,9420,9250,9340,60065,026,35765000
264,A068400,SK兄斗朝,20200729,9200,9370,9180,9280,65395,026,35765000
265,A068400,SK兄斗朝,20200728,9190,9240,9140,9200,59499,026,35765000
266,A068400,SK兄斗朝,20200727,9270,9290,9150,9190,53991,026,35765000
267,A068400,SK兄斗朝,20200724,9200,9380,9160,9260,67527,026,35765000
268,A068400,SK兄斗朝,20200723,9550,9550,9270,9300,61661,026,35765000
269,A068400,SK兄斗朝,20200722,9550,9580,9460,9500,44363,026,35765000
270,A068400,SK兄斗朝,20200721,9340,9580,9340,9500,48461,026,35765000
271,A068400,SK兄斗朝,20200720,9570,9590,9320,9400,53443,026,35765000
272,A068400,SK兄斗朝,20200717,9440,9520,9370,9490,34691,026,35765000
273,A068400,SK兄斗朝,20200716,9360,9650,9360,9440,74408,026,35765000
274,A068400,SK兄斗朝,20200715,9260,9400,9190,9360,105673,026,35765000
275,A068400,SK兄斗朝,20200714,9230,9250,9130,9240,39101,026,35765000
276,A068400,SK兄斗朝,20200713,9220,9260,9170,9210,65078,026,35765000
277,A068400,SK兄斗朝,20200710,9170,9280,9140,9220,68130,026,35765000
278,A068400,SK兄斗朝,20200709,9320,9340,9200,9250,45685,026,35765000
279,A068400,SK兄斗朝,20200708,9300,9350,9200,9290,54630,026,35765000
280,A068400,SK兄斗朝,20200707,9330,9440,9250,9300,59458,026,35765000
281,A068400,SK兄斗朝,20200706,9290,9370,9190,9350,74552,026,35765000
282,A068400,SK兄斗朝,20200703,9290,9320,9180,9290,53499,026,35765000
283,A068400,SK兄斗朝,20200702,9330,9330,9120,9270,92995,026,35765000
284,A068400,SK兄斗朝,20200701,9310,9320,9100,9220,34587,026,35765000
285,A068400,SK兄斗朝,20200630,9220,9390,9220,9240,28904,026,35765000
286,A068400,SK兄斗朝,20200629,9430,9480,9130,9140,79544,026,35765000
287,A068400,SK兄斗朝,20200626,9550,9560,9430,9430,47786,026,35765000
288,A068400,SK兄斗朝,20200625,9340,9540,9330,9490,80406,026,35765000
289,A068400,SK兄斗朝,20200624,9530,9640,9340,9570,96928,026,35765000
290,A068400,SK兄斗朝,20200623,9360,9570,9360,9460,97206,026,35765000
291,A068400,SK兄斗朝,20200622,9480,9480,9250,9330,70371,026,35765000
292,A068400,SK兄斗朝,20200619,9460,9490,9350,9460,50257,026,35765000
293,A068400,SK兄斗朝,20200618,9380,9520,9320,9350,59456,026,35765000
294,A068400,SK兄斗朝,20200617,9540,9620,9280,9450,79481,026,35765000
295,A068400,SK兄斗朝,20200616,9410,9610,9380,9570,102704,026,35765000
296,A068400,SK兄斗朝,20200615,9790,9800,9110,9380,164753,026,35765000
297,A068400,SK兄斗朝,20200612,9440,9830,9270,9830,181288,026,35765000
298,A068400,SK兄斗朝,20200611,9950,10050,9700,9840,168118,026,35765000
299,A068400,SK兄斗朝,20200610,10150,10150,9910,9950,150194,026,35765000
300,A068400,SK兄斗朝,20200609,10150,10200,9980,10150,103770,026,35765000
301,A068400,SK兄斗朝,20200608,10400,10400,10000,10050,180191,026,35765000
302,A068400,SK兄斗朝,20200605,10450,10450,10200,10350,79005,026,35765000
303,A068400,SK兄斗朝,20200604,10500,10550,10300,10450,100532,026,35765000
304,A068400,SK兄斗朝,20200603,10200,10550,10100,10500,281408,026,35765000
305,A068400,SK兄斗朝,20200602,10200,10300,10000,10200,143441,026,35765000
306,A068400,SK兄斗朝,20200601,10300,10350,10000,10250,119201,026,35765000
307,A068400,SK兄斗朝,20200529,10050,10150,9920,10150,74181,026,35765000
308,A068400,SK兄斗朝,20200528,10150,10200,9940,10050,148554,026,35765000
309,A068400,SK兄斗朝,20200527,10250,10350,10000,10150,89104,026,35765000
310,A068400,SK兄斗朝,20200526,10150,10250,10050,10150,85212,026,35765000
311,A068400,SK兄斗朝,20200525,10350,10350,10050,10200,108095,026,35765000
312,A068400,SK兄斗朝,20200522,10100,10350,9990,10100,219922,026,35765000
313,A068400,SK兄斗朝,20200521,9910,10100,9830,10000,158536,026,35765000
314,A068400,SK兄斗朝,20200520,9920,9920,9710,9900,77641,026,35765000
315,A068400,SK兄斗朝,20200519,9600,10100,9600,9900,234381,026,35765000
316,A068400,SK兄斗朝,20200518,9330,9480,9260,9440,51426,026,35765000
317,A068400,SK兄斗朝,20200515,9260,9500,9260,9400,62101,026,35765000
318,A068400,SK兄斗朝,20200514,9490,9490,9200,9250,106150,026,35765000
319,A068400,SK兄斗朝,20200513,9400,9590,9400,9510,93663,026,35765000
320,A068400,SK兄斗朝,20200512,9950,9950,9510,9670,249954,026,35765000
321,A068400,SK兄斗朝,20200511,10700,11100,9830,9950,1013356,026,35765000
322,A068400,SK兄斗朝,20200508,9340,9500,9210,9340,212270,026,35765000
323,A068400,SK兄斗朝,20200507,9340,9460,9250,9380,70540,026,35765000
324,A068400,SK兄斗朝,20200506,9300,9370,9170,9340,79690,026,35765000
325,A068400,SK兄斗朝,20200504,9100,9650,9020,9300,200825,026,35765000
326,A068400,SK兄斗朝,20200429,8720,10250,8710,9240,710289,026,35765000
327,A068400,SK兄斗朝,20200428,8590,8630,8450,8600,86833,026,35765000
328,A068400,SK兄斗朝,20200427,8230,8700,8230,8470,70404,026,35765000
329,A068400,SK兄斗朝,20200424,8380,8380,8170,8280,51581,026,35765000
330,A068400,SK兄斗朝,20200423,8230,8400,8210,8380,75602,026,35765000
331,A068400,SK兄斗朝,20200422,8200,8200,8020,8130,83147,026,35765000
332,A068400,SK兄斗朝,20200421,8530,8610,7500,8300,99081,026,35765000
333,A068400,SK兄斗朝,20200420,8430,8800,8220,8520,99936,026,35765000
334,A068400,SK兄斗朝,20200417,7990,8570,7990,8430,151409,026,35765000
335,A068400,SK兄斗朝,20200416,7740,7970,7600,7890,60518,026,35765000
336,A068400,SK兄斗朝,20200414,7780,7990,7780,7830,58625,026,35765000
337,A068400,SK兄斗朝,20200413,7940,8010,7690,7810,80575,026,35765000
338,A068400,SK兄斗朝,20200410,8050,8150,7600,7940,148092,026,35765000
339,A068400,SK兄斗朝,20200409,7760,8150,7760,8050,80455,026,35765000
340,A068400,SK兄斗朝,20200408,7430,7700,7300,7680,70617,026,35765000
341,A068400,SK兄斗朝,20200407,7450,7590,7230,7430,93056,026,35765000
342,A068400,SK兄斗朝,20200406,7180,7360,7180,7320,54866,026,35765000
343,A068400,SK兄斗朝,20200403,7260,7260,7010,7180,33353,026,35765000
344,A068400,SK兄斗朝,20200402,7020,7130,6790,7100,89413,026,35765000
345,A068400,SK兄斗朝,20200401,7430,7430,6980,7040,91567,026,35765000
346,A068400,SK兄斗朝,20200331,7100,7400,7100,7240,95991,026,35765000
347,A068400,SK兄斗朝,20200330,6840,7080,6510,7050,69421,026,35765000
348,A068400,SK兄斗朝,20200327,6940,7250,6660,6950,120988,026,35765000
349,A068400,SK兄斗朝,20200326,6200,7090,6150,6660,190686,026,35765000
350,A068400,SK兄斗朝,20200325,6190,6190,5940,6110,201674,026,35765000
351,A068400,SK兄斗朝,20200324,5000,5890,5000,5780,236707,026,35765000
352,A068400,SK兄斗朝,20200323,4910,5360,4745,4950,204093,026,35765000
353,A068400,SK兄斗朝,20200320,5010,5530,4900,5450,302388,026,35765000
354,A068400,SK兄斗朝,20200319,6800,6850,4800,5090,235215,026,35765000
355,A068400,SK兄斗朝,20200318,7090,7120,6610,6840,147490,026,35765000
356,A068400,SK兄斗朝,20200317,7020,7520,6950,6990,199457,026,35765000
357,A068400,SK兄斗朝,20200316,7620,8060,7370,7550,104611,026,35765000
358,A068400,SK兄斗朝,20200313,7540,7980,7100,7800,242012,026,35765000
359,A068400,SK兄斗朝,20200312,9280,9360,8450,8630,170028,026,35765000
360,A068400,SK兄斗朝,20200311,9760,9860,9350,9380,64389,026,35765000
361,A068400,SK兄斗朝,20200310,9320,9750,9320,9690,55402,026,35765000
362,A068400,SK兄斗朝,20200309,10150,10150,9600,9610,37870,026,35765000
363,A068400,SK兄斗朝,20200306,10400,10400,10000,10300,48253,026,35765000
364,A068400,SK兄斗朝,20200305,10000,10550,9960,10450,87893,026,35765000
365,A068400,SK兄斗朝,20200304,9670,9950,9460,9840,30086,026,35765000
366,A068400,SK兄斗朝,20200303,9840,9870,9620,9680,28872,026,35765000
367,A068400,SK兄斗朝,20200302,9550,9840,9400,9610,26537,026,35765000
368,A068400,SK兄斗朝,20200228,9910,9910,9370,9550,102292,026,35765000
369,A068400,SK兄斗朝,20200227,10050,10100,9890,9920,80067,026,35765000
370,A068400,SK兄斗朝,20200226,10000,10150,9940,10000,58578,026,35765000
371,A068400,SK兄斗朝,20200225,9950,10250,9950,10050,95969,026,35765000
372,A068400,SK兄斗朝,20200224,10400,10400,10000,10000,160928,026,35765000
373,A068400,SK兄斗朝,20200221,10500,10800,10450,10650,55747,026,35765000
374,A068400,SK兄斗朝,20200220,10850,10950,10550,10650,90864,026,35765000
375,A068400,SK兄斗朝,20200219,11000,11000,10750,10950,50640,026,35765000
376,A068400,SK兄斗朝,20200218,11050,11050,10900,11000,42161,026,35765000
377,A068400,SK兄斗朝,20200217,11100,11150,10950,11100,70187,026,35765000
378,A068400,SK兄斗朝,20200214,11300,11300,11000,11100,82034,026,35765000
379,A068400,SK兄斗朝,20200213,11400,11400,11050,11200,52143,026,35765000
380,A068400,SK兄斗朝,20200212,11350,11450,11300,11350,69488,026,35765000
381,A068400,SK兄斗朝,20200211,11200,11450,11100,11450,92606,026,35765000
382,A068400,SK兄斗朝,20200210,11150,11200,11000,11200,43193,026,35765000
383,A068400,SK兄斗朝,20200207,11300,11300,11100,11150,67198,026,35765000
384,A068400,SK兄斗朝,20200206,11150,11350,11150,11300,70320,026,35765000
385,A068400,SK兄斗朝,20200205,11150,11300,11000,11100,81785,026,35765000
386,A068400,SK兄斗朝,20200204,10950,11050,10850,11050,46789,026,35765000
387,A068400,SK兄斗朝,20200203,10700,10900,10650,10900,77066,026,35765000
388,A068400,SK兄斗朝,20200131,11300,11300,10950,11000,73761,026,35765000
389,A068400,SK兄斗朝,20200130,11500,11550,11200,11250,82372,026,35765000
390,A068400,SK兄斗朝,20200129,11450,11600,11400,11500,89166,026,35765000
391,A068400,SK兄斗朝,20200128,11550,11600,11250,11400,122992,026,35765000
392,A068400,SK兄斗朝,20200123,11800,11950,11800,11850,72857,026,35765000
393,A068400,SK兄斗朝,20200122,11750,11950,11550,11900,130083,026,35765000
394,A068400,SK兄斗朝,20200121,11500,11900,11350,11750,296463,026,35765000
395,A068400,SK兄斗朝,20200120,11700,11800,11450,11550,92902,026,35765000
396,A068400,SK兄斗朝,20200117,11600,11750,11550,11700,67639,026,22146000
397,A068400,SK兄斗朝,20200116,11800,11800,11500,11600,65698,026,22146000
398,A068400,SK兄斗朝,20200115,11500,11800,11450,11600,130262,026,22146000
399,A068400,SK兄斗朝,20200114,11450,11550,11450,11500,74387,026,22146000
400,A068400,SK兄斗朝,20200113,11550,11650,11450,11500,55071,026,22146000
401,A068400,SK兄斗朝,20200110,11350,11650,11350,11600,78508,026,22146000
402,A068400,SK兄斗朝,20200109,11150,11400,11100,11350,73045,026,22146000
403,A068400,SK兄斗朝,20200108,11300,11300,10900,10950,120369,026,22146000
404,A068400,SK兄斗朝,20200107,11300,11450,11200,11350,54698,026,22146000
405,A068400,SK兄斗朝,20200106,11450,11600,11250,11300,67873,026,22146000
406,A068400,SK兄斗朝,20200103,11900,11900,11500,11550,86310,026,22146000
407,A068400,SK兄斗朝,20200102,11800,11950,11700,11800,86321,026,22146000
408,A068400,SK兄斗朝,20191230,11750,11850,11600,11800,116721,026,22146000
409,A068400,SK兄斗朝,20191227,11000,11750,11000,11600,191494,026,22146000
410,A068400,SK兄斗朝,20191226,11050,11250,11000,11000,126863,026,22146000
411,A068400,SK兄斗朝,20191224,11200,11250,11050,11100,45246,026,22146000
412,A068400,SK兄斗朝,20191223,11400,11400,11000,11250,104114,026,22146000
413,A068400,SK兄斗朝,20191220,11350,11350,11150,11300,85456,026,22146000
414,A068400,SK兄斗朝,20191219,11400,11450,11300,11400,38777,026,22146000
415,A068400,SK兄斗朝,20191218,11450,11500,11350,11450,41992,026,22146000
416,A068400,SK兄斗朝,20191217,11400,11500,11300,11450,151919,026,22146000
417,A068400,SK兄斗朝,20191216,11450,11450,11350,11400,91559,026,22146000
418,A068400,SK兄斗朝,20191213,11550,11650,11450,11500,113127,026,22146000
419,A068400,SK兄斗朝,20191212,11300,11600,11300,11550,104591,026,22146000
420,A068400,SK兄斗朝,20191211,11350,11450,11200,11400,139702,026,22146000
421,A068400,SK兄斗朝,20191210,11400,11450,11300,11450,100403,026,22146000
422,A068400,SK兄斗朝,20191209,11600,11850,11450,11500,125554,026,22146000
423,A068400,SK兄斗朝,20191206,11600,11700,11400,11650,136566,026,22146000
424,A068400,SK兄斗朝,20191205,11600,11850,11400,11550,171861,026,22146000
425,A068400,SK兄斗朝,20191204,11700,11750,11500,11600,161382,026,22146000
426,A068400,SK兄斗朝,20191203,11850,12000,11650,11700,227075,026,22146000
427,A068400,SK兄斗朝,20191202,12000,12200,11850,11950,264844,026,22146000
428,A068400,SK兄斗朝,20191129,11750,12250,11550,11950,811210,026,22146000
429,A068400,SK兄斗朝,20191128,11350,11700,11300,11600,424520,026,22146000
430,A068400,SK兄斗朝,20191127,11400,11400,11200,11400,78558,026,22146000
431,A068400,SK兄斗朝,20191126,10900,11450,10900,11300,243042,026,22146000
432,A068400,SK兄斗朝,20191125,10750,10850,10700,10850,110183,026,22146000
433,A068400,SK兄斗朝,20191122,10900,11000,10700,10750,125861,026,22146000
434,A068400,SK兄斗朝,20191121,11000,11100,10900,10950,55781,026,22146000
435,A068400,SK兄斗朝,20191120,10950,11100,10950,11050,43517,026,22146000
436,A068400,SK兄斗朝,20191119,11200,11200,10900,11000,78633,026,22146000
437,A068400,SK兄斗朝,20191118,11400,11400,11200,11200,74508,026,22146000
438,A068400,SK兄斗朝,20191115,11300,11400,11250,11350,55847,026,22146000
439,A068400,SK兄斗朝,20191114,11500,11500,11300,11350,80249,026,22146000
440,A068400,SK兄斗朝,20191113,11100,11450,11100,11400,160976,026,22146000
441,A068400,SK兄斗朝,20191112,10950,11100,10950,11000,46084,026,22146000
442,A068400,SK兄斗朝,20191111,11000,11000,10900,11000,48414,026,22146000
443,A068400,SK兄斗朝,20191108,11050,11100,10900,11000,70615,026,22146000
444,A068400,SK兄斗朝,20191107,11050,11150,11000,11000,56548,026,22146000
445,A068400,SK兄斗朝,20191106,11050,11100,11000,11050,63879,026,22146000
446,A068400,SK兄斗朝,20191105,11000,11100,10950,11050,61253,026,22146000
447,A068400,SK兄斗朝,20191104,11100,11200,10950,11000,103045,026,22146000
448,A068400,SK兄斗朝,20191101,11000,11100,10900,11100,88789,026,22146000
449,A068400,SK兄斗朝,20191031,11100,11200,10950,11050,80782,026,22146000
450,A068400,SK兄斗朝,20191030,11100,11200,11000,11100,54863,026,22146000
451,A068400,SK兄斗朝,20191029,11100,11350,11100,11150,89222,026,22146000
452,A068400,SK兄斗朝,20191028,11300,11350,11050,11100,101668,026,22146000
453,A068400,SK兄斗朝,20191025,11500,11600,11200,11250,162025,026,22146000
454,A068400,SK兄斗朝,20191024,11500,11850,11350,11500,322608,026,22146000
455,A068400,SK兄斗朝,20191023,10900,11650,10850,11550,411363,026,22146000
456,A068400,SK兄斗朝,20191022,10900,10950,10750,10900,68204,026,22146000
457,A068400,SK兄斗朝,20191021,10850,10950,10800,10800,53472,026,22146000
458,A068400,SK兄斗朝,20191018,10900,10950,10750,10800,84762,026,22146000
459,A068400,SK兄斗朝,20191017,11000,11050,10700,10900,229234,026,22146000
460,A068400,SK兄斗朝,20191016,11150,11150,10900,11000,118191,026,22146000
461,A068400,SK兄斗朝,20191015,11200,11350,11000,11050,107964,026,22146000
462,A068400,SK兄斗朝,20191014,11350,11350,11150,11200,145798,026,22146000
463,A068400,SK兄斗朝,20191011,11500,11500,10750,11250,122671,026,22146000
464,A068400,SK兄斗朝,20191010,11700,11700,11300,11450,181986,026,22146000
465,A068400,SK兄斗朝,20191008,12000,12050,11550,11750,258320,026,22146000
466,A068400,SK兄斗朝,20191007,12100,12150,11900,12050,89130,026,22146000
467,A068400,SK兄斗朝,20191004,12400,12400,11850,12000,202939,026,22146000
468,A068400,SK兄斗朝,20191002,12400,12400,12200,12300,98539,026,22146000
469,A068400,SK兄斗朝,20191001,12550,12650,12350,12450,168331,026,22146000
470,A068400,SK兄斗朝,20190930,12400,12900,12250,12500,427857,026,22146000
471,A068400,SK兄斗朝,20190927,12100,12350,12000,12300,126536,026,22146000
472,A068400,SK兄斗朝,20190926,12000,12400,12000,12100,292632,026,22146000
473,A068400,SK兄斗朝,20190925,12200,12200,11750,11800,197665,026,22146000
474,A068400,SK兄斗朝,20190924,12600,12600,11500,12100,1023627,026,22146000
475,A068400,SK兄斗朝,20190923,12500,12500,11900,12250,220453,026,22146000
476,A068400,SK兄斗朝,20190920,12200,12600,11900,12450,332991,026,22146000
477,A068400,SK兄斗朝,20190919,12300,12450,12050,12100,377061,026,22146000
478,A068400,SK兄斗朝,20190918,11300,12450,11250,12400,815528,026,22146000
479,A068400,SK兄斗朝,20190917,10950,11250,10900,11250,125770,026,22146000
480,A068400,SK兄斗朝,20190916,10900,10950,10800,10950,105429,026,22146000
481,A068400,SK兄斗朝,20190911,10550,10800,10500,10800,52436,026,22146000
482,A068400,SK兄斗朝,20190910,10500,10650,10500,10550,41832,026,22146000
483,A068400,SK兄斗朝,20190909,10550,10650,10500,10550,25619,026,22146000
484,A068400,SK兄斗朝,20190906,10750,10800,10550,10600,48089,026,22146000
485,A068400,SK兄斗朝,20190905,10750,10900,10650,10700,91419,026,22146000
486,A068400,SK兄斗朝,20190904,10750,10750,10600,10700,59412,026,22146000
487,A068400,SK兄斗朝,20190903,10800,10900,10650,10750,54251,026,22146000
488,A068400,SK兄斗朝,20190902,10650,11000,10500,10850,77858,026,22146000
489,A068400,SK兄斗朝,20190830,10500,10900,10400,10750,132410,026,22146000
490,A068400,SK兄斗朝,20190829,10350,10600,10350,10500,37950,026,22146000
491,A068400,SK兄斗朝,20190828,10150,10400,10150,10400,49503,026,22146000
492,A068400,SK兄斗朝,20190827,10200,10350,10050,10200,83022,026,22146000
493,A068400,SK兄斗朝,20190826,10400,10400,10100,10100,88723,026,22146000
494,A068400,SK兄斗朝,20190823,10500,10650,10450,10500,51755,026,22146000
495,A068400,SK兄斗朝,20190822,10750,10750,10500,10550,54011,026,22146000
496,A068400,SK兄斗朝,20190821,10750,10850,10650,10750,72963,026,22146000
497,A068400,SK兄斗朝,20190820,10700,10900,10650,10800,33592,026,22146000
498,A068400,SK兄斗朝,20190819,10800,10950,10650,10800,49854,026,22146000
499,A068400,SK兄斗朝,20190816,10900,10900,10500,10800,60326,026,22146000
500,A068400,SK兄斗朝,20190814,10900,11100,10850,10950,90346,026,22146000
501,A068400,SK兄斗朝,20190813,10650,11150,10650,10950,109776,026,22146000
502,A068400,SK兄斗朝,20190812,10450,10800,10450,10800,79109,026,22146000
503,A068400,SK兄斗朝,20190809,10150,10600,10150,10550,130110,026,22146000
504,A068400,SK兄斗朝,20190808,9780,10100,9780,10100,105708,026,22146000
505,A068400,SK兄斗朝,20190807,9690,10050,9630,9770,119358,026,22146000
506,A068400,SK兄斗朝,20190806,9820,10150,9700,9710,253205,026,22146000
507,A068400,SK兄斗朝,20190805,10650,10800,10000,10100,140132,026,22146000
508,A068400,SK兄斗朝,20190802,10450,10800,10250,10650,102294,026,22146000
509,A068400,SK兄斗朝,20190801,10150,10850,10150,10450,82084,026,22146000
510,A068400,SK兄斗朝,20190731,10250,10450,9990,10350,117093,026,22146000
511,A068400,SK兄斗朝,20190730,10200,10600,10200,10350,101587,026,22146000
512,A068400,SK兄斗朝,20190729,10850,10850,10250,10300,110257,026,22146000
513,A068400,SK兄斗朝,20190726,10900,11000,10700,10850,66691,026,22146000
514,A068400,SK兄斗朝,20190725,11400,11400,10950,11100,126095,026,22146000
515,A068400,SK兄斗朝,20190724,11500,11500,11300,11400,55114,026,22146000
516,A068400,SK兄斗朝,20190723,11450,11650,11350,11500,70138,026,22146000
517,A068400,SK兄斗朝,20190722,11250,11650,11200,11550,145743,026,22146000
518,A068400,SK兄斗朝,20190719,11100,11350,11100,11250,57494,026,22146000
519,A068400,SK兄斗朝,20190718,11350,11450,11100,11200,72170,026,22146000
520,A068400,SK兄斗朝,20190717,11150,11550,11100,11300,238850,026,22146000
521,A068400,SK兄斗朝,20190716,10700,11300,10650,11200,210954,026,22146000
522,A068400,SK兄斗朝,20190715,10850,10900,10550,10700,72853,026,22146000
523,A068400,SK兄斗朝,20190712,10850,10900,10800,10900,24549,026,22146000
524,A068400,SK兄斗朝,20190711,10750,10950,10700,10900,53279,026,22146000
525,A068400,SK兄斗朝,20190710,10600,10800,10550,10750,55210,026,22146000
526,A068400,SK兄斗朝,20190709,10550,10800,10500,10700,114880,026,22146000
527,A068400,SK兄斗朝,20190708,11150,11150,10500,10650,125713,026,22146000
528,A068400,SK兄斗朝,20190705,11200,11300,11050,11150,45578,026,22146000
529,A068400,SK兄斗朝,20190704,11150,11400,11000,11100,100055,026,22146000
530,A068400,SK兄斗朝,20190703,11200,11350,11100,11150,73394,026,22146000
531,A068400,SK兄斗朝,20190702,10900,11400,10900,11150,240421,026,22146000
532,A068400,SK兄斗朝,20190701,10450,11150,10350,11050,238185,026,22146000
533,A068400,SK兄斗朝,20190628,10350,10550,10350,10450,57574,026,22146000
534,A068400,SK兄斗朝,20190627,10500,10500,10350,10450,50294,026,22146000
535,A068400,SK兄斗朝,20190626,10450,10600,10350,10500,33502,026,22146000
536,A068400,SK兄斗朝,20190625,10450,10650,10400,10450,45401,026,22146000
537,A068400,SK兄斗朝,20190624,10650,10700,10550,10550,29446,026,22146000
538,A068400,SK兄斗朝,20190621,10850,10850,10200,10650,67151,026,22146000
539,A068400,SK兄斗朝,20190620,10700,10950,10700,10700,78075,026,22146000
540,A068400,SK兄斗朝,20190619,10700,10850,10650,10700,47173,026,22146000
541,A068400,SK兄斗朝,20190618,10700,10850,10650,10700,48875,026,22146000
542,A068400,SK兄斗朝,20190617,10950,10950,10650,10800,53540,026,22146000
543,A068400,SK兄斗朝,20190614,10900,11050,10750,10800,36053,026,22146000
544,A068400,SK兄斗朝,20190613,10950,11100,10750,11000,80209,026,22146000
545,A068400,SK兄斗朝,20190612,10850,11100,10750,11000,80056,026,22146000
546,A068400,SK兄斗朝,20190611,10350,11000,10350,10950,137492,026,22146000
547,A068400,SK兄斗朝,20190610,10450,10550,10250,10400,46140,026,22146000
548,A068400,SK兄斗朝,20190607,10350,10500,10250,10450,70274,026,22146000
549,A068400,SK兄斗朝,20190605,10100,10350,10100,10350,64078,026,22146000
550,A068400,SK兄斗朝,20190604,10050,10100,9970,10050,67696,026,22146000
551,A068400,SK兄斗朝,20190603,10150,10150,9940,10050,87106,026,22146000
552,A068400,SK兄斗朝,20190531,10050,10200,10050,10150,53859,026,22146000
553,A068400,SK兄斗朝,20190530,10100,10100,9910,10100,135376,026,22146000
554,A068400,SK兄斗朝,20190529,10200,10350,9990,10100,131002,026,22146000
555,A068400,SK兄斗朝,20190528,10200,10350,10200,10250,46168,026,22146000
556,A068400,SK兄斗朝,20190527,10050,10250,10050,10200,33033,026,22146000
557,A068400,SK兄斗朝,20190524,10250,10250,9970,10050,74881,026,22146000
558,A068400,SK兄斗朝,20190523,10200,10350,10050,10250,65785,026,22146000
559,A068400,SK兄斗朝,20190522,10250,10300,10050,10200,44490,026,22146000
560,A068400,SK兄斗朝,20190521,10300,10450,10100,10200,109070,026,22146000
561,A068400,SK兄斗朝,20190520,10750,10750,10350,10400,70136,026,22146000
562,A068400,SK兄斗朝,20190517,10750,10850,10550,10600,55955,026,22146000
563,A068400,SK兄斗朝,20190516,10900,11050,10600,10700,62456,026,22146000
564,A068400,SK兄斗朝,20190515,10750,11050,10750,11000,43438,026,22146000
565,A068400,SK兄斗朝,20190514,10650,10800,10350,10750,140653,026,22146000
566,A068400,SK兄斗朝,20190513,10850,11150,10800,10800,101173,026,22146000
567,A068400,SK兄斗朝,20190510,10900,11150,10700,10800,96771,026,22146000
568,A068400,SK兄斗朝,20190509,11150,11200,10900,11000,99664,026,22146000
569,A068400,SK兄斗朝,20190508,11150,11250,11050,11200,42118,026,22146000
570,A068400,SK兄斗朝,20190507,11250,11300,11100,11250,59105,026,22146000
571,A068400,SK兄斗朝,20190503,11300,11550,11300,11450,47699,026,22146000
572,A068400,SK兄斗朝,20190502,11200,11450,11150,11350,81023,026,22146000
573,A068400,SK兄斗朝,20190430,11150,11300,11100,11200,64713,026,22146000
574,A068400,SK兄斗朝,20190429,11300,11350,11150,11250,55894,026,22146000
575,A068400,SK兄斗朝,20190426,11100,11200,11000,11150,107865,026,22146000
576,A068400,SK兄斗朝,20190425,11350,11400,11100,11100,155633,026,22146000
577,A068400,SK兄斗朝,20190424,11400,11550,11350,11350,83452,026,22146000
578,A068400,SK兄斗朝,20190423,11550,11600,11400,11450,94723,026,22146000
579,A068400,SK兄斗朝,20190422,11700,11700,11450,11500,96118,026,22146000
580,A068400,SK兄斗朝,20190419,11650,11750,11500,11550,99670,026,22146000
581,A068400,SK兄斗朝,20190418,11900,11950,11500,11650,165237,026,22146000
582,A068400,SK兄斗朝,20190417,12050,12050,11850,11900,113579,026,22146000
583,A068400,SK兄斗朝,20190416,11900,12300,11900,12000,355299,026,22146000
584,A068400,SK兄斗朝,20190415,11900,12000,11750,11850,129876,026,22146000
585,A068400,SK兄斗朝,20190412,11800,11950,11750,11850,81862,026,22146000
586,A068400,SK兄斗朝,20190411,11750,12050,11700,11900,193844,026,22146000
587,A068400,SK兄斗朝,20190410,11800,11850,11700,11750,102000,026,22146000
588,A068400,SK兄斗朝,20190409,11650,12050,11650,11850,138178,026,22146000
589,A068400,SK兄斗朝,20190408,12050,12150,11650,11700,217969,026,22146000
590,A068400,SK兄斗朝,20190405,11600,12000,11550,12000,219282,026,22146000
591,A068400,SK兄斗朝,20190404,11650,11800,11600,11600,83274,026,22146000
592,A068400,SK兄斗朝,20190403,11550,11850,11550,11700,64382,026,22146000
593,A068400,SK兄斗朝,20190402,11650,11750,11500,11600,67729,026,22146000
594,A068400,SK兄斗朝,20190401,11500,11750,11400,11700,113891,026,22146000
595,A068400,SK兄斗朝,20190329,11400,11550,11250,11500,131632,026,22146000
596,A068400,SK兄斗朝,20190328,11350,11350,11250,11300,59716,026,22146000
597,A068400,SK兄斗朝,20190327,11300,11350,11150,11300,51794,026,22146000
598,A068400,SK兄斗朝,20190326,11350,11500,11150,11250,102294,026,22146000
599,A068400,SK兄斗朝,20190325,11250,11300,11050,11200,92410,026,22146000
600,A068400,SK兄斗朝,20190322,11650,11700,11100,11300,182155,026,22146000
601,A068400,SK兄斗朝,20190321,11750,11850,11550,11600,88792,026,22146000
602,A068400,SK兄斗朝,20190320,11550,11950,11400,11850,179770,026,22146000
603,A068400,SK兄斗朝,20190319,12100,12200,11500,11550,348713,026,22146000
604,A068400,SK兄斗朝,20190318,12000,12300,11950,12100,148363,026,22146000
605,A068400,SK兄斗朝,20190315,12250,12500,11950,12000,331509,026,22146000
606,A068400,SK兄斗朝,20190314,12250,12550,12100,12250,458257,026,22146000
607,A068400,SK兄斗朝,20190313,11700,12250,11450,12150,536361,026,22146000
608,A068400,SK兄斗朝,20190312,11200,11650,11200,11550,209872,026,22146000
609,A068400,SK兄斗朝,20190311,11200,11250,11000,11050,74604,026,22146000
610,A068400,SK兄斗朝,20190308,11000,11350,11000,11250,126218,026,22146000
611,A068400,SK兄斗朝,20190307,11000,11150,10900,11000,137705,026,22146000
612,A068400,SK兄斗朝,20190306,11050,11250,10950,11100,105124,026,22146000
613,A068400,SK兄斗朝,20190305,11200,11300,10900,11050,184003,026,22146000
614,A068400,SK兄斗朝,20190304,11300,11400,11150,11250,110908,026,22146000
615,A068400,SK兄斗朝,20190228,11600,11700,11050,11050,120589,026,22146000
616,A068400,SK兄斗朝,20190227,11450,11650,11400,11600,64400,026,22146000
617,A068400,SK兄斗朝,20190226,11550,11550,11400,11450,41379,026,22146000
618,A068400,SK兄斗朝,20190225,11500,11550,11250,11450,132808,026,22146000
619,A068400,SK兄斗朝,20190222,11550,11650,11300,11400,191610,026,22146000
620,A068400,SK兄斗朝,20190221,11750,11800,11500,11550,163769,026,22146000
621,A068400,SK兄斗朝,20190220,11650,11950,11650,11700,186308,026,22146000
622,A068400,SK兄斗朝,20190219,11800,11800,11600,11700,193297,026,22146000
623,A068400,SK兄斗朝,20190218,11950,12050,11800,11900,114639,026,22146000
624,A068400,SK兄斗朝,20190215,11850,12000,11750,11950,91324,026,22146000
625,A068400,SK兄斗朝,20190214,11700,12100,11650,11900,347691,026,22146000
626,A068400,SK兄斗朝,20190213,11450,11750,11450,11650,116850,026,22146000
627,A068400,SK兄斗朝,20190212,11750,11850,11400,11450,198762,026,22146000
628,A068400,SK兄斗朝,20190211,11800,11900,11650,11800,100323,026,22146000
629,A068400,SK兄斗朝,20190208,12100,12200,11850,11850,196846,026,22146000
630,A068400,SK兄斗朝,20190207,11850,12100,11800,12000,110890,026,22146000
631,A068400,SK兄斗朝,20190201,11800,11950,11700,11850,155321,026,22146000
632,A068400,SK兄斗朝,20190131,11950,12000,11700,11800,207793,026,22146000
633,A068400,SK兄斗朝,20190130,12100,12150,11750,11900,243034,026,22146000
634,A068400,SK兄斗朝,20190129,12350,12400,11900,12100,270680,026,22146000
635,A068400,SK兄斗朝,20190128,12550,12600,12300,12350,110881,026,22146000
636,A068400,SK兄斗朝,20190125,12350,12500,12250,12500,84219,026,22146000
637,A068400,SK兄斗朝,20190124,12300,12450,12150,12400,220194,026,22146000
638,A068400,SK兄斗朝,20190123,12250,12600,12250,12300,91522,026,22146000
639,A068400,SK兄斗朝,20190122,12150,12450,12050,12350,103767,026,22146000
640,A068400,SK兄斗朝,20190121,12250,12400,12100,12200,70741,026,22146000
641,A068400,SK兄斗朝,20190118,12250,12400,11950,12150,183114,026,22146000
642,A068400,SK兄斗朝,20190117,12700,12700,12250,12250,162392,026,22146000
643,A068400,SK兄斗朝,20190116,12650,12800,12500,12650,107693,026,22146000
644,A068400,SK兄斗朝,20190115,12700,12850,12400,12700,156171,026,22146000
645,A068400,SK兄斗朝,20190114,12950,12950,12450,12600,114188,026,22146000
646,A068400,SK兄斗朝,20190111,12900,13100,12700,12950,70212,026,22146000
647,A068400,SK兄斗朝,20190110,13100,13100,12800,12850,73785,026,22146000
648,A068400,SK兄斗朝,20190109,12800,13100,12800,13000,207978,026,22146000
649,A068400,SK兄斗朝,20190108,12500,12950,12350,12650,178815,026,22146000
650,A068400,SK兄斗朝,20190107,12700,12700,12300,12500,89306,026,22146000
651,A068400,SK兄斗朝,20190104,12300,12450,12100,12350,143153,026,22146000
652,A068400,SK兄斗朝,20190103,12750,12750,12100,12250,180858,026,22146000
653,A068400,SK兄斗朝,20190102,12750,12950,12250,12350,216698,026,22146000
654,A068400,SK兄斗朝,20181228,12250,12550,12150,12300,112675,026,22146000
655,A068400,SK兄斗朝,20181227,12200,12750,12150,12200,188812,026,22146000
656,A068400,SK兄斗朝,20181226,11700,12250,11700,12100,277397,026,22146000
657,A068400,SK兄斗朝,20181224,11650,12050,11450,12000,154765,026,22146000
658,A068400,SK兄斗朝,20181221,11500,11850,11350,11650,188021,026,22146000
659,A068400,SK兄斗朝,20181220,11800,12100,11500,11600,201556,026,22146000
660,A068400,SK兄斗朝,20181219,11850,12050,11800,12000,118484,026,22146000
661,A068400,SK兄斗朝,20181218,11900,12400,11800,11800,160012,026,22146000
662,A068400,SK兄斗朝,20181217,12350,12400,12000,12050,184546,026,22146000
663,A068400,SK兄斗朝,20181214,12900,12900,12400,12550,112488,026,22146000
664,A068400,SK兄斗朝,20181213,13300,13350,12650,12850,154212,026,22146000
665,A068400,SK兄斗朝,20181212,12650,13150,12450,13150,213365,026,22146000
666,A068400,SK兄斗朝,20181211,13100,13100,12500,12550,206669,026,22146000
667,A068400,SK兄斗朝,20181210,12900,13200,12750,13000,206925,026,22146000
668,A068400,SK兄斗朝,20181207,13250,13550,12450,13100,497586,026,22146000
669,A068400,SK兄斗朝,20181206,13300,13550,12950,13250,172069,026,22146000
670,A068400,SK兄斗朝,20181205,13300,13650,13250,13400,101604,026,22146000
671,A068400,SK兄斗朝,20181204,13900,14000,13550,13650,191218,026,22146000
672,A068400,SK兄斗朝,20181203,14000,14300,13650,13900,268227,026,22146000
673,A068400,SK兄斗朝,20181130,13750,14100,13450,13900,251189,026,22146000
674,A068400,SK兄斗朝,20181129,14050,14250,13550,13650,330507,026,22146000
675,A068400,SK兄斗朝,20181128,13700,14200,13650,14000,351087,026,22146000
676,A068400,SK兄斗朝,20181127,14300,14400,13550,13550,283471,026,22146000
677,A068400,SK兄斗朝,20181126,13800,14200,13600,14200,335108,026,22146000
678,A068400,SK兄斗朝,20181123,13950,14200,13550,13600,231502,026,22146000
679,A068400,SK兄斗朝,20181122,14450,14550,13700,13950,300032,026,22146000
680,A068400,SK兄斗朝,20181121,14100,14500,13750,14500,308287,026,22146000
681,A068400,SK兄斗朝,20181120,13750,14700,13550,14300,458902,026,22146000
682,A068400,SK兄斗朝,20181119,13200,14150,13100,13900,363694,026,22146000
683,A068400,SK兄斗朝,20181116,13750,14200,13150,13300,458516,026,22146000
684,A068400,SK兄斗朝,20181115,12250,13700,11950,13650,772710,026,22146000
685,A068400,SK兄斗朝,20181114,12300,12700,12100,12450,407208,026,22146000
686,A068400,SK兄斗朝,20181113,12200,12450,11750,12400,278357,026,22146000
687,A068400,SK兄斗朝,20181112,12150,12800,12100,12400,710930,026,22146000
688,A068400,SK兄斗朝,20181109,10750,12200,10600,12050,819602,026,22146000
689,A068400,SK兄斗朝,20181108,10400,10750,10350,10600,358294,026,22146000
690,A068400,SK兄斗朝,20181107,10900,11200,10050,10200,719219,026,22146000
691,A068400,SK兄斗朝,20181106,11250,11250,10750,10900,154804,026,22146000
692,A068400,SK兄斗朝,20181105,11200,11300,10700,11150,129869,026,22146000
693,A068400,SK兄斗朝,20181102,10850,11250,10850,11100,128798,026,22146000
694,A068400,SK兄斗朝,20181101,10900,11250,10700,10800,237183,026,22146000
695,A068400,SK兄斗朝,20181031,10600,10850,10300,10700,156844,026,22146000
696,A068400,SK兄斗朝,20181030,9550,10800,9550,10600,448933,026,22146000
697,A068400,SK兄斗朝,20181029,10400,10700,9900,9980,238277,026,22146000
698,A068400,SK兄斗朝,20181026,11300,11400,10200,10400,558292,026,22146000
699,A068400,SK兄斗朝,20181025,11450,11650,10700,11050,736308,026,22146000
700,A068400,SK兄斗朝,20181024,12450,12700,11650,11900,267887,026,22146000
701,A068400,SK兄斗朝,20181023,13050,13250,12250,12400,265994,026,22146000
702,A068400,SK兄斗朝,20181022,13100,13350,13000,13050,100232,026,22146000
703,A068400,SK兄斗朝,20181019,13350,13400,13050,13300,220012,026,22146000
704,A068400,SK兄斗朝,20181018,14100,14100,13550,13550,137975,026,22146000
705,A068400,SK兄斗朝,20181017,13950,14450,13450,14000,345842,026,22146000
706,A068400,SK兄斗朝,20181016,13250,13900,13150,13850,321556,026,22146000
707,A068400,SK兄斗朝,20181015,12850,13300,12550,12950,345146,026,22146000
708,A068400,SK兄斗朝,20181012,12800,13100,12550,12900,218552,026,22146000
709,A068400,SK兄斗朝,20181011,12550,13250,12400,12850,494066,026,22146000
710,A068400,SK兄斗朝,20181010,14800,14850,13200,13400,544061,026,22146000
711,A068400,SK兄斗朝,20181008,13800,14950,13550,14750,765963,026,22146000
712,A068400,SK兄斗朝,20181005,12800,13850,12800,13700,585102,026,22146000
713,A068400,SK兄斗朝,20181004,13400,13450,12700,12800,290385,026,22146000
714,A068400,SK兄斗朝,20181002,13450,13600,13250,13300,301429,026,22146000
715,A068400,SK兄斗朝,20181001,13500,13700,13350,13450,409469,026,22146000
716,A068400,SK兄斗朝,20180928,14150,14150,13150,13500,862202,026,22146000
717,A068400,SK兄斗朝,20180927,15100,15300,13700,14050,1885571,026,22146000
718,A068400,SK兄斗朝,20180921,16650,17100,14500,15750,2477995,026,22146000
719,A068400,SK兄斗朝,20180920,16150,16900,16150,16200,699149,026,22146000
720,A068400,SK兄斗朝,20180919,16650,16650,14800,16200,1483730,026,22146000
721,A068400,SK兄斗朝,20180918,15950,16600,15750,16500,1066936,026,22146000
722,A068400,SK兄斗朝,20180917,15150,16000,15150,15800,626451,026,22146000
723,A068400,SK兄斗朝,20180914,14500,15250,14450,15000,827446,026,22146000
724,A068400,SK兄斗朝,20180913,14300,14600,14000,14150,292357,026,22146000
725,A068400,SK兄斗朝,20180912,14000,14450,13950,14200,186687,026,22146000
726,A068400,SK兄斗朝,20180911,14250,14550,13600,14000,358577,026,22146000
727,A068400,SK兄斗朝,20180910,14800,15100,14200,14300,497529,026,22146000
728,A068400,SK兄斗朝,20180907,14050,14750,14050,14600,470376,026,22146000
729,A068400,SK兄斗朝,20180906,14050,14300,13750,14050,234810,026,22146000
730,A068400,SK兄斗朝,20180905,13650,14100,13250,13950,277047,026,22146000
731,A068400,SK兄斗朝,20180904,13850,14050,13250,13600,226050,026,22146000
732,A068400,SK兄斗朝,20180903,13800,13950,13600,13700,167941,026,22146000
733,A068400,SK兄斗朝,20180831,13200,14000,13200,13700,457454,026,22146000
734,A068400,SK兄斗朝,20180830,13000,13400,12950,13200,132940,026,22146000
735,A068400,SK兄斗朝,20180829,13200,13300,12800,12950,171388,026,22146000
736,A068400,SK兄斗朝,20180828,13300,13300,13050,13250,113237,026,22146000
737,A068400,SK兄斗朝,20180827,12900,13300,12850,13200,267106,026,22146000
738,A068400,SK兄斗朝,20180824,12900,13050,12650,12900,166053,026,22146000
739,A068400,SK兄斗朝,20180823,12500,13100,12500,12850,266380,026,22146000
740,A068400,SK兄斗朝,20180822,12450,12550,12350,12450,98107,026,22146000
741,A068400,SK兄斗朝,20180821,12300,12550,12300,12500,81242,026,22146000
742,A068400,SK兄斗朝,20180820,12300,12600,12100,12300,222725,026,22146000
743,A068400,SK兄斗朝,20180817,12050,12200,12050,12100,106154,026,22146000
744,A068400,SK兄斗朝,20180816,12050,12250,11650,12150,226560,026,22146000
745,A068400,SK兄斗朝,20180814,11300,12200,11250,12100,440982,026,22146000
746,A068400,SK兄斗朝,20180813,12200,12250,11100,11300,332119,026,22146000
747,A068400,SK兄斗朝,20180810,12100,12200,11950,12100,186888,026,22146000
748,A068400,SK兄斗朝,20180809,11850,12300,11850,12000,203641,026,22146000
749,A068400,SK兄斗朝,20180808,11700,12350,11700,11900,403677,026,22146000
750,A068400,SK兄斗朝,20180807,11400,11800,11400,11750,116619,026,22146000
751,A068400,SK兄斗朝,20180806,11500,11700,11400,11400,72176,026,22146000
752,A068400,SK兄斗朝,20180803,11450,11800,11300,11550,107779,026,22146000
753,A068400,SK兄斗朝,20180802,11400,12000,11400,11450,270968,026,22146000
754,A068400,SK兄斗朝,20180801,11350,11800,11350,11500,383421,026,22146000
755,A068400,SK兄斗朝,20180731,11350,11550,11150,11400,278209,026,22146000
756,A068400,SK兄斗朝,20180730,10750,11350,10500,11200,347619,026,22146000
757,A068400,SK兄斗朝,20180727,10200,10800,10200,10800,251224,026,22146000
758,A068400,SK兄斗朝,20180726,10150,10500,10100,10300,212200,026,22146000
759,A068400,SK兄斗朝,20180725,10200,10200,9960,10050,134669,026,22146000
760,A068400,SK兄斗朝,20180724,9750,10300,9750,10150,177417,026,22146000
761,A068400,SK兄斗朝,20180723,9990,10050,9700,9780,78209,026,22146000
762,A068400,SK兄斗朝,20180720,9730,10100,9720,10000,89484,026,22146000
763,A068400,SK兄斗朝,20180719,10050,10100,9770,9850,75533,026,22146000
764,A068400,SK兄斗朝,20180718,10100,10250,9990,10050,100152,026,22146000
765,A068400,SK兄斗朝,20180717,10200,10250,10000,10100,72533,026,22146000
766,A068400,SK兄斗朝,20180716,10200,10300,10000,10150,97914,026,22146000
767,A068400,SK兄斗朝,20180713,9940,10250,9940,10200,99502,026,22146000
768,A068400,SK兄斗朝,20180712,9900,9970,9790,9910,93915,026,22146000
769,A068400,SK兄斗朝,20180711,10100,10100,9780,9900,85250,026,22146000
770,A068400,SK兄斗朝,20180710,9490,10150,9490,10050,200940,026,22146000
771,A068400,SK兄斗朝,20180709,9530,9570,9360,9380,97351,026,22146000
772,A068400,SK兄斗朝,20180706,9310,9570,9250,9530,193351,026,22146000
773,A068400,SK兄斗朝,20180705,9850,9930,9140,9250,401538,026,22146000
774,A068400,SK兄斗朝,20180704,9730,9990,9700,9840,112484,026,22146000
775,A068400,SK兄斗朝,20180703,10000,10100,9680,9900,251298,026,22146000
776,A068400,SK兄斗朝,20180702,10450,10500,9920,10100,186209,026,22146000
777,A068400,SK兄斗朝,20180629,10050,10500,9980,10450,154274,026,22146000
778,A068400,SK兄斗朝,20180628,10400,10500,10000,10050,304104,026,22146000
779,A068400,SK兄斗朝,20180627,10650,10700,10450,10500,101758,026,22146000
780,A068400,SK兄斗朝,20180626,10500,10700,10400,10650,141966,026,22146000
781,A068400,SK兄斗朝,20180625,10450,10800,10450,10800,68412,026,22146000
782,A068400,SK兄斗朝,20180622,10600,10650,10300,10550,245365,026,22146000
783,A068400,SK兄斗朝,20180621,11000,11100,10600,10650,207015,026,22146000
784,A068400,SK兄斗朝,20180620,10750,11100,10750,11050,141763,026,22146000
785,A068400,SK兄斗朝,20180619,11350,11550,10650,10850,184798,026,22146000
786,A068400,SK兄斗朝,20180618,12050,12200,11300,11300,216454,026,22146000
787,A068400,SK兄斗朝,20180615,12300,12300,11850,12050,140100,026,22146000
788,A068400,SK兄斗朝,20180614,11600,12250,11500,12150,337405,026,22146000
789,A068400,SK兄斗朝,20180612,11700,11900,11650,11750,182306,026,22146000
790,A068400,SK兄斗朝,20180611,11700,11750,11500,11700,109427,026,22146000
791,A068400,SK兄斗朝,20180608,11600,11700,11500,11700,124960,026,22146000
792,A068400,SK兄斗朝,20180607,11550,11650,11400,11500,112542,026,22146000
793,A068400,SK兄斗朝,20180605,11600,11800,11400,11550,143652,026,22146000
794,A068400,SK兄斗朝,20180604,11800,11850,11450,11600,163771,026,22146000
795,A068400,SK兄斗朝,20180601,11250,11950,11250,11800,307001,026,22146000
796,A068400,SK兄斗朝,20180531,11600,11700,11300,11400,109479,026,22146000
797,A068400,SK兄斗朝,20180530,11700,11750,11250,11550,238458,026,22146000
798,A068400,SK兄斗朝,20180529,11800,12000,11650,11750,172594,026,22146000
799,A068400,SK兄斗朝,20180528,11550,12000,11400,11950,224247,026,22146000
800,A068400,SK兄斗朝,20180525,11800,11950,11350,11600,376385,026,22146000
801,A068400,SK兄斗朝,20180524,11950,12150,11650,12000,296375,026,22146000
802,A068400,SK兄斗朝,20180523,12350,12450,11600,11850,579780,026,22146000
803,A068400,SK兄斗朝,20180521,12850,13000,12250,12400,408958,026,22146000
804,A068400,SK兄斗朝,20180518,12700,12850,12650,12750,169176,026,22146000
805,A068400,SK兄斗朝,20180517,12850,13250,12650,12850,449608,026,22146000
806,A068400,SK兄斗朝,20180516,13400,13400,12650,12700,468487,026,22146000
807,A068400,SK兄斗朝,20180515,13650,13950,13350,13450,224193,026,22146000
808,A068400,SK兄斗朝,20180514,13700,13800,13300,13550,300277,026,22146000
809,A068400,SK兄斗朝,20180511,14150,14300,13650,13650,260088,026,22146000
810,A068400,SK兄斗朝,20180510,14000,14200,13800,14100,178166,026,22146000
811,A068400,SK兄斗朝,20180509,14500,14600,13650,13900,419810,026,22146000
812,A068400,SK兄斗朝,20180508,14650,14900,14400,14500,295263,026,22146000
813,A068400,SK兄斗朝,20180504,14450,14850,14350,14550,516280,026,22146000
814,A068400,SK兄斗朝,20180503,13950,14600,13500,14500,685111,026,22146000
815,A068400,SK兄斗朝,20180502,13400,13850,13300,13750,266757,026,22146000
816,A068400,SK兄斗朝,20180430,14150,14250,13400,13550,394744,026,22146000
817,A068400,SK兄斗朝,20180427,14000,14250,13700,14100,224760,026,22146000
818,A068400,SK兄斗朝,20180426,14250,14400,13650,14000,520806,026,22146000
819,A068400,SK兄斗朝,20180425,14700,15000,13900,14150,700827,026,22146000
820,A068400,SK兄斗朝,20180424,14700,15250,14550,14750,633159,026,22146000
821,A068400,SK兄斗朝,20180423,14750,15100,14350,14700,898859,026,22146000
822,A068400,SK兄斗朝,20180420,14200,15350,14150,14650,1980010,026,22146000
823,A068400,SK兄斗朝,20180419,13300,14500,13200,14200,1902935,026,22146000
824,A068400,SK兄斗朝,20180418,13100,13400,12700,13350,655658,026,22146000
825,A068400,SK兄斗朝,20180417,13450,13750,12600,12850,1212140,026,22146000
826,A068400,SK兄斗朝,20180416,12750,13600,12600,13450,954205,026,22146000
827,A068400,SK兄斗朝,20180413,12850,12850,12400,12750,208740,026,22146000
828,A068400,SK兄斗朝,20180412,13000,13300,12750,12900,352278,026,22146000
829,A068400,SK兄斗朝,20180411,12250,13200,12000,13050,705971,026,22146000
830,A068400,SK兄斗朝,20180410,12450,12550,12000,12250,383524,026,22146000
831,A068400,SK兄斗朝,20180409,12800,13100,12200,12450,438312,026,22146000
832,A068400,SK兄斗朝,20180406,13000,13350,12800,12950,366388,026,22146000
833,A068400,SK兄斗朝,20180405,12700,13050,12600,13050,359748,026,22146000
834,A068400,SK兄斗朝,20180404,13250,13300,12450,12550,418833,026,22146000
835,A068400,SK兄斗朝,20180403,12750,13350,12600,13100,423342,026,22146000
836,A068400,SK兄斗朝,20180402,13000,13200,12800,13000,463687,026,22146000
837,A068400,SK兄斗朝,20180330,12800,13250,12600,12900,855622,026,22146000
838,A068400,SK兄斗朝,20180329,11450,13400,11450,12700,2347879,026,22146000
839,A068400,SK兄斗朝,20180328,11200,11550,11100,11450,244806,026,22146000
840,A068400,SK兄斗朝,20180327,11500,11500,11200,11350,153613,026,22146000
841,A068400,SK兄斗朝,20180326,10900,11400,10800,11350,263389,026,22146000
842,A068400,SK兄斗朝,20180323,11000,11300,10800,10850,326250,026,22146000
843,A068400,SK兄斗朝,20180322,11350,11600,11300,11350,219429,026,22146000
844,A068400,SK兄斗朝,20180321,12100,12150,11300,11300,717656,026,22146000
845,A068400,SK兄斗朝,20180320,11950,12300,11850,12100,220553,026,22146000
846,A068400,SK兄斗朝,20180319,12700,12750,12100,12150,385293,026,22146000
847,A068400,SK兄斗朝,20180316,12250,12750,12150,12650,406704,026,22146000
848,A068400,SK兄斗朝,20180315,12250,12400,12000,12200,433559,026,22146000
849,A068400,SK兄斗朝,20180314,11250,12250,11250,12250,806654,026,22146000
850,A068400,SK兄斗朝,20180313,11350,11350,11200,11350,136489,026,22146000
851,A068400,SK兄斗朝,20180312,11150,11400,11150,11350,198110,026,22146000
852,A068400,SK兄斗朝,20180309,11150,11400,11000,11150,188353,026,22146000
853,A068400,SK兄斗朝,20180308,10650,11100,10600,11100,214840,026,22146000
854,A068400,SK兄斗朝,20180307,10800,10900,10600,10600,141591,026,22146000
855,A068400,SK兄斗朝,20180306,10750,10800,10600,10800,78396,026,22146000
856,A068400,SK兄斗朝,20180305,10800,10800,10500,10650,102581,026,22146000
857,A068400,SK兄斗朝,20180302,10700,10850,10550,10700,96951,026,22146000
858,A068400,SK兄斗朝,20180228,10800,11000,10500,10900,179818,026,22146000
859,A068400,SK兄斗朝,20180227,10950,11150,10750,10950,147807,026,22146000
860,A068400,SK兄斗朝,20180226,11250,11400,10850,10850,174121,026,22146000
861,A068400,SK兄斗朝,20180223,11200,11500,11150,11200,130170,026,22146000
862,A068400,SK兄斗朝,20180222,11950,11950,11100,11200,307366,026,22146000
863,A068400,SK兄斗朝,20180221,11100,11500,11050,11400,150703,026,22146000
864,A068400,SK兄斗朝,20180220,10900,11400,10850,11100,313752,026,22146000
865,A068400,SK兄斗朝,20180219,10800,10950,10800,10850,155337,026,22146000
866,A068400,SK兄斗朝,20180214,10400,10700,10350,10700,183490,026,22146000
867,A068400,SK兄斗朝,20180213,10800,10850,10350,10400,279821,026,22146000
868,A068400,SK兄斗朝,20180212,11050,11100,10600,10650,242019,026,22146000
869,A068400,SK兄斗朝,20180209,10700,11000,10650,10850,226124,026,22146000
870,A068400,SK兄斗朝,20180208,10800,11200,10550,11050,296607,026,22146000
871,A068400,SK兄斗朝,20180207,11350,11600,10750,10800,447313,026,22146000
872,A068400,SK兄斗朝,20180206,10800,11200,10400,11050,629811,026,22146000
873,A068400,SK兄斗朝,20180205,11450,11800,11200,11300,416965,026,22146000
874,A068400,SK兄斗朝,20180202,12300,12350,11600,11800,566800,026,22146000
875,A068400,SK兄斗朝,20180201,12400,12500,12250,12300,238928,026,22146000
876,A068400,SK兄斗朝,20180131,12500,12750,12300,12350,535177,026,22146000
877,A068400,SK兄斗朝,20180130,11800,12800,11750,12600,1170319,026,22146000
878,A068400,SK兄斗朝,20180129,11950,12150,11650,11800,815077,026,22146000
879,A068400,SK兄斗朝,20180126,11350,12050,11300,11800,810302,026,22146000
880,A068400,SK兄斗朝,20180125,11250,11650,11050,11350,588698,026,22146000
881,A068400,SK兄斗朝,20180124,11050,11400,10650,11200,695151,026,22146000
882,A068400,SK兄斗朝,20180123,10650,11000,10550,11000,307303,026,22146000
883,A068400,SK兄斗朝,20180122,10750,10900,10550,10650,303481,026,22146000
884,A068400,SK兄斗朝,20180119,10950,11150,10800,10850,519538,026,22146000
885,A068400,SK兄斗朝,20180118,10600,11000,10450,10900,705547,026,22146000
886,A068400,SK兄斗朝,20180117,10850,11050,10450,10650,1137542,026,22146000
887,A068400,SK兄斗朝,20180116,10100,10650,10000,10650,992652,026,22146000
888,A068400,SK兄斗朝,20180115,9960,10300,9860,10050,279758,026,22146000
889,A068400,SK兄斗朝,20180112,10000,10050,9810,9960,399845,026,22146000
890,A068400,SK兄斗朝,20180111,10000,10050,9930,10000,299053,026,22146000
891,A068400,SK兄斗朝,20180110,10150,10150,9960,10000,369971,026,22146000
892,A068400,SK兄斗朝,20180109,10100,10200,9940,10100,429222,026,22146000
893,A068400,SK兄斗朝,20180108,10200,10200,9990,10050,321056,026,22146000
894,A068400,SK兄斗朝,20180105,10100,10300,10000,10200,566565,026,22146000
895,A068400,SK兄斗朝,20180104,10150,10250,10000,10100,321320,026,22146000
896,A068400,SK兄斗朝,20180103,10200,10200,9980,10100,256237,026,22146000
897,A068400,SK兄斗朝,20180102,10000,10200,9860,10200,320313,026,22146000
898,A068400,SK兄斗朝,20171228,9830,10100,9790,9910,357703,026,22146000
899,A068400,SK兄斗朝,20171227,9610,9970,9610,9880,312405,026,22146000
900,A068400,SK兄斗朝,20171226,9820,9870,9630,9640,387042,026,22146000
901,A068400,SK兄斗朝,20171222,9500,9920,9470,9800,510208,026,22146000
902,A068400,SK兄斗朝,20171221,9940,10000,9620,9660,981969,026,22146000
903,A068400,SK兄斗朝,20171220,10400,10450,9960,10050,1127924,026,22146000
904,A068400,SK兄斗朝,20171219,10500,10650,10100,10450,1120545,026,22146000
905,A068400,SK兄斗朝,20171218,11050,11050,10550,10600,1081695,026,22146000
906,A068400,SK兄斗朝,20171215,11000,11300,10700,11050,1492625,026,22146000
907,A068400,SK兄斗朝,20171214,11200,11250,10750,10950,2081829,026,22146000
908,A068400,SK兄斗朝,20171213,11850,11900,10550,10950,7773885,026,22146000
909,A068400,SK兄斗朝,20171212,18250,18500,14050,14050,4599465,026,22146000
910,A068400,SK兄斗朝,20171211,20250,21850,19850,20050,988636,026,22146000
911,A068400,SK兄斗朝,20171208,19500,22000,18750,19950,911155,026,22146000
912,A068400,SK兄斗朝,20171207,18900,20100,18850,19050,772041,026,22146000
913,A068400,SK兄斗朝,20171206,18550,19100,18300,18850,432727,026,22146000
914,A068400,SK兄斗朝,20171205,18350,19100,17800,18800,525879,026,22146000
915,A068400,SK兄斗朝,20171204,18850,19500,17650,18300,1774526,026,22146000
916,A068400,SK兄斗朝,20171201,16650,18350,16550,17550,1517159,026,22146000
917,A068400,SK兄斗朝,20171130,16600,16950,16450,16700,197455,026,22146000
918,A068400,SK兄斗朝,20171129,16600,17150,16400,16750,268263,026,22146000
919,A068400,SK兄斗朝,20171128,17400,17450,16500,16600,379049,026,22146000
920,A068400,SK兄斗朝,20171127,18150,18150,17100,17500,490200,026,22146000
921,A068400,SK兄斗朝,20171124,16700,18400,16700,18050,707095,026,22146000
922,A068400,SK兄斗朝,20171123,16800,16900,16400,16650,192389,026,22146000
923,A068400,SK兄斗朝,20171122,16800,17200,16200,16750,469018,026,22146000
924,A068400,SK兄斗朝,20171121,16900,17050,16300,16750,250564,026,22146000
925,A068400,SK兄斗朝,20171120,17350,17600,16500,16900,403838,026,22146000
926,A068400,SK兄斗朝,20171117,17450,17500,16950,17200,311858,026,22146000
927,A068400,SK兄斗朝,20171116,15650,17500,15500,17450,875045,026,22146000
928,A068400,SK兄斗朝,20171115,15350,15650,14900,15650,417664,026,22146000
929,A068400,SK兄斗朝,20171114,15600,15600,14650,15350,384217,026,22146000
930,A068400,SK兄斗朝,20171113,15300,15950,15300,15600,521408,026,22146000
931,A068400,SK兄斗朝,20171110,15050,15550,14900,15450,340630,026,22146000
932,A068400,SK兄斗朝,20171109,15100,15250,14650,15150,316799,026,22146000
933,A068400,SK兄斗朝,20171108,14900,15300,14800,15100,380511,026,22146000
934,A068400,SK兄斗朝,20171107,14750,15100,14500,14900,279286,026,22146000
935,A068400,SK兄斗朝,20171106,14650,15300,14450,14750,571686,026,22146000
936,A068400,SK兄斗朝,20171103,14650,14750,14100,14600,389900,026,22146000
937,A068400,SK兄斗朝,20171102,14600,15350,14100,14600,1191264,026,22146000
938,A068400,SK兄斗朝,20171101,13100,15000,12850,14650,1501963,026,22146000
939,A068400,SK兄斗朝,20171031,12800,13550,12350,12950,1111445,026,22146000
940,A068400,SK兄斗朝,20171030,12200,12250,11900,12100,196029,026,22146000
941,A068400,SK兄斗朝,20171027,12300,12300,11900,12200,240129,026,22146000
942,A068400,SK兄斗朝,20171026,12150,12300,11900,12200,192862,026,22146000
943,A068400,SK兄斗朝,20171025,12450,12450,12100,12100,242644,026,22146000
944,A068400,SK兄斗朝,20171024,12700,12850,12250,12450,335452,026,22146000
945,A068400,SK兄斗朝,20171023,12750,12900,12650,12750,118125,026,22146000
946,A068400,SK兄斗朝,20171020,12750,13050,12450,12750,287718,026,22146000
947,A068400,SK兄斗朝,20171019,12600,12650,12300,12600,226764,026,22146000
948,A068400,SK兄斗朝,20171018,12600,12800,12200,12650,295655,026,22146000
949,A068400,SK兄斗朝,20171017,13300,13300,12500,12850,307146,026,22146000
950,A068400,SK兄斗朝,20171016,13550,13550,12850,13200,263960,026,22146000
951,A068400,SK兄斗朝,20171013,14150,14300,13250,13550,408627,026,22146000
952,A068400,SK兄斗朝,20171012,13450,13950,13250,13950,529411,026,22146000
953,A068400,SK兄斗朝,20171011,13350,13600,13000,13450,368144,026,22146000
954,A068400,SK兄斗朝,20171010,13200,13600,13150,13450,471241,026,22146000
955,A068400,SK兄斗朝,20170929,12650,13200,12600,13050,230182,026,22146000
956,A068400,SK兄斗朝,20170928,12650,12750,12350,12650,208415,026,22146000
957,A068400,SK兄斗朝,20170927,12800,13050,12500,12650,302705,026,22146000
958,A068400,SK兄斗朝,20170926,12300,13200,12300,12850,356519,026,22146000
959,A068400,SK兄斗朝,20170925,12500,12650,12050,12550,338233,026,22146000
960,A068400,SK兄斗朝,20170922,12500,12800,12050,12700,399090,026,22146000
961,A068400,SK兄斗朝,20170921,13500,13500,12350,12850,543803,026,22146000
962,A068400,SK兄斗朝,20170920,13400,13800,12900,13300,673528,026,22146000
963,A068400,SK兄斗朝,20170919,12500,13500,12450,13350,794251,026,22146000
964,A068400,SK兄斗朝,20170918,12500,12900,12250,12500,530203,026,22146000
965,A068400,SK兄斗朝,20170915,11250,13200,11150,12300,1001179,026,22146000
966,A068400,SK兄斗朝,20170914,11000,11300,10900,11250,153662,026,22146000
967,A068400,SK兄斗朝,20170913,11000,11100,10900,11100,114704,026,22146000
968,A068400,SK兄斗朝,20170912,10950,11500,10850,11150,254547,026,22146000
969,A068400,SK兄斗朝,20170911,11200,11350,10700,11000,329043,026,22146000
970,A068400,SK兄斗朝,20170908,11300,11450,11150,11200,62321,026,22146000
971,A068400,SK兄斗朝,20170907,11450,11550,11300,11350,80299,026,22146000
972,A068400,SK兄斗朝,20170906,11450,11550,11250,11450,103950,026,22146000
973,A068400,SK兄斗朝,20170905,11400,11550,11050,11450,131907,026,22146000
974,A068400,SK兄斗朝,20170904,11150,11450,11050,11400,108541,026,22146000
975,A068400,SK兄斗朝,20170901,11150,11650,11150,11450,228372,026,22146000
976,A068400,SK兄斗朝,20170831,11350,11350,11050,11100,69805,026,22146000
977,A068400,SK兄斗朝,20170830,10750,11400,10750,11300,202421,026,22146000
978,A068400,SK兄斗朝,20170829,10800,10850,10650,10750,44004,026,22146000
979,A068400,SK兄斗朝,20170828,10550,10900,10500,10850,89527,026,22146000
980,A068400,SK兄斗朝,20170825,10500,10650,10300,10500,130035,026,22146000
981,A068400,SK兄斗朝,20170824,10400,10850,10300,10550,182637,026,22146000
982,A068400,SK兄斗朝,20170823,10750,10750,10300,10450,136366,026,22146000
983,A068400,SK兄斗朝,20170822,10600,10700,10450,10650,107798,026,22146000
984,A068400,SK兄斗朝,20170821,10800,10900,10500,10550,152064,026,22146000
985,A068400,SK兄斗朝,20170818,10950,11150,10750,10850,125372,026,22146000
986,A068400,SK兄斗朝,20170817,11300,11550,11050,11150,172175,026,22146000
987,A068400,SK兄斗朝,20170816,11250,11600,11150,11150,236592,026,22146000
988,A068400,SK兄斗朝,20170814,11350,11450,11050,11050,133982,026,22146000
989,A068400,SK兄斗朝,20170811,11000,11700,11000,11350,261665,026,22146000
990,A068400,SK兄斗朝,20170810,11300,11500,10900,11300,176134,026,22146000
991,A068400,SK兄斗朝,20170809,11400,11800,11250,11350,159535,026,22146000
992,A068400,SK兄斗朝,20170808,11300,11800,11200,11600,162854,026,22146000
993,A068400,SK兄斗朝,20170807,11300,11600,11250,11400,129495,026,22146000
994,A068400,SK兄斗朝,20170804,10700,11700,10600,11250,381230,026,22146000
995,A068400,SK兄斗朝,20170803,10800,10950,10450,10850,158839,026,22146000
996,A068400,SK兄斗朝,20170802,10850,10850,10650,10750,106447,026,22146000
997,A068400,SK兄斗朝,20170801,10000,10950,9970,10800,413482,026,22146000
998,A068400,SK兄斗朝,20170731,10200,10250,9900,10100,215375,026,22146000
999,A068400,SK兄斗朝,20170728,10350,10500,10050,10100,189165,026,22146000
1000,A068400,SK兄斗朝,20170727,10450,10450,10150,10400,92848,026,22146000
1001,A068400,SK兄斗朝,20170726,10350,10500,10100,10450,310348,026,22146000
1002,A068400,SK兄斗朝,20170725,10500,10750,10100,10200,552519,026,22146000
1003,A068400,SK兄斗朝,20170724,11050,11200,10350,10450,549442,026,22146000
1004,A068400,SK兄斗朝,20170721,11200,11350,11100,11200,96104,026,22146000
1005,A068400,SK兄斗朝,20170720,11400,11400,11100,11200,193762,026,22146000
1006,A068400,SK兄斗朝,20170719,11600,11600,11200,11450,206164,026,22146000
1007,A068400,SK兄斗朝,20170718,11850,11950,11450,11600,135320,026,22146000
1008,A068400,SK兄斗朝,20170717,11550,11900,11500,11800,114351,026,22146000
1009,A068400,SK兄斗朝,20170714,11650,11800,11450,11500,106618,026,22146000
1010,A068400,SK兄斗朝,20170713,11900,12050,11600,11750,118725,026,22146000
1011,A068400,SK兄斗朝,20170712,11700,11950,11600,11900,136856,026,22146000
1012,A068400,SK兄斗朝,20170711,11150,11700,11150,11700,151829,026,22146000
1013,A068400,SK兄斗朝,20170710,11950,12000,11050,11250,308383,026,22146000
1014,A068400,SK兄斗朝,20170707,12200,12250,11900,12000,78156,026,22146000
1015,A068400,SK兄斗朝,20170706,12300,12450,12150,12250,70100,026,22146000
1016,A068400,SK兄斗朝,20170705,12000,12350,11850,12300,141849,026,22146000
1017,A068400,SK兄斗朝,20170704,12450,12450,11900,12000,198527,026,22146000
1018,A068400,SK兄斗朝,20170703,12600,12600,12350,12400,149374,026,22146000
1019,A068400,SK兄斗朝,20170630,12400,12650,12250,12600,188561,026,22146000
1020,A068400,SK兄斗朝,20170629,12250,12650,12200,12450,162349,026,22146000
1021,A068400,SK兄斗朝,20170628,12550,12650,12150,12350,250278,026,22146000
1022,A068400,SK兄斗朝,20170627,12300,12650,12200,12550,239217,026,22146000
1023,A068400,SK兄斗朝,20170626,11900,12350,11800,12250,214432,026,22146000
1024,A068400,SK兄斗朝,20170623,12000,12200,11700,12000,387402,026,22146000
1025,A068400,SK兄斗朝,20170622,12100,12100,11500,11700,442508,026,22146000
1026,A068400,SK兄斗朝,20170621,13950,14050,11550,11800,1963819,026,22146000
1027,A068400,SK兄斗朝,20170620,13100,13250,12800,12900,239364,026,22146000
1028,A068400,SK兄斗朝,20170619,13200,13400,12800,13200,210145,026,22146000
1029,A068400,SK兄斗朝,20170616,12950,13300,12600,13200,326153,026,22146000
1030,A068400,SK兄斗朝,20170615,12850,13150,12850,13000,363370,026,22146000
1031,A068400,SK兄斗朝,20170614,13400,13450,12750,12800,411020,026,22146000
1032,A068400,SK兄斗朝,20170613,13250,13650,13100,13350,387402,026,22146000
1033,A068400,SK兄斗朝,20170612,13550,13650,12700,13150,380195,026,22146000
1034,A068400,SK兄斗朝,20170609,13150,13750,13050,13450,541702,026,22146000
1035,A068400,SK兄斗朝,20170608,12850,13150,12650,13050,635891,026,22146000
1036,A068400,SK兄斗朝,20170607,12700,13000,12550,12800,322868,026,22146000
1037,A068400,SK兄斗朝,20170605,12450,12900,12400,12700,360789,026,22146000
1038,A068400,SK兄斗朝,20170602,11450,12650,11450,12650,669411,026,22146000
1039,A068400,SK兄斗朝,20170601,11500,11600,11100,11450,334926,026,22146000
1040,A068400,SK兄斗朝,20170531,11500,11700,11350,11550,282168,026,22146000
1041,A068400,SK兄斗朝,20170530,11150,11750,11100,11500,583565,026,22146000
1042,A068400,SK兄斗朝,20170529,11250,11300,10900,11100,273216,026,22146000
1043,A068400,SK兄斗朝,20170526,10900,11200,10600,11100,304460,026,22146000
1044,A068400,SK兄斗朝,20170525,10850,11150,10650,10800,393971,026,22146000
1045,A068400,SK兄斗朝,20170524,10800,10900,10500,10850,287581,026,22146000
1046,A068400,SK兄斗朝,20170523,10750,11050,10550,10700,260321,026,22146000
1047,A068400,SK兄斗朝,20170522,10850,10950,10700,10750,140568,026,22146000
1048,A068400,SK兄斗朝,20170519,11000,11150,10800,10800,196119,026,22146000
1049,A068400,SK兄斗朝,20170518,10450,11250,10450,11050,316216,026,22146000
1050,A068400,SK兄斗朝,20170517,10900,11000,10350,10700,410674,026,22146000
1051,A068400,SK兄斗朝,20170516,10900,11450,10750,10950,356863,026,22146000
1052,A068400,SK兄斗朝,20170515,11150,11350,10950,10950,141336,026,22146000
1053,A068400,SK兄斗朝,20170512,11100,11250,10850,11100,174057,026,22146000
1054,A068400,SK兄斗朝,20170511,11200,11300,11000,11150,177146,026,22146000
1055,A068400,SK兄斗朝,20170510,11300,11550,10950,11300,347919,026,22146000
1056,A068400,SK兄斗朝,20170508,11800,11900,11200,11200,330063,026,22146000
1057,A068400,SK兄斗朝,20170504,11850,11950,11700,11800,140512,026,22146000
1058,A068400,SK兄斗朝,20170502,11500,12150,11100,11850,618328,026,22146000
1059,A068400,SK兄斗朝,20170428,11850,11850,11150,11500,240021,026,22146000
1060,A068400,SK兄斗朝,20170427,11850,12050,11600,11850,223676,026,22146000
1061,A068400,SK兄斗朝,20170426,11850,12050,11700,11850,295223,026,22146000
1062,A068400,SK兄斗朝,20170425,11600,11950,11500,11950,318539,026,22146000
1063,A068400,SK兄斗朝,20170424,11400,11800,11350,11450,383413,026,22146000
1064,A068400,SK兄斗朝,20170421,11350,11400,11100,11300,158321,026,22146000
1065,A068400,SK兄斗朝,20170420,11700,11700,11250,11350,372500,026,22146000
1066,A068400,SK兄斗朝,20170419,10900,11750,10850,11700,530022,026,22146000
1067,A068400,SK兄斗朝,20170418,10700,11050,10500,10900,267614,026,22146000
1068,A068400,SK兄斗朝,20170417,10600,10850,10550,10700,114035,026,22146000
1069,A068400,SK兄斗朝,20170414,10700,10900,10550,10700,127422,026,22146000
1070,A068400,SK兄斗朝,20170413,11250,11300,10600,10750,316019,026,22146000
1071,A068400,SK兄斗朝,20170412,10600,11300,10450,11100,607818,026,22146000
1072,A068400,SK兄斗朝,20170411,10650,10750,10300,10600,269039,026,22146000
1073,A068400,SK兄斗朝,20170410,10800,10850,10250,10650,292863,026,22146000
1074,A068400,SK兄斗朝,20170407,10700,10950,10500,10800,194470,026,22146000
1075,A068400,SK兄斗朝,20170406,10850,10900,10500,10650,182396,026,22146000
1076,A068400,SK兄斗朝,20170405,11150,11150,10750,10900,158688,026,22146000
1077,A068400,SK兄斗朝,20170404,10850,11000,10650,11000,245147,026,22146000
1078,A068400,SK兄斗朝,20170403,10300,10900,10250,10850,500194,026,22146000
1079,A068400,SK兄斗朝,20170331,10300,10550,10150,10250,327416,026,22146000
1080,A068400,SK兄斗朝,20170330,10050,10400,10050,10300,333943,026,22146000
1081,A068400,SK兄斗朝,20170329,9800,10150,9790,10100,280904,026,22146000
1082,A068400,SK兄斗朝,20170328,9580,9930,9580,9750,241776,026,22146000
1083,A068400,SK兄斗朝,20170327,9510,9720,9400,9650,295749,026,22146000
1084,A068400,SK兄斗朝,20170324,9960,9960,9300,9500,691430,026,22146000
1085,A068400,SK兄斗朝,20170323,9730,10150,9680,9960,631446,026,22146000
1086,A068400,SK兄斗朝,20170322,9950,10050,9670,9670,300890,026,22146000
1087,A068400,SK兄斗朝,20170321,9670,10050,9640,10050,496941,026,22146000
1088,A068400,SK兄斗朝,20170320,9590,9750,9450,9640,233934,026,22146000
1089,A068400,SK兄斗朝,20170317,9940,9940,9600,9600,220915,026,22146000
1090,A068400,SK兄斗朝,20170316,9660,9940,9640,9910,485647,026,22146000
1091,A068400,SK兄斗朝,20170315,9560,9770,9460,9630,335635,026,22146000
1092,A068400,SK兄斗朝,20170314,9720,9780,9460,9610,376495,026,22146000
1093,A068400,SK兄斗朝,20170313,9890,10100,9610,9690,433966,026,22146000
1094,A068400,SK兄斗朝,20170310,9980,9990,9650,9780,283181,026,22146000
1095,A068400,SK兄斗朝,20170309,10150,10200,9850,9950,442411,026,22146000
1096,A068400,SK兄斗朝,20170308,10100,10250,9780,10150,953079,026,22146000
1097,A068400,SK兄斗朝,20170307,10600,10750,10100,10150,611413,026,22146000
1098,A068400,SK兄斗朝,20170306,10450,10750,10150,10450,801368,026,22146000
1099,A068400,SK兄斗朝,20170303,9650,10450,9480,10450,1259503,026,22146000
1100,A068400,SK兄斗朝,20170302,9600,9950,9520,9650,571145,026,22146000
1101,A068400,SK兄斗朝,20170228,8810,9760,8810,9640,1562794,026,22146000
1102,A068400,SK兄斗朝,20170227,8830,9030,8650,8870,253731,026,22146000
1103,A068400,SK兄斗朝,20170224,8710,8870,8610,8860,228341,026,22146000
1104,A068400,SK兄斗朝,20170223,8700,9020,8610,8790,488882,026,22146000
1105,A068400,SK兄斗朝,20170222,8550,8800,8510,8720,410740,026,22146000
1106,A068400,SK兄斗朝,20170221,8160,8550,8140,8550,376131,026,22146000
1107,A068400,SK兄斗朝,20170220,8140,8180,8090,8140,72129,026,22146000
1108,A068400,SK兄斗朝,20170217,8250,8250,8100,8140,240573,026,22146000
1109,A068400,SK兄斗朝,20170216,8200,8270,8140,8230,159260,026,22146000
1110,A068400,SK兄斗朝,20170215,8240,8350,8160,8200,202740,026,22146000
1111,A068400,SK兄斗朝,20170214,8240,8240,8160,8220,113082,026,22146000
1112,A068400,SK兄斗朝,20170213,8320,8390,8180,8260,135410,026,22146000
1113,A068400,SK兄斗朝,20170210,8170,8360,8170,8350,103294,026,22146000
1114,A068400,SK兄斗朝,20170209,8280,8280,8090,8200,143521,026,22146000
1115,A068400,SK兄斗朝,20170208,8540,8570,8230,8250,188032,026,22146000
1116,A068400,SK兄斗朝,20170207,8680,8680,8490,8550,83752,026,22146000
1117,A068400,SK兄斗朝,20170206,8580,8670,8460,8610,134220,026,22146000
1118,A068400,SK兄斗朝,20170203,8420,8700,8420,8520,172474,026,22146000
1119,A068400,SK兄斗朝,20170202,8810,8850,8460,8470,320887,026,22146000
1120,A068400,SK兄斗朝,20170201,8890,8970,8680,8850,205495,026,22146000
1121,A068400,SK兄斗朝,20170131,8870,9170,8870,8880,292495,026,22146000
1122,A068400,SK兄斗朝,20170126,8740,8950,8540,8890,483366,026,22146000
1123,A068400,SK兄斗朝,20170125,8280,8670,8280,8660,515098,026,22146000
1124,A068400,SK兄斗朝,20170124,8230,8300,8170,8300,196429,026,22146000
1125,A068400,SK兄斗朝,20170123,8360,8470,8210,8270,250367,026,22146000
1126,A068400,SK兄斗朝,20170120,8180,8320,8110,8320,216841,026,22146000
1127,A068400,SK兄斗朝,20170119,8140,8230,8050,8150,139108,026,22146000
1128,A068400,SK兄斗朝,20170118,8190,8250,8080,8140,113651,026,22146000
1129,A068400,SK兄斗朝,20170117,7990,8230,7990,8200,201503,026,22146000
1130,A068400,SK兄斗朝,20170116,8110,8160,8020,8030,112071,026,22146000
1131,A068400,SK兄斗朝,20170113,8050,8160,7940,8140,254733,026,22146000
1132,A068400,SK兄斗朝,20170112,8100,8180,7960,8000,203644,026,22146000
1133,A068400,SK兄斗朝,20170111,8250,8250,8070,8120,199786,026,22146000
1134,A068400,SK兄斗朝,20170110,8200,8270,8180,8210,142004,026,22146000
1135,A068400,SK兄斗朝,20170109,8440,8450,8220,8220,150090,026,22146000
1136,A068400,SK兄斗朝,20170106,8530,8530,8370,8400,151170,026,22146000
1137,A068400,SK兄斗朝,20170105,8330,8560,8330,8490,255224,026,22146000
1138,A068400,SK兄斗朝,20170104,8300,8360,8290,8310,169197,026,22146000
1139,A068400,SK兄斗朝,20170103,8290,8360,8260,8320,124893,026,22146000
1140,A068400,SK兄斗朝,20170102,8400,8410,8250,8330,93249,026,22146000
1141,A068400,SK兄斗朝,20161229,8440,8440,8330,8350,136140,026,22146000
1142,A068400,SK兄斗朝,20161228,8420,8490,8400,8470,92392,026,22146000
1143,A068400,SK兄斗朝,20161227,8410,8510,8400,8420,51565,026,22146000
1144,A068400,SK兄斗朝,20161226,8470,8470,8310,8400,84588,026,22146000
1145,A068400,SK兄斗朝,20161223,8370,8460,8310,8400,93215,026,22146000
1146,A068400,SK兄斗朝,20161222,8540,8550,8360,8360,114464,026,22146000
1147,A068400,SK兄斗朝,20161221,8750,8760,8490,8540,120748,026,22146000
1148,A068400,SK兄斗朝,20161220,8530,8830,8480,8760,181114,026,22146000
1149,A068400,SK兄斗朝,20161219,8600,8620,8500,8530,94345,026,22146000
1150,A068400,SK兄斗朝,20161216,8650,8710,8550,8630,87723,026,22146000
1151,A068400,SK兄斗朝,20161215,8580,8700,8480,8630,166650,026,22146000
1152,A068400,SK兄斗朝,20161214,8520,8660,8520,8590,123645,026,22146000
1153,A068400,SK兄斗朝,20161213,8550,8550,8400,8480,101676,026,22146000
1154,A068400,SK兄斗朝,20161212,8330,8520,8300,8490,128018,026,22146000
1155,A068400,SK兄斗朝,20161209,8300,8430,8240,8330,136441,026,22146000
1156,A068400,SK兄斗朝,20161208,8400,8530,8270,8330,134295,026,22146000
1157,A068400,SK兄斗朝,20161207,8420,8460,8300,8380,64022,026,22146000
1158,A068400,SK兄斗朝,20161206,8160,8440,8150,8420,116684,026,22146000
1159,A068400,SK兄斗朝,20161205,8270,8350,8150,8210,152840,026,22146000
1160,A068400,SK兄斗朝,20161202,8480,8480,8330,8360,57563,026,22146000
1161,A068400,SK兄斗朝,20161201,8540,8540,8310,8400,82867,026,22146000
1162,A068400,SK兄斗朝,20161130,8410,8520,8380,8460,73990,026,22146000
1163,A068400,SK兄斗朝,20161129,8460,8510,8390,8420,84223,026,22146000
1164,A068400,SK兄斗朝,20161128,8450,8560,8360,8460,87166,026,22146000
1165,A068400,SK兄斗朝,20161125,8380,8460,8340,8430,87522,026,22146000
1166,A068400,SK兄斗朝,20161124,8690,8750,8280,8380,282300,026,22146000
1167,A068400,SK兄斗朝,20161123,8950,8950,8730,8730,183922,026,22146000
1168,A068400,SK兄斗朝,20161122,8760,8960,8760,8950,150555,026,22146000
1169,A068400,SK兄斗朝,20161121,8970,8970,8810,8850,104969,026,22146000
1170,A068400,SK兄斗朝,20161118,9160,9160,8960,9000,100365,026,22146000
1171,A068400,SK兄斗朝,20161117,9080,9150,9060,9110,80139,026,22146000
1172,A068400,SK兄斗朝,20161116,9020,9170,8870,9170,235529,026,22146000
1173,A068400,SK兄斗朝,20161115,9170,9280,8940,9010,350993,026,22146000
1174,A068400,SK兄斗朝,20161114,9270,9270,8940,9250,305583,026,22146000
1175,A068400,SK兄斗朝,20161111,9550,9550,9250,9270,136602,026,22146000
1176,A068400,SK兄斗朝,20161110,9310,9580,9200,9570,188836,026,22146000
1177,A068400,SK兄斗朝,20161109,9650,9660,8700,9170,313260,026,22146000
1178,A068400,SK兄斗朝,20161108,9650,9650,9510,9630,70349,026,22146000
1179,A068400,SK兄斗朝,20161107,9480,9660,9400,9650,85893,026,22146000
1180,A068400,SK兄斗朝,20161104,9380,9490,9330,9370,76046,026,22146000
1181,A068400,SK兄斗朝,20161103,9180,9470,9180,9440,139188,026,22146000
1182,A068400,SK兄斗朝,20161102,9630,9700,9270,9380,275693,026,22146000
1183,A068400,SK兄斗朝,20161101,9760,9960,9650,9780,99810,026,22146000
1184,A068400,SK兄斗朝,20161031,9990,10050,9670,9880,178366,026,22146000
1185,A068400,SK兄斗朝,20161028,10350,10400,9950,9980,274001,026,22146000
1186,A068400,SK兄斗朝,20161027,10300,10600,10250,10300,257997,026,22146000
1187,A068400,SK兄斗朝,20161026,10350,10500,10050,10300,236823,026,22146000
1188,A068400,SK兄斗朝,20161025,10600,10800,10200,10350,322128,026,22146000
1189,A068400,SK兄斗朝,20161024,10550,10600,10200,10550,299630,026,22146000
1190,A068400,SK兄斗朝,20161021,11050,11150,10050,10500,751997,026,22146000
1191,A068400,SK兄斗朝,20161020,11200,11350,10900,11100,187974,026,22146000
1192,A068400,SK兄斗朝,20161019,11400,11400,10850,11100,639667,026,22146000
1193,A068400,SK兄斗朝,20161018,11700,11750,11250,11450,334195,026,22146000
1194,A068400,SK兄斗朝,20161017,11700,12150,11150,11600,870866,026,22146000
1195,A068400,SK兄斗朝,20161014,11550,11650,11250,11550,392590,026,22146000
1196,A068400,SK兄斗朝,20161013,11350,11850,11200,11500,647733,026,22146000
1197,A068400,SK兄斗朝,20161012,11700,11700,11300,11350,602467,026,22146000
1198,A068400,SK兄斗朝,20161011,12150,12200,11250,11800,1230272,026,22146000
1199,A068400,SK兄斗朝,20161010,12050,12200,11500,12150,748765,026,22146000
1200,A068400,SK兄斗朝,20161007,11750,12200,11650,12000,1186266,026,22146000
1201,A068400,SK兄斗朝,20161006,11000,11900,11000,11500,1233036,026,22146000
1202,A068400,SK兄斗朝,20161005,10800,11100,10650,10900,985338,026,22146000
1203,A068400,SK兄斗朝,20161004,9880,10800,9860,10800,1074544,026,22146000
1204,A068400,SK兄斗朝,20160930,9740,9850,9670,9790,96587,026,22146000
1205,A068400,SK兄斗朝,20160929,9550,9730,9550,9730,92769,026,22146000
1206,A068400,SK兄斗朝,20160928,9560,9680,9500,9540,86116,026,22146000
1207,A068400,SK兄斗朝,20160927,10000,10100,9530,9620,250873,026,22146000
1208,A068400,SK兄斗朝,20160926,9880,10100,9830,9980,303800,026,22146000
1209,A068400,SK兄斗朝,20160923,9700,9830,9700,9720,54935,026,22146000
1210,A068400,SK兄斗朝,20160922,9590,9750,9590,9710,66978,026,22146000
1211,A068400,SK兄斗朝,20160921,9460,9650,9440,9580,60407,026,22146000
1212,A068400,SK兄斗朝,20160920,9500,9530,9360,9460,80718,026,22146000
1213,A068400,SK兄斗朝,20160919,9260,9850,9220,9430,157103,026,22146000
1214,A068400,SK兄斗朝,20160913,9440,9500,9180,9260,253542,026,22146000
1215,A068400,SK兄斗朝,20160912,9440,9480,9360,9430,88320,026,22146000
1216,A068400,SK兄斗朝,20160909,9580,9670,9470,9500,92600,026,22146000
1217,A068400,SK兄斗朝,20160908,9900,9910,9550,9630,131851,026,22146000
1218,A068400,SK兄斗朝,20160907,9870,9930,9810,9840,76744,026,22146000
1219,A068400,SK兄斗朝,20160906,9900,10100,9810,9850,166450,026,22146000
1220,A068400,SK兄斗朝,20160905,9900,9920,9750,9770,71815,026,22146000
1221,A068400,SK兄斗朝,20160902,9910,9910,9750,9890,102832,026,22146000
1222,A068400,SK兄斗朝,20160901,9820,9940,9640,9920,166866,026,22146000
1223,A068400,SK兄斗朝,20160831,9950,9990,9830,9890,73424,026,22146000
1224,A068400,SK兄斗朝,20160830,9830,10000,9830,9950,69627,026,22146000
1225,A068400,SK兄斗朝,20160829,10000,10050,9780,9880,126186,026,22146000
1226,A068400,SK兄斗朝,20160826,10050,10100,9970,10050,59643,026,22146000
1227,A068400,SK兄斗朝,20160825,10100,10200,10000,10050,80372,026,22146000
1228,A068400,SK兄斗朝,20160824,10050,10150,9960,10050,102154,026,22146000
1229,A068400,SK兄斗朝,20160823,9920,10150,9920,10000,93523,026,22146000
1230,A068400,SK兄斗朝,20160822,10200,10350,9950,9950,287393,026,22146000
1231,A068400,SK兄斗朝,20160819,10550,10650,10100,10150,315742,026,22146000
1232,A068400,SK兄斗朝,20160818,10500,10650,10400,10600,96939,026,22146000
1233,A068400,SK兄斗朝,20160817,10700,10750,10400,10450,185943,026,22146000
1234,A068400,SK兄斗朝,20160816,10950,10950,10700,10800,94102,026,22146000
1235,A068400,SK兄斗朝,20160812,10850,11050,10750,10950,160052,026,22146000
1236,A068400,SK兄斗朝,20160811,10700,10900,10500,10850,150061,026,22146000
1237,A068400,SK兄斗朝,20160810,10450,10750,10350,10650,166575,026,22146000
1238,A068400,SK兄斗朝,20160809,11100,11200,10350,10500,510271,026,22146000
1239,A068400,SK兄斗朝,20160808,11000,11100,10900,11050,166826,026,22146000
1240,A068400,SK兄斗朝,20160805,11100,11400,10900,11050,274484,026,22146000
1241,A068400,SK兄斗朝,20160804,10650,11150,10550,11100,578229,026,22146000
1242,A068400,SK兄斗朝,20160803,10650,10700,10450,10650,149018,026,22146000
1243,A068400,SK兄斗朝,20160802,10600,10750,10550,10750,281030,026,22146000
1244,A068400,SK兄斗朝,20160801,10550,10550,10250,10400,97963,026,22146000
1245,A068400,SK兄斗朝,20160729,10600,10650,10350,10450,144868,026,22146000
1246,A068400,SK兄斗朝,20160728,10450,10600,10450,10600,131294,026,22146000
1247,A068400,SK兄斗朝,20160727,10650,10650,10400,10500,159707,026,22146000
1248,A068400,SK兄斗朝,20160726,10500,10600,10350,10550,185952,026,22146000
1249,A068400,SK兄斗朝,20160725,10400,10450,10250,10450,147127,026,22146000
1250,A068400,SK兄斗朝,20160722,10300,10400,10150,10350,136034,026,22146000
1251,A068400,SK兄斗朝,20160721,10300,10300,10100,10300,116845,026,22146000
1252,A068400,SK兄斗朝,20160720,10150,10350,10100,10250,115048,026,22146000
1253,A068400,SK兄斗朝,20160719,10350,10450,10100,10150,104230,026,22146000
1254,A068400,SK兄斗朝,20160718,10300,10350,10200,10250,51675,026,22146000
1255,A068400,SK兄斗朝,20160715,10450,10500,10250,10250,106645,026,22146000
1256,A068400,SK兄斗朝,20160714,10550,10550,10300,10450,109701,026,22146000
1257,A068400,SK兄斗朝,20160713,10600,10600,10300,10450,138862,026,22146000
1258,A068400,SK兄斗朝,20160712,10550,10600,10400,10500,53373,026,22146000
1259,A068400,SK兄斗朝,20160711,10600,10750,10500,10550,139124,026,22146000
1260,A068400,SK兄斗朝,20160708,10450,10750,10400,10600,260409,026,22146000
1261,A068400,SK兄斗朝,20160707,10150,10450,10100,10400,141053,026,22146000
1262,A068400,SK兄斗朝,20160706,10100,10250,10000,10150,117062,026,22146000
1263,A068400,SK兄斗朝,20160705,10400,10400,10100,10150,228493,026,22146000
1264,A068400,SK兄斗朝,20160704,10400,10450,10150,10300,182364,026,22146000
1265,A068400,SK兄斗朝,20160701,10350,10550,10150,10350,207045,026,22146000
1266,A068400,SK兄斗朝,20160630,10100,10550,10000,10300,318683,026,22146000
1267,A068400,SK兄斗朝,20160629,10100,10150,9980,10050,130254,026,22146000
1268,A068400,SK兄斗朝,20160628,9860,10050,9860,10050,148147,026,22146000
1269,A068400,SK兄斗朝,20160627,9730,10100,9730,10050,123284,026,22146000
1270,A068400,SK兄斗朝,20160624,10500,10550,9750,10000,552169,026,22146000
1271,A068400,SK兄斗朝,20160623,10550,10600,10150,10550,198617,026,22146000
1272,A068400,SK兄斗朝,20160622,10450,10700,10450,10600,142215,026,22146000
1273,A068400,SK兄斗朝,20160621,10500,10700,10350,10600,346088,026,22146000
1274,A068400,SK兄斗朝,20160620,10200,10550,10200,10500,434450,026,22146000
1275,A068400,SK兄斗朝,20160617,9960,10200,9790,10200,999392,026,22146000
1276,A068400,SK兄斗朝,20160616,10000,10050,9850,9960,227542,026,22146000
1277,A068400,SK兄斗朝,20160615,9520,9950,9470,9930,370596,026,22146000
1278,A068400,SK兄斗朝,20160614,9300,9530,9300,9520,123831,026,22146000
1279,A068400,SK兄斗朝,20160613,9350,9390,9260,9310,104406,026,22146000
1280,A068400,SK兄斗朝,20160610,9450,9450,9290,9410,132726,026,22146000
1281,A068400,SK兄斗朝,20160609,9560,9560,9330,9410,155165,026,22146000
1282,A068400,SK兄斗朝,20160608,9650,9650,9490,9580,100332,026,22146000
1283,A068400,SK兄斗朝,20160607,9470,9600,9470,9590,123289,026,22146000
1284,A068400,SK兄斗朝,20160603,9490,9510,9410,9470,100275,026,22146000
1285,A068400,SK兄斗朝,20160602,9420,9500,9420,9490,102203,026,22146000
1286,A068400,SK兄斗朝,20160601,9490,9600,9420,9420,187200,026,22146000
1287,A068400,SK兄斗朝,20160531,9390,9530,9340,9410,279109,026,22146000
1288,A068400,SK兄斗朝,20160530,9390,9420,9270,9350,174073,026,22146000
1289,A068400,SK兄斗朝,20160527,9440,9500,9230,9320,180388,026,22146000
1290,A068400,SK兄斗朝,20160526,9250,9420,9180,9390,141593,026,22146000
1291,A068400,SK兄斗朝,20160525,9270,9390,9200,9240,177259,026,22146000
1292,A068400,SK兄斗朝,20160524,9440,9490,9170,9230,226191,026,22146000
1293,A068400,SK兄斗朝,20160523,9540,9570,9440,9450,132437,026,22146000
1294,A068400,SK兄斗朝,20160520,9430,9570,9390,9470,132455,026,22146000
1295,A068400,SK兄斗朝,20160519,9820,9830,9510,9520,214635,026,22146000
1296,A068400,SK兄斗朝,20160518,9920,10100,9690,9790,279813,026,22146000
1297,A068400,SK兄斗朝,20160517,9930,9990,9830,9900,177737,026,22146000
1298,A068400,SK兄斗朝,20160516,9980,9980,9830,9870,388715,026,22146000
1299,A068400,SK兄斗朝,20160513,10200,10350,9980,10050,717120,026,22146000
1300,A068400,SK兄斗朝,20160512,10500,10550,10350,10500,59923,026,22146000
1301,A068400,SK兄斗朝,20160511,10550,10600,10400,10500,55497,026,22146000
1302,A068400,SK兄斗朝,20160510,10250,10500,10200,10450,186383,026,22146000
1303,A068400,SK兄斗朝,20160509,10550,10650,10250,10300,174163,026,22146000
1304,A068400,SK兄斗朝,20160504,10550,10650,10300,10600,187409,026,22146000
1305,A068400,SK兄斗朝,20160503,10450,10750,10400,10600,147867,026,22146000
1306,A068400,SK兄斗朝,20160502,10750,10750,10400,10450,175904,026,22146000
1307,A068400,SK兄斗朝,20160429,10900,10900,10700,10800,74499,026,22146000
1308,A068400,SK兄斗朝,20160428,11100,11100,10850,10900,73126,026,22146000
1309,A068400,SK兄斗朝,20160427,10850,11100,10750,11100,166006,026,22146000
1310,A068400,SK兄斗朝,20160426,10700,10950,10600,10850,254158,026,22146000
1311,A068400,SK兄斗朝,20160425,11000,11100,10650,10700,300122,026,22146000
1312,A068400,SK兄斗朝,20160422,11050,11150,11000,11050,79245,026,22146000
1313,A068400,SK兄斗朝,20160421,11200,11200,11000,11000,193202,026,22146000
1314,A068400,SK兄斗朝,20160420,11200,11350,11150,11200,121308,026,22146000
1315,A068400,SK兄斗朝,20160419,11300,11400,11150,11200,103803,026,22146000
1316,A068400,SK兄斗朝,20160418,11300,11350,11100,11300,129009,026,22146000
1317,A068400,SK兄斗朝,20160415,11850,11850,11250,11300,244654,026,22146000
1318,A068400,SK兄斗朝,20160414,11650,11850,11550,11850,129099,026,22146000
1319,A068400,SK兄斗朝,20160412,11450,11650,11350,11650,142733,026,22146000
1320,A068400,SK兄斗朝,20160411,11250,11450,11200,11400,80365,026,22146000
1321,A068400,SK兄斗朝,20160408,11200,11400,11150,11350,67296,026,22146000
1322,A068400,SK兄斗朝,20160407,11450,11450,11150,11300,123028,026,22146000
1323,A068400,SK兄斗朝,20160406,11300,11500,11150,11500,104021,026,22146000
1324,A068400,SK兄斗朝,20160405,11250,11450,11100,11450,99636,026,22146000
1325,A068400,SK兄斗朝,20160404,11100,11250,11000,11250,77314,026,22146000
1326,A068400,SK兄斗朝,20160401,11300,11300,11050,11100,87659,026,22146000
1327,A068400,SK兄斗朝,20160331,11100,11400,11100,11200,256420,026,22146000
1328,A068400,SK兄斗朝,20160330,11100,11150,10900,10950,107628,026,22146000
1329,A068400,SK兄斗朝,20160329,11100,11250,11000,11050,171751,026,22146000
1330,A068400,SK兄斗朝,20160328,11450,11500,11000,11100,202073,026,22146000
1331,A068400,SK兄斗朝,20160325,11650,11650,11450,11450,74664,026,22146000
1332,A068400,SK兄斗朝,20160324,11850,11850,11550,11650,74785,026,22146000
1333,A068400,SK兄斗朝,20160323,11350,11850,11300,11850,170953,026,22146000
1334,A068400,SK兄斗朝,20160322,11350,11350,11150,11350,57474,026,22146000
1335,A068400,SK兄斗朝,20160321,11400,11400,11150,11350,109504,026,22146000
1336,A068400,SK兄斗朝,20160318,11750,11750,11300,11350,173241,026,22146000
1337,A068400,SK兄斗朝,20160317,11600,11750,11500,11750,77484,026,22146000
1338,A068400,SK兄斗朝,20160316,11600,11700,11450,11600,64664,026,22146000
1339,A068400,SK兄斗朝,20160315,11800,11800,11500,11500,84780,026,22146000
1340,A068400,SK兄斗朝,20160314,11800,12000,11750,11750,113085,026,22146000
1341,A068400,SK兄斗朝,20160311,11900,11950,11700,11750,126616,026,22146000
1342,A068400,SK兄斗朝,20160310,11950,12000,11800,11950,148498,026,22146000
1343,A068400,SK兄斗朝,20160309,12000,12050,11800,11950,124247,026,22146000
1344,A068400,SK兄斗朝,20160308,11950,12050,11650,12000,157511,026,22146000
1345,A068400,SK兄斗朝,20160307,12350,12450,11800,11950,268669,026,22146000
1346,A068400,SK兄斗朝,20160304,12300,12300,12000,12200,122934,026,22146000
1347,A068400,SK兄斗朝,20160303,11650,12300,11600,12300,382812,026,22146000
1348,A068400,SK兄斗朝,20160302,11850,11850,11550,11600,97213,026,22146000
1349,A068400,SK兄斗朝,20160229,11700,11900,11600,11700,102643,026,22146000
1350,A068400,SK兄斗朝,20160226,11500,11750,11300,11650,102857,026,22146000
1351,A068400,SK兄斗朝,20160225,11550,11700,11250,11450,85303,026,22146000
1352,A068400,SK兄斗朝,20160224,11700,11700,11500,11500,104933,026,22146000
1353,A068400,SK兄斗朝,20160223,11650,11850,11550,11700,102427,026,22146000
1354,A068400,SK兄斗朝,20160222,11900,12050,11550,11550,126873,026,22146000
1355,A068400,SK兄斗朝,20160219,11700,12000,11600,11900,235722,026,22146000
1356,A068400,SK兄斗朝,20160218,11300,11750,11150,11600,324032,026,22146000
1357,A068400,SK兄斗朝,20160217,11150,11550,11050,11050,208798,026,22146000
1358,A068400,SK兄斗朝,20160216,10900,11150,10850,11150,114372,026,22146000
1359,A068400,SK兄斗朝,20160215,10700,11000,10600,10950,187338,026,22146000
1360,A068400,SK兄斗朝,20160212,10550,10750,9980,10600,280445,026,22146000
1361,A068400,SK兄斗朝,20160211,10850,10850,10400,10700,175101,026,22146000
1362,A068400,SK兄斗朝,20160205,11250,11250,10950,11100,79145,026,22146000
1363,A068400,SK兄斗朝,20160204,11150,11250,10900,11200,111227,026,22146000
1364,A068400,SK兄斗朝,20160203,11000,11150,10850,11000,66325,026,22146000
1365,A068400,SK兄斗朝,20160202,11150,11350,10850,11100,134168,026,22146000
1366,A068400,SK兄斗朝,20160201,11250,11350,11100,11350,98016,026,22146000
1367,A068400,SK兄斗朝,20160129,11100,11200,11000,11200,67093,026,22146000
1368,A068400,SK兄斗朝,20160128,10850,11200,10750,11100,183312,026,22146000
1369,A068400,SK兄斗朝,20160127,10950,11100,10800,10850,151621,026,22146000
1370,A068400,SK兄斗朝,20160126,10650,10900,10600,10900,98622,026,22146000
1371,A068400,SK兄斗朝,20160125,10800,10900,10500,10850,119945,026,22146000
1372,A068400,SK兄斗朝,20160122,10500,10750,10400,10600,154959,026,22146000
1373,A068400,SK兄斗朝,20160121,10150,10650,10050,10500,117192,026,22146000
1374,A068400,SK兄斗朝,20160120,10500,10650,10050,10200,126061,026,22146000
1375,A068400,SK兄斗朝,20160119,10200,10650,10100,10600,144072,026,22146000
1376,A068400,SK兄斗朝,20160118,10000,10250,9940,10200,114566,026,22146000
1377,A068400,SK兄斗朝,20160115,10350,10350,10050,10150,121575,026,22146000
1378,A068400,SK兄斗朝,20160114,10450,10450,10000,10250,319829,026,22146000
1379,A068400,SK兄斗朝,20160113,10100,10750,10050,10700,263526,026,22146000
1380,A068400,SK兄斗朝,20160112,10050,10200,10000,10150,141652,026,22146000
1381,A068400,SK兄斗朝,20160111,10450,10650,9980,10000,298661,026,22146000
1382,A068400,SK兄斗朝,20160108,10600,10700,10350,10600,74971,026,22146000
1383,A068400,SK兄斗朝,20160107,10950,11100,10600,10700,153620,026,22146000
1384,A068400,SK兄斗朝,20160106,11550,11600,11000,11000,264722,026,22146000
1385,A068400,SK兄斗朝,20160105,11350,11600,11300,11550,107602,026,22146000
1386,A068400,SK兄斗朝,20160104,11900,11950,11500,11500,100246,026,22146000
