,ΑΎΈρΔΪµε,ΑΎΈρΈν,³―Β¥,½Γ°΅,°ν°΅,ΐϊ°΅,ΑΎ°΅,°Ε·΅·®,Αυ±Ηΐό»κΎχΑΎΔΪµε,ΉίΗΰΑΦ½ΔΌφ
0,A017040,±¤Ένΐό±β,20210823,2780,2795,2730,2785,197171,013,43337000
1,A017040,±¤Ένΐό±β,20210820,2780,2865,2660,2725,805508,013,43337000
2,A017040,±¤Ένΐό±β,20210819,2885,2955,2755,2755,742228,013,43337000
3,A017040,±¤Ένΐό±β,20210818,2780,2945,2770,2920,952441,013,43337000
4,A017040,±¤Ένΐό±β,20210817,2965,2975,2770,2785,1031780,013,43337000
5,A017040,±¤Ένΐό±β,20210813,3010,3050,2860,2970,1155843,013,43337000
6,A017040,±¤Ένΐό±β,20210812,3050,3110,3000,3010,720213,013,43337000
7,A017040,±¤Ένΐό±β,20210811,3075,3125,3030,3045,952298,013,43337000
8,A017040,±¤Ένΐό±β,20210810,3190,3250,3110,3120,961543,013,43337000
9,A017040,±¤Ένΐό±β,20210809,3345,3345,3200,3210,987181,013,43337000
10,A017040,±¤Ένΐό±β,20210806,3350,3435,3300,3345,1211797,013,43337000
11,A017040,±¤Ένΐό±β,20210805,3415,3435,3330,3345,1113277,013,43337000
12,A017040,±¤Ένΐό±β,20210804,3290,3385,3290,3340,892940,013,43337000
13,A017040,±¤Ένΐό±β,20210803,3385,3415,3275,3290,1164065,013,43337000
14,A017040,±¤Ένΐό±β,20210802,3465,3480,3350,3400,853159,013,43337000
15,A017040,±¤Ένΐό±β,20210730,3540,3550,3410,3485,1629824,013,43337000
16,A017040,±¤Ένΐό±β,20210729,3570,3635,3550,3560,806601,013,43337000
17,A017040,±¤Ένΐό±β,20210728,3635,3715,3490,3560,1897050,013,43337000
18,A017040,±¤Ένΐό±β,20210727,3530,3745,3530,3620,3176332,013,43337000
19,A017040,±¤Ένΐό±β,20210726,3735,3750,3520,3530,2487749,013,43337000
20,A017040,±¤Ένΐό±β,20210723,3815,3830,3700,3715,2125309,013,43337000
21,A017040,±¤Ένΐό±β,20210722,4040,4095,3775,3800,4627986,013,43337000
22,A017040,±¤Ένΐό±β,20210721,4380,4540,4010,4020,13746619,013,43337000
23,A017040,±¤Ένΐό±β,20210720,4070,4315,4035,4155,14963550,013,43337000
24,A017040,±¤Ένΐό±β,20210719,4045,4395,4015,4095,24328111,013,43337000
25,A017040,±¤Ένΐό±β,20210716,3755,4255,3700,4040,53207975,013,43337000
26,A017040,±¤Ένΐό±β,20210715,3570,3850,3535,3780,13710109,013,43337000
27,A017040,±¤Ένΐό±β,20210714,3680,3700,3535,3570,3019510,013,43337000
28,A017040,±¤Ένΐό±β,20210713,3535,3815,3535,3705,10031763,013,43337000
29,A017040,±¤Ένΐό±β,20210712,3515,3900,3465,3605,17958668,013,43337000
30,A017040,±¤Ένΐό±β,20210709,3335,3660,3305,3465,5353058,013,43337000
31,A017040,±¤Ένΐό±β,20210708,3570,3590,3405,3410,2716997,013,43337000
32,A017040,±¤Ένΐό±β,20210707,3795,3795,3590,3590,3921184,013,43337000
33,A017040,±¤Ένΐό±β,20210706,3700,4200,3695,3755,31845575,013,43337000
34,A017040,±¤Ένΐό±β,20210705,3585,3700,3455,3690,6936715,013,43337000
35,A017040,±¤Ένΐό±β,20210702,3420,3760,3410,3665,13943429,013,43337000
36,A017040,±¤Ένΐό±β,20210701,3480,3490,3375,3405,1377759,013,43337000
37,A017040,±¤Ένΐό±β,20210630,3535,3575,3445,3480,4745066,013,43337000
38,A017040,±¤Ένΐό±β,20210629,3365,3425,3320,3420,2148473,013,43337000
39,A017040,±¤Ένΐό±β,20210628,3405,3445,3360,3365,1735938,013,43337000
40,A017040,±¤Ένΐό±β,20210625,3330,3470,3300,3385,3698119,013,43337000
41,A017040,±¤Ένΐό±β,20210624,3285,3420,3230,3325,2096368,013,43337000
42,A017040,±¤Ένΐό±β,20210623,3620,3630,3245,3320,5967405,013,43337000
43,A017040,±¤Ένΐό±β,20210622,3295,3530,3240,3450,10774964,013,43337000
44,A017040,±¤Ένΐό±β,20210621,3320,3460,3245,3250,3133280,013,43337000
45,A017040,±¤Ένΐό±β,20210618,3435,3450,3315,3335,3049391,013,43337000
46,A017040,±¤Ένΐό±β,20210617,3415,3415,3305,3315,2851990,013,43337000
47,A017040,±¤Ένΐό±β,20210616,3320,3660,3280,3425,18325312,013,43337000
48,A017040,±¤Ένΐό±β,20210615,3410,3435,3320,3360,3697962,013,43337000
49,A017040,±¤Ένΐό±β,20210614,3230,3530,3200,3490,7833955,013,43337000
50,A017040,±¤Ένΐό±β,20210611,3400,3720,3270,3270,31800427,013,43337000
51,A017040,±¤Ένΐό±β,20210610,3380,3430,3135,3220,7183024,013,43337000
52,A017040,±¤Ένΐό±β,20210609,3600,3940,3325,3380,20106232,013,43337000
53,A017040,±¤Ένΐό±β,20210608,3670,4035,3410,3525,79458999,013,43337000
54,A017040,±¤Ένΐό±β,20210607,2965,3350,2875,3235,37827105,013,43337000
55,A017040,±¤Ένΐό±β,20210604,2865,2945,2830,2900,3160858,013,43337000
56,A017040,±¤Ένΐό±β,20210603,2850,2880,2825,2865,979557,013,43337000
57,A017040,±¤Ένΐό±β,20210602,2740,2935,2735,2860,4338306,013,43337000
58,A017040,±¤Ένΐό±β,20210601,2760,2780,2725,2745,572923,013,43337000
59,A017040,±¤Ένΐό±β,20210531,2710,2745,2690,2745,650234,013,43337000
60,A017040,±¤Ένΐό±β,20210528,2695,2820,2670,2720,1617988,013,43337000
61,A017040,±¤Ένΐό±β,20210527,2675,2690,2650,2685,520066,013,43337000
62,A017040,±¤Ένΐό±β,20210526,2620,2680,2620,2665,560506,013,43337000
63,A017040,±¤Ένΐό±β,20210525,2625,2695,2600,2615,595582,013,43337000
64,A017040,±¤Ένΐό±β,20210524,2665,2675,2595,2605,539736,013,43337000
65,A017040,±¤Ένΐό±β,20210521,2665,2735,2640,2650,828903,013,43337000
66,A017040,±¤Ένΐό±β,20210520,2625,2660,2610,2640,318044,013,43337000
67,A017040,±¤Ένΐό±β,20210518,2580,2715,2580,2620,600038,013,43337000
68,A017040,±¤Ένΐό±β,20210517,2690,2700,2575,2575,852500,013,43337000
69,A017040,±¤Ένΐό±β,20210514,2710,2725,2670,2670,444802,013,43337000
70,A017040,±¤Ένΐό±β,20210513,2640,2730,2640,2685,835638,013,43337000
71,A017040,±¤Ένΐό±β,20210512,2785,2820,2700,2705,1266315,013,43337000
72,A017040,±¤Ένΐό±β,20210511,2790,2835,2730,2780,1478211,013,43337000
73,A017040,±¤Ένΐό±β,20210510,2870,2915,2800,2810,1661619,013,43337000
74,A017040,±¤Ένΐό±β,20210507,2850,2995,2845,2865,4767825,013,43337000
75,A017040,±¤Ένΐό±β,20210506,3130,3250,2825,2825,9042916,013,43337000
76,A017040,±¤Ένΐό±β,20210504,2785,2930,2695,2905,5554520,013,43337000
77,A017040,±¤Ένΐό±β,20210503,2735,2840,2695,2780,2646967,013,43337000
78,A017040,±¤Ένΐό±β,20210430,2645,2755,2635,2730,2189391,013,43337000
79,A017040,±¤Ένΐό±β,20210429,2620,2670,2560,2630,674180,013,43337000
80,A017040,±¤Ένΐό±β,20210428,2715,2715,2595,2595,558585,013,43337000
81,A017040,±¤Ένΐό±β,20210427,2645,2670,2585,2670,637633,013,43337000
82,A017040,±¤Ένΐό±β,20210426,2670,2675,2630,2645,409868,013,43337000
83,A017040,±¤Ένΐό±β,20210423,2635,2670,2610,2665,401915,013,43337000
84,A017040,±¤Ένΐό±β,20210422,2615,2655,2610,2645,390597,013,43337000
85,A017040,±¤Ένΐό±β,20210421,2675,2675,2605,2615,734220,013,43337000
86,A017040,±¤Ένΐό±β,20210420,2690,2695,2625,2660,869137,013,43337000
87,A017040,±¤Ένΐό±β,20210419,2660,2745,2630,2690,2073654,013,43337000
88,A017040,±¤Ένΐό±β,20210416,2775,2850,2615,2630,7001782,013,43337000
89,A017040,±¤Ένΐό±β,20210415,2550,2690,2530,2590,1442673,013,43337000
90,A017040,±¤Ένΐό±β,20210414,2555,2555,2520,2545,315591,013,43337000
91,A017040,±¤Ένΐό±β,20210413,2520,2560,2500,2550,455556,013,43337000
92,A017040,±¤Ένΐό±β,20210412,2565,2565,2495,2515,644927,013,43337000
93,A017040,±¤Ένΐό±β,20210409,2555,2590,2530,2550,527076,013,43337000
94,A017040,±¤Ένΐό±β,20210408,2640,2655,2545,2570,921965,013,43337000
95,A017040,±¤Ένΐό±β,20210407,2590,2625,2560,2600,1611873,013,43337000
96,A017040,±¤Ένΐό±β,20210406,2500,2580,2500,2540,870103,013,43337000
97,A017040,±¤Ένΐό±β,20210405,2440,2640,2420,2530,2006157,013,43337000
98,A017040,±¤Ένΐό±β,20210402,2430,2445,2410,2425,288017,013,43337000
99,A017040,±¤Ένΐό±β,20210401,2440,2450,2395,2425,377848,013,43337000
100,A017040,±¤Ένΐό±β,20210331,2450,2450,2400,2405,337450,013,43337000
101,A017040,±¤Ένΐό±β,20210330,2420,2440,2390,2435,491036,013,43337000
102,A017040,±¤Ένΐό±β,20210329,2470,2480,2370,2400,635489,013,43337000
103,A017040,±¤Ένΐό±β,20210326,2485,2485,2415,2450,728508,013,43337000
104,A017040,±¤Ένΐό±β,20210325,2520,2575,2415,2485,1276216,013,43337000
105,A017040,±¤Ένΐό±β,20210324,2575,2625,2530,2540,781842,013,43337000
106,A017040,±¤Ένΐό±β,20210323,2670,2695,2550,2590,2076295,013,43337000
107,A017040,±¤Ένΐό±β,20210322,2740,2760,2640,2680,1719780,013,43337000
108,A017040,±¤Ένΐό±β,20210319,2575,2830,2540,2715,7791123,013,43337000
109,A017040,±¤Ένΐό±β,20210318,2820,2825,2595,2615,3793082,013,43337000
110,A017040,±¤Ένΐό±β,20210317,2485,2715,2470,2630,5126250,013,43337000
111,A017040,±¤Ένΐό±β,20210316,2515,2520,2470,2475,536041,013,43337000
112,A017040,±¤Ένΐό±β,20210315,2495,2530,2440,2520,695447,013,43337000
113,A017040,±¤Ένΐό±β,20210312,2460,2480,2435,2480,605093,013,43337000
114,A017040,±¤Ένΐό±β,20210311,2380,2495,2380,2425,837224,013,43337000
115,A017040,±¤Ένΐό±β,20210310,2465,2480,2400,2400,578413,013,43337000
116,A017040,±¤Ένΐό±β,20210309,2425,2445,2325,2440,1201070,013,43337000
117,A017040,±¤Ένΐό±β,20210308,2605,2605,2455,2455,1478475,013,43337000
118,A017040,±¤Ένΐό±β,20210305,2470,2630,2455,2555,2527905,013,43337000
119,A017040,±¤Ένΐό±β,20210304,2515,2595,2435,2520,2312511,013,43337000
120,A017040,±¤Ένΐό±β,20210303,2385,2510,2385,2505,1698058,013,43337000
121,A017040,±¤Ένΐό±β,20210302,2350,2460,2325,2390,2707073,013,43337000
122,A017040,±¤Ένΐό±β,20210226,2330,2360,2265,2290,1684025,013,43337000
123,A017040,±¤Ένΐό±β,20210225,2335,2480,2280,2390,3568103,013,43337000
124,A017040,±¤Ένΐό±β,20210224,2575,2695,2260,2275,13735500,013,43337000
125,A017040,±¤Ένΐό±β,20210223,2390,2460,2345,2355,2370193,013,43337000
126,A017040,±¤Ένΐό±β,20210222,2450,2550,2400,2420,4530950,013,43337000
127,A017040,±¤Ένΐό±β,20210219,2430,2650,2310,2430,8609628,013,43337000
128,A017040,±¤Ένΐό±β,20210218,2680,2990,2440,2495,47223893,013,43337000
129,A017040,±¤Ένΐό±β,20210217,2260,2380,2230,2300,1992062,013,43337000
130,A017040,±¤Ένΐό±β,20210216,2245,2265,2215,2255,358385,013,43337000
131,A017040,±¤Ένΐό±β,20210215,2245,2250,2205,2245,397583,013,43337000
132,A017040,±¤Ένΐό±β,20210210,2190,2280,2180,2225,418431,013,43337000
133,A017040,±¤Ένΐό±β,20210209,2250,2260,2180,2190,390330,013,43337000
134,A017040,±¤Ένΐό±β,20210208,2235,2270,2215,2240,394822,013,43337000
135,A017040,±¤Ένΐό±β,20210205,2235,2275,2195,2235,899567,013,43337000
136,A017040,±¤Ένΐό±β,20210204,2200,2265,2165,2215,1022927,013,43337000
137,A017040,±¤Ένΐό±β,20210203,2150,2225,2145,2190,599167,013,43337000
138,A017040,±¤Ένΐό±β,20210202,2115,2175,2105,2145,508539,013,43337000
139,A017040,±¤Ένΐό±β,20210201,2020,2125,1975,2110,466781,013,43337000
140,A017040,±¤Ένΐό±β,20210129,2110,2135,1995,2020,586317,013,43337000
141,A017040,±¤Ένΐό±β,20210128,2135,2145,2085,2085,462606,013,43337000
142,A017040,±¤Ένΐό±β,20210127,2200,2205,2160,2170,173794,013,43337000
143,A017040,±¤Ένΐό±β,20210126,2210,2285,2175,2175,777834,013,43337000
144,A017040,±¤Ένΐό±β,20210125,2225,2225,2185,2195,438844,013,43337000
145,A017040,±¤Ένΐό±β,20210122,2190,2250,2190,2205,729033,013,43337000
146,A017040,±¤Ένΐό±β,20210121,2205,2210,2165,2190,568885,013,43337000
147,A017040,±¤Ένΐό±β,20210120,2165,2300,2130,2180,1983021,013,43337000
148,A017040,±¤Ένΐό±β,20210119,2120,2155,2090,2145,477261,013,43337000
149,A017040,±¤Ένΐό±β,20210118,2190,2195,2100,2115,900169,013,43337000
150,A017040,±¤Ένΐό±β,20210115,2240,2320,2180,2215,2449762,013,43337000
151,A017040,±¤Ένΐό±β,20210114,2145,2270,2130,2210,2605049,013,43337000
152,A017040,±¤Ένΐό±β,20210113,2185,2190,2130,2145,1078622,013,43337000
153,A017040,±¤Ένΐό±β,20210112,2040,2175,2040,2165,1836699,013,43337000
154,A017040,±¤Ένΐό±β,20210111,2105,2105,2020,2040,625227,013,43337000
155,A017040,±¤Ένΐό±β,20210108,2120,2120,2070,2080,621834,013,43337000
156,A017040,±¤Ένΐό±β,20210107,2085,2110,2060,2085,462367,013,43337000
157,A017040,±¤Ένΐό±β,20210106,2095,2095,2055,2070,395172,013,43337000
158,A017040,±¤Ένΐό±β,20210105,2030,2110,2015,2085,816359,013,43337000
159,A017040,±¤Ένΐό±β,20210104,2010,2035,1980,2030,401097,013,43337000
160,A017040,±¤Ένΐό±β,20201230,1970,2015,1970,2010,272997,013,43337000
161,A017040,±¤Ένΐό±β,20201229,1930,1970,1925,1970,184273,013,43337000
162,A017040,±¤Ένΐό±β,20201228,1995,1995,1920,1920,498840,013,43337000
163,A017040,±¤Ένΐό±β,20201224,1980,2000,1960,1975,324075,013,43337000
164,A017040,±¤Ένΐό±β,20201223,2040,2050,1955,1975,666214,013,43337000
165,A017040,±¤Ένΐό±β,20201222,2060,2100,2010,2040,687581,013,43337000
166,A017040,±¤Ένΐό±β,20201221,2080,2100,2040,2060,490528,013,43337000
167,A017040,±¤Ένΐό±β,20201218,2060,2110,2045,2080,597970,013,43337000
168,A017040,±¤Ένΐό±β,20201217,2005,2160,2005,2045,2175630,013,43337000
169,A017040,±¤Ένΐό±β,20201216,2005,2015,2000,2005,212154,013,43337000
170,A017040,±¤Ένΐό±β,20201215,1995,2015,1965,1995,327224,013,43337000
171,A017040,±¤Ένΐό±β,20201214,2045,2045,2000,2005,172664,013,43337000
172,A017040,±¤Ένΐό±β,20201211,2020,2050,2015,2035,219051,013,43337000
173,A017040,±¤Ένΐό±β,20201210,2000,2020,1985,2010,181242,013,43337000
174,A017040,±¤Ένΐό±β,20201209,1995,2030,1985,2000,315592,013,43337000
175,A017040,±¤Ένΐό±β,20201208,1990,2015,1985,2000,167149,013,43337000
176,A017040,±¤Ένΐό±β,20201207,2030,2030,1970,2000,330494,013,43337000
177,A017040,±¤Ένΐό±β,20201204,2040,2060,2010,2010,416832,013,43337000
178,A017040,±¤Ένΐό±β,20201203,2060,2070,2040,2045,156182,013,43337000
179,A017040,±¤Ένΐό±β,20201202,2055,2060,2040,2060,230501,013,43337000
180,A017040,±¤Ένΐό±β,20201201,2030,2045,2025,2040,181675,013,43337000
181,A017040,±¤Ένΐό±β,20201130,2040,2060,2015,2025,315056,013,43337000
182,A017040,±¤Ένΐό±β,20201127,2040,2075,2015,2040,264121,013,43337000
183,A017040,±¤Ένΐό±β,20201126,2055,2060,2035,2040,166690,013,43337000
184,A017040,±¤Ένΐό±β,20201125,2115,2125,2025,2045,392718,013,43337000
185,A017040,±¤Ένΐό±β,20201124,2025,2225,2015,2100,1870832,013,43337000
186,A017040,±¤Ένΐό±β,20201123,2035,2045,2010,2015,269462,013,43337000
187,A017040,±¤Ένΐό±β,20201120,2020,2055,2020,2040,239577,013,43337000
188,A017040,±¤Ένΐό±β,20201119,2040,2050,2015,2020,195340,013,43337000
189,A017040,±¤Ένΐό±β,20201118,2045,2065,2035,2045,255859,013,43337000
190,A017040,±¤Ένΐό±β,20201117,2040,2065,2035,2045,218911,013,43337000
191,A017040,±¤Ένΐό±β,20201116,2085,2090,2040,2045,271279,013,43337000
192,A017040,±¤Ένΐό±β,20201113,2070,2105,2055,2085,280650,013,43337000
193,A017040,±¤Ένΐό±β,20201112,2065,2125,2055,2090,479560,013,43337000
194,A017040,±¤Ένΐό±β,20201111,2075,2085,2045,2060,167254,013,43337000
195,A017040,±¤Ένΐό±β,20201110,2080,2090,2010,2065,292746,013,43337000
196,A017040,±¤Ένΐό±β,20201109,2025,2085,2005,2075,529020,013,43337000
197,A017040,±¤Ένΐό±β,20201106,2010,2045,2000,2000,431983,013,43337000
198,A017040,±¤Ένΐό±β,20201105,1995,2010,1970,2000,355999,013,43337000
199,A017040,±¤Ένΐό±β,20201104,2005,2035,1965,2020,555749,013,43337000
200,A017040,±¤Ένΐό±β,20201103,1995,1995,1960,1995,304593,013,43337000
201,A017040,±¤Ένΐό±β,20201102,1935,1970,1920,1970,244304,013,43337000
202,A017040,±¤Ένΐό±β,20201030,1985,2000,1910,1925,318670,013,43337000
203,A017040,±¤Ένΐό±β,20201029,1965,2000,1940,1985,398545,013,43337000
204,A017040,±¤Ένΐό±β,20201028,1970,2030,1950,2025,260101,013,43337000
205,A017040,±¤Ένΐό±β,20201027,1980,2025,1925,1970,325577,013,43337000
206,A017040,±¤Ένΐό±β,20201026,2070,2085,1990,2000,434581,013,43337000
207,A017040,±¤Ένΐό±β,20201023,2050,2140,2040,2090,844113,013,43337000
208,A017040,±¤Ένΐό±β,20201022,2040,2050,1995,2030,433776,013,43337000
209,A017040,±¤Ένΐό±β,20201021,2085,2085,2015,2070,432764,013,43337000
210,A017040,±¤Ένΐό±β,20201020,2130,2150,2020,2050,1032435,013,43337000
211,A017040,±¤Ένΐό±β,20201019,2250,2250,2150,2160,1317228,013,43337000
212,A017040,±¤Ένΐό±β,20201016,2250,2270,2115,2255,4467454,013,43337000
213,A017040,±¤Ένΐό±β,20201015,2320,2325,2025,2120,5413510,013,43337000
214,A017040,±¤Ένΐό±β,20201014,1930,2090,1905,2080,3382083,013,43337000
215,A017040,±¤Ένΐό±β,20201013,1875,1940,1865,1920,572002,013,43337000
216,A017040,±¤Ένΐό±β,20201012,1890,1920,1865,1875,187052,013,43337000
217,A017040,±¤Ένΐό±β,20201008,1845,1860,1840,1850,147321,013,43337000
218,A017040,±¤Ένΐό±β,20201007,1840,1865,1825,1840,160293,013,43337000
219,A017040,±¤Ένΐό±β,20201006,1870,1870,1830,1840,138791,013,43337000
220,A017040,±¤Ένΐό±β,20201005,1860,1860,1830,1860,127534,013,43337000
221,A017040,±¤Ένΐό±β,20200929,1810,1870,1810,1870,244575,013,43337000
222,A017040,±¤Ένΐό±β,20200928,1785,1820,1785,1810,140287,013,43337000
223,A017040,±¤Ένΐό±β,20200925,1705,1790,1680,1790,337613,013,43337000
224,A017040,±¤Ένΐό±β,20200924,1760,1790,1710,1715,316387,013,43337000
225,A017040,±¤Ένΐό±β,20200923,1835,1840,1760,1790,255766,013,43337000
226,A017040,±¤Ένΐό±β,20200922,1840,1850,1790,1810,298306,013,43337000
227,A017040,±¤Ένΐό±β,20200921,1915,1920,1845,1850,389707,013,43337000
228,A017040,±¤Ένΐό±β,20200918,1890,2050,1875,1905,4059187,013,43337000
229,A017040,±¤Ένΐό±β,20200917,1900,1900,1855,1890,223939,013,43337000
230,A017040,±¤Ένΐό±β,20200916,1895,1930,1870,1890,352269,013,43337000
231,A017040,±¤Ένΐό±β,20200915,1900,1905,1880,1890,203856,013,43337000
232,A017040,±¤Ένΐό±β,20200914,1890,1920,1870,1895,279418,013,43337000
233,A017040,±¤Ένΐό±β,20200911,1895,1895,1855,1885,391928,013,43337000
234,A017040,±¤Ένΐό±β,20200910,1915,1915,1850,1875,679209,013,43337000
235,A017040,±¤Ένΐό±β,20200909,1765,1930,1760,1870,1966722,013,43337000
236,A017040,±¤Ένΐό±β,20200908,1810,1815,1770,1790,146282,013,43337000
237,A017040,±¤Ένΐό±β,20200907,1725,1810,1705,1790,455003,013,43337000
238,A017040,±¤Ένΐό±β,20200904,1690,1735,1690,1725,236822,013,43337000
239,A017040,±¤Ένΐό±β,20200903,1760,1765,1740,1745,140433,013,43337000
240,A017040,±¤Ένΐό±β,20200902,1720,1755,1715,1745,203926,013,43337000
241,A017040,±¤Ένΐό±β,20200901,1710,1725,1705,1715,101745,013,43337000
242,A017040,±¤Ένΐό±β,20200831,1700,1720,1700,1715,119364,013,43337000
243,A017040,±¤Ένΐό±β,20200828,1700,1730,1700,1710,113792,013,43337000
244,A017040,±¤Ένΐό±β,20200827,1715,1735,1680,1695,192695,013,43337000
245,A017040,±¤Ένΐό±β,20200826,1725,1750,1695,1730,136777,013,43337000
246,A017040,±¤Ένΐό±β,20200825,1670,1730,1670,1725,137850,013,43337000
247,A017040,±¤Ένΐό±β,20200824,1645,1680,1620,1670,166050,013,43337000
248,A017040,±¤Ένΐό±β,20200821,1645,1685,1625,1660,134966,013,43337000
249,A017040,±¤Ένΐό±β,20200820,1710,1740,1630,1635,493638,013,43337000
250,A017040,±¤Ένΐό±β,20200819,1725,1765,1725,1740,129912,013,43337000
251,A017040,±¤Ένΐό±β,20200818,1820,1840,1715,1730,390173,013,43337000
252,A017040,±¤Ένΐό±β,20200814,1870,1870,1830,1845,259015,013,43337000
253,A017040,±¤Ένΐό±β,20200813,1865,1880,1840,1860,145127,013,43337000
254,A017040,±¤Ένΐό±β,20200812,1865,1870,1840,1860,159403,013,43337000
255,A017040,±¤Ένΐό±β,20200811,1865,1895,1865,1870,206498,013,43337000
256,A017040,±¤Ένΐό±β,20200810,1875,1880,1850,1860,178555,013,43337000
257,A017040,±¤Ένΐό±β,20200807,1905,1910,1855,1880,256996,013,43337000
258,A017040,±¤Ένΐό±β,20200806,1905,1910,1885,1900,153050,013,43337000
259,A017040,±¤Ένΐό±β,20200805,1915,1915,1880,1900,129009,013,43337000
260,A017040,±¤Ένΐό±β,20200804,1880,1920,1880,1905,162055,013,43337000
261,A017040,±¤Ένΐό±β,20200803,1890,1900,1860,1890,168506,013,43337000
262,A017040,±¤Ένΐό±β,20200731,1900,1910,1890,1890,139922,013,43337000
263,A017040,±¤Ένΐό±β,20200730,1905,1915,1880,1905,254873,013,43337000
264,A017040,±¤Ένΐό±β,20200729,1900,1910,1875,1905,183476,013,43337000
265,A017040,±¤Ένΐό±β,20200728,1900,1925,1885,1900,249710,013,43337000
266,A017040,±¤Ένΐό±β,20200727,1880,1920,1860,1905,235610,013,43337000
267,A017040,±¤Ένΐό±β,20200724,1910,1910,1880,1905,145375,013,43337000
268,A017040,±¤Ένΐό±β,20200723,1965,1965,1905,1910,275994,013,43337000
269,A017040,±¤Ένΐό±β,20200722,1930,1970,1915,1960,393802,013,43337000
270,A017040,±¤Ένΐό±β,20200721,1920,1930,1900,1925,165828,013,43337000
271,A017040,±¤Ένΐό±β,20200720,1935,1935,1885,1910,194222,013,43337000
272,A017040,±¤Ένΐό±β,20200717,1900,1935,1900,1915,199572,013,43337000
273,A017040,±¤Ένΐό±β,20200716,1915,1920,1885,1900,136426,013,43337000
274,A017040,±¤Ένΐό±β,20200715,1905,1920,1895,1905,84836,013,43337000
275,A017040,±¤Ένΐό±β,20200714,1900,1905,1865,1890,106884,013,43337000
276,A017040,±¤Ένΐό±β,20200713,1830,1905,1820,1900,271093,013,43337000
277,A017040,±¤Ένΐό±β,20200710,1930,1930,1810,1825,477224,013,43337000
278,A017040,±¤Ένΐό±β,20200709,1930,1950,1900,1905,188820,013,43337000
279,A017040,±¤Ένΐό±β,20200708,1905,1955,1905,1915,174049,013,43337000
280,A017040,±¤Ένΐό±β,20200707,1955,1960,1915,1920,152514,013,43337000
281,A017040,±¤Ένΐό±β,20200706,1965,1970,1930,1960,211780,013,43337000
282,A017040,±¤Ένΐό±β,20200703,1910,1950,1900,1950,238442,013,43337000
283,A017040,±¤Ένΐό±β,20200702,1895,1905,1885,1905,171153,013,43337000
284,A017040,±¤Ένΐό±β,20200701,1895,1905,1855,1870,270143,013,43337000
285,A017040,±¤Ένΐό±β,20200630,1860,1890,1850,1875,124895,013,43337000
286,A017040,±¤Ένΐό±β,20200629,1885,1885,1830,1845,210581,013,43337000
287,A017040,±¤Ένΐό±β,20200626,1920,1940,1870,1895,151055,013,43337000
288,A017040,±¤Ένΐό±β,20200625,1910,1925,1870,1900,181401,013,43337000
289,A017040,±¤Ένΐό±β,20200624,1980,1985,1905,1945,762606,013,43337000
290,A017040,±¤Ένΐό±β,20200623,1900,1920,1850,1870,212115,013,43337000
291,A017040,±¤Ένΐό±β,20200622,1945,1955,1890,1905,138771,013,43337000
292,A017040,±¤Ένΐό±β,20200619,1905,2000,1890,1935,352272,013,43337000
293,A017040,±¤Ένΐό±β,20200618,1885,1905,1860,1900,195267,013,43337000
294,A017040,±¤Ένΐό±β,20200617,1925,1945,1875,1885,340816,013,43337000
295,A017040,±¤Ένΐό±β,20200616,1905,1975,1905,1975,398842,013,43337000
296,A017040,±¤Ένΐό±β,20200615,1980,1995,1815,1870,610784,013,43337000
297,A017040,±¤Ένΐό±β,20200612,1970,2010,1940,2010,520205,013,43337000
298,A017040,±¤Ένΐό±β,20200611,2140,2140,2055,2060,335538,013,43337000
299,A017040,±¤Ένΐό±β,20200610,2115,2145,2085,2130,215103,013,43337000
300,A017040,±¤Ένΐό±β,20200609,2125,2150,2095,2100,478189,013,43337000
301,A017040,±¤Ένΐό±β,20200608,2165,2190,2125,2155,502257,013,43337000
302,A017040,±¤Ένΐό±β,20200605,2170,2195,2160,2190,330989,013,43337000
303,A017040,±¤Ένΐό±β,20200604,2170,2195,2140,2165,336016,013,43337000
304,A017040,±¤Ένΐό±β,20200603,2225,2225,2160,2175,425421,013,43337000
305,A017040,±¤Ένΐό±β,20200602,2180,2235,2160,2195,385079,013,43337000
306,A017040,±¤Ένΐό±β,20200601,2210,2235,2180,2180,417411,013,43337000
307,A017040,±¤Ένΐό±β,20200529,2175,2205,2140,2190,663849,013,43337000
308,A017040,±¤Ένΐό±β,20200528,2140,2480,2110,2230,5641528,013,43337000
309,A017040,±¤Ένΐό±β,20200527,2115,2140,2075,2110,414928,013,43337000
310,A017040,±¤Ένΐό±β,20200526,2075,2140,2045,2105,576549,013,43337000
311,A017040,±¤Ένΐό±β,20200525,2050,2055,2025,2045,212511,013,43337000
312,A017040,±¤Ένΐό±β,20200522,2110,2130,2045,2050,536057,013,43337000
313,A017040,±¤Ένΐό±β,20200521,2050,2080,2025,2060,369742,013,43337000
314,A017040,±¤Ένΐό±β,20200520,2020,2045,2020,2045,115905,013,43337000
315,A017040,±¤Ένΐό±β,20200519,2040,2050,2010,2040,237060,013,43337000
316,A017040,±¤Ένΐό±β,20200518,2010,2035,1980,2005,143179,013,43337000
317,A017040,±¤Ένΐό±β,20200515,2000,2015,1975,2015,237993,013,43337000
318,A017040,±¤Ένΐό±β,20200514,2035,2045,1955,1980,536412,013,43337000
319,A017040,±¤Ένΐό±β,20200513,2015,2045,2005,2045,166873,013,43337000
320,A017040,±¤Ένΐό±β,20200512,2090,2095,2005,2035,492013,013,43337000
321,A017040,±¤Ένΐό±β,20200511,2170,2170,2055,2075,512989,013,43337000
322,A017040,±¤Ένΐό±β,20200508,2155,2190,2135,2165,574922,013,43337000
323,A017040,±¤Ένΐό±β,20200507,2100,2160,2085,2125,396281,013,43337000
324,A017040,±¤Ένΐό±β,20200506,2090,2115,2070,2085,366451,013,43337000
325,A017040,±¤Ένΐό±β,20200504,2100,2100,2050,2055,281542,013,43337000
326,A017040,±¤Ένΐό±β,20200429,2045,2100,2045,2060,238679,013,43337000
327,A017040,±¤Ένΐό±β,20200428,2090,2105,2015,2055,272573,013,43337000
328,A017040,±¤Ένΐό±β,20200427,2055,2120,2040,2065,291318,013,43337000
329,A017040,±¤Ένΐό±β,20200424,2090,2145,2030,2045,473875,013,43337000
330,A017040,±¤Ένΐό±β,20200423,2070,2160,2035,2090,1169461,013,43337000
331,A017040,±¤Ένΐό±β,20200422,1940,2060,1930,2060,721532,013,43337000
332,A017040,±¤Ένΐό±β,20200421,2100,2160,1885,2020,1652139,013,43337000
333,A017040,±¤Ένΐό±β,20200420,2060,2185,2035,2085,1603718,013,43337000
334,A017040,±¤Ένΐό±β,20200417,2050,2060,1990,2020,788996,013,43337000
335,A017040,±¤Ένΐό±β,20200416,1960,2065,1865,2050,1961205,013,43337000
336,A017040,±¤Ένΐό±β,20200414,1745,2140,1745,1920,7274004,013,43337000
337,A017040,±¤Ένΐό±β,20200413,1755,1770,1700,1735,363693,013,43337000
338,A017040,±¤Ένΐό±β,20200410,1700,1755,1640,1750,607657,013,43337000
339,A017040,±¤Ένΐό±β,20200409,1710,1730,1665,1685,514362,013,43337000
340,A017040,±¤Ένΐό±β,20200408,1680,1710,1600,1675,594405,013,43337000
341,A017040,±¤Ένΐό±β,20200407,1615,1690,1555,1650,960169,013,43337000
342,A017040,±¤Ένΐό±β,20200406,1480,1565,1480,1565,699314,013,43337000
343,A017040,±¤Ένΐό±β,20200403,1475,1505,1460,1475,298638,013,43337000
344,A017040,±¤Ένΐό±β,20200402,1465,1470,1405,1460,312208,013,43337000
345,A017040,±¤Ένΐό±β,20200401,1495,1560,1430,1435,938061,013,43337000
346,A017040,±¤Ένΐό±β,20200331,1395,1600,1380,1495,1602236,013,43337000
347,A017040,±¤Ένΐό±β,20200330,1275,1355,1265,1355,307797,013,43337000
348,A017040,±¤Ένΐό±β,20200327,1400,1405,1295,1340,477130,013,43337000
349,A017040,±¤Ένΐό±β,20200326,1280,1365,1245,1325,766191,013,43337000
350,A017040,±¤Ένΐό±β,20200325,1220,1280,1200,1260,547419,013,43337000
351,A017040,±¤Ένΐό±β,20200324,1110,1170,1100,1160,509850,013,43337000
352,A017040,±¤Ένΐό±β,20200323,1075,1145,1050,1080,1108179,013,43337000
353,A017040,±¤Ένΐό±β,20200320,1130,1240,1100,1200,2838260,013,43337000
354,A017040,±¤Ένΐό±β,20200319,1510,1525,1085,1130,1037370,013,43337000
355,A017040,±¤Ένΐό±β,20200318,1500,1550,1445,1525,599408,013,43337000
356,A017040,±¤Ένΐό±β,20200317,1360,1520,1360,1500,459731,013,43337000
357,A017040,±¤Ένΐό±β,20200316,1565,1585,1410,1490,743745,013,43337000
358,A017040,±¤Ένΐό±β,20200313,1515,1580,1370,1520,929502,013,43337000
359,A017040,±¤Ένΐό±β,20200312,1705,1735,1575,1700,635347,013,43337000
360,A017040,±¤Ένΐό±β,20200311,1855,1860,1755,1755,252797,013,43337000
361,A017040,±¤Ένΐό±β,20200310,1800,1845,1785,1840,269429,013,43337000
362,A017040,±¤Ένΐό±β,20200309,1885,1910,1815,1855,293165,013,43337000
363,A017040,±¤Ένΐό±β,20200306,2000,2005,1920,1945,190532,013,43337000
364,A017040,±¤Ένΐό±β,20200305,1985,2000,1950,1970,129218,013,43337000
365,A017040,±¤Ένΐό±β,20200304,1910,1960,1895,1960,157186,013,43337000
366,A017040,±¤Ένΐό±β,20200303,1930,1970,1920,1930,211476,013,43337000
367,A017040,±¤Ένΐό±β,20200302,1855,1915,1815,1900,199840,013,43337000
368,A017040,±¤Ένΐό±β,20200228,1950,1965,1850,1860,473555,013,43337000
369,A017040,±¤Ένΐό±β,20200227,2070,2070,1980,1980,297094,013,43337000
370,A017040,±¤Ένΐό±β,20200226,2050,2070,2020,2065,90053,013,43337000
371,A017040,±¤Ένΐό±β,20200225,2000,2095,2000,2065,328511,013,43337000
372,A017040,±¤Ένΐό±β,20200224,2135,2145,2000,2075,396681,013,43337000
373,A017040,±¤Ένΐό±β,20200221,2170,2180,2120,2175,150306,013,43337000
374,A017040,±¤Ένΐό±β,20200220,2165,2185,2110,2185,145251,013,43337000
375,A017040,±¤Ένΐό±β,20200219,2205,2220,2150,2175,100832,013,43337000
376,A017040,±¤Ένΐό±β,20200218,2210,2245,2170,2205,166366,013,43337000
377,A017040,±¤Ένΐό±β,20200217,2220,2230,2185,2200,145380,013,43337000
378,A017040,±¤Ένΐό±β,20200214,2195,2250,2165,2215,432757,013,43337000
379,A017040,±¤Ένΐό±β,20200213,2195,2230,2170,2195,159575,013,43337000
380,A017040,±¤Ένΐό±β,20200212,2195,2205,2170,2195,157028,013,43337000
381,A017040,±¤Ένΐό±β,20200211,2215,2225,2180,2195,162420,013,43337000
382,A017040,±¤Ένΐό±β,20200210,2230,2230,2190,2220,59730,013,43337000
383,A017040,±¤Ένΐό±β,20200207,2230,2250,2190,2225,82456,013,43337000
384,A017040,±¤Ένΐό±β,20200206,2215,2235,2210,2230,97415,013,43337000
385,A017040,±¤Ένΐό±β,20200205,2145,2270,2130,2230,141281,013,43337000
386,A017040,±¤Ένΐό±β,20200204,2130,2170,2125,2155,95023,013,43337000
387,A017040,±¤Ένΐό±β,20200203,2110,2160,2010,2120,157842,013,43337000
388,A017040,±¤Ένΐό±β,20200131,2135,2275,2120,2140,186712,013,43337000
389,A017040,±¤Ένΐό±β,20200130,2200,2200,2115,2170,112965,013,43337000
390,A017040,±¤Ένΐό±β,20200129,2165,2200,2135,2185,70801,013,43337000
391,A017040,±¤Ένΐό±β,20200128,2225,2225,2130,2130,211167,013,43337000
392,A017040,±¤Ένΐό±β,20200123,2230,2275,2200,2240,128904,013,43337000
393,A017040,±¤Ένΐό±β,20200122,2200,2250,2195,2230,83386,013,43337000
394,A017040,±¤Ένΐό±β,20200121,2240,2270,2210,2210,107901,013,43337000
395,A017040,±¤Ένΐό±β,20200120,2250,2270,2210,2240,147758,013,43337000
396,A017040,±¤Ένΐό±β,20200117,2270,2270,2225,2250,114628,013,43337000
397,A017040,±¤Ένΐό±β,20200116,2260,2270,2240,2260,79966,013,43337000
398,A017040,±¤Ένΐό±β,20200115,2230,2270,2215,2260,110828,013,43337000
399,A017040,±¤Ένΐό±β,20200114,2230,2240,2200,2225,56190,013,43337000
400,A017040,±¤Ένΐό±β,20200113,2180,2250,2170,2225,113809,013,43337000
401,A017040,±¤Ένΐό±β,20200110,2180,2215,2175,2200,125484,013,43337000
402,A017040,±¤Ένΐό±β,20200109,2130,2205,2130,2200,111467,013,43337000
403,A017040,±¤Ένΐό±β,20200108,2170,2170,2085,2090,170854,013,43337000
404,A017040,±¤Ένΐό±β,20200107,2200,2225,2165,2190,112272,013,43337000
405,A017040,±¤Ένΐό±β,20200106,2235,2270,2145,2230,168060,013,43337000
406,A017040,±¤Ένΐό±β,20200103,2285,2295,2235,2235,72682,013,43337000
407,A017040,±¤Ένΐό±β,20200102,2300,2310,2245,2295,78565,013,43337000
408,A017040,±¤Ένΐό±β,20191230,2300,2375,2260,2280,54612,013,43337000
409,A017040,±¤Ένΐό±β,20191227,2310,2320,2155,2320,126036,013,43337000
410,A017040,±¤Ένΐό±β,20191226,2270,2315,2260,2310,234870,013,43337000
411,A017040,±¤Ένΐό±β,20191224,2240,2300,2240,2270,348645,013,43337000
412,A017040,±¤Ένΐό±β,20191223,2265,2275,2240,2270,106756,013,43337000
413,A017040,±¤Ένΐό±β,20191220,2235,2275,2220,2270,99081,013,43337000
414,A017040,±¤Ένΐό±β,20191219,2250,2265,2230,2235,87391,013,43337000
415,A017040,±¤Ένΐό±β,20191218,2225,2260,2215,2250,124362,013,43337000
416,A017040,±¤Ένΐό±β,20191217,2225,2235,2200,2230,183674,013,43337000
417,A017040,±¤Ένΐό±β,20191216,2210,2220,2180,2210,83853,013,43337000
418,A017040,±¤Ένΐό±β,20191213,2200,2215,2175,2210,119008,013,43337000
419,A017040,±¤Ένΐό±β,20191212,2180,2200,2100,2190,102428,013,43337000
420,A017040,±¤Ένΐό±β,20191211,2165,2185,2150,2155,70317,013,43337000
421,A017040,±¤Ένΐό±β,20191210,2125,2165,2125,2140,52896,013,43337000
422,A017040,±¤Ένΐό±β,20191209,2155,2165,2140,2140,58548,013,43337000
423,A017040,±¤Ένΐό±β,20191206,2130,2195,2125,2170,114081,013,43337000
424,A017040,±¤Ένΐό±β,20191205,2140,2160,2110,2160,103853,013,43337000
425,A017040,±¤Ένΐό±β,20191204,2120,2155,2105,2145,159239,013,43337000
426,A017040,±¤Ένΐό±β,20191203,2125,2180,2110,2145,190288,013,43337000
427,A017040,±¤Ένΐό±β,20191202,2170,2175,2120,2165,134677,013,43337000
428,A017040,±¤Ένΐό±β,20191129,2160,2190,2095,2170,343561,013,43337000
429,A017040,±¤Ένΐό±β,20191128,2155,2185,2155,2165,105723,013,43337000
430,A017040,±¤Ένΐό±β,20191127,2175,2215,2160,2165,100605,013,43337000
431,A017040,±¤Ένΐό±β,20191126,2160,2190,2160,2185,129832,013,43337000
432,A017040,±¤Ένΐό±β,20191125,2155,2200,2155,2165,95381,013,43337000
433,A017040,±¤Ένΐό±β,20191122,2145,2175,2145,2155,122908,013,43337000
434,A017040,±¤Ένΐό±β,20191121,2230,2250,2150,2155,159792,013,43337000
435,A017040,±¤Ένΐό±β,20191120,2290,2300,2210,2220,149404,013,43337000
436,A017040,±¤Ένΐό±β,20191119,2300,2310,2275,2300,141797,013,43337000
437,A017040,±¤Ένΐό±β,20191118,2320,2350,2305,2310,263850,013,43337000
438,A017040,±¤Ένΐό±β,20191115,2295,2300,2255,2285,117725,013,43337000
439,A017040,±¤Ένΐό±β,20191114,2290,2315,2250,2265,154900,013,43337000
440,A017040,±¤Ένΐό±β,20191113,2315,2335,2260,2280,308199,013,43337000
441,A017040,±¤Ένΐό±β,20191112,2260,2285,2260,2285,84062,013,43337000
442,A017040,±¤Ένΐό±β,20191111,2295,2300,2240,2260,79123,013,43337000
443,A017040,±¤Ένΐό±β,20191108,2280,2295,2270,2285,51494,013,43337000
444,A017040,±¤Ένΐό±β,20191107,2290,2295,2250,2270,65795,013,43337000
445,A017040,±¤Ένΐό±β,20191106,2285,2310,2240,2290,126514,013,43337000
446,A017040,±¤Ένΐό±β,20191105,2280,2290,2250,2250,144763,013,43337000
447,A017040,±¤Ένΐό±β,20191104,2185,2245,2180,2245,129641,013,43337000
448,A017040,±¤Ένΐό±β,20191101,2165,2205,2145,2180,111207,013,43337000
449,A017040,±¤Ένΐό±β,20191031,2185,2220,2160,2170,151648,013,43337000
450,A017040,±¤Ένΐό±β,20191030,2230,2230,2160,2200,208945,013,43337000
451,A017040,±¤Ένΐό±β,20191029,2235,2255,2215,2250,88327,013,43337000
452,A017040,±¤Ένΐό±β,20191028,2270,2280,2235,2240,93954,013,43337000
453,A017040,±¤Ένΐό±β,20191025,2280,2315,2235,2255,142824,013,43337000
454,A017040,±¤Ένΐό±β,20191024,2235,2315,2230,2300,176222,013,43337000
455,A017040,±¤Ένΐό±β,20191023,2270,2390,2240,2250,333169,013,43337000
456,A017040,±¤Ένΐό±β,20191022,2250,2380,2250,2350,192635,013,43337000
457,A017040,±¤Ένΐό±β,20191021,2270,2330,2190,2290,284243,013,43337000
458,A017040,±¤Ένΐό±β,20191018,2300,2335,2275,2275,79862,013,43337000
459,A017040,±¤Ένΐό±β,20191017,2365,2365,2285,2310,118973,013,43337000
460,A017040,±¤Ένΐό±β,20191016,2340,2385,2325,2360,144891,013,43337000
461,A017040,±¤Ένΐό±β,20191015,2350,2380,2335,2355,77058,013,43337000
462,A017040,±¤Ένΐό±β,20191014,2325,2400,2295,2370,266643,013,43337000
463,A017040,±¤Ένΐό±β,20191011,2275,2325,2240,2325,161887,013,43337000
464,A017040,±¤Ένΐό±β,20191010,2130,2330,2130,2290,273667,013,43337000
465,A017040,±¤Ένΐό±β,20191008,2150,2185,2135,2165,201715,013,43337000
466,A017040,±¤Ένΐό±β,20191007,2250,2260,2100,2125,907151,013,43337000
467,A017040,±¤Ένΐό±β,20191004,2500,2505,2415,2455,240408,013,43337000
468,A017040,±¤Ένΐό±β,20191002,2505,2550,2430,2470,1103285,013,43337000
469,A017040,±¤Ένΐό±β,20191001,2425,2450,2380,2425,83567,013,43337000
470,A017040,±¤Ένΐό±β,20190930,2385,2490,2345,2425,267406,013,43337000
471,A017040,±¤Ένΐό±β,20190927,2390,2460,2390,2420,149681,013,43337000
472,A017040,±¤Ένΐό±β,20190926,2390,2450,2325,2450,352737,013,43337000
473,A017040,±¤Ένΐό±β,20190925,2485,2485,2325,2330,334836,013,43337000
474,A017040,±¤Ένΐό±β,20190924,2490,2515,2445,2455,281669,013,43337000
475,A017040,±¤Ένΐό±β,20190923,2570,2575,2490,2515,302508,013,43337000
476,A017040,±¤Ένΐό±β,20190920,2505,2520,2465,2520,298111,013,43337000
477,A017040,±¤Ένΐό±β,20190919,2540,2540,2460,2470,434241,013,43337000
478,A017040,±¤Ένΐό±β,20190918,2405,2505,2370,2490,530446,013,43337000
479,A017040,±¤Ένΐό±β,20190917,2380,2425,2340,2405,482893,013,43337000
480,A017040,±¤Ένΐό±β,20190916,2350,2490,2310,2400,1724189,013,43337000
481,A017040,±¤Ένΐό±β,20190911,2300,2305,2230,2290,968990,013,43337000
482,A017040,±¤Ένΐό±β,20190910,2140,2525,2125,2260,8931298,013,43337000
483,A017040,±¤Ένΐό±β,20190909,2120,2120,2085,2085,50324,013,43337000
484,A017040,±¤Ένΐό±β,20190906,2115,2135,2090,2110,61156,013,43337000
485,A017040,±¤Ένΐό±β,20190905,2120,2135,2110,2115,84740,013,43337000
486,A017040,±¤Ένΐό±β,20190904,2110,2125,2085,2120,82159,013,43337000
487,A017040,±¤Ένΐό±β,20190903,2085,2125,2085,2115,94150,013,43337000
488,A017040,±¤Ένΐό±β,20190902,2080,2115,2070,2110,80837,013,43337000
489,A017040,±¤Ένΐό±β,20190830,2060,2110,2060,2105,92025,013,43337000
490,A017040,±¤Ένΐό±β,20190829,2080,2080,2025,2055,71994,013,43337000
491,A017040,±¤Ένΐό±β,20190828,2050,2080,2040,2065,76031,013,43337000
492,A017040,±¤Ένΐό±β,20190827,2030,2105,2030,2035,140566,013,43337000
493,A017040,±¤Ένΐό±β,20190826,2005,2025,1975,1990,164042,013,43337000
494,A017040,±¤Ένΐό±β,20190823,2075,2090,2040,2040,159442,013,43337000
495,A017040,±¤Ένΐό±β,20190822,2120,2120,2035,2075,211688,013,43337000
496,A017040,±¤Ένΐό±β,20190821,2090,2125,2090,2110,98748,013,43337000
497,A017040,±¤Ένΐό±β,20190820,2100,2120,2075,2115,104334,013,43337000
498,A017040,±¤Ένΐό±β,20190819,2070,2125,2065,2090,154206,013,43337000
499,A017040,±¤Ένΐό±β,20190816,2020,2075,2005,2040,165597,013,43337000
500,A017040,±¤Ένΐό±β,20190814,2065,2090,2045,2080,122141,013,43337000
501,A017040,±¤Ένΐό±β,20190813,2010,2100,1995,2035,106460,013,43337000
502,A017040,±¤Ένΐό±β,20190812,2000,2050,1960,2040,234202,013,43337000
503,A017040,±¤Ένΐό±β,20190809,1930,1995,1920,1980,175778,013,43337000
504,A017040,±¤Ένΐό±β,20190808,1820,1930,1820,1905,278258,013,43337000
505,A017040,±¤Ένΐό±β,20190807,1720,1810,1720,1805,564344,013,43337000
506,A017040,±¤Ένΐό±β,20190806,1760,1940,1725,1725,1131781,013,43337000
507,A017040,±¤Ένΐό±β,20190805,2085,2115,1815,1865,532542,013,43337000
508,A017040,±¤Ένΐό±β,20190802,2060,2135,2045,2100,125440,013,43337000
509,A017040,±¤Ένΐό±β,20190801,2160,2170,2105,2105,124719,013,43337000
510,A017040,±¤Ένΐό±β,20190731,2125,2175,2075,2170,133181,013,43337000
511,A017040,±¤Ένΐό±β,20190730,2145,2185,2125,2155,167529,013,43337000
512,A017040,±¤Ένΐό±β,20190729,2200,2215,2065,2210,487563,013,43337000
513,A017040,±¤Ένΐό±β,20190726,2245,2270,2180,2220,178138,013,43337000
514,A017040,±¤Ένΐό±β,20190725,2305,2345,2230,2250,189010,013,43337000
515,A017040,±¤Ένΐό±β,20190724,2375,2375,2325,2330,132339,013,43337000
516,A017040,±¤Ένΐό±β,20190723,2365,2395,2355,2360,62545,013,43337000
517,A017040,±¤Ένΐό±β,20190722,2335,2385,2335,2380,76242,013,43337000
518,A017040,±¤Ένΐό±β,20190719,2330,2375,2330,2355,77451,013,43337000
519,A017040,±¤Ένΐό±β,20190718,2360,2375,2320,2320,133913,013,43337000
520,A017040,±¤Ένΐό±β,20190717,2375,2420,2340,2355,175500,013,43337000
521,A017040,±¤Ένΐό±β,20190716,2420,2440,2390,2410,85633,013,43337000
522,A017040,±¤Ένΐό±β,20190715,2450,2455,2425,2430,49860,013,43337000
523,A017040,±¤Ένΐό±β,20190712,2435,2460,2415,2450,110219,013,43337000
524,A017040,±¤Ένΐό±β,20190711,2395,2460,2375,2450,125711,013,43337000
525,A017040,±¤Ένΐό±β,20190710,2310,2405,2310,2365,158441,013,43337000
526,A017040,±¤Ένΐό±β,20190709,2435,2435,2310,2340,191829,013,43337000
527,A017040,±¤Ένΐό±β,20190708,2545,2545,2380,2380,219059,013,43337000
528,A017040,±¤Ένΐό±β,20190705,2515,2555,2515,2545,196640,013,43337000
529,A017040,±¤Ένΐό±β,20190704,2515,2540,2455,2515,136149,013,43337000
530,A017040,±¤Ένΐό±β,20190703,2595,2620,2500,2500,238952,013,43337000
531,A017040,±¤Ένΐό±β,20190702,2570,2620,2565,2605,244098,013,43337000
532,A017040,±¤Ένΐό±β,20190701,2635,2640,2540,2585,374421,013,43337000
533,A017040,±¤Ένΐό±β,20190628,2535,2555,2460,2500,148726,013,43337000
534,A017040,±¤Ένΐό±β,20190627,2600,2610,2510,2535,123557,013,43337000
535,A017040,±¤Ένΐό±β,20190626,2575,2595,2540,2575,117006,013,43337000
536,A017040,±¤Ένΐό±β,20190625,2640,2650,2535,2560,258242,013,43337000
537,A017040,±¤Ένΐό±β,20190624,2630,2645,2620,2645,347561,013,43337000
538,A017040,±¤Ένΐό±β,20190621,2630,2635,2570,2575,134921,013,43337000
539,A017040,±¤Ένΐό±β,20190620,2665,2665,2590,2615,120086,013,43337000
540,A017040,±¤Ένΐό±β,20190619,2565,2635,2565,2620,338917,013,43337000
541,A017040,±¤Ένΐό±β,20190618,2555,2580,2535,2555,161028,013,43337000
542,A017040,±¤Ένΐό±β,20190617,2580,2600,2535,2555,104488,013,43337000
543,A017040,±¤Ένΐό±β,20190614,2585,2595,2555,2590,121783,013,43337000
544,A017040,±¤Ένΐό±β,20190613,2565,2590,2550,2585,155374,013,43337000
545,A017040,±¤Ένΐό±β,20190612,2595,2615,2540,2560,347887,013,43337000
546,A017040,±¤Ένΐό±β,20190611,2505,2550,2495,2550,254509,013,43337000
547,A017040,±¤Ένΐό±β,20190610,2500,2540,2480,2505,358023,013,43337000
548,A017040,±¤Ένΐό±β,20190607,2475,2485,2460,2485,109940,013,43337000
549,A017040,±¤Ένΐό±β,20190605,2430,2470,2410,2470,197819,013,43337000
550,A017040,±¤Ένΐό±β,20190604,2380,2420,2375,2415,121044,013,43337000
551,A017040,±¤Ένΐό±β,20190603,2380,2405,2355,2380,83560,013,43337000
552,A017040,±¤Ένΐό±β,20190531,2370,2400,2360,2390,75389,013,43337000
553,A017040,±¤Ένΐό±β,20190530,2390,2415,2365,2365,124538,013,43337000
554,A017040,±¤Ένΐό±β,20190529,2460,2460,2380,2410,121383,013,43337000
555,A017040,±¤Ένΐό±β,20190528,2400,2460,2400,2445,104740,013,43337000
556,A017040,±¤Ένΐό±β,20190527,2425,2460,2395,2410,78845,013,43337000
557,A017040,±¤Ένΐό±β,20190524,2450,2475,2400,2435,161078,013,43337000
558,A017040,±¤Ένΐό±β,20190523,2420,2510,2420,2485,379321,013,43337000
559,A017040,±¤Ένΐό±β,20190522,2410,2470,2410,2445,111625,013,43337000
560,A017040,±¤Ένΐό±β,20190521,2445,2490,2420,2425,105963,013,43337000
561,A017040,±¤Ένΐό±β,20190520,2500,2525,2450,2450,380580,013,43337000
562,A017040,±¤Ένΐό±β,20190517,2360,2500,2360,2450,510432,013,43337000
563,A017040,±¤Ένΐό±β,20190516,2350,2405,2350,2370,158974,013,43337000
564,A017040,±¤Ένΐό±β,20190515,2295,2350,2290,2340,106968,013,43337000
565,A017040,±¤Ένΐό±β,20190514,2280,2320,2260,2290,198367,013,43337000
566,A017040,±¤Ένΐό±β,20190513,2300,2380,2295,2300,200445,013,43337000
567,A017040,±¤Ένΐό±β,20190510,2380,2400,2305,2320,315418,013,43337000
568,A017040,±¤Ένΐό±β,20190509,2470,2470,2360,2380,283073,013,43337000
569,A017040,±¤Ένΐό±β,20190508,2455,2485,2445,2455,161162,013,43337000
570,A017040,±¤Ένΐό±β,20190507,2430,2475,2430,2455,224440,013,43337000
571,A017040,±¤Ένΐό±β,20190503,2520,2530,2500,2520,107017,013,43337000
572,A017040,±¤Ένΐό±β,20190502,2450,2515,2450,2515,139989,013,43337000
573,A017040,±¤Ένΐό±β,20190430,2455,2480,2425,2470,178833,013,43337000
574,A017040,±¤Ένΐό±β,20190429,2490,2500,2430,2435,160969,013,43337000
575,A017040,±¤Ένΐό±β,20190426,2510,2520,2470,2480,105331,013,43337000
576,A017040,±¤Ένΐό±β,20190425,2535,2540,2480,2485,191362,013,43337000
577,A017040,±¤Ένΐό±β,20190424,2565,2575,2525,2535,131018,013,43337000
578,A017040,±¤Ένΐό±β,20190423,2580,2605,2560,2565,134562,013,43337000
579,A017040,±¤Ένΐό±β,20190422,2595,2620,2575,2590,155554,013,43337000
580,A017040,±¤Ένΐό±β,20190419,2570,2590,2555,2580,129796,013,43337000
581,A017040,±¤Ένΐό±β,20190418,2575,2620,2560,2565,331631,013,43337000
582,A017040,±¤Ένΐό±β,20190417,2580,2590,2555,2565,151971,013,43337000
583,A017040,±¤Ένΐό±β,20190416,2585,2610,2535,2580,204286,013,43337000
584,A017040,±¤Ένΐό±β,20190415,2620,2625,2570,2580,166339,013,43337000
585,A017040,±¤Ένΐό±β,20190412,2600,2605,2570,2585,237671,013,43337000
586,A017040,±¤Ένΐό±β,20190411,2600,2660,2600,2640,322801,013,43337000
587,A017040,±¤Ένΐό±β,20190410,2600,2625,2590,2615,190239,013,43337000
588,A017040,±¤Ένΐό±β,20190409,2610,2620,2570,2610,217559,013,43337000
589,A017040,±¤Ένΐό±β,20190408,2670,2675,2595,2615,266818,013,43337000
590,A017040,±¤Ένΐό±β,20190405,2565,2660,2560,2630,530263,013,43337000
591,A017040,±¤Ένΐό±β,20190404,2580,2585,2545,2565,164091,013,43337000
592,A017040,±¤Ένΐό±β,20190403,2550,2590,2540,2580,272009,013,43337000
593,A017040,±¤Ένΐό±β,20190402,2565,2575,2520,2550,155219,013,43337000
594,A017040,±¤Ένΐό±β,20190401,2560,2570,2530,2560,288736,013,43337000
595,A017040,±¤Ένΐό±β,20190329,2415,2535,2405,2525,532878,013,43337000
596,A017040,±¤Ένΐό±β,20190328,2460,2480,2440,2445,102407,013,43337000
597,A017040,±¤Ένΐό±β,20190327,2455,2515,2450,2460,177455,013,43337000
598,A017040,±¤Ένΐό±β,20190326,2480,2490,2450,2470,118891,013,43337000
599,A017040,±¤Ένΐό±β,20190325,2435,2470,2420,2470,245467,013,43337000
600,A017040,±¤Ένΐό±β,20190322,2470,2485,2435,2470,136323,013,43337000
601,A017040,±¤Ένΐό±β,20190321,2500,2510,2465,2475,123489,013,43337000
602,A017040,±¤Ένΐό±β,20190320,2530,2530,2460,2500,135214,013,43337000
603,A017040,±¤Ένΐό±β,20190319,2515,2555,2510,2530,151569,013,43337000
604,A017040,±¤Ένΐό±β,20190318,2460,2520,2450,2515,265313,013,43337000
605,A017040,±¤Ένΐό±β,20190315,2545,2550,2375,2420,603731,013,43337000
606,A017040,±¤Ένΐό±β,20190314,2500,2555,2500,2545,142481,013,43337000
607,A017040,±¤Ένΐό±β,20190313,2550,2565,2465,2500,289639,013,43337000
608,A017040,±¤Ένΐό±β,20190312,2515,2560,2500,2540,237912,013,43337000
609,A017040,±¤Ένΐό±β,20190311,2505,2530,2465,2505,268046,013,43337000
610,A017040,±¤Ένΐό±β,20190308,2500,2580,2485,2540,384047,013,43337000
611,A017040,±¤Ένΐό±β,20190307,2590,2615,2535,2540,443712,013,43337000
612,A017040,±¤Ένΐό±β,20190306,2665,2700,2585,2615,441627,013,43337000
613,A017040,±¤Ένΐό±β,20190305,2640,2700,2620,2675,322552,013,43337000
614,A017040,±¤Ένΐό±β,20190304,2610,2735,2585,2625,879527,013,43337000
615,A017040,±¤Ένΐό±β,20190228,3160,3165,2705,2705,1093155,013,43337000
616,A017040,±¤Ένΐό±β,20190227,3140,3165,3095,3145,249398,013,43337000
617,A017040,±¤Ένΐό±β,20190226,3065,3185,3065,3140,453597,013,43337000
618,A017040,±¤Ένΐό±β,20190225,3130,3150,3055,3085,370538,013,43337000
619,A017040,±¤Ένΐό±β,20190222,3055,3145,3040,3130,262257,013,43337000
620,A017040,±¤Ένΐό±β,20190221,3210,3215,3045,3100,408968,013,43337000
621,A017040,±¤Ένΐό±β,20190220,3305,3325,3175,3200,360912,013,43337000
622,A017040,±¤Ένΐό±β,20190219,3260,3340,3260,3285,418231,013,43337000
623,A017040,±¤Ένΐό±β,20190218,3265,3300,3195,3275,378919,013,43337000
624,A017040,±¤Ένΐό±β,20190215,3210,3265,3145,3215,412872,013,43337000
625,A017040,±¤Ένΐό±β,20190214,3300,3300,3150,3245,501052,013,43337000
626,A017040,±¤Ένΐό±β,20190213,3300,3335,3250,3275,251501,013,43337000
627,A017040,±¤Ένΐό±β,20190212,3300,3350,3250,3270,428049,013,43337000
628,A017040,±¤Ένΐό±β,20190211,3395,3405,3255,3300,652482,013,43337000
629,A017040,±¤Ένΐό±β,20190208,3300,3365,3215,3365,854082,013,43337000
630,A017040,±¤Ένΐό±β,20190207,3290,3380,3250,3330,1359300,013,43337000
631,A017040,±¤Ένΐό±β,20190201,3060,3195,3030,3170,975624,013,43337000
632,A017040,±¤Ένΐό±β,20190131,3060,3070,2990,3030,136911,013,43337000
633,A017040,±¤Ένΐό±β,20190130,3005,3130,3000,3045,595029,013,43337000
634,A017040,±¤Ένΐό±β,20190129,3050,3080,2945,2965,462971,013,43337000
635,A017040,±¤Ένΐό±β,20190128,3100,3100,3065,3070,180064,013,43337000
636,A017040,±¤Ένΐό±β,20190125,3085,3135,3075,3095,254701,013,43337000
637,A017040,±¤Ένΐό±β,20190124,3150,3160,3085,3095,379392,013,43337000
638,A017040,±¤Ένΐό±β,20190123,3055,3110,3025,3090,198472,013,43337000
639,A017040,±¤Ένΐό±β,20190122,3020,3150,3005,3065,577998,013,43337000
640,A017040,±¤Ένΐό±β,20190121,3110,3110,3005,3015,326243,013,43337000
641,A017040,±¤Ένΐό±β,20190118,3030,3100,2995,3070,344529,013,43337000
642,A017040,±¤Ένΐό±β,20190117,3125,3125,3000,3025,331303,013,43337000
643,A017040,±¤Ένΐό±β,20190116,3130,3130,3040,3090,531681,013,43337000
644,A017040,±¤Ένΐό±β,20190115,3075,3075,3010,3070,359497,013,43337000
645,A017040,±¤Ένΐό±β,20190114,3090,3100,3035,3060,518886,013,43337000
646,A017040,±¤Ένΐό±β,20190111,2940,3060,2935,3055,560695,013,43337000
647,A017040,±¤Ένΐό±β,20190110,3010,3035,2925,2930,469538,013,43337000
648,A017040,±¤Ένΐό±β,20190109,2910,3110,2900,2995,1963991,013,43337000
649,A017040,±¤Ένΐό±β,20190108,2820,2940,2800,2870,878124,013,43337000
650,A017040,±¤Ένΐό±β,20190107,2875,2880,2770,2790,617455,013,43337000
651,A017040,±¤Ένΐό±β,20190104,2730,2730,2660,2730,316372,013,43337000
652,A017040,±¤Ένΐό±β,20190103,2605,2790,2580,2735,777448,013,43337000
653,A017040,±¤Ένΐό±β,20190102,2730,2730,2575,2580,325319,013,43337000
654,A017040,±¤Ένΐό±β,20181228,2575,2630,2560,2620,148615,013,43337000
655,A017040,±¤Ένΐό±β,20181227,2535,2615,2535,2575,210944,013,43337000
656,A017040,±¤Ένΐό±β,20181226,2580,2655,2500,2520,296051,013,43337000
657,A017040,±¤Ένΐό±β,20181224,2575,2685,2545,2655,332993,013,43337000
658,A017040,±¤Ένΐό±β,20181221,2540,2605,2540,2585,139901,013,43337000
659,A017040,±¤Ένΐό±β,20181220,2540,2605,2535,2540,131335,013,43337000
660,A017040,±¤Ένΐό±β,20181219,2520,2550,2515,2540,177822,013,43337000
661,A017040,±¤Ένΐό±β,20181218,2550,2640,2515,2515,207016,013,43337000
662,A017040,±¤Ένΐό±β,20181217,2695,2695,2565,2600,256410,013,43337000
663,A017040,±¤Ένΐό±β,20181214,2740,2765,2685,2725,146181,013,43337000
664,A017040,±¤Ένΐό±β,20181213,2650,2775,2645,2740,251527,013,43337000
665,A017040,±¤Ένΐό±β,20181212,2680,2735,2630,2665,242401,013,43337000
666,A017040,±¤Ένΐό±β,20181211,2775,2795,2665,2725,183690,013,43337000
667,A017040,±¤Ένΐό±β,20181210,2810,2850,2730,2780,287388,013,43337000
668,A017040,±¤Ένΐό±β,20181207,2830,2910,2805,2900,553295,013,43337000
669,A017040,±¤Ένΐό±β,20181206,2855,2890,2730,2760,307975,013,43337000
670,A017040,±¤Ένΐό±β,20181205,2835,2915,2810,2880,378913,013,43337000
671,A017040,±¤Ένΐό±β,20181204,2770,2910,2760,2890,677828,013,43337000
672,A017040,±¤Ένΐό±β,20181203,2750,2810,2715,2770,438651,013,43337000
673,A017040,±¤Ένΐό±β,20181130,2675,2690,2620,2690,170021,013,43337000
674,A017040,±¤Ένΐό±β,20181129,2635,2840,2630,2660,1165378,013,43337000
675,A017040,±¤Ένΐό±β,20181128,2670,2690,2610,2615,210479,013,43337000
676,A017040,±¤Ένΐό±β,20181127,2630,2660,2595,2630,135993,013,43337000
677,A017040,±¤Ένΐό±β,20181126,2640,2655,2600,2630,238440,013,43337000
678,A017040,±¤Ένΐό±β,20181123,2625,2710,2520,2555,440559,013,43337000
679,A017040,±¤Ένΐό±β,20181122,2645,2645,2590,2615,148415,013,43337000
680,A017040,±¤Ένΐό±β,20181121,2575,2650,2550,2620,254009,013,43337000
681,A017040,±¤Ένΐό±β,20181120,2585,2620,2565,2605,148016,013,43337000
682,A017040,±¤Ένΐό±β,20181119,2585,2640,2575,2620,214747,013,43337000
683,A017040,±¤Ένΐό±β,20181116,2505,2580,2495,2540,252902,013,43337000
684,A017040,±¤Ένΐό±β,20181115,2415,2500,2410,2500,148593,013,43337000
685,A017040,±¤Ένΐό±β,20181114,2470,2470,2405,2405,155255,013,43337000
686,A017040,±¤Ένΐό±β,20181113,2390,2455,2365,2425,225327,013,43337000
687,A017040,±¤Ένΐό±β,20181112,2450,2505,2410,2460,124015,013,43337000
688,A017040,±¤Ένΐό±β,20181109,2570,2575,2470,2500,254434,013,43337000
689,A017040,±¤Ένΐό±β,20181108,2500,2585,2490,2550,309180,013,43337000
690,A017040,±¤Ένΐό±β,20181107,2595,2660,2400,2455,506042,013,43337000
691,A017040,±¤Ένΐό±β,20181106,2610,2620,2520,2575,282330,013,43337000
692,A017040,±¤Ένΐό±β,20181105,2600,2655,2530,2575,222582,013,43337000
693,A017040,±¤Ένΐό±β,20181102,2490,2610,2485,2580,312429,013,43337000
694,A017040,±¤Ένΐό±β,20181101,2440,2500,2430,2450,230012,013,43337000
695,A017040,±¤Ένΐό±β,20181031,2390,2400,2320,2380,304277,013,43337000
696,A017040,±¤Ένΐό±β,20181030,2130,2385,2130,2350,887438,013,43337000
697,A017040,±¤Ένΐό±β,20181029,2425,2490,2165,2225,1049304,013,43337000
698,A017040,±¤Ένΐό±β,20181026,2510,2590,2385,2470,614896,013,43337000
699,A017040,±¤Ένΐό±β,20181025,2390,2530,2390,2505,475774,013,43337000
700,A017040,±¤Ένΐό±β,20181024,2640,2685,2480,2490,549254,013,43337000
701,A017040,±¤Ένΐό±β,20181023,2710,2750,2600,2625,301444,013,43337000
702,A017040,±¤Ένΐό±β,20181022,2800,2800,2695,2705,279747,013,43337000
703,A017040,±¤Ένΐό±β,20181019,2830,2870,2750,2840,268044,013,43337000
704,A017040,±¤Ένΐό±β,20181018,2825,2915,2800,2830,270255,013,43337000
705,A017040,±¤Ένΐό±β,20181017,2820,2895,2800,2840,240139,013,43337000
706,A017040,±¤Ένΐό±β,20181016,2710,2860,2710,2790,273176,013,43337000
707,A017040,±¤Ένΐό±β,20181015,2720,2805,2660,2725,274518,013,43337000
708,A017040,±¤Ένΐό±β,20181012,2570,2750,2570,2720,431968,013,43337000
709,A017040,±¤Ένΐό±β,20181011,2560,2785,2550,2640,1094008,013,43337000
710,A017040,±¤Ένΐό±β,20181010,3150,3150,2795,2800,1053324,013,43337000
711,A017040,±¤Ένΐό±β,20181008,3230,3270,3155,3160,414389,013,43337000
712,A017040,±¤Ένΐό±β,20181005,3230,3280,3150,3255,475886,013,43337000
713,A017040,±¤Ένΐό±β,20181004,3205,3330,3165,3300,771357,013,43337000
714,A017040,±¤Ένΐό±β,20181002,3130,3195,3090,3095,325672,013,43337000
715,A017040,±¤Ένΐό±β,20181001,3145,3235,3130,3145,291686,013,43337000
716,A017040,±¤Ένΐό±β,20180928,3170,3195,3100,3145,362002,013,43337000
717,A017040,±¤Ένΐό±β,20180927,3330,3335,3185,3200,346036,013,43337000
718,A017040,±¤Ένΐό±β,20180921,3070,3275,3060,3270,710602,013,43337000
719,A017040,±¤Ένΐό±β,20180920,3190,3200,3070,3095,419323,013,43337000
720,A017040,±¤Ένΐό±β,20180919,3220,3270,3090,3090,942900,013,43337000
721,A017040,±¤Ένΐό±β,20180918,3405,3430,3200,3210,940725,013,43337000
722,A017040,±¤Ένΐό±β,20180917,3450,3465,3315,3405,922873,013,43337000
723,A017040,±¤Ένΐό±β,20180914,3385,3420,3305,3400,480406,013,43337000
724,A017040,±¤Ένΐό±β,20180913,3450,3470,3380,3385,499113,013,43337000
725,A017040,±¤Ένΐό±β,20180912,3405,3450,3290,3450,839206,013,43337000
726,A017040,±¤Ένΐό±β,20180911,3490,3510,3355,3390,809825,013,43337000
727,A017040,±¤Ένΐό±β,20180910,3330,3455,3310,3440,1989998,013,43337000
728,A017040,±¤Ένΐό±β,20180907,3200,3290,3150,3280,1625189,013,43337000
729,A017040,±¤Ένΐό±β,20180906,3150,3370,3035,3200,4405584,013,43337000
730,A017040,±¤Ένΐό±β,20180905,3080,3105,3030,3070,385975,013,43337000
731,A017040,±¤Ένΐό±β,20180904,2965,3065,2945,3050,580636,013,43337000
732,A017040,±¤Ένΐό±β,20180903,2965,2975,2910,2970,350006,013,43337000
733,A017040,±¤Ένΐό±β,20180831,2870,2920,2835,2895,207761,013,43337000
734,A017040,±¤Ένΐό±β,20180830,2855,2970,2855,2900,423507,013,43337000
735,A017040,±¤Ένΐό±β,20180829,2830,2860,2790,2845,292598,013,43337000
736,A017040,±¤Ένΐό±β,20180828,2935,2975,2800,2840,766521,013,43337000
737,A017040,±¤Ένΐό±β,20180827,2950,3035,2925,2935,786271,013,43337000
738,A017040,±¤Ένΐό±β,20180824,3230,3230,3165,3200,318821,013,43337000
739,A017040,±¤Ένΐό±β,20180823,3180,3275,3150,3190,528808,013,43337000
740,A017040,±¤Ένΐό±β,20180822,3160,3235,3050,3190,979040,013,43337000
741,A017040,±¤Ένΐό±β,20180821,3160,3210,3140,3155,385096,013,43337000
742,A017040,±¤Ένΐό±β,20180820,3205,3220,3125,3135,609387,013,43337000
743,A017040,±¤Ένΐό±β,20180817,3080,3180,3075,3165,644741,013,43337000
744,A017040,±¤Ένΐό±β,20180816,3070,3190,2940,3140,2144828,013,43337000
745,A017040,±¤Ένΐό±β,20180814,2830,2930,2820,2905,392438,013,43337000
746,A017040,±¤Ένΐό±β,20180813,3045,3115,2750,2820,1550359,013,43337000
747,A017040,±¤Ένΐό±β,20180810,2965,3030,2910,3005,1083139,013,43337000
748,A017040,±¤Ένΐό±β,20180809,2885,2910,2865,2875,187682,013,43337000
749,A017040,±¤Ένΐό±β,20180808,2920,2975,2875,2900,408035,013,43337000
750,A017040,±¤Ένΐό±β,20180807,2915,2935,2865,2890,191255,013,43337000
751,A017040,±¤Ένΐό±β,20180806,2955,2955,2890,2900,274559,013,43337000
752,A017040,±¤Ένΐό±β,20180803,3015,3030,2960,2970,285384,013,43337000
753,A017040,±¤Ένΐό±β,20180802,2945,2990,2895,2985,474492,013,43337000
754,A017040,±¤Ένΐό±β,20180801,2885,2965,2865,2945,384010,013,43337000
755,A017040,±¤Ένΐό±β,20180731,2955,2955,2790,2860,515440,013,43337000
756,A017040,±¤Ένΐό±β,20180730,2940,2965,2905,2915,410686,013,43337000
757,A017040,±¤Ένΐό±β,20180727,2920,2955,2855,2915,487785,013,43337000
758,A017040,±¤Ένΐό±β,20180726,2775,2945,2755,2900,885793,013,43337000
759,A017040,±¤Ένΐό±β,20180725,2830,2830,2720,2740,668234,013,43337000
760,A017040,±¤Ένΐό±β,20180724,2635,2850,2635,2775,953948,013,43337000
761,A017040,±¤Ένΐό±β,20180723,2755,2755,2600,2610,452030,013,43337000
762,A017040,±¤Ένΐό±β,20180720,2790,2820,2735,2755,318130,013,43337000
763,A017040,±¤Ένΐό±β,20180719,2770,2860,2735,2780,377896,013,43337000
764,A017040,±¤Ένΐό±β,20180718,2940,2940,2765,2775,538662,013,43337000
765,A017040,±¤Ένΐό±β,20180717,2930,3005,2900,2920,362852,013,43337000
766,A017040,±¤Ένΐό±β,20180716,3000,3020,2925,2925,390011,013,43337000
767,A017040,±¤Ένΐό±β,20180713,2905,3015,2885,2955,667487,013,43337000
768,A017040,±¤Ένΐό±β,20180712,2935,2965,2850,2855,520464,013,43337000
769,A017040,±¤Ένΐό±β,20180711,2770,2975,2770,2890,947453,013,43337000
770,A017040,±¤Ένΐό±β,20180710,2750,2870,2750,2790,538876,013,43337000
771,A017040,±¤Ένΐό±β,20180709,2930,2970,2720,2720,1240264,013,43337000
772,A017040,±¤Ένΐό±β,20180706,2930,3100,2875,3055,475898,013,43337000
773,A017040,±¤Ένΐό±β,20180705,3060,3075,2900,2925,488188,013,43337000
774,A017040,±¤Ένΐό±β,20180704,3025,3145,3025,3045,387524,013,43337000
775,A017040,±¤Ένΐό±β,20180703,2985,3090,2910,3075,782838,013,43337000
776,A017040,±¤Ένΐό±β,20180702,3160,3190,2950,2970,846664,013,43337000
777,A017040,±¤Ένΐό±β,20180629,3070,3225,3030,3180,913775,013,43337000
778,A017040,±¤Ένΐό±β,20180628,3065,3185,3005,3005,1011255,013,43337000
779,A017040,±¤Ένΐό±β,20180627,3260,3350,3055,3100,1244288,013,43337000
780,A017040,±¤Ένΐό±β,20180626,3365,3445,3250,3255,902622,013,43337000
781,A017040,±¤Ένΐό±β,20180625,3360,3465,3275,3415,790486,013,43337000
782,A017040,±¤Ένΐό±β,20180622,3565,3600,3250,3390,1341847,013,43337000
783,A017040,±¤Ένΐό±β,20180621,3705,3720,3510,3550,907788,013,43337000
784,A017040,±¤Ένΐό±β,20180620,3500,3680,3400,3660,1130424,013,43337000
785,A017040,±¤Ένΐό±β,20180619,3620,3860,3515,3525,3932946,013,43337000
786,A017040,±¤Ένΐό±β,20180618,3580,3690,3485,3550,1250499,013,43337000
787,A017040,±¤Ένΐό±β,20180615,3480,3660,3480,3560,1425234,013,43337000
788,A017040,±¤Ένΐό±β,20180614,3855,3890,3470,3510,2100007,013,43337000
789,A017040,±¤Ένΐό±β,20180612,4270,4320,3845,4035,2627357,013,43337000
790,A017040,±¤Ένΐό±β,20180611,4160,4265,4095,4265,1171276,013,43337000
791,A017040,±¤Ένΐό±β,20180608,4200,4235,4025,4110,1260334,013,43337000
792,A017040,±¤Ένΐό±β,20180607,4250,4280,4135,4135,1125128,013,43337000
793,A017040,±¤Ένΐό±β,20180605,4075,4220,3930,4220,1625717,013,43337000
794,A017040,±¤Ένΐό±β,20180604,4450,4460,4125,4130,1851822,013,43337000
795,A017040,±¤Ένΐό±β,20180601,4700,4700,4250,4310,3080793,013,43337000
796,A017040,±¤Ένΐό±β,20180531,4530,4730,4460,4540,2600799,013,43337000
797,A017040,±¤Ένΐό±β,20180530,4700,4770,4465,4570,3565773,013,43337000
798,A017040,±¤Ένΐό±β,20180529,4700,4860,4430,4625,6731481,013,43337000
799,A017040,±¤Ένΐό±β,20180528,4410,4770,4350,4770,6933929,013,43337000
800,A017040,±¤Ένΐό±β,20180525,3500,3880,3500,3670,4827898,013,43337000
801,A017040,±¤Ένΐό±β,20180524,4585,4700,4310,4445,3836010,013,43337000
802,A017040,±¤Ένΐό±β,20180523,4355,4720,4130,4490,6192307,013,43337000
803,A017040,±¤Ένΐό±β,20180521,4435,4490,4330,4410,1691093,013,43337000
804,A017040,±¤Ένΐό±β,20180518,4475,4535,4305,4460,3328929,013,43337000
805,A017040,±¤Ένΐό±β,20180517,4290,4770,4245,4475,9713771,013,43337000
806,A017040,±¤Ένΐό±β,20180516,4240,4605,4185,4185,7200763,013,43337000
807,A017040,±¤Ένΐό±β,20180515,4380,5000,4275,4875,17921968,013,43337000
808,A017040,±¤Ένΐό±β,20180514,4440,4440,4270,4295,2981430,013,43337000
809,A017040,±¤Ένΐό±β,20180511,4175,4245,3960,4155,2246735,013,43337000
810,A017040,±¤Ένΐό±β,20180510,4300,4320,4085,4170,1607768,013,43337000
811,A017040,±¤Ένΐό±β,20180509,4160,4250,3850,4120,2064043,013,43337000
812,A017040,±¤Ένΐό±β,20180508,4235,4310,4065,4120,1612099,013,43337000
813,A017040,±¤Ένΐό±β,20180504,4100,4390,4065,4360,3155658,013,43337000
814,A017040,±¤Ένΐό±β,20180503,4455,4455,4050,4130,3356577,013,43337000
815,A017040,±¤Ένΐό±β,20180502,4720,4845,4375,4470,7512614,013,43337000
816,A017040,±¤Ένΐό±β,20180430,4210,4875,4130,4490,11503061,013,43337000
817,A017040,±¤Ένΐό±β,20180427,4125,4155,3850,3990,4557677,013,43337000
818,A017040,±¤Ένΐό±β,20180426,4120,4200,3980,3980,2286114,013,43337000
819,A017040,±¤Ένΐό±β,20180425,4150,4390,4005,4125,3990093,013,43337000
820,A017040,±¤Ένΐό±β,20180424,4690,4730,4175,4270,5311990,013,43337000
821,A017040,±¤Ένΐό±β,20180423,5030,5500,4520,4630,10431344,013,43337000
822,A017040,±¤Ένΐό±β,20180420,4805,5160,4325,4845,13920834,013,43337000
823,A017040,±¤Ένΐό±β,20180419,3930,4890,3850,4790,19533347,013,43337000
824,A017040,±¤Ένΐό±β,20180418,3695,3895,3565,3810,5560845,013,43337000
825,A017040,±¤Ένΐό±β,20180417,3705,3825,3550,3590,3316493,013,43337000
826,A017040,±¤Ένΐό±β,20180416,3620,3685,3605,3670,1318279,013,43337000
827,A017040,±¤Ένΐό±β,20180413,3490,3680,3460,3580,3074816,013,43337000
828,A017040,±¤Ένΐό±β,20180412,3490,3500,3385,3430,783791,013,43337000
829,A017040,±¤Ένΐό±β,20180411,3535,3555,3425,3490,1041932,013,43337000
830,A017040,±¤Ένΐό±β,20180410,3520,3550,3355,3510,1381597,013,43337000
831,A017040,±¤Ένΐό±β,20180409,3530,3570,3420,3485,1092557,013,43337000
832,A017040,±¤Ένΐό±β,20180406,3520,3580,3400,3475,1149596,013,43337000
833,A017040,±¤Ένΐό±β,20180405,3580,3655,3435,3510,1680632,013,43337000
834,A017040,±¤Ένΐό±β,20180404,3570,3745,3530,3580,2531377,013,43337000
835,A017040,±¤Ένΐό±β,20180403,3435,3720,3435,3520,3120066,013,43337000
836,A017040,±¤Ένΐό±β,20180402,3745,3745,3485,3485,2210779,013,43337000
837,A017040,±¤Ένΐό±β,20180330,3670,3770,3600,3760,2690963,013,43337000
838,A017040,±¤Ένΐό±β,20180329,3870,3890,3660,3665,4031420,013,43337000
839,A017040,±¤Ένΐό±β,20180328,3460,4090,3435,3870,19959491,013,43337000
840,A017040,±¤Ένΐό±β,20180327,3480,3530,3410,3470,2536362,013,43337000
841,A017040,±¤Ένΐό±β,20180326,3320,3435,3255,3400,1474922,013,43337000
842,A017040,±¤Ένΐό±β,20180323,3230,3525,3230,3345,3455989,013,43337000
843,A017040,±¤Ένΐό±β,20180322,3445,3460,3335,3360,1752125,013,43337000
844,A017040,±¤Ένΐό±β,20180321,3480,3610,3405,3425,5512527,013,43337000
845,A017040,±¤Ένΐό±β,20180320,3345,3500,3275,3500,2285562,013,43337000
846,A017040,±¤Ένΐό±β,20180319,3350,3520,3335,3410,8094402,013,43337000
847,A017040,±¤Ένΐό±β,20180316,3180,3365,3130,3210,5728149,013,43337000
848,A017040,±¤Ένΐό±β,20180315,3160,3185,3070,3155,1575962,013,43337000
849,A017040,±¤Ένΐό±β,20180314,3180,3255,3160,3160,1338140,013,43337000
850,A017040,±¤Ένΐό±β,20180313,3310,3310,3160,3210,2371955,013,43337000
851,A017040,±¤Ένΐό±β,20180312,3390,3420,3305,3365,2767334,013,43337000
852,A017040,±¤Ένΐό±β,20180309,3585,3700,3280,3285,26529588,013,43337000
853,A017040,±¤Ένΐό±β,20180308,3150,3270,3005,3080,7293949,013,43337000
854,A017040,±¤Ένΐό±β,20180307,3150,3475,3080,3280,20163462,013,43337000
855,A017040,±¤Ένΐό±β,20180306,2850,2855,2705,2755,1004607,013,43337000
856,A017040,±¤Ένΐό±β,20180305,2730,2825,2690,2780,1890333,013,43337000
857,A017040,±¤Ένΐό±β,20180302,2600,2695,2595,2650,458044,013,43337000
858,A017040,±¤Ένΐό±β,20180228,2665,2675,2570,2570,438888,013,43337000
859,A017040,±¤Ένΐό±β,20180227,2710,2740,2660,2685,315992,013,43337000
860,A017040,±¤Ένΐό±β,20180226,2745,2815,2705,2740,807022,013,43337000
861,A017040,±¤Ένΐό±β,20180223,2770,2780,2700,2700,565287,013,43337000
862,A017040,±¤Ένΐό±β,20180222,2705,2765,2660,2760,734300,013,43337000
863,A017040,±¤Ένΐό±β,20180221,2695,2725,2675,2715,248757,013,43337000
864,A017040,±¤Ένΐό±β,20180220,2710,2770,2685,2695,267096,013,43337000
865,A017040,±¤Ένΐό±β,20180219,2740,2770,2695,2710,632000,013,43337000
866,A017040,±¤Ένΐό±β,20180214,2745,2805,2695,2795,1016126,013,43337000
867,A017040,±¤Ένΐό±β,20180213,2680,2855,2640,2745,2112680,013,43337000
868,A017040,±¤Ένΐό±β,20180212,2670,2715,2625,2670,860837,013,43337000
869,A017040,±¤Ένΐό±β,20180209,2555,2695,2555,2670,743720,013,43337000
870,A017040,±¤Ένΐό±β,20180208,2700,2775,2595,2650,1863277,013,43337000
871,A017040,±¤Ένΐό±β,20180207,2585,2620,2545,2550,365325,013,43337000
872,A017040,±¤Ένΐό±β,20180206,2510,2560,2450,2560,535959,013,43337000
873,A017040,±¤Ένΐό±β,20180205,2630,2630,2555,2585,286409,013,43337000
874,A017040,±¤Ένΐό±β,20180202,2670,2675,2605,2630,426722,013,43337000
875,A017040,±¤Ένΐό±β,20180201,2660,2690,2645,2665,302651,013,43337000
876,A017040,±¤Ένΐό±β,20180131,2685,2690,2640,2650,325433,013,43337000
877,A017040,±¤Ένΐό±β,20180130,2765,2780,2670,2695,1062084,013,43337000
878,A017040,±¤Ένΐό±β,20180129,2795,2825,2760,2795,518555,013,43337000
879,A017040,±¤Ένΐό±β,20180126,2795,2850,2775,2790,865715,013,43337000
880,A017040,±¤Ένΐό±β,20180125,2740,2795,2740,2785,374406,013,43337000
881,A017040,±¤Ένΐό±β,20180124,2785,2795,2740,2740,342475,013,43337000
882,A017040,±¤Ένΐό±β,20180123,2800,2800,2750,2785,313242,013,43337000
883,A017040,±¤Ένΐό±β,20180122,2820,2870,2740,2785,448717,013,43337000
884,A017040,±¤Ένΐό±β,20180119,2740,2820,2685,2785,1090673,013,43337000
885,A017040,±¤Ένΐό±β,20180118,2715,2725,2670,2725,275129,013,43337000
886,A017040,±¤Ένΐό±β,20180117,2610,2720,2590,2715,818070,013,43337000
887,A017040,±¤Ένΐό±β,20180116,2650,2675,2590,2595,479058,013,43337000
888,A017040,±¤Ένΐό±β,20180115,2650,2680,2630,2650,413656,013,43337000
889,A017040,±¤Ένΐό±β,20180112,2695,2715,2625,2660,472664,013,43337000
890,A017040,±¤Ένΐό±β,20180111,2705,2720,2660,2695,424402,013,43337000
891,A017040,±¤Ένΐό±β,20180110,2790,2800,2635,2695,761630,013,43337000
892,A017040,±¤Ένΐό±β,20180109,2870,2885,2725,2780,861729,013,43337000
893,A017040,±¤Ένΐό±β,20180108,2895,2900,2840,2870,1062709,013,43337000
894,A017040,±¤Ένΐό±β,20180105,2840,2940,2785,2800,1487494,013,43337000
895,A017040,±¤Ένΐό±β,20180104,2905,2910,2805,2825,1151842,013,43337000
896,A017040,±¤Ένΐό±β,20180103,2770,3025,2720,2875,4465846,013,43337000
897,A017040,±¤Ένΐό±β,20180102,2920,2920,2700,2760,3167033,013,43337000
898,A017040,±¤Ένΐό±β,20171228,2525,2595,2520,2590,215553,013,43337000
899,A017040,±¤Ένΐό±β,20171227,2480,2530,2400,2520,248848,013,43337000
900,A017040,±¤Ένΐό±β,20171226,2445,2495,2435,2470,175611,013,43337000
901,A017040,±¤Ένΐό±β,20171222,2410,2465,2400,2450,202245,013,43337000
902,A017040,±¤Ένΐό±β,20171221,2515,2530,2410,2430,284688,013,43337000
903,A017040,±¤Ένΐό±β,20171220,2540,2560,2510,2510,192851,013,43337000
904,A017040,±¤Ένΐό±β,20171219,2560,2570,2505,2535,232580,013,43337000
905,A017040,±¤Ένΐό±β,20171218,2560,2580,2550,2565,167696,013,43337000
906,A017040,±¤Ένΐό±β,20171215,2610,2610,2550,2590,192458,013,43337000
907,A017040,±¤Ένΐό±β,20171214,2615,2655,2580,2610,458415,013,43337000
908,A017040,±¤Ένΐό±β,20171213,2560,2610,2545,2600,415336,013,43337000
909,A017040,±¤Ένΐό±β,20171212,2580,2585,2530,2540,156831,013,43337000
910,A017040,±¤Ένΐό±β,20171211,2535,2575,2520,2555,160676,013,43337000
911,A017040,±¤Ένΐό±β,20171208,2585,2585,2515,2535,182802,013,43337000
912,A017040,±¤Ένΐό±β,20171207,2585,2630,2560,2580,386717,013,43337000
913,A017040,±¤Ένΐό±β,20171206,2535,2585,2535,2580,268873,013,43337000
914,A017040,±¤Ένΐό±β,20171205,2510,2545,2510,2535,158051,013,43337000
915,A017040,±¤Ένΐό±β,20171204,2520,2545,2500,2520,137872,013,43337000
916,A017040,±¤Ένΐό±β,20171201,2525,2540,2510,2520,111434,013,43337000
917,A017040,±¤Ένΐό±β,20171130,2540,2555,2520,2525,145505,013,43337000
918,A017040,±¤Ένΐό±β,20171129,2525,2565,2510,2555,112438,013,43337000
919,A017040,±¤Ένΐό±β,20171128,2560,2610,2540,2550,257251,013,43337000
920,A017040,±¤Ένΐό±β,20171127,2585,2620,2540,2560,140871,013,43337000
921,A017040,±¤Ένΐό±β,20171124,2520,2605,2520,2560,166780,013,43337000
922,A017040,±¤Ένΐό±β,20171123,2515,2545,2505,2515,215510,013,43337000
923,A017040,±¤Ένΐό±β,20171122,2595,2645,2485,2490,476295,013,43337000
924,A017040,±¤Ένΐό±β,20171121,2745,2745,2595,2595,609117,013,43337000
925,A017040,±¤Ένΐό±β,20171120,2720,2790,2715,2765,460025,013,43337000
926,A017040,±¤Ένΐό±β,20171117,2650,2715,2635,2700,291366,013,43337000
927,A017040,±¤Ένΐό±β,20171116,2650,2730,2620,2650,320208,013,43337000
928,A017040,±¤Ένΐό±β,20171115,2645,2670,2605,2630,262175,013,43337000
929,A017040,±¤Ένΐό±β,20171114,2680,2715,2625,2635,331275,013,43337000
930,A017040,±¤Ένΐό±β,20171113,2660,2755,2660,2680,626435,013,43337000
931,A017040,±¤Ένΐό±β,20171110,2610,2870,2610,2665,2036504,013,43337000
932,A017040,±¤Ένΐό±β,20171109,2595,2620,2580,2610,87427,013,43337000
933,A017040,±¤Ένΐό±β,20171108,2570,2605,2565,2590,76535,013,43337000
934,A017040,±¤Ένΐό±β,20171107,2580,2610,2575,2580,84588,013,43337000
935,A017040,±¤Ένΐό±β,20171106,2570,2605,2545,2570,102067,013,43337000
936,A017040,±¤Ένΐό±β,20171103,2575,2600,2560,2565,121226,013,43337000
937,A017040,±¤Ένΐό±β,20171102,2620,2635,2570,2570,75643,013,43337000
938,A017040,±¤Ένΐό±β,20171101,2645,2665,2590,2600,121488,013,43337000
939,A017040,±¤Ένΐό±β,20171031,2630,2675,2610,2645,172442,013,43337000
940,A017040,±¤Ένΐό±β,20171030,2615,2640,2585,2620,184461,013,43337000
941,A017040,±¤Ένΐό±β,20171027,2570,2600,2550,2600,165869,013,43337000
942,A017040,±¤Ένΐό±β,20171026,2550,2570,2530,2530,89373,013,43337000
943,A017040,±¤Ένΐό±β,20171025,2535,2585,2520,2550,156249,013,43337000
944,A017040,±¤Ένΐό±β,20171024,2550,2570,2535,2535,125873,013,43337000
945,A017040,±¤Ένΐό±β,20171023,2530,2550,2505,2515,126153,013,43337000
946,A017040,±¤Ένΐό±β,20171020,2525,2595,2510,2550,280072,013,43337000
947,A017040,±¤Ένΐό±β,20171019,2505,2530,2500,2530,156132,013,43337000
948,A017040,±¤Ένΐό±β,20171018,2530,2530,2480,2520,103160,013,43337000
949,A017040,±¤Ένΐό±β,20171017,2515,2540,2505,2520,114687,013,43337000
950,A017040,±¤Ένΐό±β,20171016,2485,2515,2460,2515,124464,013,43337000
951,A017040,±¤Ένΐό±β,20171013,2515,2540,2460,2480,110580,013,43337000
952,A017040,±¤Ένΐό±β,20171012,2500,2540,2475,2540,124588,013,43337000
953,A017040,±¤Ένΐό±β,20171011,2430,2505,2430,2495,90114,013,43337000
954,A017040,±¤Ένΐό±β,20171010,2480,2505,2440,2440,145011,013,43337000
955,A017040,±¤Ένΐό±β,20170929,2415,2515,2415,2500,194953,013,43337000
956,A017040,±¤Ένΐό±β,20170928,2430,2450,2405,2405,106217,013,43337000
957,A017040,±¤Ένΐό±β,20170927,2375,2470,2375,2425,111895,013,43337000
958,A017040,±¤Ένΐό±β,20170926,2300,2410,2300,2390,158589,013,43337000
959,A017040,±¤Ένΐό±β,20170925,2415,2500,2360,2365,309619,013,43337000
960,A017040,±¤Ένΐό±β,20170922,2455,2485,2420,2430,398753,013,43337000
961,A017040,±¤Ένΐό±β,20170921,2490,2560,2470,2475,319692,013,43337000
962,A017040,±¤Ένΐό±β,20170920,2510,2515,2485,2500,193726,013,43337000
963,A017040,±¤Ένΐό±β,20170919,2505,2530,2505,2505,109823,013,43337000
964,A017040,±¤Ένΐό±β,20170918,2505,2545,2500,2505,213040,013,43337000
965,A017040,±¤Ένΐό±β,20170915,2510,2530,2480,2525,197275,013,43337000
966,A017040,±¤Ένΐό±β,20170914,2460,2675,2460,2520,1103433,013,43337000
967,A017040,±¤Ένΐό±β,20170913,2515,2530,2485,2495,149585,013,43337000
968,A017040,±¤Ένΐό±β,20170912,2540,2540,2500,2520,164462,013,43337000
969,A017040,±¤Ένΐό±β,20170911,2555,2570,2500,2500,197039,013,43337000
970,A017040,±¤Ένΐό±β,20170908,2595,2595,2535,2555,232382,013,43337000
971,A017040,±¤Ένΐό±β,20170907,2570,2600,2560,2590,82781,013,43337000
972,A017040,±¤Ένΐό±β,20170906,2560,2605,2560,2565,101345,013,43337000
973,A017040,±¤Ένΐό±β,20170905,2585,2615,2540,2570,278472,013,43337000
974,A017040,±¤Ένΐό±β,20170904,2470,2625,2470,2600,331759,013,43337000
975,A017040,±¤Ένΐό±β,20170901,2650,2675,2640,2665,116811,013,43337000
976,A017040,±¤Ένΐό±β,20170831,2675,2685,2645,2650,137383,013,43337000
977,A017040,±¤Ένΐό±β,20170830,2635,2690,2635,2675,151711,013,43337000
978,A017040,±¤Ένΐό±β,20170829,2660,2695,2625,2655,257974,013,43337000
979,A017040,±¤Ένΐό±β,20170828,2710,2725,2685,2700,141561,013,43337000
980,A017040,±¤Ένΐό±β,20170825,2680,2715,2675,2715,103605,013,43337000
981,A017040,±¤Ένΐό±β,20170824,2685,2770,2670,2690,409032,013,43337000
982,A017040,±¤Ένΐό±β,20170823,2685,2690,2640,2670,191446,013,43337000
983,A017040,±¤Ένΐό±β,20170822,2605,2675,2605,2665,119921,013,43337000
984,A017040,±¤Ένΐό±β,20170821,2640,2640,2590,2615,174038,013,43337000
985,A017040,±¤Ένΐό±β,20170818,2625,2665,2610,2640,109156,013,43337000
986,A017040,±¤Ένΐό±β,20170817,2585,2655,2580,2645,303770,013,43337000
987,A017040,±¤Ένΐό±β,20170816,2590,2630,2580,2580,318840,013,43337000
988,A017040,±¤Ένΐό±β,20170814,2560,2600,2550,2590,319859,013,43337000
989,A017040,±¤Ένΐό±β,20170811,2510,2585,2500,2530,270100,013,43337000
990,A017040,±¤Ένΐό±β,20170810,2530,2580,2510,2545,260734,013,43337000
991,A017040,±¤Ένΐό±β,20170809,2535,2580,2515,2525,126055,013,43337000
992,A017040,±¤Ένΐό±β,20170808,2575,2590,2540,2560,137529,013,43337000
993,A017040,±¤Ένΐό±β,20170807,2525,2590,2500,2590,281704,013,43337000
994,A017040,±¤Ένΐό±β,20170804,2485,2525,2485,2525,158974,013,43337000
995,A017040,±¤Ένΐό±β,20170803,2540,2570,2480,2485,314163,013,43337000
996,A017040,±¤Ένΐό±β,20170802,2550,2580,2545,2575,183420,013,43337000
997,A017040,±¤Ένΐό±β,20170801,2470,2550,2470,2530,191330,013,43337000
998,A017040,±¤Ένΐό±β,20170731,2525,2560,2450,2485,585456,013,43337000
999,A017040,±¤Ένΐό±β,20170728,2670,2685,2595,2600,343667,013,43337000
1000,A017040,±¤Ένΐό±β,20170727,2670,2750,2650,2670,332958,013,43337000
1001,A017040,±¤Ένΐό±β,20170726,2700,2725,2655,2670,295945,013,43337000
1002,A017040,±¤Ένΐό±β,20170725,2700,2735,2700,2710,197397,013,43337000
1003,A017040,±¤Ένΐό±β,20170724,2755,2775,2700,2700,323204,013,43337000
1004,A017040,±¤Ένΐό±β,20170721,2770,2795,2750,2780,170536,013,43337000
1005,A017040,±¤Ένΐό±β,20170720,2810,2815,2770,2775,282210,013,43337000
1006,A017040,±¤Ένΐό±β,20170719,2805,2835,2775,2820,272384,013,43337000
1007,A017040,±¤Ένΐό±β,20170718,2785,2805,2765,2805,299224,013,43337000
1008,A017040,±¤Ένΐό±β,20170717,2710,2805,2695,2780,767849,013,43337000
1009,A017040,±¤Ένΐό±β,20170714,2705,2730,2665,2675,347158,013,43337000
1010,A017040,±¤Ένΐό±β,20170713,2715,2735,2700,2730,258873,013,43337000
1011,A017040,±¤Ένΐό±β,20170712,2715,2750,2715,2715,194024,013,43337000
1012,A017040,±¤Ένΐό±β,20170711,2735,2750,2715,2720,217719,013,43337000
1013,A017040,±¤Ένΐό±β,20170710,2795,2805,2725,2750,381581,013,43337000
1014,A017040,±¤Ένΐό±β,20170707,2850,2850,2805,2810,289192,013,43337000
1015,A017040,±¤Ένΐό±β,20170706,2800,2830,2795,2815,195299,013,43337000
1016,A017040,±¤Ένΐό±β,20170705,2790,2835,2785,2815,299254,013,43337000
1017,A017040,±¤Ένΐό±β,20170704,2890,2890,2785,2820,663962,013,43337000
1018,A017040,±¤Ένΐό±β,20170703,2845,2950,2820,2870,1766640,013,43337000
1019,A017040,±¤Ένΐό±β,20170630,2785,2830,2770,2785,232448,013,43337000
1020,A017040,±¤Ένΐό±β,20170629,2780,2815,2775,2795,199830,013,43337000
1021,A017040,±¤Ένΐό±β,20170628,2800,2810,2775,2775,205310,013,43337000
1022,A017040,±¤Ένΐό±β,20170627,2785,2820,2775,2815,191218,013,43337000
1023,A017040,±¤Ένΐό±β,20170626,2855,2860,2785,2785,317442,013,43337000
1024,A017040,±¤Ένΐό±β,20170623,2840,2855,2815,2840,174548,013,43337000
1025,A017040,±¤Ένΐό±β,20170622,2780,2865,2760,2840,455362,013,43337000
1026,A017040,±¤Ένΐό±β,20170621,2800,2805,2730,2775,364699,013,43337000
1027,A017040,±¤Ένΐό±β,20170620,2870,2875,2780,2780,710212,013,43337000
1028,A017040,±¤Ένΐό±β,20170619,2865,2885,2845,2875,287285,013,43337000
1029,A017040,±¤Ένΐό±β,20170616,2895,2910,2860,2865,294344,013,43337000
1030,A017040,±¤Ένΐό±β,20170615,2910,2910,2865,2870,259239,013,43337000
1031,A017040,±¤Ένΐό±β,20170614,2880,2915,2870,2905,337846,013,43337000
1032,A017040,±¤Ένΐό±β,20170613,2880,2920,2865,2870,279689,013,43337000
1033,A017040,±¤Ένΐό±β,20170612,2940,2940,2855,2875,619188,013,43337000
1034,A017040,±¤Ένΐό±β,20170609,2970,2990,2935,2945,534147,013,43337000
1035,A017040,±¤Ένΐό±β,20170608,3010,3015,2965,2980,547467,013,43337000
1036,A017040,±¤Ένΐό±β,20170607,3055,3070,3025,3030,496045,013,43337000
1037,A017040,±¤Ένΐό±β,20170605,3050,3075,3020,3070,432840,013,43337000
1038,A017040,±¤Ένΐό±β,20170602,3065,3070,3025,3055,565491,013,43337000
1039,A017040,±¤Ένΐό±β,20170601,3075,3080,3040,3055,272770,013,43337000
1040,A017040,±¤Ένΐό±β,20170531,3050,3090,3025,3070,674202,013,43337000
1041,A017040,±¤Ένΐό±β,20170530,3030,3095,3020,3095,623215,013,43337000
1042,A017040,±¤Ένΐό±β,20170529,3085,3110,3035,3040,707382,013,43337000
1043,A017040,±¤Ένΐό±β,20170526,3155,3170,3100,3125,708776,013,43337000
1044,A017040,±¤Ένΐό±β,20170525,3050,3130,3030,3130,682063,013,43337000
1045,A017040,±¤Ένΐό±β,20170524,3085,3110,3035,3040,603632,013,43337000
1046,A017040,±¤Ένΐό±β,20170523,3125,3160,3080,3080,1386892,013,43337000
1047,A017040,±¤Ένΐό±β,20170522,3035,3100,3030,3070,805375,013,43337000
1048,A017040,±¤Ένΐό±β,20170519,3010,3075,2990,3070,806179,013,43337000
1049,A017040,±¤Ένΐό±β,20170518,2990,3030,2960,3025,564024,013,43337000
1050,A017040,±¤Ένΐό±β,20170517,2995,3055,2975,3005,757074,013,43337000
1051,A017040,±¤Ένΐό±β,20170516,3015,3055,2950,2960,1073135,013,43337000
1052,A017040,±¤Ένΐό±β,20170515,3040,3055,2995,3015,1086408,013,43337000
1053,A017040,±¤Ένΐό±β,20170512,3185,3185,3100,3105,1707974,013,43337000
1054,A017040,±¤Ένΐό±β,20170511,3225,3390,3170,3210,5863003,013,43337000
1055,A017040,±¤Ένΐό±β,20170510,3240,3540,3055,3140,11152446,013,43337000
1056,A017040,±¤Ένΐό±β,20170508,3200,3245,3090,3195,2232997,013,43337000
1057,A017040,±¤Ένΐό±β,20170504,2995,3160,2995,3155,1728323,013,43337000
1058,A017040,±¤Ένΐό±β,20170502,2990,3090,2955,3025,2480326,013,43337000
1059,A017040,±¤Ένΐό±β,20170428,2985,3015,2915,2945,680281,013,43337000
1060,A017040,±¤Ένΐό±β,20170427,2975,3000,2930,2985,718406,013,43337000
1061,A017040,±¤Ένΐό±β,20170426,3005,3020,2945,2960,820650,013,43337000
1062,A017040,±¤Ένΐό±β,20170425,3045,3145,2940,2985,3749282,013,43337000
1063,A017040,±¤Ένΐό±β,20170424,2945,3090,2930,3015,2575306,013,43337000
1064,A017040,±¤Ένΐό±β,20170421,2965,2995,2940,2955,548545,013,43337000
1065,A017040,±¤Ένΐό±β,20170420,2930,3025,2895,2960,1688650,013,43337000
1066,A017040,±¤Ένΐό±β,20170419,2935,2950,2890,2930,419544,013,43337000
1067,A017040,±¤Ένΐό±β,20170418,2945,2965,2880,2945,555752,013,43337000
1068,A017040,±¤Ένΐό±β,20170417,2870,2995,2870,2920,1688206,013,43337000
1069,A017040,±¤Ένΐό±β,20170414,2780,2885,2775,2870,1013243,013,43337000
1070,A017040,±¤Ένΐό±β,20170413,2855,2865,2760,2810,962446,013,43337000
1071,A017040,±¤Ένΐό±β,20170412,2740,3010,2725,2825,4493551,013,43337000
1072,A017040,±¤Ένΐό±β,20170411,2715,2850,2685,2750,1476420,013,43337000
1073,A017040,±¤Ένΐό±β,20170410,2800,2800,2665,2705,1198700,013,43337000
1074,A017040,±¤Ένΐό±β,20170407,2840,2850,2815,2850,247955,013,43337000
1075,A017040,±¤Ένΐό±β,20170406,2940,2945,2805,2830,631412,013,43337000
1076,A017040,±¤Ένΐό±β,20170405,2920,2970,2900,2920,633139,013,43337000
1077,A017040,±¤Ένΐό±β,20170404,3080,3080,2890,2905,1187879,013,43337000
1078,A017040,±¤Ένΐό±β,20170403,2985,3105,2970,3050,1378160,013,43337000
1079,A017040,±¤Ένΐό±β,20170331,2880,3035,2880,2985,1101784,013,43337000
1080,A017040,±¤Ένΐό±β,20170330,2990,2995,2910,2915,754899,013,43337000
1081,A017040,±¤Ένΐό±β,20170329,2995,2995,2910,2980,1102005,013,43337000
1082,A017040,±¤Ένΐό±β,20170328,2810,3185,2790,2975,7372607,013,43337000
1083,A017040,±¤Ένΐό±β,20170327,2805,2835,2760,2790,390644,013,43337000
1084,A017040,±¤Ένΐό±β,20170324,2750,2825,2730,2810,334471,013,43337000
1085,A017040,±¤Ένΐό±β,20170323,2810,2840,2720,2750,399704,013,43337000
1086,A017040,±¤Ένΐό±β,20170322,2820,2900,2805,2810,317488,013,43337000
1087,A017040,±¤Ένΐό±β,20170321,2800,2870,2800,2820,240472,013,43337000
1088,A017040,±¤Ένΐό±β,20170320,2855,2890,2800,2800,469672,013,43337000
1089,A017040,±¤Ένΐό±β,20170317,2940,2955,2880,2900,342311,013,43337000
1090,A017040,±¤Ένΐό±β,20170316,2950,2965,2885,2920,429318,013,43337000
1091,A017040,±¤Ένΐό±β,20170315,2990,3020,2900,2950,932563,013,43337000
1092,A017040,±¤Ένΐό±β,20170314,2975,2975,2915,2965,327588,013,43337000
1093,A017040,±¤Ένΐό±β,20170313,2930,2990,2850,2970,849454,013,43337000
1094,A017040,±¤Ένΐό±β,20170310,2865,2980,2720,2910,1920082,013,43337000
1095,A017040,±¤Ένΐό±β,20170309,2775,2870,2750,2865,769970,013,43337000
1096,A017040,±¤Ένΐό±β,20170308,2725,2875,2720,2745,997617,013,43337000
1097,A017040,±¤Ένΐό±β,20170307,2675,2770,2675,2740,178792,013,43337000
1098,A017040,±¤Ένΐό±β,20170306,2650,2735,2595,2705,493235,013,43337000
1099,A017040,±¤Ένΐό±β,20170303,2750,2765,2630,2660,501436,013,43337000
1100,A017040,±¤Ένΐό±β,20170302,2805,2830,2740,2765,339081,013,43337000
1101,A017040,±¤Ένΐό±β,20170228,2775,2825,2770,2800,231683,013,43337000
1102,A017040,±¤Ένΐό±β,20170227,2835,2845,2775,2775,300002,013,43337000
1103,A017040,±¤Ένΐό±β,20170224,2870,2900,2825,2835,347482,013,43337000
1104,A017040,±¤Ένΐό±β,20170223,2950,2965,2890,2890,321337,013,43337000
1105,A017040,±¤Ένΐό±β,20170222,2960,2970,2935,2950,308710,013,43337000
1106,A017040,±¤Ένΐό±β,20170221,2990,2990,2925,2955,342210,013,43337000
1107,A017040,±¤Ένΐό±β,20170220,2950,3000,2915,2950,445205,013,43337000
1108,A017040,±¤Ένΐό±β,20170217,2890,2985,2890,2970,643743,013,43337000
1109,A017040,±¤Ένΐό±β,20170216,2920,2935,2880,2890,397930,013,43337000
1110,A017040,±¤Ένΐό±β,20170215,2940,2985,2905,2920,441036,013,43337000
1111,A017040,±¤Ένΐό±β,20170214,2945,3015,2910,2915,759451,013,43337000
1112,A017040,±¤Ένΐό±β,20170213,2885,2955,2845,2945,644275,013,43337000
1113,A017040,±¤Ένΐό±β,20170210,3090,3180,2885,2910,3410388,013,43337000
1114,A017040,±¤Ένΐό±β,20170209,2825,2895,2820,2890,550183,013,43337000
1115,A017040,±¤Ένΐό±β,20170208,2800,2980,2775,2855,2121701,013,43337000
1116,A017040,±¤Ένΐό±β,20170207,2830,2845,2770,2775,362488,013,43337000
1117,A017040,±¤Ένΐό±β,20170206,2815,2865,2800,2850,297277,013,43337000
1118,A017040,±¤Ένΐό±β,20170203,2825,2885,2780,2820,419520,013,43337000
1119,A017040,±¤Ένΐό±β,20170202,2775,2890,2775,2850,1250865,013,43337000
1120,A017040,±¤Ένΐό±β,20170201,2915,2985,2910,2985,856430,013,43337000
1121,A017040,±¤Ένΐό±β,20170131,2890,2945,2875,2945,423976,013,43337000
1122,A017040,±¤Ένΐό±β,20170126,2770,3150,2770,2925,2588846,013,43337000
1123,A017040,±¤Ένΐό±β,20170125,2865,2865,2765,2775,374866,013,43337000
1124,A017040,±¤Ένΐό±β,20170124,2720,2820,2715,2790,356701,013,43337000
1125,A017040,±¤Ένΐό±β,20170123,2800,2890,2750,2750,502480,013,43337000
1126,A017040,±¤Ένΐό±β,20170120,2880,2915,2830,2830,582541,013,43337000
1127,A017040,±¤Ένΐό±β,20170119,3025,3045,2880,2900,589874,013,43337000
1128,A017040,±¤Ένΐό±β,20170118,2940,3065,2915,3025,530851,013,43337000
1129,A017040,±¤Ένΐό±β,20170117,3015,3050,2940,2940,495487,013,43337000
1130,A017040,±¤Ένΐό±β,20170116,3105,3110,2955,3015,626254,013,43337000
1131,A017040,±¤Ένΐό±β,20170113,3165,3220,3055,3085,721495,013,43337000
1132,A017040,±¤Ένΐό±β,20170112,3260,3295,3135,3160,901206,013,43337000
1133,A017040,±¤Ένΐό±β,20170111,3235,3280,3230,3260,447334,013,43337000
1134,A017040,±¤Ένΐό±β,20170110,3225,3315,3215,3235,967640,013,43337000
1135,A017040,±¤Ένΐό±β,20170109,3320,3325,3235,3240,704797,013,43337000
1136,A017040,±¤Ένΐό±β,20170106,3250,3305,3220,3300,606246,013,43337000
1137,A017040,±¤Ένΐό±β,20170105,3300,3330,3220,3245,768748,013,43337000
1138,A017040,±¤Ένΐό±β,20170104,3370,3370,3280,3320,608057,013,43337000
1139,A017040,±¤Ένΐό±β,20170103,3325,3435,3320,3350,1624931,013,43337000
1140,A017040,±¤Ένΐό±β,20170102,3285,3350,3235,3335,736352,013,43337000
1141,A017040,±¤Ένΐό±β,20161229,3225,3305,3215,3260,385378,013,43337000
1142,A017040,±¤Ένΐό±β,20161228,3150,3310,3150,3270,895610,013,43337000
1143,A017040,±¤Ένΐό±β,20161227,3100,3255,3100,3195,967876,013,43337000
1144,A017040,±¤Ένΐό±β,20161226,3310,3425,3100,3105,3496665,013,43337000
1145,A017040,±¤Ένΐό±β,20161223,3245,3340,3225,3270,1674855,013,43337000
1146,A017040,±¤Ένΐό±β,20161222,3250,3260,3205,3210,666752,013,43337000
1147,A017040,±¤Ένΐό±β,20161221,3220,3315,3125,3250,1754529,013,43337000
1148,A017040,±¤Ένΐό±β,20161220,3220,3245,3145,3180,1584037,013,43337000
1149,A017040,±¤Ένΐό±β,20161219,2965,3385,2950,3200,6849594,013,43337000
1150,A017040,±¤Ένΐό±β,20161216,2950,2990,2925,2935,615975,013,43337000
1151,A017040,±¤Ένΐό±β,20161215,2890,3005,2880,2950,657594,013,43337000
1152,A017040,±¤Ένΐό±β,20161214,2905,2960,2875,2925,512755,013,43337000
1153,A017040,±¤Ένΐό±β,20161213,2930,2955,2860,2895,563446,013,43337000
1154,A017040,±¤Ένΐό±β,20161212,2820,3010,2795,2930,1789422,013,43337000
1155,A017040,±¤Ένΐό±β,20161209,2680,2860,2650,2830,1280754,013,43337000
1156,A017040,±¤Ένΐό±β,20161208,2680,2690,2630,2660,372903,013,43337000
1157,A017040,±¤Ένΐό±β,20161207,2725,2755,2570,2630,555290,013,43337000
1158,A017040,±¤Ένΐό±β,20161206,2630,2715,2600,2710,557780,013,43337000
1159,A017040,±¤Ένΐό±β,20161205,2610,2675,2560,2570,830542,013,43337000
1160,A017040,±¤Ένΐό±β,20161202,2730,2780,2670,2675,671862,013,43337000
1161,A017040,±¤Ένΐό±β,20161201,2895,2920,2730,2745,1040814,013,43337000
1162,A017040,±¤Ένΐό±β,20161130,2895,3045,2875,2895,1018847,013,43337000
1163,A017040,±¤Ένΐό±β,20161129,2970,3020,2845,2890,921868,013,43337000
1164,A017040,±¤Ένΐό±β,20161128,3035,3095,2970,2970,514992,013,43337000
1165,A017040,±¤Ένΐό±β,20161125,2995,3035,2960,3035,450162,013,43337000
1166,A017040,±¤Ένΐό±β,20161124,2965,3040,2885,2995,777114,013,43337000
1167,A017040,±¤Ένΐό±β,20161123,3140,3155,2965,2965,774075,013,43337000
1168,A017040,±¤Ένΐό±β,20161122,3185,3205,3080,3140,459499,013,43337000
1169,A017040,±¤Ένΐό±β,20161121,3080,3180,3010,3145,678707,013,43337000
1170,A017040,±¤Ένΐό±β,20161118,3320,3320,3135,3135,913352,013,43337000
1171,A017040,±¤Ένΐό±β,20161117,3400,3425,3280,3325,928940,013,43337000
1172,A017040,±¤Ένΐό±β,20161116,3280,3375,3280,3365,814953,013,43337000
1173,A017040,±¤Ένΐό±β,20161115,3310,3415,3250,3270,1042916,013,43337000
1174,A017040,±¤Ένΐό±β,20161114,3330,3375,3255,3325,895915,013,43337000
1175,A017040,±¤Ένΐό±β,20161111,3115,3440,3090,3350,3275059,013,43337000
1176,A017040,±¤Ένΐό±β,20161110,3050,3150,3020,3140,628017,013,43337000
1177,A017040,±¤Ένΐό±β,20161109,3150,3240,2780,2955,1905912,013,43337000
1178,A017040,±¤Ένΐό±β,20161108,3160,3210,3100,3135,411053,013,43337000
1179,A017040,±¤Ένΐό±β,20161107,3085,3200,3060,3160,745966,013,43337000
1180,A017040,±¤Ένΐό±β,20161104,3020,3085,3000,3030,381440,013,43337000
1181,A017040,±¤Ένΐό±β,20161103,2955,3115,2955,3050,866922,013,43337000
1182,A017040,±¤Ένΐό±β,20161102,3200,3270,3000,3000,1048832,013,43337000
1183,A017040,±¤Ένΐό±β,20161101,3180,3340,3180,3245,771439,013,43337000
1184,A017040,±¤Ένΐό±β,20161031,3335,3375,3165,3200,960346,013,43337000
1185,A017040,±¤Ένΐό±β,20161028,3390,3495,3320,3425,1774336,013,43337000
1186,A017040,±¤Ένΐό±β,20161027,3350,3460,3335,3380,920358,013,43337000
1187,A017040,±¤Ένΐό±β,20161026,3160,3470,3120,3400,1838646,013,43337000
1188,A017040,±¤Ένΐό±β,20161025,3360,3375,3160,3215,1536141,013,43337000
1189,A017040,±¤Ένΐό±β,20161024,3470,3625,3340,3360,3046555,013,43337000
1190,A017040,±¤Ένΐό±β,20161021,3330,3400,3275,3285,939802,013,43337000
1191,A017040,±¤Ένΐό±β,20161020,3350,3405,3220,3310,1092441,013,43337000
1192,A017040,±¤Ένΐό±β,20161019,3465,3465,3310,3345,817940,013,43337000
1193,A017040,±¤Ένΐό±β,20161018,3420,3535,3395,3405,1102586,013,43337000
1194,A017040,±¤Ένΐό±β,20161017,3425,3465,3320,3420,1013380,013,43337000
1195,A017040,±¤Ένΐό±β,20161014,3510,3530,3335,3405,1456895,013,43337000
1196,A017040,±¤Ένΐό±β,20161013,3630,3685,3465,3480,2052530,013,43337000
1197,A017040,±¤Ένΐό±β,20161012,3570,3715,3570,3605,1431640,013,43337000
1198,A017040,±¤Ένΐό±β,20161011,3810,3865,3615,3625,2483230,013,43337000
1199,A017040,±¤Ένΐό±β,20161010,3765,3865,3705,3855,1715862,013,43337000
1200,A017040,±¤Ένΐό±β,20161007,3885,4080,3720,3750,4798775,013,43337000
1201,A017040,±¤Ένΐό±β,20161006,4030,4075,3865,3880,3896670,013,43337000
1202,A017040,±¤Ένΐό±β,20161005,3940,4075,3805,3870,4090808,013,43337000
1203,A017040,±¤Ένΐό±β,20161004,4095,4180,3820,3935,5764798,013,43337000
1204,A017040,±¤Ένΐό±β,20160930,4075,4265,4015,4095,6933389,013,43337000
1205,A017040,±¤Ένΐό±β,20160929,4060,4390,3995,4105,15637674,013,43337000
1206,A017040,±¤Ένΐό±β,20160928,3850,4230,3760,4075,15058427,013,43337000
1207,A017040,±¤Ένΐό±β,20160927,3855,3980,3715,3890,9468006,013,43337000
1208,A017040,±¤Ένΐό±β,20160926,3620,4080,3520,3875,20939495,013,43337000
1209,A017040,±¤Ένΐό±β,20160923,3790,3830,3505,3680,15136846,013,43337000
1210,A017040,±¤Ένΐό±β,20160922,4020,4045,3515,3705,23838998,013,43337000
1211,A017040,±¤Ένΐό±β,20160921,3020,3805,2995,3805,17707305,013,43337000
1212,A017040,±¤Ένΐό±β,20160920,2870,3020,2820,2930,3091522,013,43337000
1213,A017040,±¤Ένΐό±β,20160919,2855,2970,2740,2875,6041784,013,43337000
1214,A017040,±¤Ένΐό±β,20160913,2680,2780,2665,2740,2578137,013,43337000
1215,A017040,±¤Ένΐό±β,20160912,2585,2705,2570,2620,813668,013,43337000
1216,A017040,±¤Ένΐό±β,20160909,2620,2740,2605,2650,1583962,013,43337000
1217,A017040,±¤Ένΐό±β,20160908,2720,2750,2545,2630,1368734,013,43337000
1218,A017040,±¤Ένΐό±β,20160907,2705,2750,2645,2670,1233217,013,43337000
1219,A017040,±¤Ένΐό±β,20160906,2675,2715,2625,2705,1989435,013,43337000
1220,A017040,±¤Ένΐό±β,20160905,2555,2735,2530,2650,3681613,013,43337000
1221,A017040,±¤Ένΐό±β,20160902,2520,2580,2485,2555,652874,013,43337000
1222,A017040,±¤Ένΐό±β,20160901,2420,2515,2410,2515,453995,013,43337000
1223,A017040,±¤Ένΐό±β,20160831,2440,2475,2380,2420,594798,013,43337000
1224,A017040,±¤Ένΐό±β,20160830,2425,2485,2425,2440,378108,013,43337000
1225,A017040,±¤Ένΐό±β,20160829,2560,2595,2410,2420,1494062,013,43337000
1226,A017040,±¤Ένΐό±β,20160826,2665,2665,2580,2600,515021,013,43337000
1227,A017040,±¤Ένΐό±β,20160825,2620,2690,2600,2670,848091,013,43337000
1228,A017040,±¤Ένΐό±β,20160824,2575,2695,2565,2610,1964027,013,43337000
1229,A017040,±¤Ένΐό±β,20160823,2545,2605,2545,2575,282056,013,43337000
1230,A017040,±¤Ένΐό±β,20160822,2590,2665,2545,2545,504092,013,43337000
1231,A017040,±¤Ένΐό±β,20160819,2650,2690,2595,2610,580980,013,43337000
1232,A017040,±¤Ένΐό±β,20160818,2555,2670,2550,2650,1542277,013,43337000
1233,A017040,±¤Ένΐό±β,20160817,2600,2620,2530,2545,375524,013,43337000
1234,A017040,±¤Ένΐό±β,20160816,2540,2595,2490,2565,423210,013,43337000
1235,A017040,±¤Ένΐό±β,20160812,2530,2600,2505,2530,597500,013,43337000
1236,A017040,±¤Ένΐό±β,20160811,2540,2555,2480,2495,405189,013,43337000
1237,A017040,±¤Ένΐό±β,20160810,2585,2585,2535,2540,245782,013,43337000
1238,A017040,±¤Ένΐό±β,20160809,2560,2575,2535,2555,303952,013,43337000
1239,A017040,±¤Ένΐό±β,20160808,2575,2635,2555,2570,778416,013,43337000
1240,A017040,±¤Ένΐό±β,20160805,2540,2565,2505,2550,367798,013,43337000
1241,A017040,±¤Ένΐό±β,20160804,2535,2560,2505,2520,281048,013,43337000
1242,A017040,±¤Ένΐό±β,20160803,2510,2550,2455,2510,365848,013,43337000
1243,A017040,±¤Ένΐό±β,20160802,2515,2535,2490,2515,203364,013,43337000
1244,A017040,±¤Ένΐό±β,20160801,2500,2560,2490,2525,319523,013,43337000
1245,A017040,±¤Ένΐό±β,20160729,2495,2535,2485,2500,209281,013,43337000
1246,A017040,±¤Ένΐό±β,20160728,2460,2520,2460,2505,320527,013,43337000
1247,A017040,±¤Ένΐό±β,20160727,2550,2555,2475,2475,715344,013,43337000
1248,A017040,±¤Ένΐό±β,20160726,2570,2585,2530,2530,334401,013,43337000
1249,A017040,±¤Ένΐό±β,20160725,2540,2600,2505,2565,361805,013,43337000
1250,A017040,±¤Ένΐό±β,20160722,2545,2600,2515,2540,507612,013,43337000
1251,A017040,±¤Ένΐό±β,20160721,2580,2745,2525,2560,2064241,013,43337000
1252,A017040,±¤Ένΐό±β,20160720,2570,2605,2520,2540,360093,013,43337000
1253,A017040,±¤Ένΐό±β,20160719,2595,2640,2570,2575,449205,013,43337000
1254,A017040,±¤Ένΐό±β,20160718,2645,2685,2565,2580,647602,013,43337000
1255,A017040,±¤Ένΐό±β,20160715,2530,2705,2505,2630,1719925,013,43337000
1256,A017040,±¤Ένΐό±β,20160714,2585,2585,2500,2520,542209,013,43337000
1257,A017040,±¤Ένΐό±β,20160713,2620,2635,2550,2560,822810,013,43337000
1258,A017040,±¤Ένΐό±β,20160712,2625,2705,2605,2620,582435,013,43337000
1259,A017040,±¤Ένΐό±β,20160711,2615,2690,2600,2620,673151,013,43337000
1260,A017040,±¤Ένΐό±β,20160708,2685,2690,2565,2615,947305,013,43337000
1261,A017040,±¤Ένΐό±β,20160707,2665,2725,2665,2685,572358,013,43337000
1262,A017040,±¤Ένΐό±β,20160706,2720,2735,2620,2640,935374,013,43337000
1263,A017040,±¤Ένΐό±β,20160705,2720,2740,2650,2720,1033794,013,43337000
1264,A017040,±¤Ένΐό±β,20160704,2850,2895,2715,2720,2536297,013,43337000
1265,A017040,±¤Ένΐό±β,20160701,2890,2890,2775,2840,1365738,013,43337000
1266,A017040,±¤Ένΐό±β,20160630,2800,2835,2720,2805,1063824,013,43337000
1267,A017040,±¤Ένΐό±β,20160629,2700,2800,2670,2775,1666731,013,43337000
1268,A017040,±¤Ένΐό±β,20160628,2545,2715,2545,2670,1328709,013,43337000
1269,A017040,±¤Ένΐό±β,20160627,2475,2620,2460,2565,1282268,013,43337000
1270,A017040,±¤Ένΐό±β,20160624,2890,2970,2465,2580,8053627,013,43337000
1271,A017040,±¤Ένΐό±β,20160623,2790,2985,2700,2815,6758566,013,43337000
1272,A017040,±¤Ένΐό±β,20160622,2630,3020,2630,2750,7222899,013,43337000
1273,A017040,±¤Ένΐό±β,20160621,2800,2800,2585,2595,2326038,013,43337000
1274,A017040,±¤Ένΐό±β,20160620,2645,2905,2625,2785,9456787,013,43337000
1275,A017040,±¤Ένΐό±β,20160617,2550,2600,2520,2600,917503,013,43337000
1276,A017040,±¤Ένΐό±β,20160616,2575,2575,2470,2540,512653,013,43337000
1277,A017040,±¤Ένΐό±β,20160615,2520,2590,2500,2545,736400,013,43337000
1278,A017040,±¤Ένΐό±β,20160614,2425,2575,2405,2520,1007971,013,43337000
1279,A017040,±¤Ένΐό±β,20160613,2410,2465,2390,2440,226051,013,43337000
1280,A017040,±¤Ένΐό±β,20160610,2400,2465,2395,2430,267320,013,43337000
1281,A017040,±¤Ένΐό±β,20160609,2430,2435,2380,2390,360071,013,43337000
1282,A017040,±¤Ένΐό±β,20160608,2450,2475,2415,2415,491235,013,43337000
1283,A017040,±¤Ένΐό±β,20160607,2480,2490,2420,2450,515120,013,43337000
1284,A017040,±¤Ένΐό±β,20160603,2505,2510,2455,2480,479240,013,43337000
1285,A017040,±¤Ένΐό±β,20160602,2560,2580,2450,2480,1685630,013,43337000
1286,A017040,±¤Ένΐό±β,20160601,2450,2765,2400,2585,10344672,013,43337000
1287,A017040,±¤Ένΐό±β,20160531,2365,2455,2350,2440,627860,013,43337000
1288,A017040,±¤Ένΐό±β,20160530,2470,2505,2390,2390,576891,013,43337000
1289,A017040,±¤Ένΐό±β,20160527,2415,2465,2350,2450,1066368,013,43337000
1290,A017040,±¤Ένΐό±β,20160526,2375,2455,2355,2400,1331486,013,43337000
1291,A017040,±¤Ένΐό±β,20160525,2350,2420,2320,2350,451126,013,43337000
1292,A017040,±¤Ένΐό±β,20160524,2285,2435,2275,2350,1327319,013,43337000
1293,A017040,±¤Ένΐό±β,20160523,2245,2320,2200,2320,619767,013,43337000
1294,A017040,±¤Ένΐό±β,20160520,2160,2285,2140,2225,831083,013,43337000
1295,A017040,±¤Ένΐό±β,20160519,2155,2180,2120,2160,188850,013,43337000
1296,A017040,±¤Ένΐό±β,20160518,2180,2185,2145,2180,120046,013,43337000
1297,A017040,±¤Ένΐό±β,20160517,2155,2185,2140,2180,133723,013,43337000
1298,A017040,±¤Ένΐό±β,20160516,2150,2155,2125,2155,160253,013,43337000
1299,A017040,±¤Ένΐό±β,20160513,2150,2165,2135,2155,99748,013,43337000
1300,A017040,±¤Ένΐό±β,20160512,2135,2170,2130,2160,132045,013,43337000
1301,A017040,±¤Ένΐό±β,20160511,2195,2195,2140,2145,206450,013,43337000
1302,A017040,±¤Ένΐό±β,20160510,2185,2195,2155,2170,127009,013,43337000
1303,A017040,±¤Ένΐό±β,20160509,2235,2240,2160,2170,214636,013,43337000
1304,A017040,±¤Ένΐό±β,20160504,2240,2250,2210,2215,163875,013,43337000
1305,A017040,±¤Ένΐό±β,20160503,2225,2270,2225,2240,193780,013,43337000
1306,A017040,±¤Ένΐό±β,20160502,2210,2230,2205,2225,114205,013,43337000
1307,A017040,±¤Ένΐό±β,20160429,2220,2230,2195,2210,157195,013,43337000
1308,A017040,±¤Ένΐό±β,20160428,2230,2260,2215,2220,198173,013,43337000
1309,A017040,±¤Ένΐό±β,20160427,2200,2260,2200,2210,261048,013,43337000
1310,A017040,±¤Ένΐό±β,20160426,2235,2235,2195,2200,159234,013,43337000
1311,A017040,±¤Ένΐό±β,20160425,2210,2265,2200,2230,293580,013,43337000
1312,A017040,±¤Ένΐό±β,20160422,2210,2270,2180,2205,556495,013,43337000
1313,A017040,±¤Ένΐό±β,20160421,2150,2210,2145,2200,249977,013,43337000
1314,A017040,±¤Ένΐό±β,20160420,2145,2175,2145,2150,176584,013,43337000
1315,A017040,±¤Ένΐό±β,20160419,2150,2175,2130,2145,137172,013,43337000
1316,A017040,±¤Ένΐό±β,20160418,2175,2185,2135,2150,183668,013,43337000
1317,A017040,±¤Ένΐό±β,20160415,2220,2230,2175,2190,199803,013,43337000
1318,A017040,±¤Ένΐό±β,20160414,2190,2235,2165,2220,337713,013,43337000
1319,A017040,±¤Ένΐό±β,20160412,2155,2195,2150,2175,180457,013,43337000
1320,A017040,±¤Ένΐό±β,20160411,2155,2165,2145,2145,97866,013,43337000
1321,A017040,±¤Ένΐό±β,20160408,2140,2155,2115,2155,127520,013,43337000
1322,A017040,±¤Ένΐό±β,20160407,2105,2135,2105,2125,182546,013,43337000
1323,A017040,±¤Ένΐό±β,20160406,2110,2125,2100,2115,185507,013,43337000
1324,A017040,±¤Ένΐό±β,20160405,2130,2130,2110,2125,159585,013,43337000
1325,A017040,±¤Ένΐό±β,20160404,2150,2150,2100,2125,196463,013,43337000
1326,A017040,±¤Ένΐό±β,20160401,2135,2190,2125,2145,157178,013,43337000
1327,A017040,±¤Ένΐό±β,20160331,2090,2235,2085,2155,757517,013,43337000
1328,A017040,±¤Ένΐό±β,20160330,2080,2105,2080,2095,110811,013,43337000
1329,A017040,±¤Ένΐό±β,20160329,2075,2100,2070,2075,195254,013,43337000
1330,A017040,±¤Ένΐό±β,20160328,2075,2105,2070,2075,105185,013,43337000
1331,A017040,±¤Ένΐό±β,20160325,2100,2110,2075,2075,126589,013,43337000
1332,A017040,±¤Ένΐό±β,20160324,2065,2115,2065,2095,162340,013,43337000
1333,A017040,±¤Ένΐό±β,20160323,2090,2115,2070,2085,122416,013,43337000
1334,A017040,±¤Ένΐό±β,20160322,2125,2125,2075,2080,101840,013,43337000
1335,A017040,±¤Ένΐό±β,20160321,2110,2120,2080,2100,79003,013,43337000
1336,A017040,±¤Ένΐό±β,20160318,2075,2105,2065,2100,260245,013,43337000
1337,A017040,±¤Ένΐό±β,20160317,2055,2080,2055,2065,106896,013,43337000
1338,A017040,±¤Ένΐό±β,20160316,2055,2070,2045,2060,173302,013,43337000
1339,A017040,±¤Ένΐό±β,20160315,2060,2070,2045,2055,204113,013,43337000
1340,A017040,±¤Ένΐό±β,20160314,2060,2080,2060,2075,135135,013,43337000
1341,A017040,±¤Ένΐό±β,20160311,2090,2095,2055,2070,163924,013,43337000
1342,A017040,±¤Ένΐό±β,20160310,2075,2100,2055,2090,255708,013,43337000
1343,A017040,±¤Ένΐό±β,20160309,2030,2080,2030,2075,169290,013,43337000
1344,A017040,±¤Ένΐό±β,20160308,2030,2060,2025,2045,190148,013,43337000
1345,A017040,±¤Ένΐό±β,20160307,2025,2065,2025,2040,190504,013,43337000
1346,A017040,±¤Ένΐό±β,20160304,2030,2055,2025,2050,131039,013,43337000
1347,A017040,±¤Ένΐό±β,20160303,2065,2080,2025,2040,158245,013,43337000
1348,A017040,±¤Ένΐό±β,20160302,2010,2070,2010,2050,184129,013,43337000
1349,A017040,±¤Ένΐό±β,20160229,2040,2040,2000,2005,181834,013,43337000
1350,A017040,±¤Ένΐό±β,20160226,1975,2040,1975,2020,328103,013,43337000
1351,A017040,±¤Ένΐό±β,20160225,1970,1990,1955,1975,108380,013,43337000
1352,A017040,±¤Ένΐό±β,20160224,1960,1990,1955,1955,144842,013,43337000
1353,A017040,±¤Ένΐό±β,20160223,1960,1995,1955,1970,186596,013,43337000
1354,A017040,±¤Ένΐό±β,20160222,1970,1980,1950,1960,113146,013,43337000
1355,A017040,±¤Ένΐό±β,20160219,1945,1975,1935,1970,233038,013,43337000
1356,A017040,±¤Ένΐό±β,20160218,1920,1955,1910,1950,250742,013,43337000
1357,A017040,±¤Ένΐό±β,20160217,1880,1920,1875,1910,423266,013,43337000
1358,A017040,±¤Ένΐό±β,20160216,1845,1905,1830,1870,541134,013,43337000
1359,A017040,±¤Ένΐό±β,20160215,1795,1835,1745,1810,703534,013,43337000
1360,A017040,±¤Ένΐό±β,20160212,1930,1945,1640,1755,1957574,013,43337000
1361,A017040,±¤Ένΐό±β,20160211,1990,2030,1935,1945,1421869,013,43337000
1362,A017040,±¤Ένΐό±β,20160205,2095,2155,2090,2130,263218,013,43337000
1363,A017040,±¤Ένΐό±β,20160204,2100,2110,2050,2095,263373,013,43337000
1364,A017040,±¤Ένΐό±β,20160203,2140,2160,2020,2100,323371,013,43337000
1365,A017040,±¤Ένΐό±β,20160202,2135,2140,2100,2135,224636,013,43337000
1366,A017040,±¤Ένΐό±β,20160201,2150,2160,2125,2135,78883,013,43337000
1367,A017040,±¤Ένΐό±β,20160129,2130,2140,2105,2130,189859,013,43337000
1368,A017040,±¤Ένΐό±β,20160128,2115,2130,2070,2130,171092,013,43337000
1369,A017040,±¤Ένΐό±β,20160127,2110,2140,2095,2110,128267,013,43337000
1370,A017040,±¤Ένΐό±β,20160126,2140,2145,2075,2095,262629,013,43337000
1371,A017040,±¤Ένΐό±β,20160125,2130,2155,2125,2140,145178,013,43337000
1372,A017040,±¤Ένΐό±β,20160122,2105,2130,2090,2115,122968,013,43337000
1373,A017040,±¤Ένΐό±β,20160121,2075,2165,2075,2080,320087,013,43337000
1374,A017040,±¤Ένΐό±β,20160120,2170,2190,2070,2085,621917,013,43337000
1375,A017040,±¤Ένΐό±β,20160119,2210,2225,2165,2170,244243,013,43337000
1376,A017040,±¤Ένΐό±β,20160118,2175,2230,2165,2230,145468,013,43337000
1377,A017040,±¤Ένΐό±β,20160115,2210,2235,2185,2200,241454,013,43337000
1378,A017040,±¤Ένΐό±β,20160114,2230,2230,2170,2200,182048,013,43337000
1379,A017040,±¤Ένΐό±β,20160113,2200,2255,2190,2240,260317,013,43337000
1380,A017040,±¤Ένΐό±β,20160112,2170,2210,2170,2200,161457,013,43337000
1381,A017040,±¤Ένΐό±β,20160111,2200,2235,2185,2185,182818,013,43337000
1382,A017040,±¤Ένΐό±β,20160108,2215,2245,2135,2220,712943,013,43337000
1383,A017040,±¤Ένΐό±β,20160107,2285,2310,2225,2280,629415,013,43337000
1384,A017040,±¤Ένΐό±β,20160106,2360,2360,2280,2300,491283,013,43337000
1385,A017040,±¤Ένΐό±β,20160105,2310,2350,2275,2345,289716,013,43337000
1386,A017040,±¤Ένΐό±β,20160104,2355,2375,2305,2305,370650,013,43337000
