,謙跡囀萄,謙跡貲,陳瞼,衛陛,堅陛,盪陛,謙陛,剪楚榆,隸掏瞪骯機謙囀萄,嫦ч輿衝熱
0,A072950,維價瞪濠,20210823,7820,8090,7520,7860,38140,359,6230000
1,A072950,維價瞪濠,20210820,8150,8300,7750,7820,132914,359,6230000
2,A072950,維價瞪濠,20210819,8190,8490,8070,8150,153328,359,6230000
3,A072950,維價瞪濠,20210818,8180,8280,7950,8190,111147,359,6230000
4,A072950,維價瞪濠,20210817,8530,8580,8090,8190,154350,359,6230000
5,A072950,維價瞪濠,20210813,9090,9090,8500,8690,109305,359,6230000
6,A072950,維價瞪濠,20210812,9150,9290,8920,9100,61857,359,6230000
7,A072950,維價瞪濠,20210811,9390,9460,9150,9180,94603,359,6230000
8,A072950,維價瞪濠,20210810,9520,9580,9390,9390,99121,359,6230000
9,A072950,維價瞪濠,20210809,9650,9750,9520,9520,181647,359,6230000
10,A072950,維價瞪濠,20210806,9700,9720,9330,9650,481536,359,6230000
11,A072950,維價瞪濠,20210805,9220,9930,9060,9860,1427701,359,6230000
12,A072950,維價瞪濠,20210804,8920,9010,8870,9010,47598,359,6230000
13,A072950,維價瞪濠,20210803,8950,9140,8870,8920,76491,359,6230000
14,A072950,維價瞪濠,20210802,8620,9040,8600,8910,108663,359,6230000
15,A072950,維價瞪濠,20210730,8530,8800,8520,8660,86310,359,6230000
16,A072950,維價瞪濠,20210729,8640,8640,8450,8520,91454,359,6230000
17,A072950,維價瞪濠,20210728,8660,8810,8520,8640,83710,359,6230000
18,A072950,維價瞪濠,20210727,8770,8840,8310,8810,104690,359,6230000
19,A072950,維價瞪濠,20210726,8930,9010,8840,8840,74956,359,6230000
20,A072950,維價瞪濠,20210723,8900,9040,8880,8890,113449,359,6230000
21,A072950,維價瞪濠,20210722,9020,9210,8850,8880,165665,359,6230000
22,A072950,維價瞪濠,20210721,9500,9620,9000,9030,221440,359,6230000
23,A072950,維價瞪濠,20210720,9300,9810,9220,9460,182072,359,6230000
24,A072950,維價瞪濠,20210719,9730,10150,9520,9530,526432,359,6230000
25,A072950,維價瞪濠,20210716,9420,9790,9340,9730,187869,359,6230000
26,A072950,維價瞪濠,20210715,9690,9740,9400,9410,160631,359,6230000
27,A072950,維價瞪濠,20210714,9780,9800,9470,9690,250236,359,6230000
28,A072950,維價瞪濠,20210713,9430,9750,9330,9460,315595,359,6230000
29,A072950,維價瞪濠,20210712,9030,9310,9000,9240,133530,359,6230000
30,A072950,維價瞪濠,20210709,9030,9210,8790,9170,182260,359,6230000
31,A072950,維價瞪濠,20210708,9490,10100,9170,9210,919994,359,6230000
32,A072950,維價瞪濠,20210707,9350,9680,9340,9460,202731,359,6230000
33,A072950,維價瞪濠,20210706,9430,9490,9250,9350,128678,359,6230000
34,A072950,維價瞪濠,20210705,9360,9580,9330,9430,151946,359,6230000
35,A072950,維價瞪濠,20210702,9380,9560,9210,9330,217107,359,6230000
36,A072950,維價瞪濠,20210701,9410,9720,9350,9380,314577,359,6230000
37,A072950,維價瞪濠,20210630,9610,9610,9290,9410,340594,359,6230000
38,A072950,維價瞪濠,20210629,9210,10350,9190,9610,2508942,359,6230000
39,A072950,維價瞪濠,20210628,9190,9590,8730,9210,603250,359,6230000
40,A072950,維價瞪濠,20210625,9430,9940,9020,9200,1704418,359,6230000
41,A072950,維價瞪濠,20210624,9370,9580,9010,9550,1005627,359,6230000
42,A072950,維價瞪濠,20210623,8270,10700,8250,9370,8726036,359,6230000
43,A072950,維價瞪濠,20210622,8400,8540,8150,8250,68402,359,6230000
44,A072950,維價瞪濠,20210621,8560,8680,8150,8380,93435,359,6230000
45,A072950,維價瞪濠,20210618,8720,8730,8430,8560,125653,359,6230000
46,A072950,維價瞪濠,20210617,8380,9170,8360,8590,385490,359,6230000
47,A072950,維價瞪濠,20210616,8040,8460,8040,8320,118022,359,6230000
48,A072950,維價瞪濠,20210615,8300,8340,7930,8000,76984,359,6230000
49,A072950,維價瞪濠,20210614,8160,8390,8100,8300,77571,359,6230000
50,A072950,維價瞪濠,20210611,8020,8260,7990,8150,119751,359,6230000
51,A072950,維價瞪濠,20210610,8330,8420,7820,8000,252415,359,6230000
52,A072950,維價瞪濠,20210609,8300,8800,8270,8440,269089,359,6230000
53,A072950,維價瞪濠,20210608,8290,8480,8190,8300,314429,359,6230000
54,A072950,維價瞪濠,20210607,8050,9370,8050,8290,1601080,359,6230000
55,A072950,維價瞪濠,20210604,7890,8270,7810,8050,236744,359,6230000
56,A072950,維價瞪濠,20210603,7860,8340,7820,7890,467445,359,6230000
57,A072950,維價瞪濠,20210602,7840,7940,7720,7850,189140,359,6230000
58,A072950,維價瞪濠,20210601,7550,7890,7500,7840,414537,359,6230000
59,A072950,維價瞪濠,20210531,7390,7610,7380,7540,219756,359,6230000
60,A072950,維價瞪濠,20210528,7300,7400,7300,7350,67469,359,6230000
61,A072950,維價瞪濠,20210527,7260,7380,7240,7290,101383,359,6230000
62,A072950,維價瞪濠,20210526,7230,7300,7150,7230,49887,359,6230000
63,A072950,維價瞪濠,20210525,6980,7150,6970,7150,63124,359,6230000
64,A072950,維價瞪濠,20210524,7220,7220,7030,7030,86991,359,6230000
65,A072950,維價瞪濠,20210521,7380,7430,7220,7230,96201,359,6230000
66,A072950,維價瞪濠,20210520,7190,7460,7190,7330,214690,359,6230000
67,A072950,維價瞪濠,20210518,7150,7250,7070,7160,61987,359,6230000
68,A072950,維價瞪濠,20210517,7210,7280,7120,7150,63714,359,6230000
69,A072950,維價瞪濠,20210514,7030,7190,6970,7140,41879,359,6230000
70,A072950,維價瞪濠,20210513,6990,7190,6860,7060,87648,359,6230000
71,A072950,維價瞪濠,20210512,7320,7370,7050,7140,73647,359,6230000
72,A072950,維價瞪濠,20210511,7360,7450,7230,7300,86371,359,6230000
73,A072950,維價瞪濠,20210510,7330,7420,7320,7340,47081,359,6230000
74,A072950,維價瞪濠,20210507,7270,7430,7200,7320,76566,359,6230000
75,A072950,維價瞪濠,20210506,7180,7300,7150,7150,40426,359,6230000
76,A072950,維價瞪濠,20210504,7120,7220,6950,7180,73965,359,6230000
77,A072950,維價瞪濠,20210503,6990,7180,6980,7120,41882,359,6230000
78,A072950,維價瞪濠,20210430,6990,7100,6910,6990,61531,359,6230000
79,A072950,維價瞪濠,20210429,7050,7110,6820,7030,81845,359,6230000
80,A072950,維價瞪濠,20210428,7250,7250,7010,7050,166522,359,6230000
81,A072950,維價瞪濠,20210427,7300,7360,7110,7280,146028,359,6230000
82,A072950,維價瞪濠,20210426,7390,7450,7260,7300,63228,359,6230000
83,A072950,維價瞪濠,20210423,7410,7410,7280,7380,72767,359,6230000
84,A072950,維價瞪濠,20210422,7340,7500,7340,7410,78927,359,6230000
85,A072950,維價瞪濠,20210421,7380,7430,7190,7330,106663,359,6230000
86,A072950,維價瞪濠,20210420,7600,7680,7350,7380,98945,359,6230000
87,A072950,維價瞪濠,20210419,7440,7750,7400,7600,180010,359,6230000
88,A072950,維價瞪濠,20210416,7520,7550,7380,7430,106681,359,6230000
89,A072950,維價瞪濠,20210415,7460,7950,7430,7520,696813,359,6230000
90,A072950,維價瞪濠,20210414,7310,7430,7280,7430,75761,359,6230000
91,A072950,維價瞪濠,20210413,7300,7390,7250,7280,77710,359,6230000
92,A072950,維價瞪濠,20210412,7360,7380,6900,7300,68083,359,6230000
93,A072950,維價瞪濠,20210409,7390,7420,7260,7380,94442,359,6230000
94,A072950,維價瞪濠,20210408,7370,7520,7210,7420,97200,359,6230000
95,A072950,維價瞪濠,20210407,7520,7590,7330,7350,140235,359,6230000
96,A072950,維價瞪濠,20210406,7280,7640,7240,7500,273536,359,6230000
97,A072950,維價瞪濠,20210405,7240,7410,7160,7280,139961,359,6230000
98,A072950,維價瞪濠,20210402,7340,7380,7140,7230,199733,359,6230000
99,A072950,維價瞪濠,20210401,6860,7500,6830,7300,309801,359,6230000
100,A072950,維價瞪濠,20210331,6820,6880,6740,6860,43484,359,6230000
101,A072950,維價瞪濠,20210330,6790,6880,6730,6810,67181,359,6230000
102,A072950,維價瞪濠,20210329,6650,6890,6650,6790,76336,359,6230000
103,A072950,維價瞪濠,20210326,6500,6750,6500,6640,68287,359,6230000
104,A072950,維價瞪濠,20210325,6670,6710,6400,6520,32042,359,6230000
105,A072950,維價瞪濠,20210324,6550,6780,6450,6670,47380,359,6230000
106,A072950,維價瞪濠,20210323,6820,6960,6550,6620,84691,359,6230000
107,A072950,維價瞪濠,20210322,6790,7020,6720,6820,72681,359,6230000
108,A072950,維價瞪濠,20210319,6530,6880,6500,6790,81955,359,6230000
109,A072950,維價瞪濠,20210318,6710,6780,6600,6650,50138,359,6230000
110,A072950,維價瞪濠,20210317,6720,6720,6600,6710,44025,359,6230000
111,A072950,維價瞪濠,20210316,6470,6720,6420,6720,77366,359,6230000
112,A072950,維價瞪濠,20210315,6550,6640,6380,6460,64586,359,6230000
113,A072950,維價瞪濠,20210312,6460,6660,6460,6530,41426,359,6230000
114,A072950,維價瞪濠,20210311,6350,6490,6340,6460,26687,359,6000000
115,A072950,維價瞪濠,20210310,6460,6670,6340,6340,61042,359,6000000
116,A072950,維價瞪濠,20210309,6470,6500,6210,6450,78441,359,6000000
117,A072950,維價瞪濠,20210308,6560,6630,6420,6470,48357,359,6000000
118,A072950,維價瞪濠,20210305,6540,6580,6440,6560,34951,359,6000000
119,A072950,維價瞪濠,20210304,6740,6740,6510,6600,67809,359,6000000
120,A072950,維價瞪濠,20210303,6630,6830,6630,6750,44984,359,6000000
121,A072950,維價瞪濠,20210302,6520,6780,6510,6630,74662,359,6000000
122,A072950,維價瞪濠,20210226,6640,6640,6330,6420,156604,359,6000000
123,A072950,維價瞪濠,20210225,6630,6800,6630,6710,63179,359,6000000
124,A072950,維價瞪濠,20210224,7160,7160,6540,6600,143166,359,6000000
125,A072950,維價瞪濠,20210223,6930,7030,6820,7020,109347,359,6000000
126,A072950,維價瞪濠,20210222,7080,7190,6990,7030,70112,359,6000000
127,A072950,維價瞪濠,20210219,7160,7160,6910,7080,124539,359,6000000
128,A072950,維價瞪濠,20210218,7460,7460,7130,7160,173474,359,6000000
129,A072950,維價瞪濠,20210217,7530,7600,7320,7400,181929,359,6000000
130,A072950,維價瞪濠,20210216,7300,7540,7190,7510,212875,359,6000000
131,A072950,維價瞪濠,20210215,7240,7400,7100,7270,180291,359,6000000
132,A072950,維價瞪濠,20210210,7030,7230,6930,7190,237488,359,6000000
133,A072950,維價瞪濠,20210209,6910,7050,6820,7000,112666,359,6000000
134,A072950,維價瞪濠,20210208,7090,7090,6900,6910,110566,359,6000000
135,A072950,維價瞪濠,20210205,7200,7270,6990,7090,195562,359,6000000
136,A072950,維價瞪濠,20210204,6850,7640,6850,7090,1006491,359,6000000
137,A072950,維價瞪濠,20210203,6790,6880,6660,6810,75756,359,6000000
138,A072950,維價瞪濠,20210202,6860,6970,6470,6780,89466,359,6000000
139,A072950,維價瞪濠,20210201,6600,6870,6410,6790,105836,359,6000000
140,A072950,維價瞪濠,20210129,7040,7060,6620,6630,199405,359,6000000
141,A072950,維價瞪濠,20210128,6800,7460,6600,6960,562101,359,6000000
142,A072950,維價瞪濠,20210127,7180,7270,6950,6960,213667,359,6000000
143,A072950,維價瞪濠,20210126,7070,7250,6750,7250,262470,359,6000000
144,A072950,維價瞪濠,20210125,7350,7350,7070,7070,342563,359,6000000
145,A072950,維價瞪濠,20210122,7300,7480,7150,7410,592050,359,6000000
146,A072950,維價瞪濠,20210121,7060,8180,7050,7300,6843118,359,6000000
147,A072950,維價瞪濠,20210120,6950,7190,6850,6900,1090102,359,6000000
148,A072950,維價瞪濠,20210119,6750,6940,6660,6800,647310,359,6000000
149,A072950,維價瞪濠,20210118,6350,7860,6240,6820,7919615,359,6000000
150,A072950,維價瞪濠,20210115,6510,6560,6360,6380,60693,359,6000000
151,A072950,維價瞪濠,20210114,6490,6570,6450,6500,55559,359,6000000
152,A072950,維價瞪濠,20210113,6370,6560,6370,6490,57574,359,6000000
153,A072950,維價瞪濠,20210112,6500,6540,6280,6360,94109,359,6000000
154,A072950,維價瞪濠,20210111,6740,6760,6330,6500,202081,359,6000000
155,A072950,維價瞪濠,20210108,6760,6850,6640,6710,162228,359,6000000
156,A072950,維價瞪濠,20210107,6730,6880,6620,6760,229891,359,6000000
157,A072950,維價瞪濠,20210106,6690,6830,6510,6830,331874,359,6000000
158,A072950,維價瞪濠,20210105,6260,7850,6230,6700,2956377,359,6000000
159,A072950,維價瞪濠,20210104,6130,6340,6130,6300,119429,359,6000000
160,A072950,維價瞪濠,20201230,6100,6150,6060,6110,39112,359,6000000
161,A072950,維價瞪濠,20201229,6180,6260,6040,6100,50967,359,6000000
162,A072950,維價瞪濠,20201228,6080,6210,6010,6130,130914,359,6000000
163,A072950,維價瞪濠,20201224,5850,6050,5850,6010,68915,359,6000000
164,A072950,維價瞪濠,20201223,5960,6120,5850,5850,61631,359,6000000
165,A072950,維價瞪濠,20201222,6160,6170,5920,5990,85343,359,6000000
166,A072950,維價瞪濠,20201221,5860,6290,5860,6140,325287,359,6000000
167,A072950,維價瞪濠,20201218,5830,5880,5610,5840,63678,359,6000000
168,A072950,維價瞪濠,20201217,5920,5980,5870,5890,21891,359,6000000
169,A072950,維價瞪濠,20201216,5910,6020,5880,5910,17095,359,6000000
170,A072950,維價瞪濠,20201215,6100,6100,5830,5910,44158,359,6000000
171,A072950,維價瞪濠,20201214,6110,6170,5930,6040,45558,359,6000000
172,A072950,維價瞪濠,20201211,6090,6150,6060,6110,36204,359,6000000
173,A072950,維價瞪濠,20201210,6030,6150,6030,6090,41859,359,6000000
174,A072950,維價瞪濠,20201209,5910,6100,5880,6070,54728,359,6000000
175,A072950,維價瞪濠,20201208,6020,6050,5850,5910,49345,359,6000000
176,A072950,維價瞪濠,20201207,6090,6140,6000,6020,45766,359,6000000
177,A072950,維價瞪濠,20201204,6080,6150,6010,6080,108704,359,6000000
178,A072950,維價瞪濠,20201203,6070,6140,5920,6080,57918,359,6000000
179,A072950,維價瞪濠,20201202,5900,6140,5840,6070,141093,359,6000000
180,A072950,維價瞪濠,20201201,5800,5950,5780,5820,49276,359,6000000
181,A072950,維價瞪濠,20201130,5920,6030,5790,5800,43249,359,6000000
182,A072950,維價瞪濠,20201127,5850,5980,5810,5910,88886,359,6000000
183,A072950,維價瞪濠,20201126,5890,5960,5790,5850,40460,359,6000000
184,A072950,維價瞪濠,20201125,5970,6000,5730,5890,63074,359,6000000
185,A072950,維價瞪濠,20201124,6050,6050,5900,5970,22539,359,6000000
186,A072950,維價瞪濠,20201123,5820,5970,5770,5950,44511,359,6000000
187,A072950,維價瞪濠,20201120,5770,5860,5760,5790,20201,359,6000000
188,A072950,維價瞪濠,20201119,5790,5880,5740,5770,25798,359,6000000
189,A072950,維價瞪濠,20201118,5820,5850,5750,5790,45286,359,6000000
190,A072950,維價瞪濠,20201117,5930,5970,5650,5820,59924,359,6000000
191,A072950,維價瞪濠,20201116,5990,6150,5930,5980,92723,359,6000000
192,A072950,維價瞪濠,20201113,6020,6080,5950,5990,36131,359,6000000
193,A072950,維價瞪濠,20201112,5930,6140,5910,6020,72025,359,6000000
194,A072950,維價瞪濠,20201111,6060,6060,5890,5930,54595,359,6000000
195,A072950,維價瞪濠,20201110,6040,6100,5920,6090,64221,359,6000000
196,A072950,維價瞪濠,20201109,5900,6100,5890,6080,93493,359,6000000
197,A072950,維價瞪濠,20201106,6170,6400,5880,5890,792406,359,6000000
198,A072950,維價瞪濠,20201105,5800,5980,5700,5980,88258,359,6000000
199,A072950,維價瞪濠,20201104,5820,5890,5680,5800,31073,359,6000000
200,A072950,維價瞪濠,20201103,5580,5850,5540,5770,72812,359,6000000
201,A072950,維價瞪濠,20201102,5630,5630,5320,5520,57315,359,6000000
202,A072950,維價瞪濠,20201030,5990,6000,5600,5630,82501,359,6000000
203,A072950,維價瞪濠,20201029,5810,5980,5600,5950,76114,359,6000000
204,A072950,維價瞪濠,20201028,5770,5950,5670,5870,93534,359,6000000
205,A072950,維價瞪濠,20201027,5500,5880,5450,5720,110473,359,6000000
206,A072950,維價瞪濠,20201026,5870,5950,5430,5500,141006,359,6000000
207,A072950,維價瞪濠,20201023,5860,6100,5800,5870,124505,359,6000000
208,A072950,維價瞪濠,20201022,6100,6110,5820,5860,208862,359,6000000
209,A072950,維價瞪濠,20201021,6020,6200,5920,6140,571229,359,6000000
210,A072950,維價瞪濠,20201020,5270,6700,5270,6000,1854563,359,6000000
211,A072950,維價瞪濠,20201019,5370,5420,5320,5320,34510,359,6000000
212,A072950,維價瞪濠,20201016,5520,5580,5330,5370,23404,359,6000000
213,A072950,維價瞪濠,20201015,5610,5610,5420,5520,46442,359,6000000
214,A072950,維價瞪濠,20201014,5660,5660,5550,5620,43319,359,6000000
215,A072950,維價瞪濠,20201013,5620,5660,5510,5660,55975,359,6000000
216,A072950,維價瞪濠,20201012,5510,5590,5460,5590,27128,359,6000000
217,A072950,維價瞪濠,20201008,5610,5650,5520,5540,27174,359,6000000
218,A072950,維價瞪濠,20201007,5550,5650,5500,5610,46108,359,6000000
219,A072950,維價瞪濠,20201006,5450,5640,5400,5550,74936,359,6000000
220,A072950,維價瞪濠,20201005,5350,5450,5330,5400,23111,359,6000000
221,A072950,維價瞪濠,20200929,5280,5400,5260,5350,27253,359,6000000
222,A072950,維價瞪濠,20200928,5250,5440,5220,5260,26870,359,6000000
223,A072950,維價瞪濠,20200925,5080,5580,5080,5250,86910,359,6000000
224,A072950,維價瞪濠,20200924,5190,5270,5060,5080,30355,359,6000000
225,A072950,維價瞪濠,20200923,5270,5380,5120,5270,38801,359,6000000
226,A072950,維價瞪濠,20200922,5350,5400,5210,5270,52748,359,6000000
227,A072950,維價瞪濠,20200921,5540,5750,5300,5350,129428,359,6000000
228,A072950,維價瞪濠,20200918,5400,5550,5400,5530,35835,359,6000000
229,A072950,維價瞪濠,20200917,5520,5560,5400,5430,58045,359,6000000
230,A072950,維價瞪濠,20200916,5640,5640,5500,5500,48805,359,6000000
231,A072950,維價瞪濠,20200915,5670,5790,5570,5640,38673,359,6000000
232,A072950,維價瞪濠,20200914,5650,5730,5570,5670,63574,359,6000000
233,A072950,維價瞪濠,20200911,5690,5690,5540,5650,72595,359,6000000
234,A072950,維價瞪濠,20200910,5470,5760,5440,5690,300395,359,6000000
235,A072950,維價瞪濠,20200909,5280,5430,5190,5430,69245,359,6000000
236,A072950,維價瞪濠,20200908,5310,5470,5260,5310,82464,359,6000000
237,A072950,維價瞪濠,20200907,5190,5340,5190,5300,19440,359,6000000
238,A072950,維價瞪濠,20200904,5310,5310,5100,5160,30246,359,6000000
239,A072950,維價瞪濠,20200903,5340,5440,5320,5370,45358,359,6000000
240,A072950,維價瞪濠,20200902,5320,5400,5230,5320,44439,359,6000000
241,A072950,維價瞪濠,20200901,5290,5330,5270,5320,25268,359,6000000
242,A072950,維價瞪濠,20200831,5190,5330,5160,5290,49613,359,6000000
243,A072950,維價瞪濠,20200828,5020,5220,5020,5190,58793,359,6000000
244,A072950,維價瞪濠,20200827,5100,5150,5010,5020,22452,359,6000000
245,A072950,維價瞪濠,20200826,5150,5230,5050,5100,31006,359,6000000
246,A072950,維價瞪濠,20200825,5080,5210,5020,5150,42606,359,6000000
247,A072950,維價瞪濠,20200824,5000,5190,4935,5100,44822,359,6000000
248,A072950,維價瞪濠,20200821,5000,5050,4880,5000,45592,359,6000000
249,A072950,維價瞪濠,20200820,5280,5380,4955,5000,77671,359,6000000
250,A072950,維價瞪濠,20200819,5200,5550,5200,5320,87540,359,6000000
251,A072950,維價瞪濠,20200818,5480,5500,5110,5150,89685,359,6000000
252,A072950,維價瞪濠,20200814,5520,5580,5410,5510,66148,359,6000000
253,A072950,維價瞪濠,20200813,5430,5590,5400,5550,84721,359,6000000
254,A072950,維價瞪濠,20200812,5460,5490,5310,5400,35501,359,6000000
255,A072950,維價瞪濠,20200811,5500,5520,5410,5460,53668,359,6000000
256,A072950,維價瞪濠,20200810,5430,5610,5410,5500,141496,359,6000000
257,A072950,維價瞪濠,20200807,5220,5360,5220,5340,89470,359,6000000
258,A072950,維價瞪濠,20200806,5330,5360,5190,5220,82061,359,6000000
259,A072950,維價瞪濠,20200805,5290,5330,5230,5330,30004,359,6000000
260,A072950,維價瞪濠,20200804,5310,5350,5240,5340,37207,359,6000000
261,A072950,維價瞪濠,20200803,5380,5380,5240,5340,37413,359,6000000
262,A072950,維價瞪濠,20200731,5430,5450,5350,5380,38954,359,6000000
263,A072950,維價瞪濠,20200730,5430,5460,5370,5430,47525,359,6000000
264,A072950,維價瞪濠,20200729,5400,5460,5330,5430,40039,359,6000000
265,A072950,維價瞪濠,20200728,5330,5420,5300,5400,120502,359,6000000
266,A072950,維價瞪濠,20200727,5250,5380,5190,5330,118702,359,6000000
267,A072950,維價瞪濠,20200724,5410,5480,5210,5250,197898,359,6000000
268,A072950,維價瞪濠,20200723,5500,5580,5370,5450,101610,359,6000000
269,A072950,維價瞪濠,20200722,5490,5550,5350,5490,93607,359,6000000
270,A072950,維價瞪濠,20200721,5510,5560,5330,5500,141028,359,6000000
271,A072950,維價瞪濠,20200720,5440,5540,5380,5500,141798,359,6000000
272,A072950,維價瞪濠,20200717,5480,5500,5270,5490,221034,359,6000000
273,A072950,維價瞪濠,20200716,5520,6240,5350,5480,2184261,359,6000000
274,A072950,維價瞪濠,20200715,5190,5290,5060,5280,142841,359,6000000
275,A072950,維價瞪濠,20200714,5190,5250,5070,5130,58133,359,6000000
276,A072950,維價瞪濠,20200713,4960,5260,4955,5120,172204,359,6000000
277,A072950,維價瞪濠,20200710,4900,5410,4900,4940,779204,359,6000000
278,A072950,維價瞪濠,20200709,4860,4920,4845,4900,13695,359,6000000
279,A072950,維價瞪濠,20200708,4900,4920,4800,4860,10918,359,6000000
280,A072950,維價瞪濠,20200707,4840,4880,4830,4835,20491,359,6000000
281,A072950,維價瞪濠,20200706,4860,4895,4805,4830,21817,359,6000000
282,A072950,維價瞪濠,20200703,4810,4970,4790,4840,32212,359,6000000
283,A072950,維價瞪濠,20200702,4755,4920,4755,4810,10993,359,6000000
284,A072950,維價瞪濠,20200701,4800,4940,4750,4755,25258,359,6000000
285,A072950,維價瞪濠,20200630,4665,4845,4665,4800,14462,359,6000000
286,A072950,維價瞪濠,20200629,4685,4795,4665,4665,18300,359,6000000
287,A072950,維價瞪濠,20200626,4830,4860,4795,4800,17537,359,6000000
288,A072950,維價瞪濠,20200625,4880,4880,4780,4830,18885,359,6000000
289,A072950,維價瞪濠,20200624,4880,4965,4845,4880,29754,359,6000000
290,A072950,維價瞪濠,20200623,4980,5000,4825,4880,13763,359,6000000
291,A072950,維價瞪濠,20200622,4900,4955,4865,4880,8636,359,6000000
292,A072950,維價瞪濠,20200619,4835,4950,4835,4890,16029,359,6000000
293,A072950,維價瞪濠,20200618,4775,4915,4775,4835,12621,359,6000000
294,A072950,維價瞪濠,20200617,4790,4795,4670,4775,18035,359,6000000
295,A072950,維價瞪濠,20200616,4650,4840,4650,4745,57377,359,6000000
296,A072950,維價瞪濠,20200615,4860,4920,4610,4620,65567,359,6000000
297,A072950,維價瞪濠,20200612,4900,4980,4650,4860,77480,359,6000000
298,A072950,維價瞪濠,20200611,5230,5230,5050,5060,51670,359,6000000
299,A072950,維價瞪濠,20200610,5240,5280,5110,5180,53372,359,6000000
300,A072950,維價瞪濠,20200609,5370,5390,5170,5240,77737,359,6000000
301,A072950,維價瞪濠,20200608,5440,5440,5320,5350,50168,359,6000000
302,A072950,維價瞪濠,20200605,5350,5450,5340,5380,68980,359,6000000
303,A072950,維價瞪濠,20200604,5310,5370,5260,5350,59378,359,6000000
304,A072950,維價瞪濠,20200603,5370,5400,5240,5250,85091,359,6000000
305,A072950,維價瞪濠,20200602,5410,5430,5290,5330,41897,359,6000000
306,A072950,維價瞪濠,20200601,5280,5400,5250,5370,81523,359,6000000
307,A072950,維價瞪濠,20200529,5200,5310,5180,5280,55111,359,6000000
308,A072950,維價瞪濠,20200528,5430,5500,5120,5190,127866,359,6000000
309,A072950,維價瞪濠,20200527,5510,5510,5290,5350,166060,359,6000000
310,A072950,維價瞪濠,20200526,5590,5680,5370,5480,473103,359,6000000
311,A072950,維價瞪濠,20200525,5180,5960,5140,5750,543714,359,6000000
312,A072950,維價瞪濠,20200522,5190,5210,5070,5170,85665,359,6000000
313,A072950,維價瞪濠,20200521,5290,5530,5100,5190,310521,359,6000000
314,A072950,維價瞪濠,20200520,5070,5300,4995,5260,261491,359,6000000
315,A072950,維價瞪濠,20200519,5080,5090,4980,5050,41226,359,6000000
316,A072950,維價瞪濠,20200518,4960,5140,4935,4950,43904,359,6000000
317,A072950,維價瞪濠,20200515,5100,5100,4875,4960,77686,359,6000000
318,A072950,維價瞪濠,20200514,5030,5140,4930,5100,15271,359,6000000
319,A072950,維價瞪濠,20200513,5060,5060,4940,5030,29695,359,6000000
320,A072950,維價瞪濠,20200512,5130,5230,4970,5120,47445,359,6000000
321,A072950,維價瞪濠,20200511,5280,5350,5120,5120,57948,359,6000000
322,A072950,維價瞪濠,20200508,5240,5290,5120,5290,89837,359,6000000
323,A072950,維價瞪濠,20200507,5200,5270,5140,5240,96163,359,6000000
324,A072950,維價瞪濠,20200506,5070,5280,5060,5200,62876,359,6000000
325,A072950,維價瞪濠,20200504,5000,5150,4900,5110,41986,359,6000000
326,A072950,維價瞪濠,20200429,4970,5070,4945,5050,45057,359,6000000
327,A072950,維價瞪濠,20200428,4940,5100,4860,5020,79687,359,6000000
328,A072950,維價瞪濠,20200427,4720,4980,4650,4940,68574,359,6000000
329,A072950,維價瞪濠,20200424,4875,4875,4685,4720,50781,359,6000000
330,A072950,維價瞪濠,20200423,4800,4950,4800,4875,48262,359,6000000
331,A072950,維價瞪濠,20200422,4615,4800,4495,4800,35853,359,6000000
332,A072950,維價瞪濠,20200421,4810,4890,4545,4665,69273,359,6000000
333,A072950,維價瞪濠,20200420,4645,4875,4645,4810,75987,359,6000000
334,A072950,維價瞪濠,20200417,4600,4670,4555,4645,46570,359,6000000
335,A072950,維價瞪濠,20200416,4370,4610,4350,4535,67402,359,6000000
336,A072950,維價瞪濠,20200414,4355,4520,4355,4370,30610,359,6000000
337,A072950,維價瞪濠,20200413,4490,4490,4240,4355,43442,359,6000000
338,A072950,維價瞪濠,20200410,4600,4600,4350,4500,59854,359,6000000
339,A072950,維價瞪濠,20200409,4400,4600,4400,4520,42329,359,6000000
340,A072950,維價瞪濠,20200408,4450,4490,4215,4360,67269,359,6000000
341,A072950,維價瞪濠,20200407,4225,4450,4150,4450,100260,359,6000000
342,A072950,維價瞪濠,20200406,3960,4200,3910,4150,81801,359,6000000
343,A072950,維價瞪濠,20200403,3970,4050,3900,3940,53534,359,6000000
344,A072950,維價瞪濠,20200402,3800,4100,3685,3970,80812,359,6000000
345,A072950,維價瞪濠,20200401,3820,4080,3765,3800,69604,359,6000000
346,A072950,維價瞪濠,20200331,3850,3950,3715,3820,96175,359,6000000
347,A072950,維價瞪濠,20200330,3385,3705,3335,3705,67300,359,6000000
348,A072950,維價瞪濠,20200327,3530,3685,3385,3475,70438,359,6000000
349,A072950,維價瞪濠,20200326,3235,3605,3200,3420,94579,359,6000000
350,A072950,維價瞪濠,20200325,3060,3340,3060,3220,82919,359,6000000
351,A072950,維價瞪濠,20200324,2860,3030,2845,2980,70364,359,6000000
352,A072950,維價瞪濠,20200323,2825,2935,2730,2800,59647,359,6000000
353,A072950,維價瞪濠,20200320,2935,3145,2855,3050,118022,359,6000000
354,A072950,維價瞪濠,20200319,3895,3960,2805,2935,261307,359,6000000
355,A072950,維價瞪濠,20200318,3910,4070,3655,3895,83313,359,6000000
356,A072950,維價瞪濠,20200317,3420,3935,3420,3910,98327,359,6000000
357,A072950,維價瞪濠,20200316,3915,4150,3855,3905,99669,359,6000000
358,A072950,維價瞪濠,20200313,4060,4200,3650,3905,174404,359,6000000
359,A072950,維價瞪濠,20200312,4990,5020,4500,4510,110054,359,6000000
360,A072950,維價瞪濠,20200311,5330,5330,5020,5050,56141,359,6000000
361,A072950,維價瞪濠,20200310,5180,5410,5100,5330,56975,359,6000000
362,A072950,維價瞪濠,20200309,5570,5570,5260,5270,39604,359,6000000
363,A072950,維價瞪濠,20200306,5750,5750,5510,5630,37685,359,6000000
364,A072950,維價瞪濠,20200305,5710,5820,5680,5770,38384,359,6000000
365,A072950,維價瞪濠,20200304,5430,5750,5430,5680,35624,359,6000000
366,A072950,維價瞪濠,20200303,5400,5520,5370,5430,50295,359,6000000
367,A072950,維價瞪濠,20200302,5180,5330,5100,5310,54619,359,6000000
368,A072950,維價瞪濠,20200228,5590,5590,5210,5210,116727,359,6000000
369,A072950,維價瞪濠,20200227,5870,6040,5600,5620,91006,359,6000000
370,A072950,維價瞪濠,20200226,5930,5960,5820,5860,46025,359,6000000
371,A072950,維價瞪濠,20200225,5840,6000,5810,5950,48458,359,6000000
372,A072950,維價瞪濠,20200224,5740,6090,5660,5900,123862,359,6000000
373,A072950,維價瞪濠,20200221,5910,6120,5840,5880,74035,359,6000000
374,A072950,維價瞪濠,20200220,5820,6020,5750,5970,108817,359,6000000
375,A072950,維價瞪濠,20200219,5910,5960,5800,5820,38900,359,6000000
376,A072950,維價瞪濠,20200218,5950,6010,5750,5910,44585,359,6000000
377,A072950,維價瞪濠,20200217,5910,5970,5840,5950,22211,359,6000000
378,A072950,維價瞪濠,20200214,5900,5960,5810,5890,32498,359,6000000
379,A072950,維價瞪濠,20200213,6050,6060,5780,5840,74431,359,6000000
380,A072950,維價瞪濠,20200212,5920,6150,5850,6010,106049,359,6000000
381,A072950,維價瞪濠,20200211,5880,6070,5830,5920,56234,359,6000000
382,A072950,維價瞪濠,20200210,5860,5890,5750,5880,47419,359,6000000
383,A072950,維價瞪濠,20200207,5770,5870,5580,5840,58277,359,6000000
384,A072950,維價瞪濠,20200206,5690,5770,5670,5770,45765,359,6000000
385,A072950,維價瞪濠,20200205,5720,5850,5620,5670,63645,359,6000000
386,A072950,維價瞪濠,20200204,5520,5800,5520,5730,114612,359,6000000
387,A072950,維價瞪濠,20200203,5530,5590,5310,5510,129768,359,6000000
388,A072950,維價瞪濠,20200131,5870,6130,5620,5630,208784,359,6000000
389,A072950,維價瞪濠,20200130,5980,6050,5790,5840,190890,359,6000000
390,A072950,維價瞪濠,20200129,5770,6340,5720,5980,699448,359,6000000
391,A072950,維價瞪濠,20200128,5670,5840,5580,5750,137046,359,6000000
392,A072950,維價瞪濠,20200123,5870,5920,5680,5910,160846,359,6000000
393,A072950,維價瞪濠,20200122,5810,5940,5750,5860,210496,359,6000000
394,A072950,維價瞪濠,20200121,5970,6230,5850,5850,550277,359,6000000
395,A072950,維價瞪濠,20200120,6240,6340,5810,5980,566183,359,6000000
396,A072950,維價瞪濠,20200117,6260,6870,6030,6270,1955935,359,6000000
397,A072950,維價瞪濠,20200116,5730,6810,5730,6160,3988864,359,6000000
398,A072950,維價瞪濠,20200115,5630,6620,5580,5710,1343932,359,6000000
399,A072950,維價瞪濠,20200114,5680,5740,5560,5600,16849,359,6000000
400,A072950,維價瞪濠,20200113,5470,5720,5470,5680,50924,359,6000000
401,A072950,維價瞪濠,20200110,5450,5470,5410,5470,18863,359,6000000
402,A072950,維價瞪濠,20200109,5300,5460,5300,5430,27161,359,6000000
403,A072950,維價瞪濠,20200108,5440,5480,5210,5220,34739,359,6000000
404,A072950,維價瞪濠,20200107,5390,5490,5390,5440,22515,359,6000000
405,A072950,維價瞪濠,20200106,5500,5540,5380,5380,20202,359,6000000
406,A072950,維價瞪濠,20200103,5630,5630,5460,5540,27649,359,6000000
407,A072950,維價瞪濠,20200102,5450,5630,5450,5600,76020,359,6000000
408,A072950,維價瞪濠,20191230,5400,5470,5360,5450,10114,359,6000000
409,A072950,維價瞪濠,20191227,5410,5470,5370,5400,11826,359,6000000
410,A072950,維價瞪濠,20191226,5340,5430,5310,5410,14354,359,6000000
411,A072950,維價瞪濠,20191224,5310,5330,5250,5310,21686,359,6000000
412,A072950,維價瞪濠,20191223,5330,5360,5260,5310,28981,359,6000000
413,A072950,維價瞪濠,20191220,5320,5410,5320,5330,10801,359,6000000
414,A072950,維價瞪濠,20191219,5360,5410,5300,5320,18354,359,6000000
415,A072950,維價瞪濠,20191218,5400,5520,5360,5360,9417,359,6000000
416,A072950,維價瞪濠,20191217,5440,5500,5390,5400,12531,359,6000000
417,A072950,維價瞪濠,20191216,5330,5460,5330,5420,17236,359,6000000
418,A072950,維價瞪濠,20191213,5290,5370,5290,5310,10182,359,6000000
419,A072950,維價瞪濠,20191212,5270,5440,5260,5290,12169,359,6000000
420,A072950,維價瞪濠,20191211,5290,5340,5240,5290,17987,359,6000000
421,A072950,維價瞪濠,20191210,5360,5360,5290,5290,12894,359,6000000
422,A072950,維價瞪濠,20191209,5550,5590,5320,5350,19499,359,6000000
423,A072950,維價瞪濠,20191206,5320,5560,5230,5230,15031,359,6000000
424,A072950,維價瞪濠,20191205,5460,5530,5300,5320,16678,359,6000000
425,A072950,維價瞪濠,20191204,5500,5550,5450,5450,12881,359,6000000
426,A072950,維價瞪濠,20191203,5380,5550,5360,5500,22977,359,6000000
427,A072950,維價瞪濠,20191202,5510,5550,5350,5370,23927,359,6000000
428,A072950,維價瞪濠,20191129,5520,5580,5460,5500,22591,359,6000000
429,A072950,維價瞪濠,20191128,5580,5590,5520,5520,14830,359,6000000
430,A072950,維價瞪濠,20191127,5630,5680,5580,5580,11539,359,6000000
431,A072950,維價瞪濠,20191126,5600,5720,5600,5630,21394,359,6000000
432,A072950,維價瞪濠,20191125,5660,5690,5600,5600,14810,359,6000000
433,A072950,維價瞪濠,20191122,5630,5660,5540,5660,14491,359,6000000
434,A072950,維價瞪濠,20191121,5620,5700,5540,5630,21710,359,6000000
435,A072950,維價瞪濠,20191120,5680,5810,5620,5620,27344,359,6000000
436,A072950,維價瞪濠,20191119,5840,5840,5650,5720,41607,359,6000000
437,A072950,維價瞪濠,20191118,5770,5880,5720,5840,26988,359,6000000
438,A072950,維價瞪濠,20191115,5790,5830,5760,5760,15604,359,6000000
439,A072950,維價瞪濠,20191114,5760,5870,5760,5790,21276,359,6000000
440,A072950,維價瞪濠,20191113,5850,5860,5770,5800,17001,359,6000000
441,A072950,維價瞪濠,20191112,5820,5870,5750,5850,29686,359,6000000
442,A072950,維價瞪濠,20191111,5720,5850,5700,5820,24710,359,6000000
443,A072950,維價瞪濠,20191108,5790,5830,5720,5720,16575,359,6000000
444,A072950,維價瞪濠,20191107,5780,5870,5730,5790,18902,359,6000000
445,A072950,維價瞪濠,20191106,5830,5850,5770,5810,12495,359,6000000
446,A072950,維價瞪濠,20191105,5800,5840,5700,5830,21986,359,6000000
447,A072950,維價瞪濠,20191104,5740,5850,5730,5790,13206,359,6000000
448,A072950,維價瞪濠,20191101,5770,5810,5720,5740,16558,359,6000000
449,A072950,維價瞪濠,20191031,5790,5820,5650,5770,23794,359,6000000
450,A072950,維價瞪濠,20191030,5670,5800,5670,5790,18726,359,6000000
451,A072950,維價瞪濠,20191029,5800,5800,5700,5740,14378,359,6000000
452,A072950,維價瞪濠,20191028,5670,5870,5670,5800,43213,359,6000000
453,A072950,維價瞪濠,20191025,5590,6140,5510,5680,200200,359,6000000
454,A072950,維價瞪濠,20191024,5600,5660,5550,5590,11502,359,6000000
455,A072950,維價瞪濠,20191023,5620,5720,5580,5670,22473,359,6000000
456,A072950,維價瞪濠,20191022,5780,5780,5560,5570,27479,359,6000000
457,A072950,維價瞪濠,20191021,5690,5760,5620,5620,20106,359,6000000
458,A072950,維價瞪濠,20191018,5690,5810,5690,5710,17093,359,6000000
459,A072950,維價瞪濠,20191017,5720,5840,5720,5730,8508,359,6000000
460,A072950,維價瞪濠,20191016,5800,5900,5730,5730,19446,359,6000000
461,A072950,維價瞪濠,20191015,5780,5840,5730,5790,7228,359,6000000
462,A072950,維價瞪濠,20191014,5700,5950,5700,5730,17429,359,6000000
463,A072950,維價瞪濠,20191011,5850,5850,5690,5690,19180,359,6000000
464,A072950,維價瞪濠,20191010,5890,5900,5710,5720,30681,359,6000000
465,A072950,維價瞪濠,20191008,5840,5920,5800,5890,22029,359,6000000
466,A072950,維價瞪濠,20191007,5850,5920,5820,5840,21852,359,6000000
467,A072950,維價瞪濠,20191004,5940,5940,5850,5850,14075,359,6000000
468,A072950,維價瞪濠,20191002,5940,6120,5940,5950,25046,359,6000000
469,A072950,維價瞪濠,20191001,5820,5940,5820,5940,24702,359,6000000
470,A072950,維價瞪濠,20190930,5870,5920,5800,5870,18867,359,6000000
471,A072950,維價瞪濠,20190927,5920,5980,5860,5870,17984,359,6000000
472,A072950,維價瞪濠,20190926,5910,6060,5910,5980,24881,359,6000000
473,A072950,維價瞪濠,20190925,6110,6180,5910,5910,30744,359,6000000
474,A072950,維價瞪濠,20190924,6230,6250,6090,6110,29255,359,6000000
475,A072950,維價瞪濠,20190923,6140,6250,6080,6230,41264,359,6000000
476,A072950,維價瞪濠,20190920,6110,6170,6070,6130,17238,359,6000000
477,A072950,維價瞪濠,20190919,6150,6180,6070,6090,19006,359,6000000
478,A072950,維價瞪濠,20190918,6120,6160,6060,6150,46179,359,6000000
479,A072950,維價瞪濠,20190917,6060,6150,6050,6120,32476,359,6000000
480,A072950,維價瞪濠,20190916,6140,6160,6040,6110,46440,359,6000000
481,A072950,維價瞪濠,20190911,6420,6670,6020,6110,454123,359,6000000
482,A072950,維價瞪濠,20190910,5910,6180,5850,6160,156385,359,6000000
483,A072950,維價瞪濠,20190909,5880,5960,5850,5850,18706,359,6000000
484,A072950,維價瞪濠,20190906,6010,6020,5840,5880,31522,359,6000000
485,A072950,維價瞪濠,20190905,6030,6050,5940,5980,62173,359,6000000
486,A072950,維價瞪濠,20190904,5900,6080,5830,6040,89352,359,6000000
487,A072950,維價瞪濠,20190903,5990,6050,5860,5930,27441,359,6000000
488,A072950,維價瞪濠,20190902,5720,6100,5720,5990,89050,359,6000000
489,A072950,維價瞪濠,20190830,5660,5800,5660,5770,11346,359,6000000
490,A072950,維價瞪濠,20190829,5880,5880,5660,5660,19842,359,6000000
491,A072950,維價瞪濠,20190828,5710,5790,5620,5700,26741,359,6000000
492,A072950,維價瞪濠,20190827,5720,6120,5680,5710,146748,359,6000000
493,A072950,維價瞪濠,20190826,5620,5710,5550,5590,59677,359,6000000
494,A072950,維價瞪濠,20190823,5690,5860,5640,5800,62032,359,6000000
495,A072950,維價瞪濠,20190822,5730,5780,5680,5700,52150,359,6000000
496,A072950,維價瞪濠,20190821,5600,5790,5500,5730,139862,359,6000000
497,A072950,維價瞪濠,20190820,5860,6590,5630,5680,835430,359,6000000
498,A072950,維價瞪濠,20190819,5360,5560,5340,5560,40325,359,6000000
499,A072950,維價瞪濠,20190816,5370,5400,5270,5300,33605,359,6000000
500,A072950,維價瞪濠,20190814,5570,5630,5350,5430,40432,359,6000000
501,A072950,維價瞪濠,20190813,5490,5630,5420,5540,27677,359,6000000
502,A072950,維價瞪濠,20190812,5460,5530,5430,5520,16742,359,6000000
503,A072950,維價瞪濠,20190809,5560,5620,5420,5470,20878,359,6000000
504,A072950,維價瞪濠,20190808,5280,5620,5180,5480,54392,359,6000000
505,A072950,維價瞪濠,20190807,4980,5270,4980,5230,47013,359,6000000
506,A072950,維價瞪濠,20190806,5150,5480,4960,5010,76677,359,6000000
507,A072950,維價瞪濠,20190805,5680,5820,5200,5220,108287,359,6000000
508,A072950,維價瞪濠,20190802,5770,5920,5620,5830,27924,359,6000000
509,A072950,維價瞪濠,20190801,5820,5950,5750,5770,25582,359,6000000
510,A072950,維價瞪濠,20190731,5720,5970,5660,5930,48891,359,6000000
511,A072950,維價瞪濠,20190730,5610,5920,5610,5800,43552,359,6000000
512,A072950,維價瞪濠,20190729,5960,6040,5730,5760,64699,359,6000000
513,A072950,維價瞪濠,20190726,6060,6190,5950,6000,52006,359,6000000
514,A072950,維價瞪濠,20190725,6040,6150,5970,6150,43285,359,6000000
515,A072950,維價瞪濠,20190724,6300,6330,6060,6070,41451,359,6000000
516,A072950,維價瞪濠,20190723,6160,6350,6160,6300,38828,359,6000000
517,A072950,維價瞪濠,20190722,6160,6310,6150,6260,12963,359,6000000
518,A072950,維價瞪濠,20190719,6200,6290,6170,6250,21691,359,6000000
519,A072950,維價瞪濠,20190718,6160,6390,6120,6190,24345,359,6000000
520,A072950,維價瞪濠,20190717,6330,6460,6200,6270,28596,359,6000000
521,A072950,維價瞪濠,20190716,6370,6550,6360,6390,34595,359,6000000
522,A072950,維價瞪濠,20190715,6550,6550,6340,6430,37158,359,6000000
523,A072950,維價瞪濠,20190712,6390,6580,6360,6560,31063,359,6000000
524,A072950,維價瞪濠,20190711,6290,6430,6230,6390,27895,359,6000000
525,A072950,維價瞪濠,20190710,6200,6450,6190,6300,26592,359,6000000
526,A072950,維價瞪濠,20190709,6250,6480,6140,6270,57858,359,6000000
527,A072950,維價瞪濠,20190708,6730,6760,6200,6330,66202,359,6000000
528,A072950,維價瞪濠,20190705,6600,6750,6520,6730,31753,359,6000000
529,A072950,維價瞪濠,20190704,6590,6750,6570,6610,33042,359,6000000
530,A072950,維價瞪濠,20190703,6850,6900,6500,6660,45523,359,6000000
531,A072950,維價瞪濠,20190702,6620,6850,6580,6850,39759,359,6000000
532,A072950,維價瞪濠,20190701,6470,6660,6410,6620,41028,359,6000000
533,A072950,維價瞪濠,20190628,6580,6650,6460,6460,35094,359,6000000
534,A072950,維價瞪濠,20190627,6650,6800,6480,6540,59399,359,6000000
535,A072950,維價瞪濠,20190626,6800,6890,6630,6680,73523,359,6000000
536,A072950,維價瞪濠,20190625,6850,6980,6810,6850,65216,359,6000000
537,A072950,維價瞪濠,20190624,6900,7000,6780,6840,58917,359,6000000
538,A072950,維價瞪濠,20190621,7060,7060,6860,6900,62659,359,6000000
539,A072950,維價瞪濠,20190620,6880,7000,6880,6980,45332,359,6000000
540,A072950,維價瞪濠,20190619,6880,6980,6720,6880,91851,359,6000000
541,A072950,維價瞪濠,20190618,7050,7070,6840,6860,111849,359,6000000
542,A072950,維價瞪濠,20190617,7160,7160,6870,7000,132960,359,6000000
543,A072950,維價瞪濠,20190614,7050,7190,6970,7100,185186,359,6000000
544,A072950,維價瞪濠,20190613,7250,7310,6900,7050,279194,359,6000000
545,A072950,維價瞪濠,20190612,7050,7230,6850,7230,294049,359,6000000
546,A072950,維價瞪濠,20190611,6990,7260,6850,7040,411192,359,6000000
547,A072950,維價瞪濠,20190610,6930,7400,6760,7100,860502,359,6000000
548,A072950,維價瞪濠,20190607,6550,6850,6520,6850,320666,359,6000000
549,A072950,維價瞪濠,20190605,6340,6590,6310,6550,152808,359,6000000
550,A072950,維價瞪濠,20190604,6470,6530,6290,6300,78003,359,6000000
551,A072950,維價瞪濠,20190603,6370,6620,6360,6470,55545,359,6000000
552,A072950,維價瞪濠,20190531,6490,6650,6430,6430,123875,359,6000000
553,A072950,維價瞪濠,20190530,6450,6490,6320,6490,38470,359,6000000
554,A072950,維價瞪濠,20190529,6440,6520,6320,6480,79969,359,6000000
555,A072950,維價瞪濠,20190528,6110,6580,6050,6500,136833,359,6000000
556,A072950,維價瞪濠,20190527,6030,6190,5900,6010,40601,359,6000000
557,A072950,維價瞪濠,20190524,6280,6320,6060,6080,53479,359,6000000
558,A072950,維價瞪濠,20190523,6680,6680,6230,6290,211997,359,6000000
559,A072950,維價瞪濠,20190522,6330,6430,6220,6430,82622,359,6000000
560,A072950,維價瞪濠,20190521,6150,6550,6150,6250,98363,359,6000000
561,A072950,維價瞪濠,20190520,6060,6340,6060,6200,82287,359,6000000
562,A072950,維價瞪濠,20190517,6150,6290,6100,6110,60655,359,6000000
563,A072950,維價瞪濠,20190516,6230,6230,6090,6150,33865,359,6000000
564,A072950,維價瞪濠,20190515,5920,6260,5900,6230,84477,359,6000000
565,A072950,維價瞪濠,20190514,5700,5970,5700,5920,53977,359,6000000
566,A072950,維價瞪濠,20190513,6130,6130,5840,5860,67219,359,6000000
567,A072950,維價瞪濠,20190510,6180,6250,6020,6070,85455,359,6000000
568,A072950,維價瞪濠,20190509,6100,6240,6010,6240,112401,359,6000000
569,A072950,維價瞪濠,20190508,6230,6340,6150,6150,52937,359,6000000
570,A072950,維價瞪濠,20190507,6220,6400,6160,6250,61683,359,6000000
571,A072950,維價瞪濠,20190503,6360,6450,6290,6400,51268,359,6000000
572,A072950,維價瞪濠,20190502,6210,6440,6180,6400,78528,359,6000000
573,A072950,維價瞪濠,20190430,6310,6310,6200,6210,49489,359,6000000
574,A072950,維價瞪濠,20190429,6290,6340,6110,6320,67381,359,6000000
575,A072950,維價瞪濠,20190426,6580,6600,6280,6290,108192,359,6000000
576,A072950,維價瞪濠,20190425,6540,6600,6450,6550,56784,359,6000000
577,A072950,維價瞪濠,20190424,6480,6610,6440,6540,78292,359,6000000
578,A072950,維價瞪濠,20190423,6560,6640,6420,6480,71045,359,6000000
579,A072950,維價瞪濠,20190422,6510,6600,6440,6500,78718,359,6000000
580,A072950,維價瞪濠,20190419,6510,6660,6500,6570,77324,359,6000000
581,A072950,維價瞪濠,20190418,6610,6700,6450,6500,133512,359,6000000
582,A072950,維價瞪濠,20190417,6700,6960,6580,6620,353243,359,6000000
583,A072950,維價瞪濠,20190416,6640,6710,6540,6690,179357,359,6000000
584,A072950,維價瞪濠,20190415,6750,6800,6540,6650,199373,359,6000000
585,A072950,維價瞪濠,20190412,6830,6950,6710,6730,333215,359,6000000
586,A072950,維價瞪濠,20190411,6800,6990,6720,6820,604468,359,6000000
587,A072950,維價瞪濠,20190410,6820,6920,6630,6820,661714,359,6000000
588,A072950,維價瞪濠,20190409,6210,7490,6210,6830,4505353,359,6000000
589,A072950,維價瞪濠,20190408,6180,6270,6120,6170,93570,359,6000000
590,A072950,維價瞪濠,20190405,6170,6250,6050,6130,137075,359,6000000
591,A072950,維價瞪濠,20190404,6400,7050,6100,6120,1088417,359,6000000
592,A072950,維價瞪濠,20190403,6030,6060,5960,6030,28473,359,6000000
593,A072950,維價瞪濠,20190402,5980,6060,5900,5950,21201,359,6000000
594,A072950,維價瞪濠,20190401,6090,6090,5940,6010,19966,359,6000000
595,A072950,維價瞪濠,20190329,5960,6050,5810,5990,26587,359,6000000
596,A072950,維價瞪濠,20190328,6000,6050,5910,5960,14385,359,6000000
597,A072950,維價瞪濠,20190327,6000,6040,5910,6000,13737,359,6000000
598,A072950,維價瞪濠,20190326,5870,6090,5870,6040,34253,359,6000000
599,A072950,維價瞪濠,20190325,5810,5950,5760,5950,17874,359,6000000
600,A072950,維價瞪濠,20190322,5850,5930,5830,5900,11957,359,6000000
601,A072950,維價瞪濠,20190321,5870,5940,5830,5890,18382,359,6000000
602,A072950,維價瞪濠,20190320,6000,6000,5850,5880,21339,359,6000000
603,A072950,維價瞪濠,20190319,5990,5990,5890,5960,9787,359,6000000
604,A072950,維價瞪濠,20190318,5950,5970,5880,5890,14289,359,6000000
605,A072950,維價瞪濠,20190315,6040,6040,5860,5930,20186,359,6000000
606,A072950,維價瞪濠,20190314,5880,5990,5860,5990,20649,359,6000000
607,A072950,維價瞪濠,20190313,5840,5960,5770,5880,23023,359,6000000
608,A072950,維價瞪濠,20190312,5800,5920,5760,5870,27551,359,6000000
609,A072950,維價瞪濠,20190311,5920,5980,5770,5790,36219,359,6000000
610,A072950,維價瞪濠,20190308,5860,5960,5820,5920,45773,359,6000000
611,A072950,維價瞪濠,20190307,5860,6090,5810,5860,47570,359,6000000
612,A072950,維價瞪濠,20190306,6010,6010,5870,5910,34728,359,6000000
613,A072950,維價瞪濠,20190305,6000,6070,5930,5950,45510,359,6000000
614,A072950,維價瞪濠,20190304,6180,6250,5930,6070,71899,359,6000000
615,A072950,維價瞪濠,20190228,6300,6340,5760,6180,75832,359,6000000
616,A072950,維價瞪濠,20190227,6310,6370,6270,6280,13112,359,6000000
617,A072950,維價瞪濠,20190226,6470,6500,6250,6310,36136,359,6000000
618,A072950,維價瞪濠,20190225,6380,6520,6320,6470,37113,359,6000000
619,A072950,維價瞪濠,20190222,6220,6380,6130,6380,33792,359,6000000
620,A072950,維價瞪濠,20190221,6280,6330,6130,6230,68488,359,6000000
621,A072950,維價瞪濠,20190220,6400,6460,6250,6280,37200,359,6000000
622,A072950,維價瞪濠,20190219,6450,6510,6310,6400,28571,359,6000000
623,A072950,維價瞪濠,20190218,6440,6570,6380,6450,41577,359,6000000
624,A072950,維價瞪濠,20190215,6560,6560,6380,6470,38489,359,6000000
625,A072950,維價瞪濠,20190214,6570,6680,6500,6590,28831,359,6000000
626,A072950,維價瞪濠,20190213,6490,6650,6470,6610,45468,359,6000000
627,A072950,維價瞪濠,20190212,6560,6580,6440,6490,58968,359,6000000
628,A072950,維價瞪濠,20190211,6490,6560,6310,6560,57583,359,6000000
629,A072950,維價瞪濠,20190208,6540,6700,6450,6490,72506,359,6000000
630,A072950,維價瞪濠,20190207,6430,6770,6430,6550,198904,359,6000000
631,A072950,維價瞪濠,20190201,6320,6470,6290,6370,60988,359,6000000
632,A072950,維價瞪濠,20190131,6320,6390,6140,6290,45516,359,6000000
633,A072950,維價瞪濠,20190130,6170,6480,6140,6310,64071,359,6000000
634,A072950,維價瞪濠,20190129,6240,6240,6050,6140,48590,359,6000000
635,A072950,維價瞪濠,20190128,6320,6370,6100,6230,58576,359,6000000
636,A072950,維價瞪濠,20190125,6320,6390,6260,6310,28358,359,6000000
637,A072950,維價瞪濠,20190124,6400,6420,6270,6330,32818,359,6000000
638,A072950,維價瞪濠,20190123,6270,6410,6230,6390,28280,359,6000000
639,A072950,維價瞪濠,20190122,6460,6520,6250,6340,42623,359,6000000
640,A072950,維價瞪濠,20190121,6370,6580,6370,6460,105353,359,6000000
641,A072950,維價瞪濠,20190118,6230,6480,6210,6350,81268,359,6000000
642,A072950,維價瞪濠,20190117,6490,6490,6170,6180,90259,359,6000000
643,A072950,維價瞪濠,20190116,6130,6420,6000,6410,184195,359,6000000
644,A072950,維價瞪濠,20190115,6030,6100,5980,6050,43292,359,6000000
645,A072950,維價瞪濠,20190114,6070,6080,5910,6050,36106,359,6000000
646,A072950,維價瞪濠,20190111,5810,6060,5790,6030,47669,359,6000000
647,A072950,維價瞪濠,20190110,5930,5960,5750,5850,25676,359,6000000
648,A072950,維價瞪濠,20190109,5800,5960,5710,5900,57549,359,6000000
649,A072950,維價瞪濠,20190108,5830,5830,5700,5750,20131,359,6000000
650,A072950,維價瞪濠,20190107,5620,5790,5600,5770,32153,359,6000000
651,A072950,維價瞪濠,20190104,5670,5870,5460,5620,43331,359,6000000
652,A072950,維價瞪濠,20190103,5680,5800,5600,5740,45183,359,6000000
653,A072950,維價瞪濠,20190102,5920,5980,5600,5660,56550,359,6000000
654,A072950,維價瞪濠,20181228,5780,5990,5750,5850,19267,359,6000000
655,A072950,維價瞪濠,20181227,5750,5880,5750,5780,22310,359,6000000
656,A072950,維價瞪濠,20181226,6050,6050,5680,5730,60172,359,6000000
657,A072950,維價瞪濠,20181224,5960,6140,5890,6070,27901,359,6000000
658,A072950,維價瞪濠,20181221,5930,6070,5920,6070,36463,359,6000000
659,A072950,維價瞪濠,20181220,6080,6220,5990,6010,39056,359,6000000
660,A072950,維價瞪濠,20181219,5940,6100,5870,6100,44452,359,6000000
661,A072950,維價瞪濠,20181218,5760,5930,5750,5930,30875,359,6000000
662,A072950,維價瞪濠,20181217,5750,5900,5750,5870,29358,359,6000000
663,A072950,維價瞪濠,20181214,6050,6050,5810,5850,53999,359,6000000
664,A072950,維價瞪濠,20181213,5740,6120,5740,6050,77959,359,6000000
665,A072950,維價瞪濠,20181212,5680,5830,5640,5770,55841,359,6000000
666,A072950,維價瞪濠,20181211,5970,5970,5700,5700,68411,359,6000000
667,A072950,維價瞪濠,20181210,6200,6200,5850,5870,74538,359,6000000
668,A072950,維價瞪濠,20181207,6240,6420,6200,6250,121408,359,6000000
669,A072950,維價瞪濠,20181206,6300,6540,6010,6190,137059,359,6000000
670,A072950,維價瞪濠,20181205,6260,6680,6160,6330,316561,359,6000000
671,A072950,維價瞪濠,20181204,5850,6630,5820,6340,540425,359,6000000
672,A072950,維價瞪濠,20181203,5700,5810,5700,5800,29428,359,6000000
673,A072950,維價瞪濠,20181130,5760,5760,5650,5660,36256,359,6000000
674,A072950,維價瞪濠,20181129,5900,5940,5680,5700,60544,359,6000000
675,A072950,維價瞪濠,20181128,5910,5910,5760,5860,28925,359,6000000
676,A072950,維價瞪濠,20181127,5790,5920,5690,5910,58719,359,6000000
677,A072950,維價瞪濠,20181126,5670,5870,5580,5790,64948,359,6000000
678,A072950,維價瞪濠,20181123,5550,5940,5530,5580,123752,359,6000000
679,A072950,維價瞪濠,20181122,5560,5650,5500,5590,23891,359,6000000
680,A072950,維價瞪濠,20181121,5610,5630,5460,5560,18787,359,6000000
681,A072950,維價瞪濠,20181120,5570,5750,5510,5610,37964,359,6000000
682,A072950,維價瞪濠,20181119,5650,5650,5490,5580,29268,359,6000000
683,A072950,維價瞪濠,20181116,5510,5690,5450,5550,19293,359,6000000
684,A072950,維價瞪濠,20181115,5540,5580,5370,5510,25469,359,6000000
685,A072950,維價瞪濠,20181114,5410,5620,5410,5540,23251,359,6000000
686,A072950,維價瞪濠,20181113,5530,5550,5310,5460,46671,359,6000000
687,A072950,維價瞪濠,20181112,5690,5690,5550,5620,12857,359,6000000
688,A072950,維價瞪濠,20181109,5720,5720,5570,5700,9156,359,6000000
689,A072950,維價瞪濠,20181108,5570,5740,5510,5670,21582,359,6000000
690,A072950,維價瞪濠,20181107,5620,5750,5360,5510,32294,359,6000000
691,A072950,維價瞪濠,20181106,5640,5700,5520,5600,17408,359,6000000
692,A072950,維價瞪濠,20181105,5760,5760,5480,5590,24685,359,6000000
693,A072950,維價瞪濠,20181102,5550,5760,5550,5720,33924,359,6000000
694,A072950,維價瞪濠,20181101,5530,5770,5530,5530,29842,359,6000000
695,A072950,維價瞪濠,20181031,5340,5600,5290,5500,22917,359,6000000
696,A072950,維價瞪濠,20181030,5180,5410,5060,5380,79945,359,6000000
697,A072950,維價瞪濠,20181029,5600,5900,5230,5250,128479,359,6000000
698,A072950,維價瞪濠,20181026,5540,5860,5470,5670,136454,359,6000000
699,A072950,維價瞪濠,20181025,5510,5710,5460,5530,62993,359,6000000
700,A072950,維價瞪濠,20181024,5860,5930,5610,5770,55909,359,6000000
701,A072950,維價瞪濠,20181023,5870,6020,5810,5900,40185,359,6000000
702,A072950,維價瞪濠,20181022,6000,6000,5810,5970,30208,359,6000000
703,A072950,維價瞪濠,20181019,6070,6110,5920,6010,43760,359,6000000
704,A072950,維價瞪濠,20181018,6080,6200,6010,6070,35333,359,6000000
705,A072950,維價瞪濠,20181017,6060,6180,5990,6050,43516,359,6000000
706,A072950,維價瞪濠,20181016,5860,6080,5860,6060,34222,359,6000000
707,A072950,維價瞪濠,20181015,5910,6090,5810,5880,48950,359,6000000
708,A072950,維價瞪濠,20181012,5650,6000,5620,5990,52908,359,6000000
709,A072950,維價瞪濠,20181011,5760,5970,5700,5850,134530,359,6000000
710,A072950,維價瞪濠,20181010,6060,6210,5890,5930,152097,359,6000000
711,A072950,維價瞪濠,20181008,6280,6400,6000,6150,86062,359,6000000
712,A072950,維價瞪濠,20181005,6450,6570,6210,6240,85789,359,6000000
713,A072950,維價瞪濠,20181004,6450,6620,6450,6570,51251,359,6000000
714,A072950,維價瞪濠,20181002,6610,6610,6390,6450,64353,359,6000000
715,A072950,維價瞪濠,20181001,6460,6660,6410,6610,99703,359,6000000
716,A072950,維價瞪濠,20180928,6540,6560,6350,6400,74477,359,6000000
717,A072950,維價瞪濠,20180927,6660,6660,6430,6470,98145,359,6000000
718,A072950,維價瞪濠,20180921,6580,6720,6480,6640,96426,359,6000000
719,A072950,維價瞪濠,20180920,6810,6930,6460,6610,237277,359,6000000
720,A072950,維價瞪濠,20180919,7160,7170,6700,6790,234275,359,6000000
721,A072950,維價瞪濠,20180918,7260,7400,7110,7140,156233,359,6000000
722,A072950,維價瞪濠,20180917,7330,7600,6880,7400,435572,359,6000000
723,A072950,維價瞪濠,20180914,7230,7400,7150,7270,92535,359,6000000
724,A072950,維價瞪濠,20180913,7280,7410,7150,7230,118993,359,6000000
725,A072950,維價瞪濠,20180912,7390,7450,7120,7280,182814,359,6000000
726,A072950,維價瞪濠,20180911,7670,7670,7340,7350,191862,359,6000000
727,A072950,維價瞪濠,20180910,7320,7650,7200,7650,174449,359,6000000
728,A072950,維價瞪濠,20180907,7280,7600,7240,7410,152651,359,6000000
729,A072950,維價瞪濠,20180906,7590,7820,7210,7350,423055,359,6000000
730,A072950,維價瞪濠,20180905,7400,8160,7400,7620,2028237,359,6000000
731,A072950,維價瞪濠,20180904,7380,7410,7150,7290,287850,359,6000000
732,A072950,維價瞪濠,20180903,7270,7520,7110,7360,636080,359,6000000
733,A072950,維價瞪濠,20180831,6970,7600,6950,7240,1352435,359,6000000
734,A072950,維價瞪濠,20180830,6390,7550,6270,7060,3988594,359,6000000
735,A072950,維價瞪濠,20180829,6190,6380,6190,6310,72592,359,6000000
736,A072950,維價瞪濠,20180828,6110,6220,6080,6180,71553,359,6000000
737,A072950,維價瞪濠,20180827,6190,6230,6060,6100,91635,359,6000000
738,A072950,維價瞪濠,20180824,6250,6310,6120,6300,73607,359,6000000
739,A072950,維價瞪濠,20180823,6300,6380,6140,6200,124616,359,6000000
740,A072950,維價瞪濠,20180822,6410,6420,6240,6320,128535,359,6000000
741,A072950,維價瞪濠,20180821,6200,6550,6120,6340,605148,359,6000000
742,A072950,維價瞪濠,20180820,6100,6210,6000,6170,152965,359,6000000
743,A072950,維價瞪濠,20180817,6280,6280,6050,6050,306011,359,6000000
744,A072950,維價瞪濠,20180816,6050,6220,5920,6200,547302,359,6000000
745,A072950,維價瞪濠,20180814,5650,7290,5650,5990,5230380,359,6000000
746,A072950,維價瞪濠,20180813,5950,6000,5770,5770,49108,359,6000000
747,A072950,維價瞪濠,20180810,5950,6190,5950,6010,18816,359,6000000
748,A072950,維價瞪濠,20180809,6010,6080,5950,5990,18707,359,6000000
749,A072950,維價瞪濠,20180808,5940,6070,5940,6010,27114,359,6000000
750,A072950,維價瞪濠,20180807,5890,5980,5880,5950,13479,359,6000000
751,A072950,維價瞪濠,20180806,5980,5980,5910,5970,8112,359,6000000
752,A072950,維價瞪濠,20180803,5920,5980,5900,5930,15469,359,6000000
753,A072950,維價瞪濠,20180802,5980,5990,5880,5880,11047,359,6000000
754,A072950,維價瞪濠,20180801,5820,5980,5820,5980,19039,359,6000000
755,A072950,維價瞪濠,20180731,5770,5980,5770,5820,23391,359,6000000
756,A072950,維價瞪濠,20180730,5840,5880,5740,5800,6764,359,6000000
757,A072950,維價瞪濠,20180727,5750,5880,5740,5790,12413,359,6000000
758,A072950,維價瞪濠,20180726,5700,5930,5690,5790,70636,359,6000000
759,A072950,維價瞪濠,20180725,5570,5700,5460,5690,42893,359,6000000
760,A072950,維價瞪濠,20180724,5520,5650,5450,5560,50094,359,6000000
761,A072950,維價瞪濠,20180723,5790,5930,5520,5560,55824,359,6000000
762,A072950,維價瞪濠,20180720,5830,5930,5760,5790,30540,359,6000000
763,A072950,維價瞪濠,20180719,5920,5990,5800,5830,39364,359,6000000
764,A072950,維價瞪濠,20180718,6080,6130,5920,5920,40528,359,6000000
765,A072950,維價瞪濠,20180717,6100,6110,6010,6080,12882,359,6000000
766,A072950,維價瞪濠,20180716,6100,6100,6010,6050,14633,359,6000000
767,A072950,維價瞪濠,20180713,6080,6080,5990,6070,21744,359,6000000
768,A072950,維價瞪濠,20180712,6100,6100,5990,6040,12059,359,6000000
769,A072950,維價瞪濠,20180711,6130,6130,5950,6060,18143,359,6000000
770,A072950,維價瞪濠,20180710,5900,6100,5900,6080,19671,359,6000000
771,A072950,維價瞪濠,20180709,6090,6140,5860,5940,18262,359,6000000
772,A072950,維價瞪濠,20180706,5940,6090,5850,6090,28757,359,6000000
773,A072950,維價瞪濠,20180705,6200,6230,5940,5940,66914,359,6000000
774,A072950,維價瞪濠,20180704,6370,6450,6080,6230,55151,359,6000000
775,A072950,維價瞪濠,20180703,6060,6670,5970,6350,294512,359,6000000
776,A072950,維價瞪濠,20180702,5980,6240,5790,6170,221869,359,6000000
777,A072950,維價瞪濠,20180629,5800,5980,5780,5980,47062,359,6000000
778,A072950,維價瞪濠,20180628,5850,5970,5710,5810,47334,359,6000000
779,A072950,維價瞪濠,20180627,6110,6190,5830,5910,88397,359,6000000
780,A072950,維價瞪濠,20180626,6250,6360,6000,6120,55366,359,6000000
781,A072950,維價瞪濠,20180625,5980,6250,5980,6250,26492,359,6000000
782,A072950,維價瞪濠,20180622,6090,6170,5980,6080,65961,359,6000000
783,A072950,維價瞪濠,20180621,6250,6370,6080,6090,48347,359,6000000
784,A072950,維價瞪濠,20180620,6120,6320,6110,6290,47724,359,6000000
785,A072950,維價瞪濠,20180619,6150,6300,6100,6120,50204,359,6000000
786,A072950,維價瞪濠,20180618,6350,6520,6070,6170,98600,359,6000000
787,A072950,維價瞪濠,20180615,6320,6440,6260,6440,43955,359,6000000
788,A072950,維價瞪濠,20180614,6500,6500,6170,6260,87560,359,6000000
789,A072950,維價瞪濠,20180612,6720,6830,6500,6500,55912,359,6000000
790,A072950,維價瞪濠,20180611,6700,6760,6560,6710,46873,359,6000000
791,A072950,維價瞪濠,20180608,6780,6920,6700,6700,74707,359,6000000
792,A072950,維價瞪濠,20180607,6850,6850,6510,6710,44157,359,6000000
793,A072950,維價瞪濠,20180605,6640,6820,6540,6700,85954,359,6000000
794,A072950,維價瞪濠,20180604,7050,7150,6600,6700,170082,359,6000000
795,A072950,維價瞪濠,20180601,7000,7130,6820,6970,80820,359,6000000
796,A072950,維價瞪濠,20180531,6920,7100,6880,7050,90492,359,6000000
797,A072950,維價瞪濠,20180530,7280,7350,6810,6890,132121,359,6000000
798,A072950,維價瞪濠,20180529,7460,7460,7170,7220,172972,359,6000000
799,A072950,維價瞪濠,20180528,7360,7700,7180,7550,322183,359,6000000
800,A072950,維價瞪濠,20180525,6490,6930,6490,6750,306505,359,6000000
801,A072950,維價瞪濠,20180524,7610,7740,7180,7240,208362,359,6000000
802,A072950,維價瞪濠,20180523,7720,7860,7410,7610,162709,359,6000000
803,A072950,維價瞪濠,20180521,7790,7820,7630,7730,177532,359,6000000
804,A072950,維價瞪濠,20180518,7560,8530,7300,7800,1362547,359,6000000
805,A072950,維價瞪濠,20180517,7600,7880,7420,7440,183932,359,6000000
806,A072950,維價瞪濠,20180516,7620,7970,7450,7580,485843,359,6000000
807,A072950,維價瞪濠,20180515,8340,8340,8060,8220,263664,359,6000000
808,A072950,維價瞪濠,20180514,8050,8400,7880,8380,421335,359,6000000
809,A072950,維價瞪濠,20180511,7740,8080,7740,7850,232954,359,6000000
810,A072950,維價瞪濠,20180510,8100,8200,7790,7840,498426,359,6000000
811,A072950,維價瞪濠,20180509,7540,7800,7050,7800,201849,359,6000000
812,A072950,維價瞪濠,20180508,7650,7870,7520,7550,262640,359,6000000
813,A072950,維價瞪濠,20180504,7370,7750,7230,7630,294348,359,6000000
814,A072950,維價瞪濠,20180503,7900,8360,7450,7480,959650,359,6000000
815,A072950,維價瞪濠,20180502,7880,7890,7500,7890,526031,359,6000000
816,A072950,維價瞪濠,20180430,7600,7890,7450,7790,1122075,359,6000000
817,A072950,維價瞪濠,20180427,7160,7470,6970,7280,219446,359,6000000
818,A072950,維價瞪濠,20180426,7200,7320,7020,7050,176952,359,6000000
819,A072950,維價瞪濠,20180425,7400,7530,7130,7240,239840,359,6000000
820,A072950,維價瞪濠,20180424,7830,7880,7440,7440,453225,359,6000000
821,A072950,維價瞪濠,20180423,7350,7720,7220,7650,616586,359,6000000
822,A072950,維價瞪濠,20180420,7300,7880,7180,7350,1264936,359,6000000
823,A072950,維價瞪濠,20180419,7090,7330,7070,7260,205503,359,6000000
824,A072950,維價瞪濠,20180418,7370,7460,6880,7090,301285,359,6000000
825,A072950,維價瞪濠,20180417,7380,7420,7300,7330,137726,359,6000000
826,A072950,維價瞪濠,20180416,7240,7370,7150,7350,148942,359,6000000
827,A072950,維價瞪濠,20180413,7230,7240,7080,7200,140648,359,6000000
828,A072950,維價瞪濠,20180412,7270,7400,7150,7170,156994,359,6000000
829,A072950,維價瞪濠,20180411,7250,7320,7150,7230,140426,359,6000000
830,A072950,維價瞪濠,20180410,7400,7410,7110,7220,172706,359,6000000
831,A072950,維價瞪濠,20180409,7230,7400,7180,7400,251080,359,6000000
832,A072950,維價瞪濠,20180406,7240,7270,7080,7230,219037,359,6000000
833,A072950,維價瞪濠,20180405,7250,7480,7120,7240,409532,359,6000000
834,A072950,維價瞪濠,20180404,7790,7860,7200,7200,898591,359,6000000
835,A072950,維價瞪濠,20180403,7570,7730,7460,7650,526390,359,6000000
836,A072950,維價瞪濠,20180402,8140,8190,7600,7640,1418246,359,6000000
837,A072950,維價瞪濠,20180330,7050,8470,6760,8000,6004504,359,6000000
838,A072950,維價瞪濠,20180329,6250,6550,6250,6550,130174,359,6000000
839,A072950,維價瞪濠,20180328,6440,6440,6180,6250,60049,359,6000000
840,A072950,維價瞪濠,20180327,6420,6490,6290,6300,53629,359,6000000
841,A072950,維價瞪濠,20180326,6170,6410,6170,6370,84904,359,6000000
842,A072950,維價瞪濠,20180323,6400,6470,6200,6220,158217,359,6000000
843,A072950,維價瞪濠,20180322,6600,6730,6500,6500,97748,359,6000000
844,A072950,維價瞪濠,20180321,6830,6890,6590,6590,116628,359,6000000
845,A072950,維價瞪濠,20180320,7030,7050,6760,6810,111117,359,6000000
846,A072950,維價瞪濠,20180319,6740,7100,6590,7030,312935,359,6000000
847,A072950,維價瞪濠,20180316,6870,6970,6700,6740,88990,359,6000000
848,A072950,維價瞪濠,20180315,6600,6850,6460,6850,119912,359,6000000
849,A072950,維價瞪濠,20180314,6800,6840,6520,6550,109854,359,6000000
850,A072950,維價瞪濠,20180313,6680,6870,6600,6800,119651,359,6000000
851,A072950,維價瞪濠,20180312,6710,6720,6590,6670,64856,359,6000000
852,A072950,維價瞪濠,20180309,6450,6760,6450,6680,217349,359,6000000
853,A072950,維價瞪濠,20180308,6260,6510,6230,6420,73535,359,6000000
854,A072950,維價瞪濠,20180307,6350,6380,6240,6240,56524,359,6000000
855,A072950,維價瞪濠,20180306,6230,6340,6130,6310,66615,359,6000000
856,A072950,維價瞪濠,20180305,6380,6440,6150,6160,105940,359,6000000
857,A072950,維價瞪濠,20180302,6450,6470,6280,6390,79584,359,6000000
858,A072950,維價瞪濠,20180228,6450,6580,6390,6450,68887,359,6000000
859,A072950,維價瞪濠,20180227,6410,6570,6360,6450,95517,359,6000000
860,A072950,維價瞪濠,20180226,6480,6550,6330,6380,58558,359,6000000
861,A072950,維價瞪濠,20180223,6500,6600,6390,6440,123850,359,6000000
862,A072950,維價瞪濠,20180222,6520,6560,6370,6520,142759,359,6000000
863,A072950,維價瞪濠,20180221,6650,6670,6450,6520,264388,359,6000000
864,A072950,維價瞪濠,20180220,6190,7030,6100,6690,985791,359,6000000
865,A072950,維價瞪濠,20180219,6150,6280,6040,6140,93119,359,6000000
866,A072950,維價瞪濠,20180214,5990,6170,5880,6080,85386,359,6000000
867,A072950,維價瞪濠,20180213,5920,6000,5850,5850,30183,359,6000000
868,A072950,維價瞪濠,20180212,6090,6090,5910,5910,29857,359,6000000
869,A072950,維價瞪濠,20180209,5800,6040,5800,5970,44126,359,6000000
870,A072950,維價瞪濠,20180208,6020,6050,5920,5940,33064,359,6000000
871,A072950,維價瞪濠,20180207,6140,6140,5960,5960,82671,359,6000000
872,A072950,維價瞪濠,20180206,5850,6070,5710,6010,175392,359,6000000
873,A072950,維價瞪濠,20180205,6210,6260,6110,6110,60878,359,6000000
874,A072950,維價瞪濠,20180202,6540,6540,6260,6330,103605,359,6000000
875,A072950,維價瞪濠,20180201,6180,6570,6100,6500,345193,359,6000000
876,A072950,維價瞪濠,20180131,6100,6190,6030,6180,39164,359,6000000
877,A072950,維價瞪濠,20180130,6260,6280,6120,6120,32322,359,6000000
878,A072950,維價瞪濠,20180129,6270,6350,6230,6270,55199,359,6000000
879,A072950,維價瞪濠,20180126,6230,6290,6050,6260,68484,359,6000000
880,A072950,維價瞪濠,20180125,5930,6150,5930,6140,72016,359,6000000
881,A072950,維價瞪濠,20180124,5930,5990,5870,5920,23614,359,6000000
882,A072950,維價瞪濠,20180123,5890,5980,5780,5890,40785,359,6000000
883,A072950,維價瞪濠,20180122,5930,5960,5870,5890,22010,359,6000000
884,A072950,維價瞪濠,20180119,6060,6070,5920,5930,24292,359,6000000
885,A072950,維價瞪濠,20180118,5830,6070,5820,6060,61087,359,6000000
886,A072950,維價瞪濠,20180117,5850,5920,5770,5830,19819,359,6000000
887,A072950,維價瞪濠,20180116,5770,5900,5750,5880,26713,359,6000000
888,A072950,維價瞪濠,20180115,5800,5820,5660,5770,49971,359,6000000
889,A072950,維價瞪濠,20180112,5880,5890,5770,5800,65979,359,6000000
890,A072950,維價瞪濠,20180111,5940,5940,5810,5890,10645,359,6000000
891,A072950,維價瞪濠,20180110,5980,6050,5840,5940,36562,359,6000000
892,A072950,維價瞪濠,20180109,5930,5940,5850,5900,29052,359,6000000
893,A072950,維價瞪濠,20180108,6080,6090,5910,5920,39184,359,6000000
894,A072950,維價瞪濠,20180105,6010,6080,6010,6050,24033,359,6000000
895,A072950,維價瞪濠,20180104,6020,6110,6000,6010,39206,359,6000000
896,A072950,維價瞪濠,20180103,6000,6050,5920,6000,41827,359,6000000
897,A072950,維價瞪濠,20180102,5860,5950,5840,5940,14495,359,6000000
898,A072950,維價瞪濠,20171228,5820,5920,5740,5860,50624,359,6000000
899,A072950,維價瞪濠,20171227,5800,5930,5800,5870,22038,359,6000000
900,A072950,維價瞪濠,20171226,5870,5950,5850,5900,17572,359,6000000
901,A072950,維價瞪濠,20171222,5840,5910,5800,5870,19519,359,6000000
902,A072950,維價瞪濠,20171221,6020,6090,5830,5840,44572,359,6000000
903,A072950,維價瞪濠,20171220,6210,6210,6030,6030,41228,359,6000000
904,A072950,維價瞪濠,20171219,6370,6430,6230,6230,79409,359,6000000
905,A072950,維價瞪濠,20171218,6250,6390,6180,6390,123157,359,6000000
906,A072950,維價瞪濠,20171215,6130,6170,6050,6130,21243,359,6000000
907,A072950,維價瞪濠,20171214,6100,6200,6080,6110,32879,359,6000000
908,A072950,維價瞪濠,20171213,6040,6160,5980,6100,23212,359,6000000
909,A072950,維價瞪濠,20171212,6020,6120,5920,6040,36772,359,6000000
910,A072950,維價瞪濠,20171211,6100,6100,5980,6020,16151,359,6000000
911,A072950,維價瞪濠,20171208,6150,6350,6100,6100,101084,359,6000000
912,A072950,維價瞪濠,20171207,6000,6120,5890,6110,85823,359,6000000
913,A072950,維價瞪濠,20171206,5950,6000,5840,5960,42764,359,6000000
914,A072950,維價瞪濠,20171205,5780,5970,5780,5910,28996,359,6000000
915,A072950,維價瞪濠,20171204,5900,5900,5780,5800,27519,359,6000000
916,A072950,維價瞪濠,20171201,5860,5920,5820,5890,11741,359,6000000
917,A072950,維價瞪濠,20171130,5890,5900,5800,5860,14033,359,6000000
918,A072950,維價瞪濠,20171129,5950,6000,5810,5890,34498,359,6000000
919,A072950,維價瞪濠,20171128,6020,6050,5920,5970,16998,359,6000000
920,A072950,維價瞪濠,20171127,5970,6090,5970,6020,19787,359,6000000
921,A072950,維價瞪濠,20171124,5960,6030,5870,5960,26793,359,6000000
922,A072950,維價瞪濠,20171123,5910,5980,5830,5940,16538,359,6000000
923,A072950,維價瞪濠,20171122,6050,6060,5940,5940,13715,359,6000000
924,A072950,維價瞪濠,20171121,6040,6140,5980,6010,28587,359,6000000
925,A072950,維價瞪濠,20171120,5990,6030,5970,6030,34536,359,6000000
926,A072950,維價瞪濠,20171117,5930,5970,5900,5970,14514,359,6000000
927,A072950,維價瞪濠,20171116,5850,5970,5790,5930,41386,359,6000000
928,A072950,維價瞪濠,20171115,5880,5910,5800,5850,40757,359,6000000
929,A072950,維價瞪濠,20171114,5870,5950,5810,5880,34292,359,6000000
930,A072950,維價瞪濠,20171113,5920,5970,5820,5890,20753,359,6000000
931,A072950,維價瞪濠,20171110,5880,5920,5800,5910,15978,359,6000000
932,A072950,維價瞪濠,20171109,5850,5880,5790,5880,19466,359,6000000
933,A072950,維價瞪濠,20171108,5860,5900,5810,5870,21057,359,6000000
934,A072950,維價瞪濠,20171107,5930,5930,5840,5870,12656,359,6000000
935,A072950,維價瞪濠,20171106,5910,5950,5880,5930,8355,359,6000000
936,A072950,維價瞪濠,20171103,5900,5990,5870,5970,10331,359,6000000
937,A072950,維價瞪濠,20171102,5910,5940,5860,5910,8949,359,6000000
938,A072950,維價瞪濠,20171101,5890,5950,5840,5910,12898,359,6000000
939,A072950,維價瞪濠,20171031,5850,5880,5760,5880,15097,359,6000000
940,A072950,維價瞪濠,20171030,5840,5890,5770,5790,15377,359,6000000
941,A072950,維價瞪濠,20171027,5870,5870,5760,5820,12671,359,6000000
942,A072950,維價瞪濠,20171026,5850,5850,5750,5840,12086,359,6000000
943,A072950,維價瞪濠,20171025,5920,5920,5800,5850,6932,359,6000000
944,A072950,維價瞪濠,20171024,5800,5910,5770,5810,11345,359,6000000
945,A072950,維價瞪濠,20171023,5870,5930,5790,5800,11452,359,6000000
946,A072950,維價瞪濠,20171020,5920,5960,5810,5870,11989,359,6000000
947,A072950,維價瞪濠,20171019,5860,5900,5790,5870,9995,359,6000000
948,A072950,維價瞪濠,20171018,5770,5850,5720,5800,22467,359,6000000
949,A072950,維價瞪濠,20171017,5790,5850,5750,5810,36787,359,6000000
950,A072950,維價瞪濠,20171016,5900,5950,5760,5810,15330,359,6000000
951,A072950,維價瞪濠,20171013,5960,5960,5790,5900,38812,359,6000000
952,A072950,維價瞪濠,20171012,6020,6020,5940,5960,9233,359,6000000
953,A072950,維價瞪濠,20171011,5990,6020,5930,6020,13278,359,6000000
954,A072950,維價瞪濠,20171010,6050,6060,5930,6020,25306,359,6000000
955,A072950,維價瞪濠,20170929,6050,6050,6000,6030,17137,359,6000000
956,A072950,維價瞪濠,20170928,5850,6030,5850,6010,33600,359,6000000
957,A072950,維價瞪濠,20170927,5800,5920,5740,5900,17912,359,6000000
958,A072950,維價瞪濠,20170926,5610,5800,5610,5750,33934,359,6000000
959,A072950,維價瞪濠,20170925,5720,5850,5680,5790,50148,359,6000000
960,A072950,維價瞪濠,20170922,5990,6000,5810,5810,55905,359,6000000
961,A072950,維價瞪濠,20170921,6090,6090,5930,5990,54232,359,6000000
962,A072950,維價瞪濠,20170920,5980,6080,5940,6050,28739,359,6000000
963,A072950,維價瞪濠,20170919,5980,6010,5910,5980,28717,359,6000000
964,A072950,維價瞪濠,20170918,5940,6080,5910,6020,36561,359,6000000
965,A072950,維價瞪濠,20170915,5930,6040,5900,5940,18437,359,6000000
966,A072950,維價瞪濠,20170914,5970,6000,5910,5980,10287,359,6000000
967,A072950,維價瞪濠,20170913,5870,5970,5860,5970,24364,359,6000000
968,A072950,維價瞪濠,20170912,6010,6010,5900,5910,15663,359,6000000
969,A072950,維價瞪濠,20170911,6010,6040,5940,6010,8705,359,6000000
970,A072950,維價瞪濠,20170908,6040,6040,5930,6010,22507,359,6000000
971,A072950,維價瞪濠,20170907,5860,6040,5850,6040,19480,359,6000000
972,A072950,維價瞪濠,20170906,5840,5970,5830,5890,18257,359,6000000
973,A072950,維價瞪濠,20170905,5950,5950,5830,5880,44427,359,6000000
974,A072950,維價瞪濠,20170904,5950,5980,5890,5900,35194,359,6000000
975,A072950,維價瞪濠,20170901,6040,6090,5960,6050,16045,359,6000000
976,A072950,維價瞪濠,20170831,6090,6090,5960,6040,5967,359,6000000
977,A072950,維價瞪濠,20170830,5910,6050,5910,5980,29542,359,6000000
978,A072950,維價瞪濠,20170829,5950,6000,5910,5940,19696,359,6000000
979,A072950,維價瞪濠,20170828,5980,6050,5950,5990,19480,359,6000000
980,A072950,維價瞪濠,20170825,6100,6100,5910,5980,29133,359,6000000
981,A072950,維價瞪濠,20170824,6110,6150,5960,6020,32384,359,6000000
982,A072950,維價瞪濠,20170823,6140,6140,6070,6110,11000,359,6000000
983,A072950,維價瞪濠,20170822,6080,6160,6080,6140,11475,359,6000000
984,A072950,維價瞪濠,20170821,6060,6140,6040,6120,9777,359,6000000
985,A072950,維價瞪濠,20170818,6090,6180,6060,6110,8653,359,6000000
986,A072950,維價瞪濠,20170817,6110,6240,6060,6130,47867,359,6000000
987,A072950,維價瞪濠,20170816,5810,6060,5810,6050,32954,359,6000000
988,A072950,維價瞪濠,20170814,5850,5890,5700,5780,20969,359,6000000
989,A072950,維價瞪濠,20170811,5940,5940,5780,5850,36610,359,6000000
990,A072950,維價瞪濠,20170810,5980,6020,5840,5960,51731,359,6000000
991,A072950,維價瞪濠,20170809,6100,6110,5980,5980,31322,359,6000000
992,A072950,維價瞪濠,20170808,6140,6140,6040,6100,11995,359,6000000
993,A072950,維價瞪濠,20170807,6050,6150,6050,6070,17851,359,6000000
994,A072950,維價瞪濠,20170804,6050,6140,6010,6040,27701,359,6000000
995,A072950,維價瞪濠,20170803,6170,6200,6060,6090,23177,359,6000000
996,A072950,維價瞪濠,20170802,6130,6190,6100,6180,12489,359,6000000
997,A072950,維價瞪濠,20170801,6060,6220,6050,6130,20927,359,6000000
998,A072950,維價瞪濠,20170731,6180,6220,6020,6080,37447,359,6000000
999,A072950,維價瞪濠,20170728,6300,6300,6120,6200,38243,359,6000000
1000,A072950,維價瞪濠,20170727,6210,6300,6200,6210,9562,359,6000000
1001,A072950,維價瞪濠,20170726,6290,6290,6140,6230,48248,359,6000000
1002,A072950,維價瞪濠,20170725,6300,6400,6230,6250,46673,359,6000000
1003,A072950,維價瞪濠,20170724,6340,6370,6280,6310,29487,359,6000000
1004,A072950,維價瞪濠,20170721,6390,6440,6340,6340,13033,359,6000000
1005,A072950,維價瞪濠,20170720,6360,6420,6350,6390,15290,359,6000000
1006,A072950,維價瞪濠,20170719,6350,6350,6280,6340,15411,359,6000000
1007,A072950,維價瞪濠,20170718,6210,6370,6190,6330,31083,359,6000000
1008,A072950,維價瞪濠,20170717,6170,6260,6160,6220,21742,359,6000000
1009,A072950,維價瞪濠,20170714,6280,6300,6150,6170,67998,359,6000000
1010,A072950,維價瞪濠,20170713,6340,6350,6250,6270,43393,359,6000000
1011,A072950,維價瞪濠,20170712,6510,6540,6250,6300,127699,359,6000000
1012,A072950,維價瞪濠,20170711,6580,6600,6460,6460,51171,359,6000000
1013,A072950,維價瞪濠,20170710,6690,6790,6510,6560,50591,359,6000000
1014,A072950,維價瞪濠,20170707,6650,6760,6610,6680,57532,359,6000000
1015,A072950,維價瞪濠,20170706,6610,6760,6580,6690,82023,359,6000000
1016,A072950,維價瞪濠,20170705,6580,6650,6560,6610,59597,359,6000000
1017,A072950,維價瞪濠,20170704,6350,6670,6350,6590,208891,359,6000000
1018,A072950,維價瞪濠,20170703,6370,6440,6330,6350,34018,359,6000000
1019,A072950,維價瞪濠,20170630,6400,6420,6330,6360,23461,359,6000000
1020,A072950,維價瞪濠,20170629,6360,6450,6340,6400,35790,359,6000000
1021,A072950,維價瞪濠,20170628,6410,6440,6340,6340,36077,359,6000000
1022,A072950,維價瞪濠,20170627,6450,6490,6380,6430,33825,359,6000000
1023,A072950,維價瞪濠,20170626,6470,6550,6400,6450,30326,359,6000000
1024,A072950,維價瞪濠,20170623,6420,6510,6420,6470,14472,359,6000000
1025,A072950,維價瞪濠,20170622,6380,6550,6380,6420,35476,359,6000000
1026,A072950,維價瞪濠,20170621,6530,6550,6380,6380,62193,359,6000000
1027,A072950,維價瞪濠,20170620,6550,6650,6450,6530,102033,359,6000000
1028,A072950,維價瞪濠,20170619,6600,6630,6540,6540,54939,359,6000000
1029,A072950,維價瞪濠,20170616,6570,6640,6540,6630,44086,359,6000000
1030,A072950,維價瞪濠,20170615,6610,6680,6520,6600,72446,359,6000000
1031,A072950,維價瞪濠,20170614,6640,6750,6550,6650,97810,359,6000000
1032,A072950,維價瞪濠,20170613,6630,6800,6620,6620,77296,359,6000000
1033,A072950,維價瞪濠,20170612,6690,6740,6630,6630,56546,359,6000000
1034,A072950,維價瞪濠,20170609,6710,6760,6620,6710,74596,359,6000000
1035,A072950,維價瞪濠,20170608,6820,6840,6670,6700,112154,359,6000000
1036,A072950,維價瞪濠,20170607,6680,6850,6660,6760,171783,359,6000000
1037,A072950,維價瞪濠,20170605,6640,6690,6590,6620,89646,359,6000000
1038,A072950,維價瞪濠,20170602,6710,6750,6640,6660,83541,359,6000000
1039,A072950,維價瞪濠,20170601,6840,6840,6660,6700,111732,359,6000000
1040,A072950,維價瞪濠,20170531,6660,6870,6620,6810,263868,359,6000000
1041,A072950,維價瞪濠,20170530,6610,6680,6510,6620,113535,359,6000000
1042,A072950,維價瞪濠,20170529,6580,6640,6510,6620,114894,359,6000000
1043,A072950,維價瞪濠,20170526,6450,6610,6410,6560,91673,359,6000000
1044,A072950,維價瞪濠,20170525,6510,6550,6400,6460,48652,359,6000000
1045,A072950,維價瞪濠,20170524,6580,6600,6450,6450,67793,359,6000000
1046,A072950,維價瞪濠,20170523,6650,6780,6570,6580,146249,359,6000000
1047,A072950,維價瞪濠,20170522,6620,6660,6520,6600,77963,359,6000000
1048,A072950,維價瞪濠,20170519,6400,6650,6390,6620,117679,359,6000000
1049,A072950,維價瞪濠,20170518,6420,6480,6390,6420,50485,359,6000000
1050,A072950,維價瞪濠,20170517,6500,6590,6390,6480,84832,359,6000000
1051,A072950,維價瞪濠,20170516,6600,6600,6470,6480,97189,359,6000000
1052,A072950,維價瞪濠,20170515,6530,6610,6440,6580,82066,359,6000000
1053,A072950,維價瞪濠,20170512,6460,6560,6310,6520,193191,359,6000000
1054,A072950,維價瞪濠,20170511,6420,6550,6400,6440,153998,359,6000000
1055,A072950,維價瞪濠,20170510,6200,6490,6200,6420,202600,359,6000000
1056,A072950,維價瞪濠,20170508,6220,6260,6160,6230,59153,359,6000000
1057,A072950,維價瞪濠,20170504,6120,6230,6050,6220,76586,359,6000000
1058,A072950,維價瞪濠,20170502,6180,6230,6090,6090,80882,359,6000000
1059,A072950,維價瞪濠,20170428,6180,6220,6110,6160,99574,359,6000000
1060,A072950,維價瞪濠,20170427,6330,6380,6190,6210,120715,359,6000000
1061,A072950,維價瞪濠,20170426,6230,6420,6200,6340,122166,359,6000000
1062,A072950,維價瞪濠,20170425,6190,6270,6100,6230,139594,359,6000000
1063,A072950,維價瞪濠,20170424,6400,6400,6200,6230,132561,359,6000000
1064,A072950,維價瞪濠,20170421,6330,6490,6310,6380,107133,359,6000000
1065,A072950,維價瞪濠,20170420,6560,6580,6230,6300,181664,359,6000000
1066,A072950,維價瞪濠,20170419,6600,6650,6390,6530,171985,359,6000000
1067,A072950,維價瞪濠,20170418,6430,6630,6400,6560,265137,359,6000000
1068,A072950,維價瞪濠,20170417,6340,6490,6300,6400,117310,359,6000000
1069,A072950,維價瞪濠,20170414,6500,6520,6340,6340,175491,359,6000000
1070,A072950,維價瞪濠,20170413,6460,6550,6340,6540,164467,359,6000000
1071,A072950,維價瞪濠,20170412,6550,6630,6350,6450,194943,359,6000000
1072,A072950,維價瞪濠,20170411,6450,6670,6390,6650,282504,359,6000000
1073,A072950,維價瞪濠,20170410,6850,6950,6270,6450,479739,359,6000000
1074,A072950,維價瞪濠,20170407,6910,6920,6630,6710,298555,359,6000000
1075,A072950,維價瞪濠,20170406,7050,7650,6850,6890,2647556,359,6000000
1076,A072950,維價瞪濠,20170405,6500,6810,6500,6750,616942,359,6000000
1077,A072950,維價瞪濠,20170404,7360,7360,6580,6590,907924,359,6000000
1078,A072950,維價瞪濠,20170403,7730,8050,7330,7400,1288598,359,6000000
1079,A072950,維價瞪濠,20170331,6890,8040,6660,7400,5116045,359,6000000
1080,A072950,維價瞪濠,20170330,6080,6890,6080,6370,847780,359,6000000
1081,A072950,維價瞪濠,20170329,5970,6320,5970,6100,109826,359,6000000
1082,A072950,維價瞪濠,20170328,5890,6000,5890,6000,30306,359,6000000
1083,A072950,維價瞪濠,20170327,5980,5980,5890,5920,22424,359,6000000
1084,A072950,維價瞪濠,20170324,5980,5980,5910,5930,16407,359,6000000
1085,A072950,維價瞪濠,20170323,6050,6050,5940,5950,21649,359,6000000
1086,A072950,維價瞪濠,20170322,5970,6040,5920,6030,23574,359,6000000
1087,A072950,維價瞪濠,20170321,5950,6030,5950,5970,27044,359,6000000
1088,A072950,維價瞪濠,20170320,6020,6100,5950,5950,30282,359,6000000
1089,A072950,維價瞪濠,20170317,6110,6110,6000,6020,21943,359,6000000
1090,A072950,維價瞪濠,20170316,6040,6170,6000,6110,42878,359,6000000
1091,A072950,維價瞪濠,20170315,6010,6090,5930,5980,46202,359,6000000
1092,A072950,維價瞪濠,20170314,5990,6040,5950,5990,21881,359,6000000
1093,A072950,維價瞪濠,20170313,5960,6010,5920,5950,30019,359,6000000
1094,A072950,維價瞪濠,20170310,5840,6040,5750,5930,58405,359,6000000
1095,A072950,維價瞪濠,20170309,6050,6050,5820,5820,43502,359,6000000
1096,A072950,維價瞪濠,20170308,5860,5980,5830,5940,19320,359,6000000
1097,A072950,維價瞪濠,20170307,5860,5910,5820,5830,38566,359,6000000
1098,A072950,維價瞪濠,20170306,5900,5910,5750,5870,41646,359,6000000
1099,A072950,維價瞪濠,20170303,5880,5970,5770,5910,71972,359,6000000
1100,A072950,維價瞪濠,20170302,6040,6040,5900,5920,36020,359,6000000
1101,A072950,維價瞪濠,20170228,5960,6040,5960,5990,13306,359,6000000
1102,A072950,維價瞪濠,20170227,5990,6020,5950,5990,24541,359,6000000
1103,A072950,維價瞪濠,20170224,6030,6090,5990,5990,34965,359,6000000
1104,A072950,維價瞪濠,20170223,6170,6170,6010,6030,42163,359,6000000
1105,A072950,維價瞪濠,20170222,6110,6160,6110,6140,24138,359,6000000
1106,A072950,維價瞪濠,20170221,6110,6230,6080,6120,47944,359,6000000
1107,A072950,維價瞪濠,20170220,6120,6120,6030,6100,25374,359,6000000
1108,A072950,維價瞪濠,20170217,6090,6100,6020,6090,26040,359,6000000
1109,A072950,維價瞪濠,20170216,6130,6140,6030,6090,27969,359,6000000
1110,A072950,維價瞪濠,20170215,6050,6140,6020,6120,47984,359,6000000
1111,A072950,維價瞪濠,20170214,5800,6070,5800,6040,85527,359,6000000
1112,A072950,維價瞪濠,20170213,5860,5900,5750,5800,127013,359,6000000
1113,A072950,維價瞪濠,20170210,5770,5840,5700,5840,44186,359,6000000
1114,A072950,維價瞪濠,20170209,5830,5830,5700,5760,65309,359,6000000
1115,A072950,維價瞪濠,20170208,6010,6030,5760,5830,92944,359,6000000
1116,A072950,維價瞪濠,20170207,5990,6060,5960,6000,45806,359,6000000
1117,A072950,維價瞪濠,20170206,6000,6050,5920,5970,41273,359,6000000
1118,A072950,維價瞪濠,20170203,6040,6080,5950,6000,63640,359,6000000
1119,A072950,維價瞪濠,20170202,6180,6180,5950,6030,49750,359,6000000
1120,A072950,維價瞪濠,20170201,5980,6120,5890,6120,82586,359,6000000
1121,A072950,維價瞪濠,20170131,6210,6240,5980,5980,135211,359,6000000
1122,A072950,維價瞪濠,20170126,6330,6350,6220,6250,68207,359,6000000
1123,A072950,維價瞪濠,20170125,6230,6320,6180,6270,59208,359,6000000
1124,A072950,維價瞪濠,20170124,6240,6360,6150,6200,104456,359,6000000
1125,A072950,維價瞪濠,20170123,6180,6290,6170,6240,33859,359,6000000
1126,A072950,維價瞪濠,20170120,6190,6220,6130,6180,45453,359,6000000
1127,A072950,維價瞪濠,20170119,6250,6260,6170,6180,118448,359,6000000
1128,A072950,維價瞪濠,20170118,6200,6240,6130,6180,75554,359,6000000
1129,A072950,維價瞪濠,20170117,6200,6230,6150,6200,74505,359,6000000
1130,A072950,維價瞪濠,20170116,6190,6230,6140,6200,69597,359,6000000
1131,A072950,維價瞪濠,20170113,6200,6270,6130,6200,60976,359,6000000
1132,A072950,維價瞪濠,20170112,6270,6270,6130,6200,56803,359,6000000
1133,A072950,維價瞪濠,20170111,6280,6320,6190,6200,175820,359,6000000
1134,A072950,維價瞪濠,20170110,6510,6580,6240,6240,134789,359,6000000
1135,A072950,維價瞪濠,20170109,6710,6720,6550,6550,53309,359,6000000
1136,A072950,維價瞪濠,20170106,6650,6760,6630,6700,25202,359,6000000
1137,A072950,維價瞪濠,20170105,6800,6820,6690,6700,41276,359,6000000
1138,A072950,維價瞪濠,20170104,6780,6850,6720,6800,23599,359,6000000
1139,A072950,維價瞪濠,20170103,6870,6980,6810,6820,24282,359,6000000
1140,A072950,維價瞪濠,20170102,6940,6960,6820,6870,18428,359,6000000
1141,A072950,維價瞪濠,20161229,6750,6900,6620,6890,29083,359,6000000
1142,A072950,維價瞪濠,20161228,6600,6750,6600,6730,21596,359,6000000
1143,A072950,維價瞪濠,20161227,6590,6700,6590,6630,22989,359,6000000
1144,A072950,維價瞪濠,20161226,6760,6810,6630,6650,32291,359,6000000
1145,A072950,維價瞪濠,20161223,6700,6800,6660,6760,27207,359,6000000
1146,A072950,維價瞪濠,20161222,6750,6850,6700,6700,24857,359,6000000
1147,A072950,維價瞪濠,20161221,6650,6900,6650,6820,37054,359,6000000
1148,A072950,維價瞪濠,20161220,6740,6880,6640,6640,59579,359,6000000
1149,A072950,維價瞪濠,20161219,6930,7000,6800,6820,25828,359,6000000
1150,A072950,維價瞪濠,20161216,7350,7350,6880,6930,124139,359,6000000
1151,A072950,維價瞪濠,20161215,6420,6870,6350,6870,62785,359,6000000
1152,A072950,維價瞪濠,20161214,6510,6720,6480,6500,20113,359,6000000
1153,A072950,維價瞪濠,20161213,6390,6700,6310,6560,43735,359,6000000
1154,A072950,維價瞪濠,20161212,6300,6390,6190,6360,11187,359,6000000
1155,A072950,維價瞪濠,20161209,6200,6340,6140,6230,19151,359,6000000
1156,A072950,維價瞪濠,20161208,6160,6300,6160,6200,7394,359,6000000
1157,A072950,維價瞪濠,20161207,6340,6360,6060,6140,14534,359,6000000
1158,A072950,維價瞪濠,20161206,6350,6390,6100,6270,20476,359,6000000
1159,A072950,維價瞪濠,20161205,6440,6440,6140,6140,35656,359,6000000
1160,A072950,維價瞪濠,20161202,6530,6530,6300,6400,19558,359,6000000
1161,A072950,維價瞪濠,20161201,6300,6480,6270,6400,33437,359,6000000
1162,A072950,維價瞪濠,20161130,6120,6300,6050,6260,13705,359,6000000
1163,A072950,維價瞪濠,20161129,5890,6500,5890,6120,64422,359,6000000
1164,A072950,維價瞪濠,20161128,6210,6290,5890,5890,51709,359,6000000
1165,A072950,維價瞪濠,20161125,6360,6390,6180,6210,38738,359,6000000
1166,A072950,維價瞪濠,20161124,6360,6490,6240,6360,32340,359,6000000
1167,A072950,維價瞪濠,20161123,6420,6580,6320,6350,14020,359,6000000
1168,A072950,維價瞪濠,20161122,6570,6680,6350,6400,18557,359,6000000
1169,A072950,維價瞪濠,20161121,6370,6650,6370,6540,33792,359,6000000
1170,A072950,維價瞪濠,20161118,6570,6750,6320,6350,73308,359,6000000
1171,A072950,維價瞪濠,20161117,6730,6760,6500,6620,35656,359,6000000
1172,A072950,維價瞪濠,20161116,6410,6840,6410,6630,74485,359,6000000
1173,A072950,維價瞪濠,20161115,6370,6500,6200,6400,45167,359,6000000
1174,A072950,維價瞪濠,20161114,6210,6500,6130,6450,81272,359,6000000
1175,A072950,維價瞪濠,20161111,5990,6230,5840,6130,61027,359,6000000
1176,A072950,維價瞪濠,20161110,5790,5990,5680,5880,57523,359,6000000
1177,A072950,維價瞪濠,20161109,5870,6110,5350,5630,205841,359,6000000
1178,A072950,維價瞪濠,20161108,5960,6040,5830,5900,88867,359,6000000
1179,A072950,維價瞪濠,20161107,5850,5960,5800,5900,73678,359,6000000
1180,A072950,維價瞪濠,20161104,5700,6050,5700,5790,122825,359,6000000
1181,A072950,維價瞪濠,20161103,5750,6020,5700,5750,101829,359,6000000
1182,A072950,維價瞪濠,20161102,6130,6140,5670,5890,115262,359,6000000
1183,A072950,維價瞪濠,20161101,6080,6400,5990,6230,60684,359,6000000
1184,A072950,維價瞪濠,20161031,6500,6500,6080,6100,148878,359,6000000
1185,A072950,維價瞪濠,20161028,6680,6840,6680,6700,14271,359,6000000
1186,A072950,維價瞪濠,20161027,6650,6800,6590,6750,19076,359,6000000
1187,A072950,維價瞪濠,20161026,6480,6650,6420,6650,36680,359,6000000
1188,A072950,維價瞪濠,20161025,6770,6890,6400,6540,132917,359,6000000
1189,A072950,維價瞪濠,20161024,6960,7060,6750,6880,26885,359,6000000
1190,A072950,維價瞪濠,20161021,7030,7200,6870,7000,46361,359,6000000
1191,A072950,維價瞪濠,20161020,7370,7400,7100,7140,17216,359,6000000
1192,A072950,維價瞪濠,20161019,7120,7370,7120,7260,31166,359,6000000
1193,A072950,維價瞪濠,20161018,7410,7410,7000,7120,72559,359,6000000
1194,A072950,維價瞪濠,20161017,7430,7660,7160,7260,64735,359,6000000
1195,A072950,維價瞪濠,20161014,7720,7920,7500,7500,55551,359,6000000
1196,A072950,維價瞪濠,20161013,8160,8160,7800,7800,48984,359,6000000
1197,A072950,維價瞪濠,20161012,7800,8190,7730,7980,60030,359,6000000
1198,A072950,維價瞪濠,20161011,7690,7850,7540,7830,50720,359,6000000
1199,A072950,維價瞪濠,20161010,7290,8070,7290,7700,148680,359,6000000
1200,A072950,維價瞪濠,20161007,7720,7790,7290,7290,56236,359,6000000
1201,A072950,維價瞪濠,20161006,7700,7820,7630,7720,31901,359,6000000
1202,A072950,維價瞪濠,20161005,7700,7870,7620,7710,28093,359,6000000
1203,A072950,維價瞪濠,20161004,7610,7840,7600,7700,73216,359,6000000
1204,A072950,維價瞪濠,20160930,8090,8100,7650,7650,94128,359,6000000
1205,A072950,維價瞪濠,20160929,7720,8170,7720,8000,92044,359,6000000
1206,A072950,維價瞪濠,20160928,8000,8010,7770,7810,65267,359,6000000
1207,A072950,維價瞪濠,20160927,8090,8190,7890,7920,62871,359,6000000
1208,A072950,維價瞪濠,20160926,7850,8160,7650,8090,104094,359,6000000
1209,A072950,維價瞪濠,20160923,8000,8360,7940,7950,128701,359,6000000
1210,A072950,維價瞪濠,20160922,8300,8500,7960,7980,174653,359,6000000
1211,A072950,維價瞪濠,20160921,8260,8850,8150,8210,243695,359,6000000
1212,A072950,維價瞪濠,20160920,8070,8300,7910,8260,137661,359,6000000
1213,A072950,維價瞪濠,20160919,8480,8520,8020,8090,189649,359,6000000
1214,A072950,維價瞪濠,20160913,8200,8550,8060,8370,201513,359,6000000
1215,A072950,維價瞪濠,20160912,8580,8980,8070,8150,425969,359,6000000
1216,A072950,維價瞪濠,20160909,7700,9490,7500,8950,1416217,359,6000000
1217,A072950,維價瞪濠,20160908,7850,7890,7480,7600,210132,359,6000000
1218,A072950,維價瞪濠,20160907,8290,8350,7810,7900,240255,359,6000000
1219,A072950,維價瞪濠,20160906,8400,8420,8070,8290,335815,359,6000000
1220,A072950,維價瞪濠,20160905,8160,8590,7960,8420,389358,359,6000000
1221,A072950,維價瞪濠,20160902,8060,8320,7960,8180,459819,359,6000000
1222,A072950,維價瞪濠,20160901,7420,8610,7410,8140,1723980,359,6000000
1223,A072950,維價瞪濠,20160831,7640,7720,7360,7450,197506,359,6000000
1224,A072950,維價瞪濠,20160830,7050,7680,7050,7650,579445,359,6000000
1225,A072950,維價瞪濠,20160829,6830,7080,6780,7070,183363,359,6000000
1226,A072950,維價瞪濠,20160826,7000,7060,6810,6870,172333,359,6000000
1227,A072950,維價瞪濠,20160825,6880,7130,6830,7100,352678,359,6000000
1228,A072950,維價瞪濠,20160824,7360,7490,6920,6980,477769,359,6000000
1229,A072950,維價瞪濠,20160823,7700,7970,7270,7380,1069161,359,6000000
1230,A072950,維價瞪濠,20160822,7120,8380,7120,7560,4754008,359,6000000
1231,A072950,維價瞪濠,20160819,6780,7020,6620,7020,244719,359,6000000
1232,A072950,維價瞪濠,20160818,6580,6850,6530,6770,288811,359,6000000
1233,A072950,維價瞪濠,20160817,6520,6580,6390,6550,101405,359,6000000
1234,A072950,維價瞪濠,20160816,6230,6640,6230,6520,168404,359,6000000
1235,A072950,維價瞪濠,20160812,6250,6320,6220,6230,35048,359,6000000
1236,A072950,維價瞪濠,20160811,6310,6350,6180,6250,60827,359,6000000
1237,A072950,維價瞪濠,20160810,6280,6430,6250,6310,64304,359,6000000
1238,A072950,維價瞪濠,20160809,6300,6420,6250,6350,68163,359,6000000
1239,A072950,維價瞪濠,20160808,6400,6480,6210,6360,82997,359,6000000
1240,A072950,維價瞪濠,20160805,6440,6510,6340,6450,74898,359,6000000
1241,A072950,維價瞪濠,20160804,6460,6580,6420,6430,59082,359,6000000
1242,A072950,維價瞪濠,20160803,6460,6560,6280,6430,82678,359,6000000
1243,A072950,維價瞪濠,20160802,6740,6740,6460,6520,160627,359,6000000
1244,A072950,維價瞪濠,20160801,6650,6810,6500,6700,195343,359,6000000
1245,A072950,維價瞪濠,20160729,6670,6770,6530,6590,161316,359,6000000
1246,A072950,維價瞪濠,20160728,6240,6690,6210,6670,440532,359,6000000
1247,A072950,維價瞪濠,20160727,6230,6340,6180,6200,83066,359,6000000
1248,A072950,維價瞪濠,20160726,6180,6290,6100,6150,48414,359,6000000
1249,A072950,維價瞪濠,20160725,6140,6290,6140,6160,84327,359,6000000
1250,A072950,維價瞪濠,20160722,6080,6330,6080,6120,126272,359,6000000
1251,A072950,維價瞪濠,20160721,6320,6360,6090,6090,80508,359,6000000
1252,A072950,維價瞪濠,20160720,6380,6410,6250,6320,86735,359,6000000
1253,A072950,維價瞪濠,20160719,6150,6380,6110,6350,110404,359,6000000
1254,A072950,維價瞪濠,20160718,6230,6430,6140,6260,94856,359,6000000
1255,A072950,維價瞪濠,20160715,6250,6360,6150,6230,98243,359,6000000
1256,A072950,維價瞪濠,20160714,6250,6340,6040,6140,145146,359,6000000
1257,A072950,維價瞪濠,20160713,6170,6370,6150,6200,138397,359,6000000
1258,A072950,維價瞪濠,20160712,6270,6400,6100,6170,174431,359,6000000
1259,A072950,維價瞪濠,20160711,5880,6280,5800,6260,255461,359,6000000
1260,A072950,維價瞪濠,20160708,5920,6060,5770,5790,108434,359,6000000
1261,A072950,維價瞪濠,20160707,5990,6130,5930,5940,95000,359,6000000
1262,A072950,維價瞪濠,20160706,6030,6030,5760,6000,119149,359,6000000
1263,A072950,維價瞪濠,20160705,6040,6060,5900,6050,75479,359,6000000
1264,A072950,維價瞪濠,20160704,5760,5950,5600,5950,156808,359,6000000
1265,A072950,維價瞪濠,20160701,5700,5760,5610,5730,65470,359,6000000
1266,A072950,維價瞪濠,20160630,5570,5750,5500,5650,115524,359,6000000
1267,A072950,維價瞪濠,20160629,5460,5680,5460,5470,103666,359,6000000
1268,A072950,維價瞪濠,20160628,5470,5620,5390,5460,118764,359,6000000
1269,A072950,維價瞪濠,20160627,5150,5580,5100,5470,121937,359,6000000
1270,A072950,維價瞪濠,20160624,6160,6270,5150,5350,510244,359,6000000
1271,A072950,維價瞪濠,20160623,6400,6400,6090,6160,208339,359,6000000
1272,A072950,維價瞪濠,20160622,6110,6480,6030,6440,404890,359,6000000
1273,A072950,維價瞪濠,20160621,6280,6310,6030,6140,169622,359,6000000
1274,A072950,維價瞪濠,20160620,5850,6350,5820,6180,467128,359,6000000
1275,A072950,維價瞪濠,20160617,6020,6020,5770,5900,222595,359,6000000
1276,A072950,維價瞪濠,20160616,5680,6750,5680,5900,2637272,359,6000000
1277,A072950,維價瞪濠,20160615,5550,5630,5450,5590,90443,359,6000000
1278,A072950,維價瞪濠,20160614,5740,5740,5530,5580,32550,359,6000000
1279,A072950,維價瞪濠,20160613,5820,5900,5660,5700,46979,359,6000000
1280,A072950,維價瞪濠,20160610,5760,5860,5730,5820,40971,359,6000000
1281,A072950,維價瞪濠,20160609,5800,5950,5670,5780,99531,359,6000000
1282,A072950,維價瞪濠,20160608,5510,6000,5500,5760,237125,359,6000000
1283,A072950,維價瞪濠,20160607,5490,5690,5480,5520,57406,359,6000000
1284,A072950,維價瞪濠,20160603,5580,5650,5480,5510,39193,359,6000000
1285,A072950,維價瞪濠,20160602,5630,5710,5530,5570,38759,359,6000000
1286,A072950,維價瞪濠,20160601,5650,5690,5580,5630,34459,359,6000000
1287,A072950,維價瞪濠,20160531,5480,5660,5440,5620,70770,359,6000000
1288,A072950,維價瞪濠,20160530,5360,5520,5360,5490,49218,359,6000000
1289,A072950,維價瞪濠,20160527,5370,5420,5250,5360,84569,359,6000000
1290,A072950,維價瞪濠,20160526,5520,5520,5370,5380,63824,359,6000000
1291,A072950,維價瞪濠,20160525,5520,5550,5420,5440,52200,359,6000000
1292,A072950,維價瞪濠,20160524,5580,5580,5440,5440,55615,359,6000000
1293,A072950,維價瞪濠,20160523,5450,5570,5440,5510,43551,359,6000000
1294,A072950,維價瞪濠,20160520,5420,5550,5410,5450,108113,359,6000000
1295,A072950,維價瞪濠,20160519,5570,5650,5500,5560,40190,359,6000000
1296,A072950,維價瞪濠,20160518,6000,6000,5580,5600,98189,359,6000000
1297,A072950,維價瞪濠,20160517,5980,6030,5840,5920,73046,359,6000000
1298,A072950,維價瞪濠,20160516,6070,6190,5990,5990,65157,359,6000000
1299,A072950,維價瞪濠,20160513,6010,6090,5950,6060,41285,359,6000000
1300,A072950,維價瞪濠,20160512,5920,6100,5920,6010,32860,359,6000000
1301,A072950,維價瞪濠,20160511,5930,6130,5900,5990,64961,359,6000000
1302,A072950,維價瞪濠,20160510,5810,6040,5770,5940,77448,359,6000000
1303,A072950,維價瞪濠,20160509,5730,5980,5720,5810,65075,359,6000000
1304,A072950,維價瞪濠,20160504,5930,5980,5750,5780,80227,359,6000000
1305,A072950,維價瞪濠,20160503,5990,6050,5910,5930,54792,359,6000000
1306,A072950,維價瞪濠,20160502,6010,6120,5900,5910,109504,359,6000000
1307,A072950,維價瞪濠,20160429,6300,6300,5990,6040,137037,359,6000000
1308,A072950,維價瞪濠,20160428,6380,6380,6210,6260,69177,359,6000000
1309,A072950,維價瞪濠,20160427,6350,6350,6110,6280,98732,359,6000000
1310,A072950,維價瞪濠,20160426,6670,6700,6100,6280,376588,359,6000000
1311,A072950,維價瞪濠,20160425,6940,7150,6660,6660,202286,359,6000000
1312,A072950,維價瞪濠,20160422,6920,7300,6830,6980,322528,359,6000000
1313,A072950,維價瞪濠,20160421,6760,7240,6690,6830,232513,359,6000000
1314,A072950,維價瞪濠,20160420,6850,6850,6600,6750,106417,359,6000000
1315,A072950,維價瞪濠,20160419,6520,6770,6510,6750,110696,359,6000000
1316,A072950,維價瞪濠,20160418,6460,6600,6390,6470,111798,359,6000000
1317,A072950,維價瞪濠,20160415,6590,6670,6500,6520,107844,359,6000000
1318,A072950,維價瞪濠,20160414,7010,7040,6580,6590,307689,359,6000000
1319,A072950,維價瞪濠,20160412,7010,7100,6820,6970,175138,359,6000000
1320,A072950,維價瞪濠,20160411,6790,7250,6760,7000,480059,359,6000000
1321,A072950,維價瞪濠,20160408,6680,7440,6680,6750,1736912,359,6000000
1322,A072950,維價瞪濠,20160407,6870,6870,6560,6680,340179,359,6000000
1323,A072950,維價瞪濠,20160406,6510,6870,6420,6820,710840,359,6000000
1324,A072950,維價瞪濠,20160405,6440,6760,6380,6440,443623,359,6000000
1325,A072950,維價瞪濠,20160404,6410,6610,6360,6410,365870,359,6000000
1326,A072950,維價瞪濠,20160401,6790,7060,6340,6400,1298829,359,6000000
1327,A072950,維價瞪濠,20160331,6960,7020,6600,6800,751132,359,6000000
1328,A072950,維價瞪濠,20160330,7260,7520,6660,6900,1776467,359,6000000
1329,A072950,維價瞪濠,20160329,6010,7690,5990,6930,6067049,359,6000000
1330,A072950,維價瞪濠,20160328,5850,6050,5760,5950,184387,359,6000000
1331,A072950,維價瞪濠,20160325,5890,5890,5700,5790,94171,359,6000000
1332,A072950,維價瞪濠,20160324,5850,5970,5750,5820,128062,359,6000000
1333,A072950,維價瞪濠,20160323,5750,5970,5730,5810,104994,359,6000000
1334,A072950,維價瞪濠,20160322,5850,5850,5650,5730,90174,359,6000000
1335,A072950,維價瞪濠,20160321,6050,6070,5740,5770,207654,359,6000000
1336,A072950,維價瞪濠,20160318,5710,6150,5620,5990,550138,359,6000000
1337,A072950,維價瞪濠,20160317,5690,5790,5620,5620,171683,359,6000000
1338,A072950,維價瞪濠,20160316,6090,6250,5580,5630,565522,359,6000000
1339,A072950,維價瞪濠,20160315,5380,6150,5360,5900,1050257,359,6000000
1340,A072950,維價瞪濠,20160314,5310,5550,5300,5370,99860,359,6000000
1341,A072950,維價瞪濠,20160311,5400,5400,5240,5300,85523,359,6000000
1342,A072950,維價瞪濠,20160310,5470,5480,5260,5400,93569,359,6000000
1343,A072950,維價瞪濠,20160309,5480,5560,5360,5450,88819,359,6000000
1344,A072950,維價瞪濠,20160308,5190,5490,5080,5490,221947,359,6000000
1345,A072950,維價瞪濠,20160307,5180,5270,5170,5190,82060,359,6000000
1346,A072950,維價瞪濠,20160304,5170,5240,5120,5160,30177,359,6000000
1347,A072950,維價瞪濠,20160303,5130,5220,5080,5170,44659,359,6000000
1348,A072950,維價瞪濠,20160302,5170,5240,5050,5170,52241,359,6000000
1349,A072950,維價瞪濠,20160229,5340,5340,5180,5180,29642,359,6000000
1350,A072950,維價瞪濠,20160226,5230,5280,5160,5250,51232,359,6000000
1351,A072950,維價瞪濠,20160225,5220,5300,5100,5300,74557,359,6000000
1352,A072950,維價瞪濠,20160224,5130,5290,5110,5220,34401,359,6000000
1353,A072950,維價瞪濠,20160223,5240,5280,5120,5130,62765,359,6000000
1354,A072950,維價瞪濠,20160222,5130,5240,5060,5230,72495,359,6000000
1355,A072950,維價瞪濠,20160219,5100,5230,5050,5140,77116,359,6000000
1356,A072950,維價瞪濠,20160218,5070,5150,5030,5040,113883,359,6000000
1357,A072950,維價瞪濠,20160217,4925,5150,4925,5040,105519,359,6000000
1358,A072950,維價瞪濠,20160216,4910,5010,4900,4935,46026,359,6000000
1359,A072950,維價瞪濠,20160215,4890,4990,4820,4820,92849,359,6000000
1360,A072950,維價瞪濠,20160212,5130,5190,4650,4810,209341,359,6000000
1361,A072950,維價瞪濠,20160211,5680,5680,5120,5220,162216,359,6000000
1362,A072950,維價瞪濠,20160205,5750,5750,5560,5680,54000,359,6000000
1363,A072950,維價瞪濠,20160204,5600,5750,5560,5640,53248,359,6000000
1364,A072950,維價瞪濠,20160203,5780,5780,5560,5600,49041,359,6000000
1365,A072950,維價瞪濠,20160202,5510,5820,5500,5770,122678,359,6000000
1366,A072950,維價瞪濠,20160201,5690,5710,5440,5520,73061,359,6000000
1367,A072950,維價瞪濠,20160129,5620,5740,5610,5640,30160,359,6000000
1368,A072950,維價瞪濠,20160128,5600,5760,5600,5670,37978,359,6000000
1369,A072950,維價瞪濠,20160127,5860,5910,5610,5650,83836,359,6000000
1370,A072950,維價瞪濠,20160126,5700,5790,5620,5770,44451,359,6000000
1371,A072950,維價瞪濠,20160125,5560,5850,5510,5770,84463,359,6000000
1372,A072950,維價瞪濠,20160122,5640,5920,5480,5560,169551,359,6000000
1373,A072950,維價瞪濠,20160121,5360,5650,5360,5480,67746,359,6000000
1374,A072950,維價瞪濠,20160120,5750,5750,5390,5440,138882,359,6000000
1375,A072950,維價瞪濠,20160119,5750,5850,5550,5670,93579,359,6000000
1376,A072950,維價瞪濠,20160118,5650,5780,5420,5650,110277,359,6000000
1377,A072950,維價瞪濠,20160115,6010,6070,5670,5710,142504,359,6000000
1378,A072950,維價瞪濠,20160114,5820,6050,5820,5930,135140,359,6000000
1379,A072950,維價瞪濠,20160113,6270,6390,5930,5940,276828,359,6000000
1380,A072950,維價瞪濠,20160112,6000,6210,5980,6160,185961,359,6000000
1381,A072950,維價瞪濠,20160111,6070,6210,5920,6040,174763,359,6000000
1382,A072950,維價瞪濠,20160108,5990,6110,5880,6070,249265,359,6000000
1383,A072950,維價瞪濠,20160107,6160,6360,6070,6100,301914,359,6000000
1384,A072950,維價瞪濠,20160106,6670,6730,6140,6290,619854,359,6000000
1385,A072950,維價瞪濠,20160105,6590,6760,6410,6720,612612,359,6000000
1386,A072950,維價瞪濠,20160104,7180,7410,6750,6820,1238458,359,6000000
