,┴ЙИы─┌хт,┴ЙИыИь,│»┬Ц,й├░А,░ь░А,└Щ░А,┴Й░А,░┼иАи«,┴ш▒К└Ч╗ЖЙэ┴Й─┌хт,╣▀КЯ┴ой─╝Ш
0,A217320,йс┼О┼Е,20210823,7080,7080,7080,7080,0,000,1050000
1,A217320,йс┼О┼Е,20210820,7080,7080,7080,7080,0,000,1050000
2,A217320,йс┼О┼Е,20210819,7080,7080,7080,7080,0,000,1050000
3,A217320,йс┼О┼Е,20210818,7030,7030,7030,7030,143,000,1050000
4,A217320,йс┼О┼Е,20210817,6120,6120,6120,6120,1,000,1050000
5,A217320,йс┼О┼Е,20210813,7190,7190,7190,7190,0,000,1050000
6,A217320,йс┼О┼Е,20210812,7190,7190,7190,7190,140,000,1050000
7,A217320,йс┼О┼Е,20210811,6260,6260,6260,6260,1,000,1050000
8,A217320,йс┼О┼Е,20210810,7330,7330,7330,7330,0,000,1050000
9,A217320,йс┼О┼Е,20210809,7330,7330,7330,7330,137,000,1050000
10,A217320,йс┼О┼Е,20210806,6380,6380,6380,6380,1,000,1050000
11,A217320,йс┼О┼Е,20210805,7500,7500,7500,7500,0,000,1050000
12,A217320,йс┼О┼Е,20210804,7420,7420,7420,7420,135,000,1050000
13,A217320,йс┼О┼Е,20210803,7420,7420,7420,7420,135,000,1050000
14,A217320,йс┼О┼Е,20210802,6850,6850,6850,6850,0,000,1050000
15,A217320,йс┼О┼Е,20210730,6850,6850,6850,6850,0,000,1050000
16,A217320,йс┼О┼Е,20210729,6850,6850,6850,6850,0,000,1050000
17,A217320,йс┼О┼Е,20210728,7000,7000,6620,6620,144,000,1050000
18,A217320,йс┼О┼Е,20210727,6090,6090,6090,6090,1,000,1050000
19,A217320,йс┼О┼Е,20210726,7160,7160,7160,7160,0,000,1050000
20,A217320,йс┼О┼Е,20210723,7120,7120,7120,7120,0,000,1050000
21,A217320,йс┼О┼Е,20210722,6560,6560,6560,6560,1,000,1050000
22,A217320,йс┼О┼Е,20210721,7550,7550,7550,7550,133,000,1050000
23,A217320,йс┼О┼Е,20210720,7420,8690,7420,8690,136,000,1050000
24,A217320,йс┼О┼Е,20210719,8200,8200,8080,8080,195,000,1050000
25,A217320,йс┼О┼Е,20210716,9500,9500,9500,9500,1,000,1050000
26,A217320,йс┼О┼Е,20210715,8600,8600,8600,8600,1,000,1050000
27,A217320,йс┼О┼Е,20210714,7630,7630,7630,7630,0,000,1050000
28,A217320,йс┼О┼Е,20210713,7630,7630,7630,7630,132,000,1050000
29,A217320,йс┼О┼Е,20210712,7520,7520,7170,7170,134,000,1050000
30,A217320,йс┼О┼Е,20210709,7100,7100,7100,7100,141,000,1050000
31,A217320,йс┼О┼Е,20210708,7480,7480,6650,6650,301,000,1050000
32,A217320,йс┼О┼Е,20210707,7550,7550,6510,6510,134,000,1050000
33,A217320,йс┼О┼Е,20210706,8000,8000,7210,7210,126,000,1050000
34,A217320,йс┼О┼Е,20210705,8480,8480,8480,8480,0,000,1050000
35,A217320,йс┼О┼Е,20210702,8480,8480,8480,8480,118,000,1050000
36,A217320,йс┼О┼Е,20210701,8480,8480,8480,8480,118,000,1050000
37,A217320,йс┼О┼Е,20210630,8480,8480,8480,8480,118,000,1050000
38,A217320,йс┼О┼Е,20210629,8480,8480,8480,8480,1,000,1050000
39,A217320,йс┼О┼Е,20210628,8480,8480,8480,8480,118,000,1050000
40,A217320,йс┼О┼Е,20210625,9500,9500,9500,9500,1,000,1050000
41,A217320,йс┼О┼Е,20210624,8480,8980,8480,8980,119,000,1050000
42,A217320,йс┼О┼Е,20210623,8480,8480,8480,8480,118,000,1050000
43,A217320,йс┼О┼Е,20210622,8480,8500,8480,8500,119,000,1050000
44,A217320,йс┼О┼Е,20210621,8500,8500,8500,8500,118,000,1050000
45,A217320,йс┼О┼Е,20210618,9740,9740,9740,9740,0,000,1050000
46,A217320,йс┼О┼Е,20210617,9750,9750,7410,9750,4,000,1050000
47,A217320,йс┼О┼Е,20210616,8000,8480,8000,8480,126,000,1050000
48,A217320,йс┼О┼Е,20210615,8500,9000,8500,9000,119,000,1050000
49,A217320,йс┼О┼Е,20210614,7850,9500,7850,9500,129,000,1050000
50,A217320,йс┼О┼Е,20210611,8600,8600,8600,8600,223,000,1050000
51,A217320,йс┼О┼Е,20210610,8490,8490,8490,8490,111,000,1050000
52,A217320,йс┼О┼Е,20210609,7010,7610,7010,7610,144,000,1050000
53,A217320,йс┼О┼Е,20210608,7010,7010,6620,6620,144,000,1050000
54,A217320,йс┼О┼Е,20210607,7010,7010,6620,6620,144,000,1050000
55,A217320,йс┼О┼Е,20210604,6760,7340,6470,6470,240,000,1050000
56,A217320,йс┼О┼Е,20210603,6760,6760,6390,6390,149,000,1050000
57,A217320,йс┼О┼Е,20210602,6200,6760,6200,6760,163,000,1050000
58,A217320,йс┼О┼Е,20210601,6220,6750,5880,5880,170,000,1050000
59,A217320,йс┼О┼Е,20210531,6220,6220,5870,5870,257,000,1050000
60,A217320,йс┼О┼Е,20210528,5890,6700,5410,5410,307,000,1050000
61,A217320,йс┼О┼Е,20210527,6230,6230,5890,5890,162,000,1050000
62,A217320,йс┼О┼Е,20210526,7200,7200,6230,6230,140,000,1050000
63,A217320,йс┼О┼Е,20210525,7200,7210,7200,7200,122,000,1050000
64,A217320,йс┼О┼Е,20210524,11100,11100,8470,8470,22,000,1050000
65,A217320,йс┼О┼Е,20210521,9960,9960,9960,9960,0,000,1050000
66,A217320,йс┼О┼Е,20210520,9980,9980,9980,9980,0,000,1050000
67,A217320,йс┼О┼Е,20210518,10350,10350,10350,10350,301,000,1050000
68,A217320,йс┼О┼Е,20210517,9200,9200,9200,9200,109,000,1050000
69,A217320,йс┼О┼Е,20210514,10800,10800,10800,10800,1,000,1050000
70,A217320,йс┼О┼Е,20210513,10800,10800,10800,10800,1,000,1050000
71,A217320,йс┼О┼Е,20210512,10000,10000,10000,10000,1,000,1050000
72,A217320,йс┼О┼Е,20210511,9100,9100,9100,9100,1,000,1050000
73,A217320,йс┼О┼Е,20210510,8000,8200,8000,8200,127,000,1050000
74,A217320,йс┼О┼Е,20210507,7900,8600,7900,8590,500,000,1050000
75,A217320,йс┼О┼Е,20210506,6900,7480,6900,7480,146,000,1050000
76,A217320,йс┼О┼Е,20210504,6900,6900,6510,6510,146,000,1050000
77,A217320,йс┼О┼Е,20210503,6900,6900,6510,6510,196,000,1050000
78,A217320,йс┼О┼Е,20210430,6350,7300,6000,6000,259,000,1050000
79,A217320,йс┼О┼Е,20210429,6350,6350,6350,6350,158,000,1050000
80,A217320,йс┼О┼Е,20210428,6390,6390,5530,5530,102,000,1050000
81,A217320,йс┼О┼Е,20210427,5560,5560,5560,5560,1,000,1050000
82,A217320,йс┼О┼Е,20210426,6520,6520,6520,6520,51,000,1050000
83,A217320,йс┼О┼Е,20210423,5670,5670,5670,5670,1,000,1050000
84,A217320,йс┼О┼Е,20210422,6650,6650,6650,6650,51,000,1050000
85,A217320,йс┼О┼Е,20210421,5790,5790,5790,5790,1,000,1050000
86,A217320,йс┼О┼Е,20210420,6790,6790,5530,6790,52,000,1050000
87,A217320,йс┼О┼Е,20210419,5910,5910,5910,5910,1,000,1050000
88,A217320,йс┼О┼Е,20210416,7300,7300,6890,6890,138,000,1050000
89,A217320,йс┼О┼Е,20210415,6720,6720,6350,6350,150,000,1050000
90,A217320,йс┼О┼Е,20210414,7250,7250,5850,5850,164,000,1050000
91,A217320,йс┼О┼Е,20210413,7920,7920,6310,6310,128,000,1050000
92,A217320,йс┼О┼Е,20210412,7300,7300,7300,7300,305,000,1050000
93,A217320,йс┼О┼Е,20210409,6630,6630,6350,6350,152,000,1050000
94,A217320,йс┼О┼Е,20210408,6100,6100,5770,5770,167,000,1050000
95,A217320,йс┼О┼Е,20210407,5310,5310,5310,5310,1,000,1050000
96,A217320,йс┼О┼Е,20210406,7680,7680,6060,6060,132,000,1050000
97,A217320,йс┼О┼Е,20210405,7080,7080,7080,7080,110,000,1050000
98,A217320,йс┼О┼Е,20210402,6910,6910,6530,6530,151,000,1050000
99,A217320,йс┼О┼Е,20210401,6010,6010,6010,6010,167,000,1050000
100,A217320,йс┼О┼Е,20210331,5530,5530,5230,5230,182,000,1050000
101,A217320,йс┼О┼Е,20210330,4810,4810,4810,4810,1,000,1050000
102,A217320,йс┼О┼Е,20210329,5980,5980,5650,5650,169,000,1050000
103,A217320,йс┼О┼Е,20210326,7000,7000,5200,5200,8,000,1050000
104,A217320,йс┼О┼Е,20210325,6090,6090,6090,6090,235,000,1050000
105,A217320,йс┼О┼Е,20210324,5300,5300,5300,5300,1,000,1050000
106,A217320,йс┼О┼Е,20210323,5750,5750,5750,5750,174,000,1050000
107,A217320,йс┼О┼Е,20210322,5000,5000,5000,5000,1,000,1050000
108,A217320,йс┼О┼Е,20210319,6090,6090,5750,5750,166,000,1050000
109,A217320,йс┼О┼Е,20210318,5300,5300,5300,5300,1,000,1050000
110,A217320,йс┼О┼Е,20210317,6160,6160,6160,6160,163,000,1050000
111,A217320,йс┼О┼Е,20210316,5360,5360,5360,5360,1,000,1050000
112,A217320,йс┼О┼Е,20210315,6300,6300,6300,6300,1,000,1050000
113,A217320,йс┼О┼Е,20210312,7780,7780,7340,7340,130,000,1050000
114,A217320,йс┼О┼Е,20210311,6780,6780,6780,6780,1,000,1050000
115,A217320,йс┼О┼Е,20210310,7950,7950,7950,7950,1,000,1050000
116,A217320,йс┼О┼Е,20210309,9350,9350,9350,9350,20,000,1050000
117,A217320,йс┼О┼Е,20210308,9350,9350,9350,9350,100,000,1050000
118,A217320,йс┼О┼Е,20210305,10000,10000,9350,9350,200,000,1050000
119,A217320,йс┼О┼Е,20210304,11000,11000,11000,11000,100,000,1050000
120,A217320,йс┼О┼Е,20210303,11500,11500,11500,11500,100,000,1050000
121,A217320,йс┼О┼Е,20210302,12150,12150,12150,12150,0,000,1050000
122,A217320,йс┼О┼Е,20210226,12150,12150,12150,12150,0,000,1050000
123,A217320,йс┼О┼Е,20210225,13300,13300,13300,13300,1,000,1050000
124,A217320,йс┼О┼Е,20210224,11600,11600,11600,11600,0,000,1050000
125,A217320,йс┼О┼Е,20210223,12000,12000,12000,12000,1,000,1050000
126,A217320,йс┼О┼Е,20210222,12950,12950,12950,12950,100,000,1050000
127,A217320,йс┼О┼Е,20210219,14800,14800,14800,14800,0,000,1050000
128,A217320,йс┼О┼Е,20210218,16000,16000,16000,16000,63,000,1050000
129,A217320,йс┼О┼Е,20210217,16000,16000,16000,16000,11,000,1050000
130,A217320,йс┼О┼Е,20210216,14000,14000,14000,14000,1,000,1050000
131,A217320,йс┼О┼Е,20210215,13200,13200,13200,13200,1,000,1050000
132,A217320,йс┼О┼Е,20210210,11500,11500,11500,11500,2,000,1050000
133,A217320,йс┼О┼Е,20210209,10000,10000,10000,10000,0,000,1050000
134,A217320,йс┼О┼Е,20210208,10000,10000,10000,10000,0,000,1050000
135,A217320,йс┼О┼Е,20210205,10000,10000,10000,10000,0,000,1050000
136,A217320,йс┼О┼Е,20210204,10000,10000,10000,10000,6,000,1050000
137,A217320,йс┼О┼Е,20210203,11500,11500,11500,11500,7,000,1050000
138,A217320,йс┼О┼Е,20210202,10000,10000,10000,10000,0,000,1050000
139,A217320,йс┼О┼Е,20210201,10000,10000,10000,10000,0,000,1050000
140,A217320,йс┼О┼Е,20210129,10000,10000,10000,10000,0,000,1050000
141,A217320,йс┼О┼Е,20210128,10000,10000,10000,10000,0,000,1050000
142,A217320,йс┼О┼Е,20210127,10000,10000,10000,10000,0,000,1050000
143,A217320,йс┼О┼Е,20210126,10000,10000,10000,10000,0,000,1050000
144,A217320,йс┼О┼Е,20210125,10000,10000,10000,10000,0,000,1050000
145,A217320,йс┼О┼Е,20210122,10000,10000,10000,10000,0,000,1050000
146,A217320,йс┼О┼Е,20210121,10000,10000,10000,10000,0,000,1050000
147,A217320,йс┼О┼Е,20210120,10000,10000,10000,10000,0,000,1050000
148,A217320,йс┼О┼Е,20210119,10000,10000,10000,10000,0,000,1050000
149,A217320,йс┼О┼Е,20210118,10000,10000,10000,10000,0,000,1050000
150,A217320,йс┼О┼Е,20210115,10000,10000,10000,10000,0,000,1050000
151,A217320,йс┼О┼Е,20210114,10000,10000,10000,10000,0,000,1050000
152,A217320,йс┼О┼Е,20210113,10000,10000,10000,10000,0,000,1050000
153,A217320,йс┼О┼Е,20210112,10000,10000,10000,10000,0,000,1050000
154,A217320,йс┼О┼Е,20210111,10000,10000,10000,10000,0,000,1050000
155,A217320,йс┼О┼Е,20210108,10000,10000,10000,10000,0,000,1050000
156,A217320,йс┼О┼Е,20210107,10000,10000,10000,10000,0,000,1050000
157,A217320,йс┼О┼Е,20210106,9500,9500,9500,9500,1,000,1050000
158,A217320,йс┼О┼Е,20210105,10600,10600,10600,10600,3,000,1050000
159,A217320,йс┼О┼Е,20210104,10600,10600,10600,10600,100,000,1050000
160,A217320,йс┼О┼Е,20201230,10600,10600,10600,10600,0,000,1050000
161,A217320,йс┼О┼Е,20201229,10600,10600,10600,10600,0,000,1050000
162,A217320,йс┼О┼Е,20201228,10600,10600,10600,10600,0,000,1050000
163,A217320,йс┼О┼Е,20201224,10600,10600,10600,10600,0,000,1050000
164,A217320,йс┼О┼Е,20201223,10600,10600,10600,10600,0,000,1050000
165,A217320,йс┼О┼Е,20201222,10600,10600,10600,10600,0,000,1050000
166,A217320,йс┼О┼Е,20201221,10600,10600,10600,10600,0,000,1050000
167,A217320,йс┼О┼Е,20201218,10600,10600,10600,10600,0,000,1050000
168,A217320,йс┼О┼Е,20201217,10600,10600,10600,10600,0,000,1050000
169,A217320,йс┼О┼Е,20201216,10600,10600,10600,10600,0,000,1050000
170,A217320,йс┼О┼Е,20201215,10600,10600,10600,10600,0,000,1050000
171,A217320,йс┼О┼Е,20201214,10600,10600,10600,10600,0,000,1050000
172,A217320,йс┼О┼Е,20201211,10600,10600,10600,10600,0,000,1050000
173,A217320,йс┼О┼Е,20201210,10600,10600,10600,10600,0,000,1050000
174,A217320,йс┼О┼Е,20201209,10600,10600,10600,10600,0,000,1050000
175,A217320,йс┼О┼Е,20201208,10600,10600,10600,10600,0,000,1050000
176,A217320,йс┼О┼Е,20201207,10600,10600,10600,10600,0,000,1050000
177,A217320,йс┼О┼Е,20201204,10600,10600,10600,10600,0,000,1050000
178,A217320,йс┼О┼Е,20201203,10600,10600,10600,10600,0,000,1050000
179,A217320,йс┼О┼Е,20201202,10600,10600,10600,10600,0,000,1050000
180,A217320,йс┼О┼Е,20201201,10600,10600,10600,10600,0,000,1050000
181,A217320,йс┼О┼Е,20201130,10600,10600,10600,10600,0,000,1050000
182,A217320,йс┼О┼Е,20201127,10600,10600,10600,10600,0,000,1050000
183,A217320,йс┼О┼Е,20201126,10600,10600,10600,10600,0,000,1050000
184,A217320,йс┼О┼Е,20201125,10600,10600,10600,10600,0,000,1050000
185,A217320,йс┼О┼Е,20201124,10600,10600,10600,10600,0,000,1050000
186,A217320,йс┼О┼Е,20201123,10600,10600,10600,10600,0,000,1050000
187,A217320,йс┼О┼Е,20201120,10600,10600,10600,10600,0,000,1050000
188,A217320,йс┼О┼Е,20201119,10600,10600,10600,10600,0,000,1050000
189,A217320,йс┼О┼Е,20201118,10600,10600,10600,10600,0,000,1050000
190,A217320,йс┼О┼Е,20201117,10600,10600,10600,10600,0,000,1050000
191,A217320,йс┼О┼Е,20201116,10600,10600,10600,10600,0,000,1050000
192,A217320,йс┼О┼Е,20201113,10600,10600,10600,10600,0,000,1050000
193,A217320,йс┼О┼Е,20201112,10600,10600,10600,10600,0,000,1050000
194,A217320,йс┼О┼Е,20201111,10600,10600,10600,10600,0,000,1050000
195,A217320,йс┼О┼Е,20201110,10600,10600,10600,10600,0,000,1050000
196,A217320,йс┼О┼Е,20201109,10600,10600,10600,10600,0,000,1050000
197,A217320,йс┼О┼Е,20201106,10600,10600,10600,10600,0,000,1050000
198,A217320,йс┼О┼Е,20201105,10600,10600,10600,10600,0,000,1050000
199,A217320,йс┼О┼Е,20201104,10600,10600,10600,10600,0,000,1050000
200,A217320,йс┼О┼Е,20201103,10600,10600,10600,10600,0,000,1050000
201,A217320,йс┼О┼Е,20201102,10600,10600,10600,10600,0,000,1050000
202,A217320,йс┼О┼Е,20201030,10600,10600,10600,10600,0,000,1050000
203,A217320,йс┼О┼Е,20201029,10600,10600,10600,10600,0,000,1050000
204,A217320,йс┼О┼Е,20201028,10600,10600,10600,10600,0,000,1050000
205,A217320,йс┼О┼Е,20201027,10600,10600,10600,10600,0,000,1050000
206,A217320,йс┼О┼Е,20201026,10600,10600,10600,10600,0,000,1050000
207,A217320,йс┼О┼Е,20201023,10600,10600,10600,10600,0,000,1050000
208,A217320,йс┼О┼Е,20201022,10600,10600,10600,10600,0,000,1050000
209,A217320,йс┼О┼Е,20201021,10600,10600,10600,10600,0,000,1050000
210,A217320,йс┼О┼Е,20201020,10600,10600,10600,10600,0,000,1050000
211,A217320,йс┼О┼Е,20201019,10600,10600,10600,10600,0,000,1050000
212,A217320,йс┼О┼Е,20201016,10600,10600,10600,10600,0,000,1050000
213,A217320,йс┼О┼Е,20201015,10600,10600,10600,10600,0,000,1050000
214,A217320,йс┼О┼Е,20201014,10600,10600,10600,10600,0,000,1050000
215,A217320,йс┼О┼Е,20201013,10600,10600,10600,10600,0,000,1050000
216,A217320,йс┼О┼Е,20201012,10600,10600,10600,10600,0,000,1050000
217,A217320,йс┼О┼Е,20201008,10600,10600,10600,10600,0,000,1050000
218,A217320,йс┼О┼Е,20201007,10600,10600,10600,10600,0,000,1050000
219,A217320,йс┼О┼Е,20201006,10600,10600,10600,10600,0,000,1050000
220,A217320,йс┼О┼Е,20201005,10600,10600,10600,10600,0,000,1050000
221,A217320,йс┼О┼Е,20200929,10600,10600,10600,10600,0,000,1050000
222,A217320,йс┼О┼Е,20200928,10600,10600,10600,10600,0,000,1050000
223,A217320,йс┼О┼Е,20200925,10600,10600,10600,10600,0,000,1050000
224,A217320,йс┼О┼Е,20200924,10600,10600,10600,10600,0,000,1050000
225,A217320,йс┼О┼Е,20200923,10600,10600,10600,10600,0,000,1050000
226,A217320,йс┼О┼Е,20200922,10600,10600,10600,10600,0,000,1050000
227,A217320,йс┼О┼Е,20200921,10600,10600,10600,10600,0,000,1050000
228,A217320,йс┼О┼Е,20200918,10600,10600,10600,10600,0,000,1050000
229,A217320,йс┼О┼Е,20200917,10600,10600,10600,10600,0,000,1050000
230,A217320,йс┼О┼Е,20200916,10600,10600,10600,10600,0,000,1050000
231,A217320,йс┼О┼Е,20200915,10600,10600,10600,10600,0,000,1050000
232,A217320,йс┼О┼Е,20200914,10600,10600,10600,10600,0,000,1050000
233,A217320,йс┼О┼Е,20200911,10600,10600,10600,10600,0,000,1050000
234,A217320,йс┼О┼Е,20200910,10600,10600,10600,10600,0,000,1050000
235,A217320,йс┼О┼Е,20200909,10600,10600,10600,10600,0,000,1050000
236,A217320,йс┼О┼Е,20200908,10600,10600,10600,10600,0,000,1050000
237,A217320,йс┼О┼Е,20200907,10600,10600,10600,10600,0,000,1050000
238,A217320,йс┼О┼Е,20200904,10600,10600,10600,10600,0,000,1050000
239,A217320,йс┼О┼Е,20200903,10600,10600,10600,10600,0,000,1050000
240,A217320,йс┼О┼Е,20200902,10600,10600,10600,10600,0,000,1050000
241,A217320,йс┼О┼Е,20200901,10600,10600,10600,10600,0,000,1050000
242,A217320,йс┼О┼Е,20200831,10600,10600,10600,10600,0,000,1050000
243,A217320,йс┼О┼Е,20200828,10600,10600,10600,10600,0,000,1050000
244,A217320,йс┼О┼Е,20200827,10600,10600,10600,10600,0,000,1050000
245,A217320,йс┼О┼Е,20200826,10600,10600,10600,10600,0,000,1050000
246,A217320,йс┼О┼Е,20200825,10600,10600,10600,10600,0,000,1050000
247,A217320,йс┼О┼Е,20200824,10600,10600,10600,10600,0,000,1050000
248,A217320,йс┼О┼Е,20200821,10600,10600,10600,10600,0,000,1050000
249,A217320,йс┼О┼Е,20200820,10600,10600,10600,10600,0,000,1050000
250,A217320,йс┼О┼Е,20200819,10600,10600,10600,10600,0,000,1050000
251,A217320,йс┼О┼Е,20200818,10600,10600,10600,10600,0,000,1050000
252,A217320,йс┼О┼Е,20200814,10600,10600,10600,10600,0,000,1050000
253,A217320,йс┼О┼Е,20200813,10600,10600,10600,10600,0,000,1050000
254,A217320,йс┼О┼Е,20200812,10600,10600,10600,10600,0,000,1050000
255,A217320,йс┼О┼Е,20200811,10600,10600,10600,10600,0,000,1050000
256,A217320,йс┼О┼Е,20200810,10600,10600,10600,10600,0,000,1050000
257,A217320,йс┼О┼Е,20200807,10600,10600,10600,10600,0,000,1050000
258,A217320,йс┼О┼Е,20200806,10600,10600,10600,10600,1,000,1050000
259,A217320,йс┼О┼Е,20200805,10000,10000,10000,10000,0,000,1050000
260,A217320,йс┼О┼Е,20200804,10000,10000,10000,10000,0,000,1050000
261,A217320,йс┼О┼Е,20200803,10000,10000,10000,10000,0,000,1050000
262,A217320,йс┼О┼Е,20200731,10000,10000,10000,10000,0,000,1050000
263,A217320,йс┼О┼Е,20200730,10000,10000,10000,10000,0,000,1050000
264,A217320,йс┼О┼Е,20200729,10000,10000,10000,10000,0,000,1050000
265,A217320,йс┼О┼Е,20200728,10000,10000,10000,10000,0,000,1050000
266,A217320,йс┼О┼Е,20200727,10000,10000,10000,10000,0,000,1050000
267,A217320,йс┼О┼Е,20200724,10000,10000,10000,10000,0,000,1050000
268,A217320,йс┼О┼Е,20200723,10000,10000,10000,10000,0,000,1050000
269,A217320,йс┼О┼Е,20200722,10000,10000,10000,10000,0,000,1050000
270,A217320,йс┼О┼Е,20200721,10000,10000,10000,10000,0,000,1050000
271,A217320,йс┼О┼Е,20200720,10000,10000,10000,10000,0,000,1050000
272,A217320,йс┼О┼Е,20200717,10000,10000,10000,10000,0,000,1050000
273,A217320,йс┼О┼Е,20200716,10000,10000,10000,10000,0,000,1050000
274,A217320,йс┼О┼Е,20200715,10000,10000,10000,10000,0,000,1050000
275,A217320,йс┼О┼Е,20200714,10000,10000,10000,10000,0,000,1050000
276,A217320,йс┼О┼Е,20200713,10000,10000,10000,10000,0,000,1050000
277,A217320,йс┼О┼Е,20200710,10000,10000,10000,10000,0,000,1050000
278,A217320,йс┼О┼Е,20200709,10000,10000,10000,10000,0,000,1050000
279,A217320,йс┼О┼Е,20200708,10000,10000,10000,10000,0,000,1050000
280,A217320,йс┼О┼Е,20200707,10000,10000,10000,10000,0,000,1050000
281,A217320,йс┼О┼Е,20200706,10000,10000,10000,10000,0,000,1050000
282,A217320,йс┼О┼Е,20200703,10000,10000,10000,10000,0,000,1050000
283,A217320,йс┼О┼Е,20200702,10000,10000,10000,10000,0,000,1050000
284,A217320,йс┼О┼Е,20200701,10000,10000,10000,10000,0,000,1050000
285,A217320,йс┼О┼Е,20200630,10000,10000,10000,10000,0,000,1050000
286,A217320,йс┼О┼Е,20200629,10000,10000,10000,10000,0,000,1050000
287,A217320,йс┼О┼Е,20200626,10000,10000,10000,10000,0,000,1050000
288,A217320,йс┼О┼Е,20200625,10000,10000,10000,10000,0,000,1050000
289,A217320,йс┼О┼Е,20200624,10000,10000,10000,10000,0,000,1050000
290,A217320,йс┼О┼Е,20200623,10000,10000,10000,10000,0,000,1050000
291,A217320,йс┼О┼Е,20200622,10000,10000,10000,10000,0,000,1050000
292,A217320,йс┼О┼Е,20200619,10000,10000,10000,10000,0,000,1050000
293,A217320,йс┼О┼Е,20200618,10000,10000,10000,10000,0,000,1050000
294,A217320,йс┼О┼Е,20200617,10000,10000,10000,10000,0,000,1050000
295,A217320,йс┼О┼Е,20200616,10000,10000,10000,10000,0,000,1050000
296,A217320,йс┼О┼Е,20200615,10000,10000,10000,10000,0,000,1050000
297,A217320,йс┼О┼Е,20200612,10000,10000,10000,10000,0,000,1050000
298,A217320,йс┼О┼Е,20200611,10000,10000,10000,10000,0,000,1050000
299,A217320,йс┼О┼Е,20200610,10000,10000,10000,10000,0,000,1050000
300,A217320,йс┼О┼Е,20200609,10000,10000,10000,10000,0,000,1050000
301,A217320,йс┼О┼Е,20200608,10000,10000,10000,10000,0,000,1050000
302,A217320,йс┼О┼Е,20200605,10000,10000,10000,10000,0,000,1050000
303,A217320,йс┼О┼Е,20200604,10000,10000,10000,10000,0,000,1050000
304,A217320,йс┼О┼Е,20200603,10000,10000,10000,10000,0,000,1050000
305,A217320,йс┼О┼Е,20200602,10000,10000,10000,10000,0,000,1050000
306,A217320,йс┼О┼Е,20200601,10000,10000,10000,10000,0,000,1050000
307,A217320,йс┼О┼Е,20200529,10000,10000,10000,10000,0,000,1050000
308,A217320,йс┼О┼Е,20200528,10000,10000,10000,10000,0,000,1050000
309,A217320,йс┼О┼Е,20200527,10000,10000,10000,10000,0,000,1050000
310,A217320,йс┼О┼Е,20200526,10000,10000,10000,10000,0,000,1050000
311,A217320,йс┼О┼Е,20200525,10000,10000,10000,10000,0,000,1050000
312,A217320,йс┼О┼Е,20200522,10000,10000,10000,10000,0,000,1050000
313,A217320,йс┼О┼Е,20200521,10000,10000,10000,10000,0,000,1050000
314,A217320,йс┼О┼Е,20200520,10000,10000,10000,10000,0,000,1050000
315,A217320,йс┼О┼Е,20200519,10000,10000,10000,10000,0,000,1050000
316,A217320,йс┼О┼Е,20200518,10000,10000,10000,10000,0,000,1050000
317,A217320,йс┼О┼Е,20200515,10000,10000,10000,10000,0,000,1050000
318,A217320,йс┼О┼Е,20200514,10000,10000,10000,10000,0,000,1050000
319,A217320,йс┼О┼Е,20200513,10000,10000,10000,10000,0,000,1050000
320,A217320,йс┼О┼Е,20200512,10000,10000,10000,10000,0,000,1050000
321,A217320,йс┼О┼Е,20200511,10000,10000,10000,10000,0,000,1050000
322,A217320,йс┼О┼Е,20200508,10000,10000,10000,10000,0,000,1050000
323,A217320,йс┼О┼Е,20200507,10000,10000,10000,10000,0,000,1050000
324,A217320,йс┼О┼Е,20200506,10000,10000,10000,10000,0,000,1050000
325,A217320,йс┼О┼Е,20200504,10000,10000,10000,10000,0,000,1050000
326,A217320,йс┼О┼Е,20200429,10000,10000,10000,10000,0,000,1050000
327,A217320,йс┼О┼Е,20200428,10000,10000,10000,10000,0,000,1050000
328,A217320,йс┼О┼Е,20200427,10000,10000,10000,10000,0,000,1050000
329,A217320,йс┼О┼Е,20200424,10000,10000,10000,10000,0,000,1050000
330,A217320,йс┼О┼Е,20200423,10000,10000,10000,10000,0,000,1050000
331,A217320,йс┼О┼Е,20200422,10000,10000,10000,10000,0,000,1050000
332,A217320,йс┼О┼Е,20200421,10000,10000,10000,10000,0,000,1050000
333,A217320,йс┼О┼Е,20200420,10000,10000,10000,10000,0,000,1050000
334,A217320,йс┼О┼Е,20200417,10000,10000,10000,10000,0,000,1050000
335,A217320,йс┼О┼Е,20200416,10000,10000,10000,10000,0,000,1050000
336,A217320,йс┼О┼Е,20200414,10000,10000,10000,10000,0,000,1050000
337,A217320,йс┼О┼Е,20200413,10000,10000,10000,10000,0,000,1050000
338,A217320,йс┼О┼Е,20200410,10000,10000,10000,10000,0,000,1050000
339,A217320,йс┼О┼Е,20200409,10000,10000,10000,10000,0,000,1050000
340,A217320,йс┼О┼Е,20200408,10000,10000,10000,10000,0,000,1050000
341,A217320,йс┼О┼Е,20200407,10000,10000,10000,10000,0,000,1050000
342,A217320,йс┼О┼Е,20200406,10000,10000,10000,10000,2,000,1050000
343,A217320,йс┼О┼Е,20200403,10000,10000,10000,10000,0,000,1050000
344,A217320,йс┼О┼Е,20200402,10000,10000,10000,10000,0,000,1050000
345,A217320,йс┼О┼Е,20200401,10000,10000,10000,10000,0,000,1050000
346,A217320,йс┼О┼Е,20200331,10000,10000,10000,10000,0,000,1050000
347,A217320,йс┼О┼Е,20200330,10000,10000,10000,10000,0,000,1050000
348,A217320,йс┼О┼Е,20200327,10000,10000,10000,10000,0,000,1050000
349,A217320,йс┼О┼Е,20200326,10000,10000,10000,10000,0,000,1050000
350,A217320,йс┼О┼Е,20200325,10000,10000,10000,10000,0,000,1050000
351,A217320,йс┼О┼Е,20200324,10000,10000,10000,10000,0,000,1050000
352,A217320,йс┼О┼Е,20200323,10000,10000,10000,10000,0,000,1050000
353,A217320,йс┼О┼Е,20200320,10000,10000,10000,10000,0,000,1050000
354,A217320,йс┼О┼Е,20200319,10000,10000,10000,10000,0,000,1050000
355,A217320,йс┼О┼Е,20200318,10000,10000,10000,10000,0,000,1050000
356,A217320,йс┼О┼Е,20200317,10000,10000,10000,10000,0,000,1050000
357,A217320,йс┼О┼Е,20200316,10000,10000,10000,10000,0,000,1050000
358,A217320,йс┼О┼Е,20200313,10000,10000,10000,10000,0,000,1050000
359,A217320,йс┼О┼Е,20200312,10000,10000,10000,10000,0,000,1050000
360,A217320,йс┼О┼Е,20200311,10000,10000,10000,10000,0,000,1050000
361,A217320,йс┼О┼Е,20200310,10000,10000,10000,10000,0,000,1050000
362,A217320,йс┼О┼Е,20200309,10000,10000,10000,10000,0,000,1050000
363,A217320,йс┼О┼Е,20200306,10000,10000,10000,10000,0,000,1050000
364,A217320,йс┼О┼Е,20200305,10000,10000,10000,10000,0,000,1050000
365,A217320,йс┼О┼Е,20200304,10000,10000,10000,10000,0,000,1050000
366,A217320,йс┼О┼Е,20200303,10000,10000,10000,10000,0,000,1050000
367,A217320,йс┼О┼Е,20200302,10000,10000,10000,10000,0,000,1050000
368,A217320,йс┼О┼Е,20200228,10000,10000,10000,10000,0,000,1050000
369,A217320,йс┼О┼Е,20200227,10000,10000,10000,10000,0,000,1050000
370,A217320,йс┼О┼Е,20200226,10000,10000,10000,10000,0,000,1050000
371,A217320,йс┼О┼Е,20200225,10000,10000,10000,10000,0,000,1050000
372,A217320,йс┼О┼Е,20200224,10000,10000,10000,10000,0,000,1050000
373,A217320,йс┼О┼Е,20200221,10000,10000,10000,10000,0,000,1050000
374,A217320,йс┼О┼Е,20200220,10000,10000,10000,10000,0,000,1050000
375,A217320,йс┼О┼Е,20200219,10000,10000,10000,10000,0,000,1050000
376,A217320,йс┼О┼Е,20200218,10000,10000,10000,10000,0,000,1050000
377,A217320,йс┼О┼Е,20200217,10000,10000,10000,10000,0,000,1050000
378,A217320,йс┼О┼Е,20200214,10000,10000,10000,10000,0,000,1050000
379,A217320,йс┼О┼Е,20200213,10000,10000,10000,10000,0,000,1050000
380,A217320,йс┼О┼Е,20200212,10000,10000,10000,10000,0,000,1050000
381,A217320,йс┼О┼Е,20200211,10000,10000,10000,10000,0,000,1050000
382,A217320,йс┼О┼Е,20200210,10000,10000,10000,10000,0,000,1050000
383,A217320,йс┼О┼Е,20200207,10000,10000,10000,10000,0,000,1050000
384,A217320,йс┼О┼Е,20200206,10000,10000,10000,10000,0,000,1050000
385,A217320,йс┼О┼Е,20200205,10000,10000,10000,10000,0,000,1050000
386,A217320,йс┼О┼Е,20200204,10000,10000,10000,10000,0,000,1050000
387,A217320,йс┼О┼Е,20200203,10000,10000,10000,10000,0,000,1050000
388,A217320,йс┼О┼Е,20200131,10000,10000,10000,10000,0,000,1050000
389,A217320,йс┼О┼Е,20200130,10000,10000,10000,10000,0,000,1050000
390,A217320,йс┼О┼Е,20200129,10000,10000,10000,10000,0,000,1050000
391,A217320,йс┼О┼Е,20200128,10000,10000,10000,10000,0,000,1050000
392,A217320,йс┼О┼Е,20200123,10000,10000,10000,10000,0,000,1050000
393,A217320,йс┼О┼Е,20200122,10000,10000,10000,10000,0,000,1050000
394,A217320,йс┼О┼Е,20200121,10000,10000,10000,10000,0,000,1050000
395,A217320,йс┼О┼Е,20200120,10000,10000,10000,10000,0,000,1050000
396,A217320,йс┼О┼Е,20200117,10000,10000,10000,10000,0,000,1050000
397,A217320,йс┼О┼Е,20200116,10000,10000,10000,10000,0,000,1050000
398,A217320,йс┼О┼Е,20200115,10000,10000,10000,10000,0,000,1050000
399,A217320,йс┼О┼Е,20200114,10000,10000,10000,10000,0,000,1050000
400,A217320,йс┼О┼Е,20200113,10000,10000,10000,10000,0,000,1050000
401,A217320,йс┼О┼Е,20200110,10000,10000,10000,10000,0,000,1050000
402,A217320,йс┼О┼Е,20200109,10000,10000,10000,10000,0,000,1050000
403,A217320,йс┼О┼Е,20200108,10000,10000,10000,10000,0,000,1050000
404,A217320,йс┼О┼Е,20200107,10000,10000,10000,10000,0,000,1050000
405,A217320,йс┼О┼Е,20200106,10000,10000,10000,10000,0,000,1050000
406,A217320,йс┼О┼Е,20200103,10000,10000,10000,10000,0,000,1050000
407,A217320,йс┼О┼Е,20200102,10000,10000,10000,10000,0,000,1050000
408,A217320,йс┼О┼Е,20191230,10000,10000,10000,10000,0,000,1050000
409,A217320,йс┼О┼Е,20191227,10000,10000,10000,10000,0,000,1050000
410,A217320,йс┼О┼Е,20191226,10000,10000,10000,10000,0,000,1050000
411,A217320,йс┼О┼Е,20191224,10000,10000,10000,10000,0,000,1050000
412,A217320,йс┼О┼Е,20191223,10000,10000,10000,10000,0,000,1050000
413,A217320,йс┼О┼Е,20191220,10000,10000,10000,10000,0,000,1050000
414,A217320,йс┼О┼Е,20191219,10000,10000,10000,10000,0,000,1050000
415,A217320,йс┼О┼Е,20191218,10000,10000,10000,10000,0,000,1050000
416,A217320,йс┼О┼Е,20191217,10000,10000,10000,10000,0,000,1050000
417,A217320,йс┼О┼Е,20191216,10000,10000,10000,10000,0,000,1050000
418,A217320,йс┼О┼Е,20191213,10000,10000,10000,10000,0,000,1050000
419,A217320,йс┼О┼Е,20191212,10000,10000,10000,10000,0,000,1050000
420,A217320,йс┼О┼Е,20191211,10000,10000,10000,10000,0,000,1050000
421,A217320,йс┼О┼Е,20191210,10000,10000,10000,10000,0,000,1050000
422,A217320,йс┼О┼Е,20191209,10000,10000,10000,10000,0,000,1050000
423,A217320,йс┼О┼Е,20191206,10000,10000,10000,10000,0,000,1050000
424,A217320,йс┼О┼Е,20191205,10000,10000,10000,10000,0,000,1050000
425,A217320,йс┼О┼Е,20191204,10000,10000,10000,10000,0,000,1050000
426,A217320,йс┼О┼Е,20191203,10000,10000,10000,10000,0,000,1050000
427,A217320,йс┼О┼Е,20191202,10000,10000,10000,10000,0,000,1050000
428,A217320,йс┼О┼Е,20191129,10000,10000,10000,10000,0,000,1050000
429,A217320,йс┼О┼Е,20191128,10000,10000,10000,10000,0,000,1050000
430,A217320,йс┼О┼Е,20191127,10000,10000,10000,10000,0,000,1050000
431,A217320,йс┼О┼Е,20191126,10000,10000,10000,10000,0,000,1050000
432,A217320,йс┼О┼Е,20191125,10000,10000,10000,10000,0,000,1050000
433,A217320,йс┼О┼Е,20191122,10000,10000,10000,10000,0,000,1050000
434,A217320,йс┼О┼Е,20191121,10000,10000,10000,10000,0,000,1050000
435,A217320,йс┼О┼Е,20191120,10000,10000,10000,10000,0,000,1050000
436,A217320,йс┼О┼Е,20191119,10000,10000,10000,10000,0,000,1050000
437,A217320,йс┼О┼Е,20191118,10000,10000,10000,10000,0,000,1050000
438,A217320,йс┼О┼Е,20191115,10000,10000,10000,10000,0,000,1050000
439,A217320,йс┼О┼Е,20191114,10000,10000,10000,10000,0,000,1050000
440,A217320,йс┼О┼Е,20191113,10000,10000,10000,10000,0,000,1050000
441,A217320,йс┼О┼Е,20191112,10000,10000,10000,10000,0,000,1050000
442,A217320,йс┼О┼Е,20191111,10000,10000,10000,10000,0,000,1050000
443,A217320,йс┼О┼Е,20191108,10000,10000,10000,10000,0,000,1050000
444,A217320,йс┼О┼Е,20191107,10000,10000,10000,10000,0,000,1050000
445,A217320,йс┼О┼Е,20191106,10000,10000,10000,10000,0,000,1050000
446,A217320,йс┼О┼Е,20191105,10000,10000,10000,10000,0,000,1050000
447,A217320,йс┼О┼Е,20191104,10000,10000,10000,10000,0,000,1050000
448,A217320,йс┼О┼Е,20191101,10000,10000,10000,10000,0,000,1050000
449,A217320,йс┼О┼Е,20191031,10000,10000,10000,10000,0,000,1050000
450,A217320,йс┼О┼Е,20191030,10000,10000,10000,10000,0,000,1050000
451,A217320,йс┼О┼Е,20191029,10000,10000,10000,10000,0,000,1050000
452,A217320,йс┼О┼Е,20191028,10000,10000,10000,10000,0,000,1050000
453,A217320,йс┼О┼Е,20191025,10000,10000,10000,10000,0,000,1050000
454,A217320,йс┼О┼Е,20191024,10000,10000,10000,10000,0,000,1050000
455,A217320,йс┼О┼Е,20191023,10000,10000,10000,10000,0,000,1050000
456,A217320,йс┼О┼Е,20191022,10000,10000,10000,10000,0,000,1050000
457,A217320,йс┼О┼Е,20191021,10000,10000,10000,10000,0,000,1050000
458,A217320,йс┼О┼Е,20191018,10000,10000,10000,10000,0,000,1050000
459,A217320,йс┼О┼Е,20191017,10000,10000,10000,10000,0,000,1050000
460,A217320,йс┼О┼Е,20191016,10000,10000,10000,10000,0,000,1050000
461,A217320,йс┼О┼Е,20191015,10000,10000,10000,10000,0,000,1050000
462,A217320,йс┼О┼Е,20191014,10000,10000,10000,10000,0,000,1050000
463,A217320,йс┼О┼Е,20191011,10000,10000,10000,10000,0,000,1050000
464,A217320,йс┼О┼Е,20191010,10000,10000,10000,10000,0,000,1050000
465,A217320,йс┼О┼Е,20191008,10000,10000,10000,10000,95,000,1050000
466,A217320,йс┼О┼Е,20191007,10000,10000,10000,10000,0,000,1050000
467,A217320,йс┼О┼Е,20191004,10000,10000,10000,10000,0,000,1050000
468,A217320,йс┼О┼Е,20191002,10000,10000,10000,10000,0,000,1050000
469,A217320,йс┼О┼Е,20191001,10000,10000,10000,10000,0,000,1050000
470,A217320,йс┼О┼Е,20190930,10000,10000,10000,10000,0,000,1050000
471,A217320,йс┼О┼Е,20190927,10000,10000,10000,10000,0,000,1050000
472,A217320,йс┼О┼Е,20190926,10000,10000,10000,10000,0,000,1050000
473,A217320,йс┼О┼Е,20190925,10000,10000,10000,10000,0,000,1050000
474,A217320,йс┼О┼Е,20190924,10000,10000,10000,10000,0,000,1050000
475,A217320,йс┼О┼Е,20190923,10000,10000,10000,10000,0,000,1050000
476,A217320,йс┼О┼Е,20190920,10000,10000,10000,10000,0,000,1050000
477,A217320,йс┼О┼Е,20190919,10000,10000,10000,10000,0,000,1050000
478,A217320,йс┼О┼Е,20190918,10000,10000,10000,10000,0,000,1050000
479,A217320,йс┼О┼Е,20190917,10000,10000,10000,10000,0,000,1050000
480,A217320,йс┼О┼Е,20190916,10000,10000,10000,10000,0,000,1050000
481,A217320,йс┼О┼Е,20190911,10000,10000,10000,10000,0,000,1050000
482,A217320,йс┼О┼Е,20190910,10000,10000,10000,10000,0,000,1050000
483,A217320,йс┼О┼Е,20190909,10000,10000,10000,10000,0,000,1050000
484,A217320,йс┼О┼Е,20190906,10000,10000,10000,10000,0,000,1050000
485,A217320,йс┼О┼Е,20190905,10000,10000,10000,10000,0,000,1050000
486,A217320,йс┼О┼Е,20190904,10000,10000,10000,10000,0,000,1050000
487,A217320,йс┼О┼Е,20190903,10000,10000,10000,10000,0,000,1050000
488,A217320,йс┼О┼Е,20190902,10000,10000,10000,10000,0,000,1050000
489,A217320,йс┼О┼Е,20190830,10000,10000,10000,10000,0,000,1050000
490,A217320,йс┼О┼Е,20190829,10000,10000,10000,10000,0,000,1050000
491,A217320,йс┼О┼Е,20190828,10000,10000,10000,10000,0,000,1050000
492,A217320,йс┼О┼Е,20190827,10000,10000,10000,10000,0,000,1050000
493,A217320,йс┼О┼Е,20190826,10000,10000,10000,10000,0,000,1050000
494,A217320,йс┼О┼Е,20190823,10000,10000,10000,10000,0,000,1050000
495,A217320,йс┼О┼Е,20190822,10000,10000,10000,10000,0,000,1050000
496,A217320,йс┼О┼Е,20190821,10000,10000,10000,10000,0,000,1050000
497,A217320,йс┼О┼Е,20190820,10000,10000,10000,10000,0,000,1050000
498,A217320,йс┼О┼Е,20190819,10000,10000,10000,10000,1,000,1050000
499,A217320,йс┼О┼Е,20190816,10000,10000,10000,10000,10,000,1050000
500,A217320,йс┼О┼Е,20190814,10000,10000,10000,10000,35,000,1050000
501,A217320,йс┼О┼Е,20190813,10000,10000,10000,10000,0,000,1050000
502,A217320,йс┼О┼Е,20190812,10000,10000,10000,10000,0,000,1050000
503,A217320,йс┼О┼Е,20190809,10000,10000,10000,10000,0,000,1050000
504,A217320,йс┼О┼Е,20190808,10000,10000,10000,10000,0,000,1050000
505,A217320,йс┼О┼Е,20190807,10000,10000,10000,10000,0,000,1050000
506,A217320,йс┼О┼Е,20190806,10000,10000,10000,10000,0,000,1050000
507,A217320,йс┼О┼Е,20190805,10000,10000,10000,10000,0,000,1050000
508,A217320,йс┼О┼Е,20190802,10000,10000,10000,10000,0,000,1050000
509,A217320,йс┼О┼Е,20190801,10000,10000,10000,10000,0,000,1050000
510,A217320,йс┼О┼Е,20190731,10000,10000,10000,10000,0,000,1050000
511,A217320,йс┼О┼Е,20190730,10000,10000,10000,10000,0,000,1050000
512,A217320,йс┼О┼Е,20190729,10000,10000,10000,10000,0,000,1050000
513,A217320,йс┼О┼Е,20190726,10000,10000,10000,10000,0,000,1050000
514,A217320,йс┼О┼Е,20190725,10000,10000,10000,10000,0,000,1050000
515,A217320,йс┼О┼Е,20190724,10000,10000,10000,10000,0,000,1050000
516,A217320,йс┼О┼Е,20190723,10000,10000,10000,10000,0,000,1050000
517,A217320,йс┼О┼Е,20190722,10000,10000,10000,10000,0,000,1050000
518,A217320,йс┼О┼Е,20190719,10000,10000,10000,10000,0,000,1050000
519,A217320,йс┼О┼Е,20190718,10000,10000,10000,10000,0,000,1050000
520,A217320,йс┼О┼Е,20190717,10000,10000,10000,10000,0,000,1050000
521,A217320,йс┼О┼Е,20190716,10000,10000,10000,10000,0,000,1050000
522,A217320,йс┼О┼Е,20190715,10000,10000,10000,10000,0,000,1050000
523,A217320,йс┼О┼Е,20190712,10000,10000,10000,10000,0,000,1050000
524,A217320,йс┼О┼Е,20190711,10000,10000,10000,10000,0,000,1050000
525,A217320,йс┼О┼Е,20190710,10000,10000,10000,10000,0,000,1050000
526,A217320,йс┼О┼Е,20190709,10000,10000,10000,10000,0,000,1050000
527,A217320,йс┼О┼Е,20190708,10000,10000,10000,10000,0,000,1050000
528,A217320,йс┼О┼Е,20190705,10000,10000,10000,10000,0,000,1050000
529,A217320,йс┼О┼Е,20190704,10000,10000,10000,10000,0,000,1050000
530,A217320,йс┼О┼Е,20190703,10000,10000,10000,10000,0,000,1050000
531,A217320,йс┼О┼Е,20190702,10000,10000,10000,10000,0,000,1050000
532,A217320,йс┼О┼Е,20190701,10000,10000,10000,10000,0,000,1050000
533,A217320,йс┼О┼Е,20190628,10000,10000,10000,10000,0,000,1050000
534,A217320,йс┼О┼Е,20190627,10000,10000,10000,10000,0,000,1050000
535,A217320,йс┼О┼Е,20190626,10000,10000,10000,10000,0,000,1050000
536,A217320,йс┼О┼Е,20190625,10000,10000,10000,10000,0,000,1050000
537,A217320,йс┼О┼Е,20190624,10000,10000,10000,10000,0,000,1050000
538,A217320,йс┼О┼Е,20190621,10000,10000,10000,10000,0,000,1050000
539,A217320,йс┼О┼Е,20190620,10000,10000,10000,10000,0,000,1050000
540,A217320,йс┼О┼Е,20190619,10000,10000,10000,10000,0,000,1050000
541,A217320,йс┼О┼Е,20190618,10000,10000,10000,10000,0,000,1050000
542,A217320,йс┼О┼Е,20190617,10000,10000,10000,10000,0,000,1050000
543,A217320,йс┼О┼Е,20190614,10000,10000,10000,10000,0,000,1050000
544,A217320,йс┼О┼Е,20190613,10000,10000,10000,10000,0,000,1050000
545,A217320,йс┼О┼Е,20190612,10000,10000,10000,10000,0,000,1050000
546,A217320,йс┼О┼Е,20190611,10000,10000,10000,10000,0,000,1050000
547,A217320,йс┼О┼Е,20190610,10000,10000,10000,10000,0,000,1050000
548,A217320,йс┼О┼Е,20190607,10000,10000,10000,10000,0,000,1050000
549,A217320,йс┼О┼Е,20190605,10000,10000,10000,10000,0,000,1050000
550,A217320,йс┼О┼Е,20190604,10000,10000,10000,10000,0,000,1050000
551,A217320,йс┼О┼Е,20190603,10000,10000,10000,10000,1,000,1050000
552,A217320,йс┼О┼Е,20190531,10000,10000,10000,10000,0,000,1050000
553,A217320,йс┼О┼Е,20190530,10000,10000,10000,10000,0,000,1050000
554,A217320,йс┼О┼Е,20190529,10000,10000,10000,10000,0,000,1050000
555,A217320,йс┼О┼Е,20190528,10000,10000,10000,10000,0,000,1050000
556,A217320,йс┼О┼Е,20190527,10000,10000,10000,10000,0,000,1050000
557,A217320,йс┼О┼Е,20190524,10000,10000,10000,10000,0,000,1050000
558,A217320,йс┼О┼Е,20190523,10000,10000,10000,10000,0,000,1050000
559,A217320,йс┼О┼Е,20190522,10000,10000,10000,10000,0,000,1050000
560,A217320,йс┼О┼Е,20190521,10000,10000,10000,10000,0,000,1050000
561,A217320,йс┼О┼Е,20190520,10000,10000,10000,10000,0,000,1050000
562,A217320,йс┼О┼Е,20190517,10000,10000,10000,10000,0,000,1050000
563,A217320,йс┼О┼Е,20190516,10000,10000,10000,10000,0,000,1050000
564,A217320,йс┼О┼Е,20190515,10000,10000,10000,10000,0,000,1050000
565,A217320,йс┼О┼Е,20190514,10000,10000,10000,10000,0,000,1050000
566,A217320,йс┼О┼Е,20190513,10000,10000,10000,10000,0,000,1050000
567,A217320,йс┼О┼Е,20190510,10000,10000,10000,10000,0,000,1050000
568,A217320,йс┼О┼Е,20190509,10000,10000,10000,10000,0,000,1050000
569,A217320,йс┼О┼Е,20190508,10000,10000,10000,10000,0,000,1050000
570,A217320,йс┼О┼Е,20190507,10000,10000,10000,10000,0,000,1050000
571,A217320,йс┼О┼Е,20190503,10000,10000,10000,10000,3,000,1050000
572,A217320,йс┼О┼Е,20190502,10000,10000,10000,10000,3,000,1050000
573,A217320,йс┼О┼Е,20190430,10000,10000,10000,10000,3,000,1050000
574,A217320,йс┼О┼Е,20190429,10000,10000,10000,10000,5,000,1050000
575,A217320,йс┼О┼Е,20190426,10000,10000,10000,10000,0,000,1050000
576,A217320,йс┼О┼Е,20190425,10000,10000,10000,10000,0,000,1050000
577,A217320,йс┼О┼Е,20190424,10000,10000,10000,10000,0,000,1050000
578,A217320,йс┼О┼Е,20190423,10000,10000,10000,10000,0,000,1050000
579,A217320,йс┼О┼Е,20190422,10000,10000,10000,10000,0,000,1050000
580,A217320,йс┼О┼Е,20190419,10000,10000,10000,10000,0,000,1050000
581,A217320,йс┼О┼Е,20190418,10000,10000,10000,10000,0,000,1050000
582,A217320,йс┼О┼Е,20190417,10000,10000,10000,10000,0,000,1050000
583,A217320,йс┼О┼Е,20190416,10000,10000,10000,10000,0,000,1050000
584,A217320,йс┼О┼Е,20190415,10000,10000,10000,10000,2,000,1050000
585,A217320,йс┼О┼Е,20190412,10000,10000,10000,10000,3,000,1050000
586,A217320,йс┼О┼Е,20190411,10000,10000,10000,10000,2,000,1050000
587,A217320,йс┼О┼Е,20190410,10000,10000,10000,10000,0,000,1050000
588,A217320,йс┼О┼Е,20190409,10000,10000,10000,10000,0,000,1050000
589,A217320,йс┼О┼Е,20190408,10000,10000,10000,10000,0,000,1050000
590,A217320,йс┼О┼Е,20190405,10000,10000,10000,10000,0,000,1050000
591,A217320,йс┼О┼Е,20190404,10000,10000,10000,10000,3,000,1050000
592,A217320,йс┼О┼Е,20190403,10000,10000,10000,10000,3,000,1050000
593,A217320,йс┼О┼Е,20190402,10000,10000,10000,10000,0,000,1050000
594,A217320,йс┼О┼Е,20190401,10000,10000,10000,10000,2,000,1050000
595,A217320,йс┼О┼Е,20190329,10000,10000,10000,10000,0,000,1050000
596,A217320,йс┼О┼Е,20190328,10000,10000,10000,10000,0,000,1050000
597,A217320,йс┼О┼Е,20190327,10000,10000,10000,10000,0,000,1050000
598,A217320,йс┼О┼Е,20190326,10000,10000,10000,10000,0,000,1050000
599,A217320,йс┼О┼Е,20190325,10000,10000,10000,10000,0,000,1050000
600,A217320,йс┼О┼Е,20190322,10000,10000,10000,10000,0,000,1050000
601,A217320,йс┼О┼Е,20190321,10000,10000,10000,10000,0,000,1050000
602,A217320,йс┼О┼Е,20190320,10000,10000,10000,10000,1,000,1050000
603,A217320,йс┼О┼Е,20190319,10000,10000,10000,10000,0,000,1050000
604,A217320,йс┼О┼Е,20190318,10000,10000,10000,10000,0,000,1050000
605,A217320,йс┼О┼Е,20190315,10000,10000,10000,10000,0,000,1050000
606,A217320,йс┼О┼Е,20190314,10000,10000,10000,10000,0,000,1050000
607,A217320,йс┼О┼Е,20190313,10000,10000,10000,10000,0,000,1050000
608,A217320,йс┼О┼Е,20190312,10000,10000,10000,10000,0,000,1050000
609,A217320,йс┼О┼Е,20190311,10000,10000,10000,10000,10,000,1050000
610,A217320,йс┼О┼Е,20190308,10000,10000,10000,10000,0,000,1050000
611,A217320,йс┼О┼Е,20190307,9550,9550,9550,9550,0,000,1050000
612,A217320,йс┼О┼Е,20190306,9000,9000,9000,9000,0,000,1050000
613,A217320,йс┼О┼Е,20190305,9000,9000,9000,9000,0,000,1050000
614,A217320,йс┼О┼Е,20190304,8500,8500,8500,8500,0,000,1050000
615,A217320,йс┼О┼Е,20190228,8500,8500,8500,8500,0,000,1050000
616,A217320,йс┼О┼Е,20190227,8000,8000,8000,8000,99,000,1050000
617,A217320,йс┼О┼Е,20190226,8000,8000,8000,8000,125,000,1050000
618,A217320,йс┼О┼Е,20190225,8000,8000,8000,8000,125,000,1050000
619,A217320,йс┼О┼Е,20190222,8000,8000,7250,8000,128,000,1050000
620,A217320,йс┼О┼Е,20190221,8500,8500,8500,8500,118,000,1050000
621,A217320,йс┼О┼Е,20190220,8500,8500,8500,8500,118,000,1050000
622,A217320,йс┼О┼Е,20190219,9000,9000,9000,9000,112,000,1050000
623,A217320,йс┼О┼Е,20190218,8500,9000,8500,9000,238,000,1050000
624,A217320,йс┼О┼Е,20190215,9650,9650,9650,9650,104,000,1050000
625,A217320,йс┼О┼Е,20190214,9650,9650,9650,9650,114,000,1050000
626,A217320,йс┼О┼Е,20190213,9650,9650,9650,9650,104,000,1050000
627,A217320,йс┼О┼Е,20190212,9650,9650,9650,9650,104,000,1050000
628,A217320,йс┼О┼Е,20190211,9650,9650,9650,9650,104,000,1050000
629,A217320,йс┼О┼Е,20190208,9650,10000,9650,10000,105,000,1050000
630,A217320,йс┼О┼Е,20190207,9650,10200,9650,10200,105,000,1050000
631,A217320,йс┼О┼Е,20190201,10000,10000,10000,10000,100,000,1050000
632,A217320,йс┼О┼Е,20190131,10000,10000,10000,10000,100,000,1050000
633,A217320,йс┼О┼Е,20190130,10000,10600,10000,10600,101,000,1050000
634,A217320,йс┼О┼Е,20190129,10500,11100,10500,11100,101,000,1050000
635,A217320,йс┼О┼Е,20190128,12000,12000,12000,12000,1,000,1050000
636,A217320,йс┼О┼Е,20190125,10500,10500,10500,10500,100,000,1050000
637,A217320,йс┼О┼Е,20190124,11650,12300,11650,12300,101,000,1050000
638,A217320,йс┼О┼Е,20190123,13600,13600,13600,13600,1,000,1050000
639,A217320,йс┼О┼Е,20190122,8800,11900,8800,11900,2,000,1050000
640,A217320,йс┼О┼Е,20190121,9800,10350,9800,10350,104,000,1050000
641,A217320,йс┼О┼Е,20190118,8500,11500,8500,11500,2,000,1050000
642,A217320,йс┼О┼Е,20190117,12550,12550,10000,10000,2,000,1050000
643,A217320,йс┼О┼Е,20190116,10950,10950,10950,10950,1,000,1050000
644,A217320,йс┼О┼Е,20190115,9550,9550,9550,9550,105,000,1050000
645,A217320,йс┼О┼Е,20190114,11200,11200,11200,11200,1,000,1050000
646,A217320,йс┼О┼Е,20190111,9770,9770,9770,9770,1,000,1050000
647,A217320,йс┼О┼Е,20190110,8020,8500,8020,8500,126,000,1050000
648,A217320,йс┼О┼Е,20190109,8900,9430,8900,9430,114,000,1050000
649,A217320,йс┼О┼Е,20190108,10450,10450,10450,10450,1,000,1050000
650,A217320,йс┼О┼Е,20190107,9090,9090,9090,9090,1,000,1050000
651,A217320,йс┼О┼Е,20190104,7470,7910,7470,7910,135,000,1050000
652,A217320,йс┼О┼Е,20190103,8290,8780,8290,8780,122,000,1050000
653,A217320,йс┼О┼Е,20190102,9200,9750,9200,9750,110,000,1050000
654,A217320,йс┼О┼Е,20181228,10200,10800,10200,10800,101,000,1050000
655,A217320,йс┼О┼Е,20181227,11900,11900,11900,11900,1,000,1050000
656,A217320,йс┼О┼Е,20181226,10350,10350,10350,10350,1,000,1050000
657,A217320,йс┼О┼Е,20181224,8500,9010,8500,9010,119,000,1050000
658,A217320,йс┼О┼Е,20181221,9990,9990,9990,9990,1,000,1050000
659,A217320,йс┼О┼Е,20181220,8200,8690,8200,8690,123,000,1050000
660,A217320,йс┼О┼Е,20181219,9100,9640,9100,9640,111,000,1050000
661,A217320,йс┼О┼Е,20181218,10700,10700,10700,10700,1,000,1050000
662,A217320,йс┼О┼Е,20181217,9310,9310,9310,9310,1,000,1050000
663,A217320,йс┼О┼Е,20181214,7650,8100,7650,8100,132,000,1050000
664,A217320,йс┼О┼Е,20181213,8990,8990,8990,8990,1,000,1050000
665,A217320,йс┼О┼Е,20181212,7380,7820,7380,7820,137,000,1050000
666,A217320,йс┼О┼Е,20181211,8680,8680,8680,8680,1,000,1050000
667,A217320,йс┼О┼Е,20181210,7130,7550,7130,7550,142,000,1050000
668,A217320,йс┼О┼Е,20181207,6200,8380,6200,8380,201,000,1050000
669,A217320,йс┼О┼Е,20181206,7290,7290,7290,7290,124,000,1050000
670,A217320,йс┼О┼Е,20181205,7030,7450,7030,7450,144,000,1050000
671,A217320,йс┼О┼Е,20181204,6860,6860,6480,6480,147,000,1050000
672,A217320,йс┼О┼Е,20181203,6320,6320,5970,5970,160,000,1050000
673,A217320,йс┼О┼Е,20181130,5500,5500,5500,5500,1,000,1050000
674,A217320,йс┼О┼Е,20181129,6650,6650,5220,5220,152,000,1050000
675,A217320,йс┼О┼Е,20181128,7800,7800,6130,6130,129,000,1050000
676,A217320,йс┼О┼Е,20181127,7190,7190,7190,7190,242,000,1050000
677,A217320,йс┼О┼Е,20181126,6630,6630,6260,6260,152,000,1050000
678,A217320,йс┼О┼Е,20181123,6110,6110,5770,5770,165,000,1050000
679,A217320,йс┼О┼Е,20181122,5630,5630,5320,5320,179,000,1050000
680,A217320,йс┼О┼Е,20181121,4900,4900,4900,4900,1,000,1050000
681,A217320,йс┼О┼Е,20181120,6090,6090,5750,5750,168,000,1050000
682,A217320,йс┼О┼Е,20181119,5610,5610,5300,5300,183,000,1050000
683,A217320,йс┼О┼Е,20181116,5170,5170,4880,4880,196,000,1050000
684,A217320,йс┼О┼Е,20181115,6070,6070,4500,4500,204,000,1050000
685,A217320,йс┼О┼Е,20181114,5280,5280,5280,5280,1,000,1050000
686,A217320,йс┼О┼Е,20181113,6550,6550,6180,6180,154,000,1050000
687,A217320,йс┼О┼Е,20181112,6040,6040,5700,5700,169,000,1050000
688,A217320,йс┼О┼Е,20181109,5260,5260,5260,5260,1,000,1050000
689,A217320,йс┼О┼Е,20181108,6520,6520,6160,6160,156,000,1050000
690,A217320,йс┼О┼Е,20181107,5670,5670,5670,5670,1,000,1050000
691,A217320,йс┼О┼Е,20181106,6670,6670,6670,6670,300,000,1050000
692,A217320,йс┼О┼Е,20181105,7060,7060,6670,6670,143,000,1050000
693,A217320,йс┼О┼Е,20181102,6500,6500,6140,6140,155,000,1050000
694,A217320,йс┼О┼Е,20181101,5660,5660,5660,5660,2,000,1050000
695,A217320,йс┼О┼Е,20181031,7030,7030,6640,6640,144,000,1050000
696,A217320,йс┼О┼Е,20181030,6480,6480,6120,6120,156,000,1050000
697,A217320,йс┼О┼Е,20181029,5640,5640,5640,5640,1,000,1050000
698,A217320,йс┼О┼Е,20181026,8410,8410,6600,6600,121,000,1050000
699,A217320,йс┼О┼Е,20181025,7750,7750,7750,7750,130,000,1050000
700,A217320,йс┼О┼Е,20181024,8580,8580,6740,6740,121,000,1050000
701,A217320,йс┼О┼Е,20181023,7910,7910,7910,7910,127,000,1050000
702,A217320,йс┼О┼Е,20181022,8770,8770,6880,6880,119,000,1050000
703,A217320,йс┼О┼Е,20181019,8560,8560,8080,8080,168,000,1050000
704,A217320,йс┼О┼Е,20181018,7450,7450,7450,7450,135,000,1050000
705,A217320,йс┼О┼Е,20181017,6480,6480,6480,6480,1,000,1050000
706,A217320,йс┼О┼Е,20181016,8050,8050,7600,7600,126,000,1050000
707,A217320,йс┼О┼Е,20181015,7400,7400,7000,7000,137,000,1050000
708,A217320,йс┼О┼Е,20181012,6440,6440,6440,6440,1,000,1050000
709,A217320,йс┼О┼Е,20181011,7560,7560,7560,7560,1,000,1050000
710,A217320,йс┼О┼Е,20181010,11300,11300,8860,8860,101,000,1050000
711,A217320,йс┼О┼Е,20181008,10500,10500,10400,10400,105,000,1050000
712,A217320,йс┼О┼Е,20181005,11350,12000,11350,12000,101,000,1050000
713,A217320,йс┼О┼Е,20181004,11350,12000,11350,12000,101,000,1050000
714,A217320,йс┼О┼Е,20181002,11350,12000,11350,12000,101,000,1050000
715,A217320,йс┼О┼Е,20181001,12250,12950,12250,12950,101,000,1050000
716,A217320,йс┼О┼Е,20180928,13600,14400,13600,14400,101,000,1050000
717,A217320,йс┼О┼Е,20180927,16000,16000,16000,16000,1,000,1050000
718,A217320,йс┼О┼Е,20180921,14650,14650,14650,14650,100,000,1050000
719,A217320,йс┼О┼Е,20180920,17200,17200,17200,17200,1,000,1050000
720,A217320,йс┼О┼Е,20180919,14900,15750,14900,15750,101,000,1050000
721,A217320,йс┼О┼Е,20180918,17500,17500,17500,17500,1,000,1050000
722,A217320,йс┼О┼Е,20180917,14450,15300,14450,15300,101,000,1050000
723,A217320,йс┼О┼Е,20180914,16950,16950,16950,16950,1,000,1050000
724,A217320,йс┼О┼Е,20180913,15750,15750,15750,15750,1,000,1050000
725,A217320,йс┼О┼Е,20180912,13050,13800,13050,13800,101,000,1050000
726,A217320,йс┼О┼Е,20180911,15350,15350,15350,15350,1,000,1050000
727,A217320,йс┼О┼Е,20180910,13450,13450,13450,13450,1,000,1050000
728,A217320,йс┼О┼Е,20180907,11050,11700,11050,11700,101,000,1050000
729,A217320,йс┼О┼Е,20180906,12300,12300,12300,12300,100,000,1050000
730,A217320,йс┼О┼Е,20180905,14300,14300,14300,14300,1,000,1050000
731,A217320,йс┼О┼Е,20180904,12500,12500,12500,12500,1,000,1050000
732,A217320,йс┼О┼Е,20180903,8500,11450,8500,11450,86,000,1050000
733,A217320,йс┼О┼Е,20180831,10000,10000,10000,10000,100,000,1050000
734,A217320,йс┼О┼Е,20180830,10000,10000,10000,10000,100,000,1050000
735,A217320,йс┼О┼Е,20180829,11050,11050,11050,11050,100,000,1050000
736,A217320,йс┼О┼Е,20180828,13000,13000,13000,13000,1,000,1050000
737,A217320,йс┼О┼Е,20180827,11750,11750,11750,11750,100,000,1050000
738,A217320,йс┼О┼Е,20180824,13800,13800,13800,13800,100,000,1050000
739,A217320,йс┼О┼Е,20180823,12050,16200,12050,16200,2,000,1050000
740,A217320,йс┼О┼Е,20180822,10500,14150,10500,14150,2,000,1050000
741,A217320,йс┼О┼Е,20180821,12350,12350,12350,12350,106,000,1050000
742,A217320,йс┼О┼Е,20180820,14500,14500,14500,14500,1,000,1050000
743,A217320,йс┼О┼Е,20180817,13000,13000,13000,13000,1,000,1050000
744,A217320,йс┼О┼Е,20180816,10000,11500,10000,11500,101,000,1050000
745,A217320,йс┼О┼Е,20180814,10000,10000,10000,10000,100,000,1050000
746,A217320,йс┼О┼Е,20180813,10000,10000,10000,10000,100,000,1050000
747,A217320,йс┼О┼Е,20180810,10700,10700,10700,10700,100,000,1050000
748,A217320,йс┼О┼Е,20180809,10700,10700,10700,10700,100,000,1050000
749,A217320,йс┼О┼Е,20180808,12000,12000,12000,12000,1,000,1050000
750,A217320,йс┼О┼Е,20180807,10700,10700,10700,10700,100,000,1050000
751,A217320,йс┼О┼Е,20180806,12500,12500,12500,12500,100,000,1050000
752,A217320,йс┼О┼Е,20180803,14550,14550,14550,14550,1,000,1050000
753,A217320,йс┼О┼Е,20180802,13000,13000,13000,13000,1,000,1050000
754,A217320,йс┼О┼Е,20180801,11350,11350,11350,11350,100,000,1050000
755,A217320,йс┼О┼Е,20180731,12700,12700,12700,12700,100,000,1050000
756,A217320,йс┼О┼Е,20180730,14800,14800,14800,14800,0,000,1050000
757,A217320,йс┼О┼Е,20180727,14800,14800,14800,14800,1,000,1050000
758,A217320,йс┼О┼Е,20180726,11250,13200,11250,13200,101,000,1050000
759,A217320,йс┼О┼Е,20180725,13200,13200,13200,13200,10,000,1050000
760,A217320,йс┼О┼Е,20180724,11550,11550,11550,11550,0,000,1050000
761,A217320,йс┼О┼Е,20180723,10400,10400,10400,10400,0,000,1050000
762,A217320,йс┼О┼Е,20180720,10400,10400,10400,10400,0,000,1050000
763,A217320,йс┼О┼Е,20180719,10400,10400,10400,10400,0,000,1050000
764,A217320,йс┼О┼Е,20180718,10400,10400,10400,10400,0,000,1050000
765,A217320,йс┼О┼Е,20180717,10400,10400,10400,10400,0,000,1050000
766,A217320,йс┼О┼Е,20180716,9100,9100,9100,9100,0,000,1050000
767,A217320,йс┼О┼Е,20180713,9060,9060,9060,9060,62,000,1050000
768,A217320,йс┼О┼Е,20180712,9600,9600,9060,9060,144,000,1050000
769,A217320,йс┼О┼Е,20180711,8380,8380,8380,8380,120,000,1050000
770,A217320,йс┼О┼Е,20180710,7290,7290,7290,7290,138,000,1050000
771,A217320,йс┼О┼Е,20180709,8550,8550,6340,6340,2,000,1050000
772,A217320,йс┼О┼Е,20180706,9490,9490,7440,7440,107,000,1050000
773,A217320,йс┼О┼Е,20180705,8740,8740,8740,8740,115,000,1050000
774,A217320,йс┼О┼Е,20180704,7600,7600,7600,7600,132,000,1050000
775,A217320,йс┼О┼Е,20180703,6610,6610,6610,6610,152,000,1050000
776,A217320,йс┼О┼Е,20180702,5750,5750,5750,5750,174,000,1050000
777,A217320,йс┼О┼Е,20180629,5000,5000,5000,5000,1,000,1050000
778,A217320,йс┼О┼Е,20180628,7930,7930,5880,5880,2,000,1050000
779,A217320,йс┼О┼Е,20180627,6900,6900,6900,6900,1,000,1050000
780,A217320,йс┼О┼Е,20180626,10100,10100,8100,8100,101,000,1050000
781,A217320,йс┼О┼Е,20180625,9340,9340,9340,9340,108,000,1050000
782,A217320,йс┼О┼Е,20180622,8130,8130,8130,8130,124,000,1050000
783,A217320,йс┼О┼Е,20180621,7070,7070,7070,7070,142,000,1050000
784,A217320,йс┼О┼Е,20180620,6150,6150,6150,6150,1,000,1050000
785,A217320,йс┼О┼Е,20180619,7150,7150,7150,7150,1,000,1050000
786,A217320,йс┼О┼Е,20180618,8310,8310,8310,8310,1,000,1050000
787,A217320,йс┼О┼Е,20180615,10600,10600,9650,9650,101,000,1050000
788,A217320,йс┼О┼Е,20180614,11200,11200,11200,11200,100,000,1050000
789,A217320,йс┼О┼Е,20180612,10800,11300,10750,11300,121,000,1050000
790,A217320,йс┼О┼Е,20180611,12600,12600,12600,12600,100,000,1050000
791,A217320,йс┼О┼Е,20180608,11000,11650,11000,11650,101,000,1050000
792,A217320,йс┼О┼Е,20180607,11650,11650,11650,11650,100,000,1050000
793,A217320,йс┼О┼Е,20180605,10750,10750,10750,10750,100,000,1050000
794,A217320,йс┼О┼Е,20180604,9350,9910,9350,9910,101,000,1050000
795,A217320,йс┼О┼Е,20180601,8620,8620,8620,8620,117,000,1050000
796,A217320,йс┼О┼Е,20180531,7500,7500,7500,7500,1,000,1050000
797,A217320,йс┼О┼Е,20180530,8010,8560,8000,8560,500,000,1050000
798,A217320,йс┼О┼Е,20180529,8620,8620,7450,7450,201,000,1050000
799,A217320,йс┼О┼Е,20180528,8620,8620,8620,8620,117,000,1050000
800,A217320,йс┼О┼Е,20180525,7500,7500,7500,7500,1,000,1050000
801,A217320,йс┼О┼Е,20180524,8650,8650,8650,8650,116,000,1050000
802,A217320,йс┼О┼Е,20180523,7530,7530,7530,7530,133,000,1050000
803,A217320,йс┼О┼Е,20180521,8840,8840,6550,6550,3,000,1050000
804,A217320,йс┼О┼Е,20180518,7690,7690,7690,7690,131,000,1050000
805,A217320,йс┼О┼Е,20180517,6690,6690,6690,6690,1,000,1050000
806,A217320,йс┼О┼Е,20180516,10600,10600,7870,7870,2,000,1050000
807,A217320,йс┼О┼Е,20180515,9250,9250,9250,9250,110,000,1050000
808,A217320,йс┼О┼Е,20180514,8510,8510,8050,8050,121,000,1050000
809,A217320,йс┼О┼Е,20180511,7400,7400,7400,7400,136,000,1050000
810,A217320,йс┼О┼Е,20180510,6460,6460,6460,6460,1,000,1050000
811,A217320,йс┼О┼Е,20180509,7590,8040,7590,7590,127,000,1050000
812,A217320,йс┼О┼Е,20180508,7000,7000,7000,7000,1,000,1050000
813,A217320,йс┼О┼Е,20180504,8590,8590,6360,6360,2,000,1050000
814,A217320,йс┼О┼Е,20180503,7900,7900,7470,7470,128,000,1050000
815,A217320,йс┼О┼Е,20180502,8260,8260,6870,6870,2,000,1050000
816,A217320,йс┼О┼Е,20180430,8080,8080,8080,8080,1,000,1050000
817,A217320,йс┼О┼Е,20180427,10050,10050,9500,9500,101,000,1050000
818,A217320,йс┼О┼Е,20180426,8740,8740,8740,8740,1,000,1050000
819,A217320,йс┼О┼Е,20180425,7600,7600,7600,7600,1,000,1050000
820,A217320,йс┼О┼Е,20180424,8930,8930,8930,8930,120,000,1050000
821,A217320,йс┼О┼Е,20180423,10450,10450,7770,7770,4,000,1050000
822,A217320,йс┼О┼Е,20180420,9120,9120,9120,9120,1,000,1050000
823,A217320,йс┼О┼Е,20180419,9100,9110,9100,9110,2,000,1050000
824,A217320,йс┼О┼Е,20180418,10250,10250,10250,10250,1,000,1050000
825,A217320,йс┼О┼Е,20180417,11900,11900,11900,11900,100,000,1050000
826,A217320,йс┼О┼Е,20180416,10350,10350,10350,10350,100,000,1050000
827,A217320,йс┼О┼Е,20180413,9000,9000,9000,9000,112,000,1050000
828,A217320,йс┼О┼Е,20180412,7830,7830,7830,7830,128,000,1050000
829,A217320,йс┼О┼Е,20180411,6810,6810,6810,6810,1,000,1050000
830,A217320,йс┼О┼Е,20180410,7900,7900,7900,7900,1,000,1050000
831,A217320,йс┼О┼Е,20180409,9210,9210,9210,9210,1,000,1050000
832,A217320,йс┼О┼Е,20180406,10800,10800,10800,10800,1,000,1050000
833,A217320,йс┼О┼Е,20180405,12550,12550,12550,12550,1,000,1050000
834,A217320,йс┼О┼Е,20180404,14650,14650,14650,14650,100,000,1050000
835,A217320,йс┼О┼Е,20180403,14650,15500,14650,15500,101,000,1050000
836,A217320,йс┼О┼Е,20180402,14650,14650,14650,14650,100,000,1050000
837,A217320,йс┼О┼Е,20180330,16900,16900,16900,16900,1,000,1050000
838,A217320,йс┼О┼Е,20180329,14650,15500,14650,15500,101,000,1050000
839,A217320,йс┼О┼Е,20180328,14650,15500,14650,15500,101,000,1050000
840,A217320,йс┼О┼Е,20180327,14650,15500,14650,15500,101,000,1050000
841,A217320,йс┼О┼Е,20180326,15000,15000,15000,15000,100,000,1050000
842,A217320,йс┼О┼Е,20180323,16050,16050,16050,16050,100,000,1050000
843,A217320,йс┼О┼Е,20180322,14500,15750,14500,15750,100,000,1050000
844,A217320,йс┼О┼Е,20180321,14500,14500,14500,14500,1,000,1050000
845,A217320,йс┼О┼Е,20180320,9810,12900,9810,12900,203,000,1050000
846,A217320,йс┼О┼Е,20180319,11500,11500,11500,11500,1,000,1050000
847,A217320,йс┼О┼Е,20180316,11000,11000,10000,10000,101,000,1050000
848,A217320,йс┼О┼Е,20180315,10700,10750,10150,10150,201,000,1050000
849,A217320,йс┼О┼Е,20180314,9370,9370,9370,9370,107,000,1050000
850,A217320,йс┼О┼Е,20180313,7010,9210,7010,8150,38,000,1050000
851,A217320,йс┼О┼Е,20180312,8010,8010,8010,8010,1,000,1050000
852,A217320,йс┼О┼Е,20180309,8990,8990,8990,8990,200,000,1050000
853,A217320,йс┼О┼Е,20180308,8060,8060,7820,7820,126,000,1050000
854,A217320,йс┼О┼Е,20180307,7010,7010,7010,7010,1,000,1050000
855,A217320,йс┼О┼Е,20180306,8150,8150,8150,8150,500,000,1050000
856,A217320,йс┼О┼Е,20180305,9410,9410,9410,9410,1,000,1050000
857,A217320,йс┼О┼Е,20180302,10950,10950,10950,10950,1,000,1050000
858,A217320,йс┼О┼Е,20180228,14950,14950,12750,12750,101,000,1050000
859,A217320,йс┼О┼Е,20180227,15000,15000,15000,15000,100,000,1050000
860,A217320,йс┼О┼Е,20180226,15100,16000,15100,16000,101,000,1050000
861,A217320,йс┼О┼Е,20180223,15200,16100,15200,16100,101,000,1050000
862,A217320,йс┼О┼Е,20180222,15250,16150,15250,16150,101,000,1050000
863,A217320,йс┼О┼Е,20180221,15350,16250,15350,16250,101,000,1050000
864,A217320,йс┼О┼Е,20180220,15400,16300,15400,16300,101,000,1050000
865,A217320,йс┼О┼Е,20180219,15500,16400,15500,16400,101,000,1050000
866,A217320,йс┼О┼Е,20180214,15650,16550,15650,16550,101,000,1050000
867,A217320,йс┼О┼Е,20180213,16450,17400,16450,17400,101,000,1050000
868,A217320,йс┼О┼Е,20180212,18200,19250,18200,19250,101,000,1050000
869,A217320,йс┼О┼Е,20180209,21350,21350,21350,21350,1,000,1050000
870,A217320,йс┼О┼Е,20180208,17600,18650,17600,18650,101,000,1050000
871,A217320,йс┼О┼Е,20180207,20600,20600,20600,20600,1,000,1050000
872,A217320,йс┼О┼Е,20180206,19050,19050,19050,19050,1,000,1050000
873,A217320,йс┼О┼Е,20180205,15750,16650,15750,16650,101,000,1050000
874,A217320,йс┼О┼Е,20180202,15250,16150,15250,16150,101,000,1050000
875,A217320,йс┼О┼Е,20180201,16150,17100,16150,17100,101,000,1050000
876,A217320,йс┼О┼Е,20180131,16150,18900,16150,18900,101,000,1050000
877,A217320,йс┼О┼Е,20180130,18900,18900,18900,18900,0,000,1050000
878,A217320,йс┼О┼Е,20180129,18900,18900,18900,18900,0,000,1050000
879,A217320,йс┼О┼Е,20180126,18900,18900,18900,18900,0,000,1050000
880,A217320,йс┼О┼Е,20180125,18900,18900,18900,18900,0,000,1050000
881,A217320,йс┼О┼Е,20180124,16500,16500,16500,16500,1,000,1050000
882,A217320,йс┼О┼Е,20180123,15900,15900,15900,15900,0,000,1050000
883,A217320,йс┼О┼Е,20180122,15050,15050,15050,15050,2,000,1050000
884,A217320,йс┼О┼Е,20180119,15050,15050,15050,15050,0,000,1050000
885,A217320,йс┼О┼Е,20180118,13500,13500,13500,13500,0,000,1050000
886,A217320,йс┼О┼Е,20180117,11800,11800,11800,11800,40,000,1050000
887,A217320,йс┼О┼Е,20180116,11600,11600,11000,11000,101,000,1050000
888,A217320,йс┼О┼Е,20180115,11500,11500,11000,11000,101,000,1050000
889,A217320,йс┼О┼Е,20180112,11000,11000,10400,10400,101,000,1050000
890,A217320,йс┼О┼Е,20180111,11000,11000,10400,10400,101,000,1050000
891,A217320,йс┼О┼Е,20180110,11000,11000,10400,10400,201,000,1050000
892,A217320,йс┼О┼Е,20180109,11000,11000,10400,10400,201,000,1050000
893,A217320,йс┼О┼Е,20180108,10400,10400,10400,10400,1,000,1050000
894,A217320,йс┼О┼Е,20180105,11000,11000,10450,11000,244,000,1050000
895,A217320,йс┼О┼Е,20180104,12250,12250,12250,12250,102,000,1050000
896,A217320,йс┼О┼Е,20180103,13750,14500,13750,14400,206,000,1050000
897,A217320,йс┼О┼Е,20180102,15300,16200,15300,16150,109,000,1050000
898,A217320,йс┼О┼Е,20171228,14500,18000,14500,18000,111,000,1050000
899,A217320,йс┼О┼Е,20171227,16100,17000,16100,17000,101,000,1050000
900,A217320,йс┼О┼Е,20171226,15000,17000,14550,17000,211,000,1050000
901,A217320,йс┼О┼Е,20171222,16700,17100,16700,17100,101,000,1050000
902,A217320,йс┼О┼Е,20171221,19600,19600,19600,19600,1,000,1050000
903,A217320,йс┼О┼Е,20171220,16150,17100,16150,17100,101,000,1050000
904,A217320,йс┼О┼Е,20171219,17950,19000,17950,19000,101,000,1050000
905,A217320,йс┼О┼Е,20171218,21100,21100,21100,21100,100,000,1050000
906,A217320,йс┼О┼Е,20171215,21250,24800,21250,24800,101,000,1050000
907,A217320,йс┼О┼Е,20171214,24950,24950,24950,24950,1,000,1050000
908,A217320,йс┼О┼Е,20171213,21750,21750,21750,21750,0,000,1050000
909,A217320,йс┼О┼Е,20171212,21800,21800,21800,21800,0,000,1050000
910,A217320,йс┼О┼Е,20171211,19000,19000,19000,19000,0,000,1050000
911,A217320,йс┼О┼Е,20171208,18950,18950,18950,18950,11,000,1050000
912,A217320,йс┼О┼Е,20171207,17350,17350,17350,17350,0,000,1050000
913,A217320,йс┼О┼Е,20171206,15800,15800,15800,15800,0,000,1050000
914,A217320,йс┼О┼Е,20171205,13800,13800,13800,13800,91,000,1050000
915,A217320,йс┼О┼Е,20171204,12000,12000,12000,12000,1,000,1050000
916,A217320,йс┼О┼Е,20171201,13800,13800,13100,13100,101,000,1050000
917,A217320,йс┼О┼Е,20171130,12700,12700,12000,12000,101,000,1050000
918,A217320,йс┼О┼Е,20171129,14550,14550,11050,11050,201,000,1050000
919,A217320,йс┼О┼Е,20171128,13750,13750,13000,13000,101,000,1050000
920,A217320,йс┼О┼Е,20171127,12950,12950,12300,12300,101,000,1050000
921,A217320,йс┼О┼Е,20171124,11300,11300,11300,11300,1,000,1050000
922,A217320,йс┼О┼Е,20171123,13950,13950,13200,13200,101,000,1050000
923,A217320,йс┼О┼Е,20171122,13250,13250,13250,13250,0,000,1050000
924,A217320,йс┼О┼Е,20171121,14000,14000,14000,14000,100,000,1050000
925,A217320,йс┼О┼Е,20171120,14750,15550,14750,15550,122,000,1050000
926,A217320,йс┼О┼Е,20171117,14250,17350,14250,17350,101,000,1050000
927,A217320,йс┼О┼Е,20171116,14250,15100,14250,15100,101,000,1050000
928,A217320,йс┼О┼Е,20171115,14250,15400,14250,15400,101,000,1050000
929,A217320,йс┼О┼Е,20171114,13450,13450,13450,13450,100,000,1050000
930,A217320,йс┼О┼Е,20171113,13700,13700,11700,11700,101,000,1050000
931,A217320,йс┼О┼Е,20171110,13700,13700,13700,13700,100,000,1050000
932,A217320,йс┼О┼Е,20171109,12800,12800,12100,12100,101,000,1050000
933,A217320,йс┼О┼Е,20171108,12100,12100,11500,11500,101,000,1050000
934,A217320,йс┼О┼Е,20171107,11500,11500,11500,11500,201,000,1050000
935,A217320,йс┼О┼Е,20171106,12900,12900,10000,10000,301,000,1050000
936,A217320,йс┼О┼Е,20171103,13900,13900,11300,11300,101,000,1050000
937,A217320,йс┼О┼Е,20171102,13900,13900,13150,13200,102,000,1050000
938,A217320,йс┼О┼Е,20171101,13850,13900,13850,13900,6,000,1050000
939,A217320,йс┼О┼Е,20171031,14650,15500,14650,15500,201,000,1050000
940,A217320,йс┼О┼Е,20171030,14650,15500,14650,15500,201,000,1050000
941,A217320,йс┼О┼Е,20171027,14350,14650,13600,14650,503,000,1050000
942,A217320,йс┼О┼Е,20171026,13500,13500,12750,12750,101,000,1050000
943,A217320,йс┼О┼Е,20171025,12450,12450,11750,11750,101,000,1050000
944,A217320,йс┼О┼Е,20171024,14300,14300,10850,10850,211,000,1050000
945,A217320,йс┼О┼Е,20171023,13500,13500,12750,12750,106,000,1050000
946,A217320,йс┼О┼Е,20171020,12600,12600,11900,11900,101,000,1050000
947,A217320,йс┼О┼Е,20171019,11900,11900,11900,11900,1,000,1050000
948,A217320,йс┼О┼Е,20171018,13900,13900,13900,13900,1,000,1050000
949,A217320,йс┼О┼Е,20171017,15500,15500,14700,14700,120,000,1050000
950,A217320,йс┼О┼Е,20171016,15600,16500,15600,16500,111,000,1050000
951,A217320,йс┼О┼Е,20171013,16550,17500,15750,17500,128,000,1050000
952,A217320,йс┼О┼Е,20171012,17500,18500,16600,18500,113,000,1050000
953,A217320,йс┼О┼Е,20171011,18950,19500,18950,19500,102,000,1050000
954,A217320,йс┼О┼Е,20171010,22250,22250,18000,22250,4,000,1050000
955,A217320,йс┼О┼Е,20170929,21100,21100,21100,21100,1,000,1050000
956,A217320,йс┼О┼Е,20170928,14000,18400,14000,18400,201,000,1050000
957,A217320,йс┼О┼Е,20170927,16050,16050,16050,16050,3,000,1050000
958,A217320,йс┼О┼Е,20170926,14000,14000,14000,14000,100,000,1050000
959,A217320,йс┼О┼Е,20170925,15400,15400,15400,15400,0,000,1050000
960,A217320,йс┼О┼Е,20170922,14450,15600,14450,15600,21,000,1050000
961,A217320,йс┼О┼Е,20170921,14450,14450,13650,13650,101,000,1050000
962,A217320,йс┼О┼Е,20170920,13650,13650,13650,13650,101,000,1050000
963,A217320,йс┼О┼Е,20170919,14500,14500,11900,11900,101,000,1050000
964,A217320,йс┼О┼Е,20170918,14000,14500,14000,14000,102,000,1050000
965,A217320,йс┼О┼Е,20170915,14000,14000,13700,13700,101,000,1050000
966,A217320,йс┼О┼Е,20170914,14000,14000,13700,13700,101,000,1050000
967,A217320,йс┼О┼Е,20170913,13700,13700,13500,13500,101,000,1050000
968,A217320,йс┼О┼Е,20170912,14500,14500,11950,11950,101,000,1050000
969,A217320,йс┼О┼Е,20170911,14800,14800,14000,14000,101,000,1050000
970,A217320,йс┼О┼Е,20170908,14000,14000,13500,13500,501,000,1050000
971,A217320,йс┼О┼Е,20170907,13500,13500,13500,13500,18,000,1050000
972,A217320,йс┼О┼Е,20170906,13500,13500,12800,12800,101,000,1050000
973,A217320,йс┼О┼Е,20170905,14200,15050,14200,15050,101,000,1050000
974,A217320,йс┼О┼Е,20170904,15100,16000,15100,16000,101,000,1050000
975,A217320,йс┼О┼Е,20170901,16500,17400,16500,17400,101,000,1050000
976,A217320,йс┼О┼Е,20170831,17000,18000,17000,18000,101,000,1050000
977,A217320,йс┼О┼Е,20170830,18000,19000,18000,19000,101,000,1050000
978,A217320,йс┼О┼Е,20170829,18900,20000,18900,20000,101,000,1050000
979,A217320,йс┼О┼Е,20170828,20500,20500,20500,20500,100,000,1050000
980,A217320,йс┼О┼Е,20170825,24100,24100,24100,24100,1,000,1050000
981,A217320,йс┼О┼Е,20170824,21000,21000,21000,21000,100,000,1050000
982,A217320,йс┼О┼Е,20170823,21050,24650,21050,24650,111,000,1050000
983,A217320,йс┼О┼Е,20170822,24750,24750,24750,24750,0,000,1050000
984,A217320,йс┼О┼Е,20170821,21650,21650,21650,21650,0,000,1050000
985,A217320,йс┼О┼Е,20170818,19700,19700,19700,19700,0,000,1050000
986,A217320,йс┼О┼Е,20170817,19700,19700,19700,19700,0,000,1050000
987,A217320,йс┼О┼Е,20170816,19700,19700,19700,19700,0,000,1050000
988,A217320,йс┼О┼Е,20170814,17800,17800,17800,17800,0,000,1050000
989,A217320,йс┼О┼Е,20170811,17800,17800,17800,17800,0,000,1050000
990,A217320,йс┼О┼Е,20170810,15550,15550,15550,15550,0,000,1050000
991,A217320,йс┼О┼Е,20170809,15550,15550,15550,15550,0,000,1050000
992,A217320,йс┼О┼Е,20170808,13600,13600,13600,13600,0,000,1050000
993,A217320,йс┼О┼Е,20170807,12400,12400,12400,12400,0,000,1050000
994,A217320,йс┼О┼Е,20170804,12400,12400,12400,12400,0,000,1050000
995,A217320,йс┼О┼Е,20170803,12400,12400,12400,12400,0,000,1050000
996,A217320,йс┼О┼Е,20170802,12400,12400,12400,12400,0,000,1050000
997,A217320,йс┼О┼Е,20170801,12400,12400,12400,12400,0,000,1050000
998,A217320,йс┼О┼Е,20170731,12400,12400,12400,12400,0,000,1050000
999,A217320,йс┼О┼Е,20170728,12400,12400,12400,12400,1,000,1050000
1000,A217320,йс┼О┼Е,20170727,11650,11650,11650,11650,0,000,1050000
1001,A217320,йс┼О┼Е,20170726,11650,11650,11650,11650,0,000,1050000
1002,A217320,йс┼О┼Е,20170725,11650,11650,11650,11650,0,000,1050000
1003,A217320,йс┼О┼Е,20170724,11650,11650,11650,11650,0,000,1050000
1004,A217320,йс┼О┼Е,20170721,10200,10200,10200,10200,9,000,1050000
1005,A217320,йс┼О┼Е,20170720,10250,10250,10250,10250,0,000,1050000
1006,A217320,йс┼О┼Е,20170719,8960,8960,8960,8960,0,000,1050000
1007,A217320,йс┼О┼Е,20170718,7800,7800,7800,7800,16,000,1050000
1008,A217320,йс┼О┼Е,20170717,7750,7750,7400,7400,131,000,1050000
1009,A217320,йс┼О┼Е,20170714,7750,7750,7400,7400,131,000,1050000
1010,A217320,йс┼О┼Е,20170713,7400,7400,7200,7200,137,000,1050000
1011,A217320,йс┼О┼Е,20170712,6950,6950,6950,6950,144,000,1050000
1012,A217320,йс┼О┼Е,20170711,6050,6050,6050,6050,1,000,1050000
1013,A217320,йс┼О┼Е,20170710,7500,7500,7110,7110,143,000,1050000
1014,A217320,йс┼О┼Е,20170707,8330,8330,7110,7110,141,000,1050000
1015,A217320,йс┼О┼Е,20170706,7650,8330,7650,8330,141,000,1050000
1016,A217320,йс┼О┼Е,20170705,7500,7500,7250,7250,141,000,1050000
1017,A217320,йс┼О┼Е,20170704,7280,7280,7250,7250,141,000,1050000
1018,A217320,йс┼О┼Е,20170703,6340,6340,6340,6340,1,000,1050000
1019,A217320,йс┼О┼Е,20170630,7440,7440,7440,7440,1,000,1050000
1020,A217320,йс┼О┼Е,20170629,9000,10750,8750,8750,118,000,1050000
1021,A217320,йс┼О┼Е,20170628,11250,11250,8950,9400,118,000,1050000
1022,A217320,йс┼О┼Е,20170627,9300,9850,9300,9850,111,000,1050000
1023,A217320,йс┼О┼Е,20170626,10850,10850,10850,10850,1,000,1050000
1024,A217320,йс┼О┼Е,20170623,9000,9490,9000,9490,116,000,1050000
1025,A217320,йс┼О┼Е,20170622,9600,10000,9600,10000,111,000,1050000
1026,A217320,йс┼О┼Е,20170621,8410,11250,8410,11250,7,000,1050000
1027,A217320,йс┼О┼Е,20170620,9450,9890,9450,9890,111,000,1050000
1028,A217320,йс┼О┼Е,20170619,10500,10500,10500,10500,100,000,1050000
1029,A217320,йс┼О┼Е,20170616,12000,12000,12000,12000,1,000,1050000
1030,A217320,йс┼О┼Е,20170615,10000,10550,10000,10550,101,000,1050000
1031,A217320,йс┼О┼Е,20170614,11000,11000,11000,11000,100,000,1050000
1032,A217320,йс┼О┼Е,20170613,11700,11700,11700,11700,1,000,1050000
1033,A217320,йс┼О┼Е,20170612,9300,10500,9300,10500,16,000,1050000
1034,A217320,йс┼О┼Е,20170609,9300,10900,9300,10900,16,000,1050000
1035,A217320,йс┼О┼Е,20170608,9950,11050,8220,10900,18,000,1050000
1036,A217320,йс┼О┼Е,20170607,9670,9670,9670,9670,1,000,1050000
1037,A217320,йс┼О┼Е,20170605,6240,8420,6240,8420,15,000,1050000
1038,A217320,йс┼О┼Е,20170602,7230,7330,7230,7330,200,000,1050000
1039,A217320,йс┼О┼Е,20170601,8500,8500,7230,7230,715,000,1050000
1040,A217320,йс┼О┼Е,20170531,8500,8500,8500,8500,0,000,1050000
1041,A217320,йс┼О┼Е,20170530,8500,8500,8500,8500,15,000,1050000
1042,A217320,йс┼О┼Е,20170529,10000,10000,10000,10000,0,000,1050000
1043,A217320,йс┼О┼Е,20170526,10000,10000,10000,10000,0,000,1050000
1044,A217320,йс┼О┼Е,20170525,10000,10000,10000,10000,0,000,1050000
1045,A217320,йс┼О┼Е,20170524,10000,10000,10000,10000,0,000,1050000
1046,A217320,йс┼О┼Е,20170523,10000,10000,10000,10000,0,000,1050000
1047,A217320,йс┼О┼Е,20170522,10000,10000,10000,10000,0,000,1050000
1048,A217320,йс┼О┼Е,20170519,10000,10000,10000,10000,0,000,1050000
1049,A217320,йс┼О┼Е,20170518,10000,10000,10000,10000,0,000,1050000
1050,A217320,йс┼О┼Е,20170517,10000,10000,10000,10000,0,000,1050000
1051,A217320,йс┼О┼Е,20170516,10000,10000,10000,10000,0,000,1050000
1052,A217320,йс┼О┼Е,20170515,10000,10000,10000,10000,0,000,1050000
1053,A217320,йс┼О┼Е,20170512,10000,10000,10000,10000,0,000,1050000
1054,A217320,йс┼О┼Е,20170511,10000,10000,10000,10000,0,000,1050000
1055,A217320,йс┼О┼Е,20170510,10000,10000,10000,10000,0,000,1050000
1056,A217320,йс┼О┼Е,20170508,10000,10000,10000,10000,0,000,1050000
1057,A217320,йс┼О┼Е,20170504,10000,10000,10000,10000,0,000,1050000
1058,A217320,йс┼О┼Е,20170502,10000,10000,10000,10000,0,000,1050000
1059,A217320,йс┼О┼Е,20170428,10000,10000,10000,10000,0,000,1050000
1060,A217320,йс┼О┼Е,20170427,10000,10000,10000,10000,0,000,1050000
1061,A217320,йс┼О┼Е,20170426,10000,10000,10000,10000,0,000,1050000
1062,A217320,йс┼О┼Е,20170425,10000,10000,10000,10000,0,000,1050000
1063,A217320,йс┼О┼Е,20170424,10000,10000,10000,10000,0,000,1050000
1064,A217320,йс┼О┼Е,20170421,10000,10000,10000,10000,0,000,1050000
1065,A217320,йс┼О┼Е,20170420,10000,10000,10000,10000,0,000,1050000
1066,A217320,йс┼О┼Е,20170419,10000,10000,10000,10000,0,000,1050000
1067,A217320,йс┼О┼Е,20170418,10000,10000,10000,10000,0,000,1050000
1068,A217320,йс┼О┼Е,20170417,10000,10000,10000,10000,0,000,1050000
1069,A217320,йс┼О┼Е,20170414,10000,10000,10000,10000,0,000,1050000
1070,A217320,йс┼О┼Е,20170413,10000,10000,10000,10000,0,000,1050000
1071,A217320,йс┼О┼Е,20170412,10000,10000,10000,10000,0,000,1050000
1072,A217320,йс┼О┼Е,20170411,10000,10000,10000,10000,0,000,1050000
1073,A217320,йс┼О┼Е,20170410,10000,10000,10000,10000,0,000,1050000
1074,A217320,йс┼О┼Е,20170407,10000,10000,10000,10000,0,000,1050000
1075,A217320,йс┼О┼Е,20170406,10000,10000,10000,10000,0,000,1050000
1076,A217320,йс┼О┼Е,20170405,10000,10000,10000,10000,0,000,1050000
1077,A217320,йс┼О┼Е,20170404,10000,10000,10000,10000,0,000,1050000
1078,A217320,йс┼О┼Е,20170403,10000,10000,10000,10000,0,000,1050000
1079,A217320,йс┼О┼Е,20170331,10000,10000,10000,10000,0,000,1050000
1080,A217320,йс┼О┼Е,20170330,10000,10000,10000,10000,0,000,1050000
1081,A217320,йс┼О┼Е,20170329,10000,10000,10000,10000,0,000,1050000
1082,A217320,йс┼О┼Е,20170328,10000,10000,10000,10000,0,000,1050000
1083,A217320,йс┼О┼Е,20170327,10000,10000,10000,10000,0,000,1050000
1084,A217320,йс┼О┼Е,20170324,10000,10000,10000,10000,0,000,1050000
1085,A217320,йс┼О┼Е,20170323,10000,10000,10000,10000,0,000,1050000
1086,A217320,йс┼О┼Е,20170322,10000,10000,10000,10000,0,000,1050000
1087,A217320,йс┼О┼Е,20170321,10000,10000,10000,10000,0,000,1050000
1088,A217320,йс┼О┼Е,20170320,10000,10000,10000,10000,0,000,1050000
1089,A217320,йс┼О┼Е,20170317,10000,10000,10000,10000,0,000,1050000
1090,A217320,йс┼О┼Е,20170316,10000,10000,10000,10000,0,000,1050000
1091,A217320,йс┼О┼Е,20170315,10000,10000,10000,10000,0,000,1050000
1092,A217320,йс┼О┼Е,20170314,10000,10000,10000,10000,0,000,1050000
1093,A217320,йс┼О┼Е,20170313,10000,10000,10000,10000,0,000,1050000
1094,A217320,йс┼О┼Е,20170310,10000,10000,10000,10000,0,000,1050000
1095,A217320,йс┼О┼Е,20170309,10000,10000,10000,10000,0,000,1050000
1096,A217320,йс┼О┼Е,20170308,10000,10000,10000,10000,0,000,1050000
1097,A217320,йс┼О┼Е,20170307,10000,10000,10000,10000,0,000,1050000
1098,A217320,йс┼О┼Е,20170306,10000,10000,10000,10000,0,000,1050000
1099,A217320,йс┼О┼Е,20170303,10000,10000,10000,10000,0,000,1050000
1100,A217320,йс┼О┼Е,20170302,10000,10000,10000,10000,0,000,1050000
1101,A217320,йс┼О┼Е,20170228,10000,10000,10000,10000,0,000,1050000
1102,A217320,йс┼О┼Е,20170227,10000,10000,10000,10000,0,000,1050000
1103,A217320,йс┼О┼Е,20170224,10000,10000,10000,10000,0,000,1050000
1104,A217320,йс┼О┼Е,20170223,10000,10000,10000,10000,0,000,1050000
1105,A217320,йс┼О┼Е,20170222,10000,10000,10000,10000,0,000,1050000
1106,A217320,йс┼О┼Е,20170221,10000,10000,10000,10000,0,000,1050000
1107,A217320,йс┼О┼Е,20170220,10000,10000,10000,10000,0,000,1050000
1108,A217320,йс┼О┼Е,20170217,10000,10000,10000,10000,0,000,1050000
1109,A217320,йс┼О┼Е,20170216,10000,10000,10000,10000,0,000,1050000
1110,A217320,йс┼О┼Е,20170215,10000,10000,10000,10000,0,000,1050000
1111,A217320,йс┼О┼Е,20170214,10000,10000,10000,10000,0,000,1050000
1112,A217320,йс┼О┼Е,20170213,10000,10000,10000,10000,0,000,1050000
1113,A217320,йс┼О┼Е,20170210,10000,10000,10000,10000,0,000,1050000
1114,A217320,йс┼О┼Е,20170209,10000,10000,10000,10000,0,000,1050000
1115,A217320,йс┼О┼Е,20170208,10000,10000,10000,10000,0,000,1050000
1116,A217320,йс┼О┼Е,20170207,10000,10000,10000,10000,0,000,1050000
1117,A217320,йс┼О┼Е,20170206,10000,10000,10000,10000,0,000,1050000
1118,A217320,йс┼О┼Е,20170203,10000,10000,10000,10000,0,000,1050000
1119,A217320,йс┼О┼Е,20170202,10000,10000,10000,10000,0,000,1050000
1120,A217320,йс┼О┼Е,20170201,10000,10000,10000,10000,0,000,1050000
1121,A217320,йс┼О┼Е,20170131,10000,10000,10000,10000,0,000,1050000
1122,A217320,йс┼О┼Е,20170126,10000,10000,10000,10000,0,000,1050000
1123,A217320,йс┼О┼Е,20170125,10000,10000,10000,10000,0,000,1050000
1124,A217320,йс┼О┼Е,20170124,10000,10000,10000,10000,0,000,1050000
1125,A217320,йс┼О┼Е,20170123,10000,10000,10000,10000,0,000,1050000
1126,A217320,йс┼О┼Е,20170120,10000,10000,10000,10000,0,000,1050000
1127,A217320,йс┼О┼Е,20170119,10000,10000,10000,10000,0,000,1050000
1128,A217320,йс┼О┼Е,20170118,10000,10000,10000,10000,0,000,1050000
1129,A217320,йс┼О┼Е,20170117,10000,10000,10000,10000,0,000,1050000
1130,A217320,йс┼О┼Е,20170116,10000,10000,10000,10000,0,000,1050000
1131,A217320,йс┼О┼Е,20170113,10000,10000,10000,10000,0,000,1050000
1132,A217320,йс┼О┼Е,20170112,10000,10000,10000,10000,0,000,1050000
1133,A217320,йс┼О┼Е,20170111,10000,10000,10000,10000,0,000,1050000
1134,A217320,йс┼О┼Е,20170110,10000,10000,10000,10000,0,000,1050000
1135,A217320,йс┼О┼Е,20170109,10000,10000,10000,10000,0,000,1050000
1136,A217320,йс┼О┼Е,20170106,10000,10000,10000,10000,0,000,1050000
1137,A217320,йс┼О┼Е,20170105,10000,10000,10000,10000,0,000,1050000
1138,A217320,йс┼О┼Е,20170104,10000,10000,10000,10000,0,000,1050000
1139,A217320,йс┼О┼Е,20170103,10000,10000,10000,10000,0,000,1050000
1140,A217320,йс┼О┼Е,20170102,10000,10000,10000,10000,0,000,1050000
1141,A217320,йс┼О┼Е,20161229,10000,10000,10000,10000,0,000,1050000
1142,A217320,йс┼О┼Е,20161228,10000,10000,10000,10000,0,000,1050000
1143,A217320,йс┼О┼Е,20161227,10000,10000,10000,10000,0,000,1050000
1144,A217320,йс┼О┼Е,20161226,10000,10000,10000,10000,0,000,1050000
1145,A217320,йс┼О┼Е,20161223,10000,10000,10000,10000,0,000,1050000
1146,A217320,йс┼О┼Е,20161222,10000,10000,10000,10000,0,000,1050000
1147,A217320,йс┼О┼Е,20161221,10000,10000,10000,10000,0,000,1050000
1148,A217320,йс┼О┼Е,20161220,10000,10000,10000,10000,0,000,1050000
1149,A217320,йс┼О┼Е,20161219,10000,10000,10000,10000,0,000,1050000
1150,A217320,йс┼О┼Е,20161216,10000,10000,10000,10000,0,000,1050000
1151,A217320,йс┼О┼Е,20161215,10000,10000,10000,10000,0,000,1050000
1152,A217320,йс┼О┼Е,20161214,10000,10000,10000,10000,0,000,1050000
1153,A217320,йс┼О┼Е,20161213,10000,10000,10000,10000,0,000,1050000
1154,A217320,йс┼О┼Е,20161212,10000,10000,10000,10000,0,000,1050000
1155,A217320,йс┼О┼Е,20161209,10000,10000,10000,10000,0,000,1050000
1156,A217320,йс┼О┼Е,20161208,10000,10000,10000,10000,0,000,1050000
1157,A217320,йс┼О┼Е,20161207,10000,10000,10000,10000,0,000,1050000
1158,A217320,йс┼О┼Е,20161206,10000,10000,10000,10000,0,000,1050000
1159,A217320,йс┼О┼Е,20161205,10000,10000,10000,10000,0,000,1050000
1160,A217320,йс┼О┼Е,20161202,10000,10000,10000,10000,0,000,1050000
1161,A217320,йс┼О┼Е,20161201,10000,10000,10000,10000,0,000,1050000
1162,A217320,йс┼О┼Е,20161130,10000,10000,10000,10000,0,000,1050000
1163,A217320,йс┼О┼Е,20161129,10000,10000,10000,10000,0,000,1050000
1164,A217320,йс┼О┼Е,20161128,10000,10000,10000,10000,0,000,1050000
1165,A217320,йс┼О┼Е,20161125,10000,10000,10000,10000,0,000,1050000
1166,A217320,йс┼О┼Е,20161124,10000,10000,10000,10000,0,000,1050000
1167,A217320,йс┼О┼Е,20161123,10000,10000,10000,10000,0,000,1050000
1168,A217320,йс┼О┼Е,20161122,10000,10000,10000,10000,0,000,1050000
1169,A217320,йс┼О┼Е,20161121,10000,10000,10000,10000,0,000,1050000
1170,A217320,йс┼О┼Е,20161118,10000,10000,10000,10000,0,000,1050000
1171,A217320,йс┼О┼Е,20161117,10000,10000,10000,10000,0,000,1050000
1172,A217320,йс┼О┼Е,20161116,10000,10000,10000,10000,0,000,1050000
1173,A217320,йс┼О┼Е,20161115,10000,10000,10000,10000,0,000,1050000
1174,A217320,йс┼О┼Е,20161114,10000,10000,10000,10000,0,000,1050000
1175,A217320,йс┼О┼Е,20161111,10000,10000,10000,10000,0,000,1050000
1176,A217320,йс┼О┼Е,20161110,10000,10000,10000,10000,0,000,1050000
1177,A217320,йс┼О┼Е,20161109,10000,10000,10000,10000,0,000,1050000
1178,A217320,йс┼О┼Е,20161108,10000,10000,10000,10000,0,000,1050000
1179,A217320,йс┼О┼Е,20161107,10000,10000,10000,10000,0,000,1050000
1180,A217320,йс┼О┼Е,20161104,10000,10000,10000,10000,0,000,1050000
1181,A217320,йс┼О┼Е,20161103,10000,10000,10000,10000,0,000,1050000
1182,A217320,йс┼О┼Е,20161102,10000,10000,10000,10000,0,000,1050000
1183,A217320,йс┼О┼Е,20161101,10000,10000,10000,10000,0,000,1050000
1184,A217320,йс┼О┼Е,20161031,10000,10000,10000,10000,0,000,1050000
1185,A217320,йс┼О┼Е,20161028,10000,10000,10000,10000,0,000,1050000
1186,A217320,йс┼О┼Е,20161027,10000,10000,10000,10000,0,000,1050000
1187,A217320,йс┼О┼Е,20161026,10000,10000,10000,10000,0,000,1050000
1188,A217320,йс┼О┼Е,20161025,10000,10000,10000,10000,0,000,1050000
1189,A217320,йс┼О┼Е,20161024,10000,10000,10000,10000,0,000,1050000
1190,A217320,йс┼О┼Е,20161021,10000,10000,10000,10000,0,000,1050000
1191,A217320,йс┼О┼Е,20161020,10000,10000,10000,10000,0,000,1050000
1192,A217320,йс┼О┼Е,20161019,10000,10000,10000,10000,0,000,1050000
1193,A217320,йс┼О┼Е,20161018,10000,10000,10000,10000,0,000,1050000
1194,A217320,йс┼О┼Е,20161017,10000,10000,10000,10000,0,000,1050000
1195,A217320,йс┼О┼Е,20161014,10000,10000,10000,10000,0,000,1050000
1196,A217320,йс┼О┼Е,20161013,10000,10000,10000,10000,0,000,1050000
1197,A217320,йс┼О┼Е,20161012,10000,10000,10000,10000,0,000,1050000
1198,A217320,йс┼О┼Е,20161011,10000,10000,10000,10000,0,000,1050000
1199,A217320,йс┼О┼Е,20161010,10000,10000,10000,10000,0,000,1050000
1200,A217320,йс┼О┼Е,20161007,10000,10000,10000,10000,0,000,1050000
1201,A217320,йс┼О┼Е,20161006,10000,10000,10000,10000,0,000,1050000
1202,A217320,йс┼О┼Е,20161005,10000,10000,10000,10000,0,000,1050000
1203,A217320,йс┼О┼Е,20161004,10000,10000,10000,10000,0,000,1050000
1204,A217320,йс┼О┼Е,20160930,10000,10000,10000,10000,0,000,1050000
1205,A217320,йс┼О┼Е,20160929,10000,10000,10000,10000,0,000,1050000
1206,A217320,йс┼О┼Е,20160928,10000,10000,10000,10000,0,000,1050000
1207,A217320,йс┼О┼Е,20160927,10000,10000,10000,10000,0,000,1050000
1208,A217320,йс┼О┼Е,20160926,10000,10000,10000,10000,0,000,1050000
1209,A217320,йс┼О┼Е,20160923,10000,10000,10000,10000,0,000,1050000
1210,A217320,йс┼О┼Е,20160922,10000,10000,10000,10000,0,000,1050000
1211,A217320,йс┼О┼Е,20160921,10000,10000,10000,10000,0,000,1050000
1212,A217320,йс┼О┼Е,20160920,10000,10000,10000,10000,0,000,1050000
1213,A217320,йс┼О┼Е,20160919,10000,10000,10000,10000,0,000,1050000
1214,A217320,йс┼О┼Е,20160913,10000,10000,10000,10000,0,000,1050000
1215,A217320,йс┼О┼Е,20160912,10000,10000,10000,10000,0,000,1050000
1216,A217320,йс┼О┼Е,20160909,10000,10000,10000,10000,0,000,1050000
1217,A217320,йс┼О┼Е,20160908,10000,10000,10000,10000,0,000,1050000
1218,A217320,йс┼О┼Е,20160907,10000,10000,10000,10000,0,000,1050000
1219,A217320,йс┼О┼Е,20160906,10000,10000,10000,10000,0,000,1050000
1220,A217320,йс┼О┼Е,20160905,10000,10000,10000,10000,0,000,1050000
1221,A217320,йс┼О┼Е,20160902,10000,10000,10000,10000,0,000,1050000
1222,A217320,йс┼О┼Е,20160901,10000,10000,10000,10000,0,000,1050000
1223,A217320,йс┼О┼Е,20160831,10000,10000,10000,10000,0,000,1050000
1224,A217320,йс┼О┼Е,20160830,10000,10000,10000,10000,0,000,1050000
1225,A217320,йс┼О┼Е,20160829,10000,10000,10000,10000,0,000,1050000
1226,A217320,йс┼О┼Е,20160826,10000,10000,10000,10000,0,000,1050000
1227,A217320,йс┼О┼Е,20160825,10000,10000,10000,10000,0,000,1050000
1228,A217320,йс┼О┼Е,20160824,10000,10000,10000,10000,0,000,1050000
1229,A217320,йс┼О┼Е,20160823,10000,10000,10000,10000,0,000,1050000
1230,A217320,йс┼О┼Е,20160822,10000,10000,10000,10000,0,000,1050000
1231,A217320,йс┼О┼Е,20160819,10000,10000,10000,10000,0,000,1050000
1232,A217320,йс┼О┼Е,20160818,10000,10000,10000,10000,0,000,1050000
1233,A217320,йс┼О┼Е,20160817,10000,10000,10000,10000,0,000,1050000
1234,A217320,йс┼О┼Е,20160816,10000,10000,10000,10000,0,000,1050000
1235,A217320,йс┼О┼Е,20160812,10000,10000,10000,10000,0,000,1050000
1236,A217320,йс┼О┼Е,20160811,10000,10000,10000,10000,0,000,1050000
1237,A217320,йс┼О┼Е,20160810,10000,10000,10000,10000,0,000,1050000
1238,A217320,йс┼О┼Е,20160809,10000,10000,10000,10000,0,000,1050000
1239,A217320,йс┼О┼Е,20160808,10000,10000,10000,10000,0,000,1050000
1240,A217320,йс┼О┼Е,20160805,10000,10000,10000,10000,0,000,1050000
1241,A217320,йс┼О┼Е,20160804,10000,10000,10000,10000,0,000,1050000
1242,A217320,йс┼О┼Е,20160803,10000,10000,10000,10000,0,000,1050000
1243,A217320,йс┼О┼Е,20160802,10000,10000,10000,10000,0,000,1050000
1244,A217320,йс┼О┼Е,20160801,10000,10000,10000,10000,0,000,1050000
1245,A217320,йс┼О┼Е,20160729,10000,10000,10000,10000,0,000,1050000
1246,A217320,йс┼О┼Е,20160728,10000,10000,10000,10000,0,000,1050000
1247,A217320,йс┼О┼Е,20160727,10000,10000,10000,10000,0,000,1050000
1248,A217320,йс┼О┼Е,20160726,10000,10000,10000,10000,0,000,1050000
1249,A217320,йс┼О┼Е,20160725,10000,10000,10000,10000,0,000,1050000
1250,A217320,йс┼О┼Е,20160722,10000,10000,10000,10000,0,000,1050000
1251,A217320,йс┼О┼Е,20160721,10000,10000,10000,10000,0,000,1050000
1252,A217320,йс┼О┼Е,20160720,10000,10000,10000,10000,0,000,1050000
1253,A217320,йс┼О┼Е,20160719,10000,10000,10000,10000,0,000,1050000
1254,A217320,йс┼О┼Е,20160718,10000,10000,10000,10000,0,000,1050000
1255,A217320,йс┼О┼Е,20160715,10000,10000,10000,10000,0,000,1050000
1256,A217320,йс┼О┼Е,20160714,10000,10000,10000,10000,0,000,1050000
1257,A217320,йс┼О┼Е,20160713,10000,10000,10000,10000,0,000,1050000
1258,A217320,йс┼О┼Е,20160712,10000,10000,10000,10000,0,000,1050000
1259,A217320,йс┼О┼Е,20160711,10000,10000,10000,10000,0,000,1050000
1260,A217320,йс┼О┼Е,20160708,10000,10000,10000,10000,0,000,1050000
1261,A217320,йс┼О┼Е,20160707,10000,10000,10000,10000,0,000,1050000
1262,A217320,йс┼О┼Е,20160706,10000,10000,10000,10000,0,000,1050000
1263,A217320,йс┼О┼Е,20160705,10000,10000,10000,10000,0,000,1050000
1264,A217320,йс┼О┼Е,20160704,10000,10000,10000,10000,0,000,1050000
1265,A217320,йс┼О┼Е,20160701,10000,10000,10000,10000,0,000,1050000
1266,A217320,йс┼О┼Е,20160630,10000,10000,10000,10000,0,000,1050000
1267,A217320,йс┼О┼Е,20160629,10000,10000,10000,10000,0,000,1050000
1268,A217320,йс┼О┼Е,20160628,10000,10000,10000,10000,0,000,1050000
1269,A217320,йс┼О┼Е,20160627,10000,10000,10000,10000,0,000,1050000
1270,A217320,йс┼О┼Е,20160624,10000,10000,10000,10000,0,000,1050000
1271,A217320,йс┼О┼Е,20160623,10000,10000,10000,10000,0,000,1050000
1272,A217320,йс┼О┼Е,20160622,10000,10000,10000,10000,0,000,1050000
1273,A217320,йс┼О┼Е,20160621,10000,10000,10000,10000,0,000,1050000
1274,A217320,йс┼О┼Е,20160620,10000,10000,10000,10000,0,000,1050000
1275,A217320,йс┼О┼Е,20160617,10000,10000,10000,10000,0,000,1050000
1276,A217320,йс┼О┼Е,20160616,10000,10000,10000,10000,0,000,1050000
1277,A217320,йс┼О┼Е,20160615,10000,10000,10000,10000,0,000,1050000
1278,A217320,йс┼О┼Е,20160614,10000,10000,10000,10000,0,000,1050000
1279,A217320,йс┼О┼Е,20160613,10000,10000,10000,10000,0,000,1050000
1280,A217320,йс┼О┼Е,20160610,10000,10000,10000,10000,0,000,1050000
1281,A217320,йс┼О┼Е,20160609,10000,10000,10000,10000,0,000,1050000
1282,A217320,йс┼О┼Е,20160608,10000,10000,10000,10000,0,000,1050000
1283,A217320,йс┼О┼Е,20160607,10000,10000,10000,10000,0,000,1050000
1284,A217320,йс┼О┼Е,20160603,10000,10000,10000,10000,0,000,1050000
1285,A217320,йс┼О┼Е,20160602,10000,10000,10000,10000,0,000,1050000
1286,A217320,йс┼О┼Е,20160601,10000,10000,10000,10000,0,000,1050000
1287,A217320,йс┼О┼Е,20160531,10000,10000,10000,10000,0,000,1050000
1288,A217320,йс┼О┼Е,20160530,10000,10000,10000,10000,0,000,1050000
1289,A217320,йс┼О┼Е,20160527,10000,10000,10000,10000,0,000,1050000
1290,A217320,йс┼О┼Е,20160526,10000,10000,10000,10000,0,000,1050000
1291,A217320,йс┼О┼Е,20160525,10000,10000,10000,10000,0,000,1050000
1292,A217320,йс┼О┼Е,20160524,10000,10000,10000,10000,0,000,1050000
1293,A217320,йс┼О┼Е,20160523,10000,10000,10000,10000,0,000,1050000
1294,A217320,йс┼О┼Е,20160520,10000,10000,10000,10000,0,000,1050000
1295,A217320,йс┼О┼Е,20160519,10000,10000,10000,10000,0,000,1050000
1296,A217320,йс┼О┼Е,20160518,10000,10000,10000,10000,0,000,1050000
1297,A217320,йс┼О┼Е,20160517,10000,10000,10000,10000,0,000,1050000
1298,A217320,йс┼О┼Е,20160516,10000,10000,10000,10000,0,000,1050000
1299,A217320,йс┼О┼Е,20160513,10000,10000,10000,10000,0,000,1050000
1300,A217320,йс┼О┼Е,20160512,10000,10000,10000,10000,0,000,1050000
1301,A217320,йс┼О┼Е,20160511,10000,10000,10000,10000,0,000,1050000
1302,A217320,йс┼О┼Е,20160510,10000,10000,10000,10000,0,000,1050000
1303,A217320,йс┼О┼Е,20160509,10000,10000,10000,10000,0,000,1050000
1304,A217320,йс┼О┼Е,20160504,10000,10000,10000,10000,0,000,1050000
1305,A217320,йс┼О┼Е,20160503,10000,10000,10000,10000,0,000,1050000
1306,A217320,йс┼О┼Е,20160502,10000,10000,10000,10000,0,000,1050000
1307,A217320,йс┼О┼Е,20160429,10000,10000,10000,10000,0,000,1050000
1308,A217320,йс┼О┼Е,20160428,10000,10000,10000,10000,0,000,1050000
1309,A217320,йс┼О┼Е,20160427,10000,10000,10000,10000,0,000,1050000
1310,A217320,йс┼О┼Е,20160426,10000,10000,10000,10000,0,000,1050000
1311,A217320,йс┼О┼Е,20160425,10000,10000,10000,10000,0,000,1050000
1312,A217320,йс┼О┼Е,20160422,10000,10000,10000,10000,0,000,1050000
1313,A217320,йс┼О┼Е,20160421,10000,10000,10000,10000,0,000,1050000
1314,A217320,йс┼О┼Е,20160420,10000,10000,10000,10000,0,000,1050000
1315,A217320,йс┼О┼Е,20160419,10000,10000,10000,10000,0,000,1050000
1316,A217320,йс┼О┼Е,20160418,10000,10000,10000,10000,0,000,1050000
1317,A217320,йс┼О┼Е,20160415,10000,10000,10000,10000,0,000,1050000
1318,A217320,йс┼О┼Е,20160414,10000,10000,10000,10000,0,000,1050000
1319,A217320,йс┼О┼Е,20160412,10000,10000,10000,10000,0,000,1050000
1320,A217320,йс┼О┼Е,20160411,10000,10000,10000,10000,0,000,1050000
1321,A217320,йс┼О┼Е,20160408,10000,10000,10000,10000,0,000,1050000
1322,A217320,йс┼О┼Е,20160407,10000,10000,10000,10000,0,000,1050000
1323,A217320,йс┼О┼Е,20160406,10000,10000,10000,10000,0,000,1050000
1324,A217320,йс┼О┼Е,20160405,10000,10000,10000,10000,0,000,1050000
1325,A217320,йс┼О┼Е,20160404,10000,10000,10000,10000,0,000,1050000
1326,A217320,йс┼О┼Е,20160401,10000,10000,10000,10000,0,000,1050000
1327,A217320,йс┼О┼Е,20160331,10000,10000,10000,10000,0,000,1050000
1328,A217320,йс┼О┼Е,20160330,10000,10000,10000,10000,0,000,1050000
1329,A217320,йс┼О┼Е,20160329,10000,10000,10000,10000,0,000,1050000
1330,A217320,йс┼О┼Е,20160328,10000,10000,10000,10000,0,000,1050000
1331,A217320,йс┼О┼Е,20160325,10000,10000,10000,10000,0,000,1050000
1332,A217320,йс┼О┼Е,20160324,10000,10000,10000,10000,0,000,1050000
1333,A217320,йс┼О┼Е,20160323,10000,10000,10000,10000,0,000,1050000
1334,A217320,йс┼О┼Е,20160322,10000,10000,10000,10000,0,000,1050000
1335,A217320,йс┼О┼Е,20160321,10000,10000,10000,10000,0,000,1050000
1336,A217320,йс┼О┼Е,20160318,10000,10000,10000,10000,0,000,1050000
1337,A217320,йс┼О┼Е,20160317,10000,10000,10000,10000,0,000,1050000
1338,A217320,йс┼О┼Е,20160316,10000,10000,10000,10000,0,000,1050000
1339,A217320,йс┼О┼Е,20160315,10000,10000,10000,10000,0,000,1050000
1340,A217320,йс┼О┼Е,20160314,10000,10000,10000,10000,0,000,1050000
1341,A217320,йс┼О┼Е,20160311,10000,10000,10000,10000,0,000,1050000
1342,A217320,йс┼О┼Е,20160310,10000,10000,10000,10000,0,000,1050000
1343,A217320,йс┼О┼Е,20160309,10000,10000,10000,10000,0,000,1050000
1344,A217320,йс┼О┼Е,20160308,10000,10000,10000,10000,0,000,1050000
1345,A217320,йс┼О┼Е,20160307,10000,10000,10000,10000,0,000,1050000
1346,A217320,йс┼О┼Е,20160304,10000,10000,10000,10000,0,000,1050000
1347,A217320,йс┼О┼Е,20160303,10000,10000,10000,10000,0,000,1050000
1348,A217320,йс┼О┼Е,20160302,10000,10000,10000,10000,0,000,1050000
1349,A217320,йс┼О┼Е,20160229,10000,10000,10000,10000,0,000,1050000
1350,A217320,йс┼О┼Е,20160226,10000,10000,10000,10000,0,000,1050000
1351,A217320,йс┼О┼Е,20160225,10000,10000,10000,10000,0,000,1050000
1352,A217320,йс┼О┼Е,20160224,10000,10000,10000,10000,0,000,1050000
1353,A217320,йс┼О┼Е,20160223,10000,10000,10000,10000,0,000,1050000
1354,A217320,йс┼О┼Е,20160222,10000,10000,10000,10000,0,000,1050000
1355,A217320,йс┼О┼Е,20160219,10000,10000,10000,10000,0,000,1050000
1356,A217320,йс┼О┼Е,20160218,10000,10000,10000,10000,0,000,1050000
1357,A217320,йс┼О┼Е,20160217,10000,10000,10000,10000,0,000,1050000
1358,A217320,йс┼О┼Е,20160216,10000,10000,10000,10000,0,000,1050000
1359,A217320,йс┼О┼Е,20160215,10000,10000,10000,10000,0,000,1050000
1360,A217320,йс┼О┼Е,20160212,10000,10000,10000,10000,0,000,1050000
1361,A217320,йс┼О┼Е,20160211,10000,10000,10000,10000,0,000,1050000
1362,A217320,йс┼О┼Е,20160205,10000,10000,10000,10000,0,000,1050000
1363,A217320,йс┼О┼Е,20160204,10000,10000,10000,10000,0,000,1050000
1364,A217320,йс┼О┼Е,20160203,10000,10000,10000,10000,0,000,1050000
1365,A217320,йс┼О┼Е,20160202,10000,10000,10000,10000,0,000,1050000
1366,A217320,йс┼О┼Е,20160201,10000,10000,10000,10000,0,000,1050000
1367,A217320,йс┼О┼Е,20160129,10000,10000,10000,10000,0,000,1050000
1368,A217320,йс┼О┼Е,20160128,10000,10000,10000,10000,0,000,1050000
1369,A217320,йс┼О┼Е,20160127,10000,10000,10000,10000,0,000,1050000
1370,A217320,йс┼О┼Е,20160126,10000,10000,10000,10000,0,000,1050000
1371,A217320,йс┼О┼Е,20160125,10000,10000,10000,10000,0,000,1050000
1372,A217320,йс┼О┼Е,20160122,10000,10000,10000,10000,0,000,1050000
1373,A217320,йс┼О┼Е,20160121,10000,10000,10000,10000,0,000,1050000
1374,A217320,йс┼О┼Е,20160120,10000,10000,10000,10000,0,000,1050000
1375,A217320,йс┼О┼Е,20160119,10000,10000,10000,10000,0,000,1050000
1376,A217320,йс┼О┼Е,20160118,10000,10000,10000,10000,0,000,1050000
1377,A217320,йс┼О┼Е,20160115,10000,10000,10000,10000,0,000,1050000
1378,A217320,йс┼О┼Е,20160114,10000,10000,10000,10000,0,000,1050000
1379,A217320,йс┼О┼Е,20160113,10000,10000,10000,10000,0,000,1050000
1380,A217320,йс┼О┼Е,20160112,10000,10000,10000,10000,0,000,1050000
1381,A217320,йс┼О┼Е,20160111,10000,10000,10000,10000,0,000,1050000
1382,A217320,йс┼О┼Е,20160108,10000,10000,10000,10000,0,000,1050000
1383,A217320,йс┼О┼Е,20160107,10000,10000,10000,10000,0,000,1050000
1384,A217320,йс┼О┼Е,20160106,10000,10000,10000,10000,0,000,1050000
1385,A217320,йс┼О┼Е,20160105,10000,10000,10000,10000,0,000,1050000
1386,A217320,йс┼О┼Е,20160104,10000,10000,10000,10000,0,000,1050000
