,¾¸סµו,¾¸ס¸ם,³¯¥,½°,°ם°,ת°,¾°,°··®,ץ±»ך¾ק¾µו,¹‗א½¼צ
0,A083470,¥¾¾,20210823,1390,1390,1390,1390,0,360,27424000
1,A083470,¥¾¾,20210820,1390,1390,1390,1390,0,360,27424000
2,A083470,¥¾¾,20210819,1390,1390,1390,1390,0,360,27424000
3,A083470,¥¾¾,20210818,1390,1390,1390,1390,0,360,27424000
4,A083470,¥¾¾,20210817,1390,1390,1390,1390,0,360,27424000
5,A083470,¥¾¾,20210813,1390,1390,1390,1390,0,360,27424000
6,A083470,¥¾¾,20210812,1390,1390,1390,1390,0,360,27424000
7,A083470,¥¾¾,20210811,1390,1390,1390,1390,0,360,27424000
8,A083470,¥¾¾,20210810,1390,1390,1390,1390,0,360,27424000
9,A083470,¥¾¾,20210809,1390,1390,1390,1390,0,360,27424000
10,A083470,¥¾¾,20210806,1390,1390,1390,1390,0,360,27424000
11,A083470,¥¾¾,20210805,1390,1390,1390,1390,0,360,27424000
12,A083470,¥¾¾,20210804,1390,1390,1390,1390,0,360,27424000
13,A083470,¥¾¾,20210803,1390,1390,1390,1390,0,360,27424000
14,A083470,¥¾¾,20210802,1390,1390,1390,1390,0,360,27424000
15,A083470,¥¾¾,20210730,1390,1390,1390,1390,0,360,27424000
16,A083470,¥¾¾,20210729,1390,1390,1390,1390,0,360,27424000
17,A083470,¥¾¾,20210728,1390,1390,1390,1390,0,360,27424000
18,A083470,¥¾¾,20210727,1390,1390,1390,1390,0,360,27424000
19,A083470,¥¾¾,20210726,1390,1390,1390,1390,0,360,27424000
20,A083470,¥¾¾,20210723,1390,1390,1390,1390,0,360,27424000
21,A083470,¥¾¾,20210722,1390,1390,1390,1390,0,360,27424000
22,A083470,¥¾¾,20210721,1390,1390,1390,1390,0,360,27424000
23,A083470,¥¾¾,20210720,1390,1390,1390,1390,0,360,27424000
24,A083470,¥¾¾,20210719,1585,1585,1585,1585,0,360,27424000
25,A083470,¥¾¾,20210716,1585,1585,1585,1585,0,360,22424000
26,A083470,¥¾¾,20210715,1585,1585,1585,1585,0,360,22424000
27,A083470,¥¾¾,20210714,1585,1585,1585,1585,0,360,22424000
28,A083470,¥¾¾,20210713,1585,1585,1585,1585,0,360,22424000
29,A083470,¥¾¾,20210712,1585,1585,1585,1585,0,360,22424000
30,A083470,¥¾¾,20210709,1585,1585,1585,1585,0,360,22424000
31,A083470,¥¾¾,20210708,1585,1585,1585,1585,0,360,22424000
32,A083470,¥¾¾,20210707,1585,1585,1585,1585,0,360,22424000
33,A083470,¥¾¾,20210706,1585,1585,1585,1585,0,360,22424000
34,A083470,¥¾¾,20210705,1585,1585,1585,1585,0,360,22424000
35,A083470,¥¾¾,20210702,1585,1585,1585,1585,0,360,22424000
36,A083470,¥¾¾,20210701,1585,1585,1585,1585,0,360,22424000
37,A083470,¥¾¾,20210630,1585,1585,1585,1585,0,360,22424000
38,A083470,¥¾¾,20210629,1585,1585,1585,1585,0,360,22424000
39,A083470,¥¾¾,20210628,1585,1585,1585,1585,0,360,22424000
40,A083470,¥¾¾,20210625,1585,1585,1585,1585,0,360,22424000
41,A083470,¥¾¾,20210624,1585,1585,1585,1585,0,360,22424000
42,A083470,¥¾¾,20210623,1585,1585,1585,1585,0,360,22424000
43,A083470,¥¾¾,20210622,1585,1585,1585,1585,0,360,22424000
44,A083470,¥¾¾,20210621,1585,1585,1585,1585,0,360,22424000
45,A083470,¥¾¾,20210618,1585,1585,1585,1585,0,360,22424000
46,A083470,¥¾¾,20210617,1585,1585,1585,1585,0,360,22424000
47,A083470,¥¾¾,20210616,1585,1585,1585,1585,0,360,22424000
48,A083470,¥¾¾,20210615,1585,1585,1585,1585,0,360,22424000
49,A083470,¥¾¾,20210614,1585,1585,1585,1585,0,360,22424000
50,A083470,¥¾¾,20210611,1585,1585,1585,1585,0,360,22424000
51,A083470,¥¾¾,20210610,1585,1585,1585,1585,0,360,22424000
52,A083470,¥¾¾,20210609,1585,1585,1585,1585,0,360,22424000
53,A083470,¥¾¾,20210608,1585,1585,1585,1585,0,360,22424000
54,A083470,¥¾¾,20210607,1585,1585,1585,1585,0,360,22424000
55,A083470,¥¾¾,20210604,1585,1585,1585,1585,0,360,22424000
56,A083470,¥¾¾,20210603,1585,1585,1585,1585,0,360,22424000
57,A083470,¥¾¾,20210602,1585,1585,1585,1585,0,360,22424000
58,A083470,¥¾¾,20210601,1585,1585,1585,1585,0,360,22424000
59,A083470,¥¾¾,20210531,1585,1585,1585,1585,0,360,22424000
60,A083470,¥¾¾,20210528,1585,1585,1585,1585,0,360,22424000
61,A083470,¥¾¾,20210527,1585,1585,1585,1585,0,360,22424000
62,A083470,¥¾¾,20210526,1585,1585,1585,1585,0,360,22424000
63,A083470,¥¾¾,20210525,1585,1585,1585,1585,0,360,22424000
64,A083470,¥¾¾,20210524,1585,1585,1585,1585,0,360,22424000
65,A083470,¥¾¾,20210521,1585,1585,1585,1585,0,360,22424000
66,A083470,¥¾¾,20210520,1585,1585,1585,1585,0,360,22424000
67,A083470,¥¾¾,20210518,1585,1585,1585,1585,0,360,22424000
68,A083470,¥¾¾,20210517,1585,1585,1585,1585,0,360,22424000
69,A083470,¥¾¾,20210514,1585,1585,1585,1585,0,360,22424000
70,A083470,¥¾¾,20210513,1585,1585,1585,1585,0,360,22424000
71,A083470,¥¾¾,20210512,1585,1585,1585,1585,0,360,22424000
72,A083470,¥¾¾,20210511,1585,1585,1585,1585,0,360,22424000
73,A083470,¥¾¾,20210510,1585,1585,1585,1585,0,360,22424000
74,A083470,¥¾¾,20210507,1585,1585,1585,1585,0,360,22424000
75,A083470,¥¾¾,20210506,1585,1585,1585,1585,0,360,22424000
76,A083470,¥¾¾,20210504,1585,1585,1585,1585,0,360,22424000
77,A083470,¥¾¾,20210503,1585,1585,1585,1585,0,360,22424000
78,A083470,¥¾¾,20210430,1585,1585,1585,1585,0,360,22424000
79,A083470,¥¾¾,20210429,1585,1585,1585,1585,0,360,22424000
80,A083470,¥¾¾,20210428,1585,1585,1585,1585,0,360,22424000
81,A083470,¥¾¾,20210427,1585,1585,1585,1585,0,360,22424000
82,A083470,¥¾¾,20210426,1585,1585,1585,1585,0,360,22424000
83,A083470,¥¾¾,20210423,1585,1585,1585,1585,0,360,22424000
84,A083470,¥¾¾,20210422,1585,1585,1585,1585,0,360,22424000
85,A083470,¥¾¾,20210421,1585,1585,1585,1585,0,360,22424000
86,A083470,¥¾¾,20210420,1585,1585,1585,1585,0,360,22424000
87,A083470,¥¾¾,20210419,1585,1585,1585,1585,0,360,22424000
88,A083470,¥¾¾,20210416,1585,1585,1585,1585,0,360,22424000
89,A083470,¥¾¾,20210415,1585,1585,1585,1585,0,360,22424000
90,A083470,¥¾¾,20210414,1585,1585,1585,1585,0,360,22424000
91,A083470,¥¾¾,20210413,1585,1585,1585,1585,0,360,22424000
92,A083470,¥¾¾,20210412,1585,1585,1585,1585,0,360,22424000
93,A083470,¥¾¾,20210409,1585,1585,1585,1585,0,360,22424000
94,A083470,¥¾¾,20210408,1585,1585,1585,1585,0,360,22424000
95,A083470,¥¾¾,20210407,1585,1585,1585,1585,0,360,22424000
96,A083470,¥¾¾,20210406,1585,1585,1585,1585,0,360,22424000
97,A083470,¥¾¾,20210405,1585,1585,1585,1585,0,360,22424000
98,A083470,¥¾¾,20210402,1585,1585,1585,1585,0,360,22424000
99,A083470,¥¾¾,20210401,1585,1585,1585,1585,0,360,22424000
100,A083470,¥¾¾,20210331,1585,1585,1585,1585,0,360,22424000
101,A083470,¥¾¾,20210330,1585,1585,1585,1585,0,360,22424000
102,A083470,¥¾¾,20210329,1585,1585,1585,1585,0,360,22424000
103,A083470,¥¾¾,20210326,1585,1585,1585,1585,0,360,22424000
104,A083470,¥¾¾,20210325,1585,1585,1585,1585,0,360,22424000
105,A083470,¥¾¾,20210324,1585,1585,1585,1585,0,360,22424000
106,A083470,¥¾¾,20210323,1585,1585,1585,1585,0,360,22424000
107,A083470,¥¾¾,20210322,1585,1585,1585,1585,0,360,22424000
108,A083470,¥¾¾,20210319,1585,1585,1585,1585,0,360,22424000
109,A083470,¥¾¾,20210318,1585,1585,1585,1585,0,360,22424000
110,A083470,¥¾¾,20210317,1585,1585,1585,1585,0,360,22424000
111,A083470,¥¾¾,20210316,1585,1585,1585,1585,0,360,22424000
112,A083470,¥¾¾,20210315,1585,1585,1585,1585,0,360,22424000
113,A083470,¥¾¾,20210312,1585,1585,1585,1585,0,360,22424000
114,A083470,¥¾¾,20210311,1585,1585,1585,1585,0,360,22424000
115,A083470,¥¾¾,20210310,1585,1585,1585,1585,0,360,22424000
116,A083470,¥¾¾,20210309,1585,1585,1585,1585,0,360,22424000
117,A083470,¥¾¾,20210308,1585,1585,1585,1585,0,360,22424000
118,A083470,¥¾¾,20210305,1585,1585,1585,1585,0,360,22424000
119,A083470,¥¾¾,20210304,1585,1585,1585,1585,0,360,22424000
120,A083470,¥¾¾,20210303,1585,1585,1585,1585,0,360,22424000
121,A083470,¥¾¾,20210302,1585,1585,1585,1585,0,360,22424000
122,A083470,¥¾¾,20210226,1585,1585,1585,1585,0,360,22424000
123,A083470,¥¾¾,20210225,1585,1585,1585,1585,0,360,22424000
124,A083470,¥¾¾,20210224,1585,1585,1585,1585,0,360,22424000
125,A083470,¥¾¾,20210223,1585,1585,1585,1585,0,360,22424000
126,A083470,¥¾¾,20210222,1585,1585,1585,1585,0,360,22424000
127,A083470,¥¾¾,20210219,1585,1585,1585,1585,0,360,22424000
128,A083470,¥¾¾,20210218,1585,1585,1585,1585,0,360,22424000
129,A083470,¥¾¾,20210217,1585,1585,1585,1585,0,360,22424000
130,A083470,¥¾¾,20210216,1585,1585,1585,1585,0,360,22424000
131,A083470,¥¾¾,20210215,1585,1585,1585,1585,0,360,22424000
132,A083470,¥¾¾,20210210,1585,1585,1585,1585,0,360,22424000
133,A083470,¥¾¾,20210209,1585,1585,1585,1585,0,360,22424000
134,A083470,¥¾¾,20210208,1585,1585,1585,1585,0,360,22424000
135,A083470,¥¾¾,20210205,1585,1585,1585,1585,0,360,22424000
136,A083470,¥¾¾,20210204,1585,1585,1585,1585,0,360,22424000
137,A083470,¥¾¾,20210203,1585,1585,1585,1585,0,360,22424000
138,A083470,¥¾¾,20210202,1585,1585,1585,1585,0,360,22424000
139,A083470,¥¾¾,20210201,1585,1585,1585,1585,0,360,22424000
140,A083470,¥¾¾,20210129,1585,1585,1585,1585,0,360,22424000
141,A083470,¥¾¾,20210128,1585,1585,1585,1585,0,360,22424000
142,A083470,¥¾¾,20210127,1585,1585,1585,1585,0,360,22424000
143,A083470,¥¾¾,20210126,1585,1585,1585,1585,0,360,22424000
144,A083470,¥¾¾,20210125,1585,1585,1585,1585,0,360,22424000
145,A083470,¥¾¾,20210122,1585,1585,1585,1585,0,360,22424000
146,A083470,¥¾¾,20210121,1585,1585,1585,1585,0,360,22424000
147,A083470,¥¾¾,20210120,1585,1585,1585,1585,0,360,22424000
148,A083470,¥¾¾,20210119,1585,1585,1585,1585,0,360,22424000
149,A083470,¥¾¾,20210118,1585,1585,1585,1585,0,360,22424000
150,A083470,¥¾¾,20210115,1585,1585,1585,1585,0,360,22424000
151,A083470,¥¾¾,20210114,1585,1585,1585,1585,0,360,22424000
152,A083470,¥¾¾,20210113,1585,1585,1585,1585,0,360,22424000
153,A083470,¥¾¾,20210112,1585,1585,1585,1585,0,360,22424000
154,A083470,¥¾¾,20210111,1585,1585,1585,1585,0,360,22424000
155,A083470,¥¾¾,20210108,1585,1585,1585,1585,0,360,22424000
156,A083470,¥¾¾,20210107,1585,1585,1585,1585,0,360,22424000
157,A083470,¥¾¾,20210106,1585,1585,1585,1585,0,360,22424000
158,A083470,¥¾¾,20210105,1585,1585,1585,1585,0,360,22424000
159,A083470,¥¾¾,20210104,1585,1585,1585,1585,0,360,22424000
160,A083470,¥¾¾,20201230,1585,1585,1585,1585,0,360,22424000
161,A083470,¥¾¾,20201229,1585,1585,1585,1585,0,360,22424000
162,A083470,¥¾¾,20201228,1585,1585,1585,1585,0,360,22424000
163,A083470,¥¾¾,20201224,1585,1585,1585,1585,0,360,22424000
164,A083470,¥¾¾,20201223,1585,1585,1585,1585,0,360,22424000
165,A083470,¥¾¾,20201222,1585,1585,1585,1585,0,360,22424000
166,A083470,¥¾¾,20201221,1585,1585,1585,1585,0,360,22424000
167,A083470,¥¾¾,20201218,1585,1585,1585,1585,0,360,22424000
168,A083470,¥¾¾,20201217,1585,1585,1585,1585,0,360,22424000
169,A083470,¥¾¾,20201216,1585,1585,1585,1585,0,360,22424000
170,A083470,¥¾¾,20201215,1585,1585,1585,1585,0,360,22424000
171,A083470,¥¾¾,20201214,1585,1585,1585,1585,0,360,22424000
172,A083470,¥¾¾,20201211,1585,1585,1585,1585,0,360,22424000
173,A083470,¥¾¾,20201210,1585,1585,1585,1585,0,360,22424000
174,A083470,¥¾¾,20201209,1585,1585,1585,1585,0,360,22424000
175,A083470,¥¾¾,20201208,1585,1585,1585,1585,0,360,22424000
176,A083470,¥¾¾,20201207,1585,1585,1585,1585,0,360,22424000
177,A083470,¥¾¾,20201204,1585,1585,1585,1585,0,360,22424000
178,A083470,¥¾¾,20201203,1585,1585,1585,1585,0,360,22424000
179,A083470,¥¾¾,20201202,1585,1585,1585,1585,0,360,22424000
180,A083470,¥¾¾,20201201,1585,1585,1585,1585,0,360,22424000
181,A083470,¥¾¾,20201130,1585,1585,1585,1585,0,360,22424000
182,A083470,¥¾¾,20201127,1585,1585,1585,1585,0,360,22424000
183,A083470,¥¾¾,20201126,1585,1585,1585,1585,0,360,22424000
184,A083470,¥¾¾,20201125,1585,1585,1585,1585,0,360,22424000
185,A083470,¥¾¾,20201124,1585,1585,1585,1585,0,360,22424000
186,A083470,¥¾¾,20201123,1585,1585,1585,1585,0,360,22424000
187,A083470,¥¾¾,20201120,1585,1585,1585,1585,0,360,22424000
188,A083470,¥¾¾,20201119,1585,1585,1585,1585,0,360,22424000
189,A083470,¥¾¾,20201118,1585,1585,1585,1585,0,360,22424000
190,A083470,¥¾¾,20201117,1585,1585,1585,1585,0,360,22424000
191,A083470,¥¾¾,20201116,1585,1585,1585,1585,0,360,22424000
192,A083470,¥¾¾,20201113,1585,1585,1585,1585,0,360,22424000
193,A083470,¥¾¾,20201112,1585,1585,1585,1585,0,360,22424000
194,A083470,¥¾¾,20201111,1585,1585,1585,1585,0,360,22424000
195,A083470,¥¾¾,20201110,1585,1585,1585,1585,0,360,22424000
196,A083470,¥¾¾,20201109,1585,1585,1585,1585,0,360,22424000
197,A083470,¥¾¾,20201106,1585,1585,1585,1585,0,360,22424000
198,A083470,¥¾¾,20201105,1585,1585,1585,1585,0,360,22424000
199,A083470,¥¾¾,20201104,1585,1585,1585,1585,0,360,22424000
200,A083470,¥¾¾,20201103,1585,1585,1585,1585,0,360,22424000
201,A083470,¥¾¾,20201102,1585,1585,1585,1585,0,360,22424000
202,A083470,¥¾¾,20201030,1585,1585,1585,1585,0,360,22424000
203,A083470,¥¾¾,20201029,1585,1585,1585,1585,0,360,22424000
204,A083470,¥¾¾,20201028,1585,1585,1585,1585,0,360,22424000
205,A083470,¥¾¾,20201027,1585,1585,1585,1585,0,360,22424000
206,A083470,¥¾¾,20201026,1585,1585,1585,1585,0,360,22424000
207,A083470,¥¾¾,20201023,1585,1585,1585,1585,0,360,22424000
208,A083470,¥¾¾,20201022,1585,1585,1585,1585,0,360,22424000
209,A083470,¥¾¾,20201021,1585,1585,1585,1585,0,360,22424000
210,A083470,¥¾¾,20201020,1585,1585,1585,1585,0,360,22424000
211,A083470,¥¾¾,20201019,1585,1585,1585,1585,0,360,22424000
212,A083470,¥¾¾,20201016,1585,1585,1585,1585,0,360,22424000
213,A083470,¥¾¾,20201015,1585,1585,1585,1585,0,360,22424000
214,A083470,¥¾¾,20201014,1585,1585,1585,1585,0,360,22424000
215,A083470,¥¾¾,20201013,1585,1585,1585,1585,0,360,22424000
216,A083470,¥¾¾,20201012,1585,1585,1585,1585,0,360,22424000
217,A083470,¥¾¾,20201008,1585,1585,1585,1585,0,360,22424000
218,A083470,¥¾¾,20201007,1585,1585,1585,1585,0,360,22424000
219,A083470,¥¾¾,20201006,1585,1585,1585,1585,0,360,22424000
220,A083470,¥¾¾,20201005,1585,1585,1585,1585,0,360,22424000
221,A083470,¥¾¾,20200929,1585,1585,1585,1585,0,360,22424000
222,A083470,¥¾¾,20200928,1585,1585,1585,1585,0,360,22424000
223,A083470,¥¾¾,20200925,1585,1585,1585,1585,0,360,22424000
224,A083470,¥¾¾,20200924,1585,1585,1585,1585,0,360,22424000
225,A083470,¥¾¾,20200923,1585,1585,1585,1585,0,360,22424000
226,A083470,¥¾¾,20200922,1585,1585,1585,1585,0,360,22424000
227,A083470,¥¾¾,20200921,1585,1585,1585,1585,0,360,22424000
228,A083470,¥¾¾,20200918,1585,1585,1585,1585,0,360,22424000
229,A083470,¥¾¾,20200917,1585,1585,1585,1585,0,360,22424000
230,A083470,¥¾¾,20200916,1585,1585,1585,1585,0,360,22424000
231,A083470,¥¾¾,20200915,1585,1585,1585,1585,0,360,22424000
232,A083470,¥¾¾,20200914,1585,1585,1585,1585,0,360,22424000
233,A083470,¥¾¾,20200911,1585,1585,1585,1585,0,360,22424000
234,A083470,¥¾¾,20200910,1585,1585,1585,1585,0,360,22424000
235,A083470,¥¾¾,20200909,1585,1585,1585,1585,0,360,22424000
236,A083470,¥¾¾,20200908,1585,1585,1585,1585,0,360,22424000
237,A083470,¥¾¾,20200907,1585,1585,1585,1585,0,360,22424000
238,A083470,¥¾¾,20200904,1585,1585,1585,1585,0,360,22424000
239,A083470,¥¾¾,20200903,1585,1585,1585,1585,0,360,22424000
240,A083470,¥¾¾,20200902,1585,1585,1585,1585,0,360,22424000
241,A083470,¥¾¾,20200901,1585,1585,1585,1585,0,360,22424000
242,A083470,¥¾¾,20200831,1585,1585,1585,1585,0,360,22424000
243,A083470,¥¾¾,20200828,1585,1585,1585,1585,0,360,22424000
244,A083470,¥¾¾,20200827,1585,1585,1585,1585,0,360,22424000
245,A083470,¥¾¾,20200826,1585,1585,1585,1585,0,360,22424000
246,A083470,¥¾¾,20200825,1585,1585,1585,1585,0,360,22424000
247,A083470,¥¾¾,20200824,1585,1585,1585,1585,0,360,22424000
248,A083470,¥¾¾,20200821,1585,1585,1585,1585,0,360,22424000
249,A083470,¥¾¾,20200820,1585,1585,1585,1585,0,360,22424000
250,A083470,¥¾¾,20200819,1585,1585,1585,1585,0,360,22424000
251,A083470,¥¾¾,20200818,1585,1585,1585,1585,0,360,22424000
252,A083470,¥¾¾,20200814,1585,1585,1585,1585,0,360,22424000
253,A083470,¥¾¾,20200813,1585,1585,1585,1585,0,360,22424000
254,A083470,¥¾¾,20200812,1585,1585,1585,1585,0,360,22424000
255,A083470,¥¾¾,20200811,1585,1585,1585,1585,0,360,22424000
256,A083470,¥¾¾,20200810,1585,1585,1585,1585,0,360,22424000
257,A083470,¥¾¾,20200807,1585,1585,1585,1585,0,360,22424000
258,A083470,¥¾¾,20200806,1585,1585,1585,1585,0,360,22424000
259,A083470,¥¾¾,20200805,1585,1585,1585,1585,0,360,22424000
260,A083470,¥¾¾,20200804,1585,1585,1585,1585,0,360,22424000
261,A083470,¥¾¾,20200803,1585,1585,1585,1585,0,360,22424000
262,A083470,¥¾¾,20200731,1585,1585,1585,1585,0,360,22424000
263,A083470,¥¾¾,20200730,1585,1585,1585,1585,0,360,22424000
264,A083470,¥¾¾,20200729,1585,1585,1585,1585,0,360,22424000
265,A083470,¥¾¾,20200728,1585,1585,1585,1585,0,360,22424000
266,A083470,¥¾¾,20200727,1585,1585,1585,1585,0,360,22424000
267,A083470,¥¾¾,20200724,1585,1585,1585,1585,0,360,22424000
268,A083470,¥¾¾,20200723,1585,1585,1585,1585,0,360,22424000
269,A083470,¥¾¾,20200722,1585,1585,1585,1585,0,360,22424000
270,A083470,¥¾¾,20200721,1585,1585,1585,1585,0,360,22424000
271,A083470,¥¾¾,20200720,1585,1585,1585,1585,0,360,22424000
272,A083470,¥¾¾,20200717,1585,1585,1585,1585,0,360,22424000
273,A083470,¥¾¾,20200716,1585,1585,1585,1585,0,360,22424000
274,A083470,¥¾¾,20200715,1585,1585,1585,1585,0,360,22424000
275,A083470,¥¾¾,20200714,1585,1585,1585,1585,0,360,22424000
276,A083470,¥¾¾,20200713,1690,1690,1690,1690,0,360,22424000
277,A083470,¥¾¾,20200710,1690,1690,1690,1690,0,360,20424000
278,A083470,¥¾¾,20200709,1690,1690,1690,1690,0,360,20424000
279,A083470,¥¾¾,20200708,1690,1690,1690,1690,0,360,20424000
280,A083470,¥¾¾,20200707,1690,1690,1690,1690,0,360,20424000
281,A083470,¥¾¾,20200706,1690,1690,1690,1690,0,360,20424000
282,A083470,¥¾¾,20200703,1690,1690,1690,1690,0,360,20424000
283,A083470,¥¾¾,20200702,1690,1690,1690,1690,0,360,20424000
284,A083470,¥¾¾,20200701,1690,1690,1690,1690,0,360,20424000
285,A083470,¥¾¾,20200630,1690,1690,1690,1690,0,360,20424000
286,A083470,¥¾¾,20200629,1690,1690,1690,1690,0,360,20424000
287,A083470,¥¾¾,20200626,1690,1690,1690,1690,0,360,20424000
288,A083470,¥¾¾,20200625,1690,1690,1690,1690,0,360,20424000
289,A083470,¥¾¾,20200624,1690,1690,1690,1690,0,360,20424000
290,A083470,¥¾¾,20200623,1690,1690,1690,1690,0,360,20424000
291,A083470,¥¾¾,20200622,1690,1690,1690,1690,0,360,20424000
292,A083470,¥¾¾,20200619,1690,1690,1690,1690,0,360,20424000
293,A083470,¥¾¾,20200618,1690,1690,1690,1690,0,360,20424000
294,A083470,¥¾¾,20200617,1690,1690,1690,1690,0,360,20424000
295,A083470,¥¾¾,20200616,1690,1690,1690,1690,0,360,20424000
296,A083470,¥¾¾,20200615,1690,1690,1690,1690,0,360,20424000
297,A083470,¥¾¾,20200612,1690,1690,1690,1690,0,360,20424000
298,A083470,¥¾¾,20200611,1690,1690,1690,1690,0,360,20424000
299,A083470,¥¾¾,20200610,1690,1690,1690,1690,0,360,20424000
300,A083470,¥¾¾,20200609,1690,1690,1690,1690,0,360,20424000
301,A083470,¥¾¾,20200608,1690,1690,1690,1690,0,360,20424000
302,A083470,¥¾¾,20200605,1690,1690,1690,1690,0,360,20424000
303,A083470,¥¾¾,20200604,1690,1690,1690,1690,0,360,20424000
304,A083470,¥¾¾,20200603,1690,1690,1690,1690,0,360,20424000
305,A083470,¥¾¾,20200602,1690,1690,1690,1690,0,360,20424000
306,A083470,¥¾¾,20200601,1690,1690,1690,1690,0,360,20424000
307,A083470,¥¾¾,20200529,1690,1690,1690,1690,0,360,20424000
308,A083470,¥¾¾,20200528,1690,1690,1690,1690,0,360,20424000
309,A083470,¥¾¾,20200527,1690,1690,1690,1690,0,360,20424000
310,A083470,¥¾¾,20200526,1895,1895,1895,1895,0,360,20424000
311,A083470,¥¾¾,20200525,1895,1895,1895,1895,0,360,17424000
312,A083470,¥¾¾,20200522,1895,1895,1895,1895,0,360,17424000
313,A083470,¥¾¾,20200521,1895,1895,1895,1895,0,360,17424000
314,A083470,¥¾¾,20200520,1895,1895,1895,1895,0,360,17424000
315,A083470,¥¾¾,20200519,1895,1895,1895,1895,0,360,17424000
316,A083470,¥¾¾,20200518,1895,1895,1895,1895,0,360,17424000
317,A083470,¥¾¾,20200515,1895,1895,1895,1895,0,360,17424000
318,A083470,¥¾¾,20200514,1895,1895,1895,1895,0,360,17424000
319,A083470,¥¾¾,20200513,1895,1895,1895,1895,0,360,17424000
320,A083470,¥¾¾,20200512,1895,1895,1895,1895,0,360,17424000
321,A083470,¥¾¾,20200511,1895,1895,1895,1895,0,360,17424000
322,A083470,¥¾¾,20200508,1895,1895,1895,1895,0,360,17424000
323,A083470,¥¾¾,20200507,1895,1895,1895,1895,0,360,17424000
324,A083470,¥¾¾,20200506,1895,1895,1895,1895,0,360,17424000
325,A083470,¥¾¾,20200504,1895,1895,1895,1895,0,360,17424000
326,A083470,¥¾¾,20200429,1895,1895,1895,1895,0,360,17424000
327,A083470,¥¾¾,20200428,1895,1895,1895,1895,0,360,17424000
328,A083470,¥¾¾,20200427,1895,1895,1895,1895,0,360,17424000
329,A083470,¥¾¾,20200424,1895,1895,1895,1895,0,360,17424000
330,A083470,¥¾¾,20200423,1895,1895,1895,1895,0,360,17424000
331,A083470,¥¾¾,20200422,1895,1895,1895,1895,0,360,17424000
332,A083470,¥¾¾,20200421,1895,1895,1895,1895,0,360,17424000
333,A083470,¥¾¾,20200420,1895,1895,1895,1895,0,360,17424000
334,A083470,¥¾¾,20200417,1895,1895,1895,1895,0,360,17424000
335,A083470,¥¾¾,20200416,1895,1895,1895,1895,0,360,17424000
336,A083470,¥¾¾,20200414,1895,1895,1895,1895,0,360,17424000
337,A083470,¥¾¾,20200413,1895,1895,1895,1895,0,360,17424000
338,A083470,¥¾¾,20200410,1895,1895,1895,1895,0,360,17424000
339,A083470,¥¾¾,20200409,1895,1895,1895,1895,0,360,17424000
340,A083470,¥¾¾,20200408,1895,1895,1895,1895,0,360,17424000
341,A083470,¥¾¾,20200407,1895,1895,1895,1895,0,360,17424000
342,A083470,¥¾¾,20200406,1895,1895,1895,1895,0,360,17424000
343,A083470,¥¾¾,20200403,1895,1895,1895,1895,0,360,17424000
344,A083470,¥¾¾,20200402,1895,1895,1895,1895,0,360,17424000
345,A083470,¥¾¾,20200401,1895,1895,1895,1895,0,360,17424000
346,A083470,¥¾¾,20200331,1895,1895,1895,1895,0,360,17424000
347,A083470,¥¾¾,20200330,1895,1895,1895,1895,0,360,17424000
348,A083470,¥¾¾,20200327,1895,1895,1895,1895,0,360,17424000
349,A083470,¥¾¾,20200326,1895,1895,1895,1895,0,360,17424000
350,A083470,¥¾¾,20200325,1895,1895,1895,1895,0,360,17424000
351,A083470,¥¾¾,20200324,1895,1895,1895,1895,0,360,17424000
352,A083470,¥¾¾,20200323,1895,1895,1895,1895,0,360,17424000
353,A083470,¥¾¾,20200320,1895,1895,1895,1895,0,360,17424000
354,A083470,¥¾¾,20200319,1895,1895,1895,1895,0,360,17424000
355,A083470,¥¾¾,20200318,1895,1895,1895,1895,0,360,17424000
356,A083470,¥¾¾,20200317,1895,1895,1895,1895,0,360,17424000
357,A083470,¥¾¾,20200316,1895,1895,1895,1895,0,360,17424000
358,A083470,¥¾¾,20200313,1895,1895,1895,1895,0,360,17424000
359,A083470,¥¾¾,20200312,1895,1895,1895,1895,0,360,17424000
360,A083470,¥¾¾,20200311,1895,1895,1895,1895,0,360,17424000
361,A083470,¥¾¾,20200310,1895,1895,1895,1895,0,360,17424000
362,A083470,¥¾¾,20200309,387,387,387,387,0,360,17424000
363,A083470,¥¾¾,20200306,387,387,387,387,0,360,24704000
364,A083470,¥¾¾,20200305,387,387,387,387,0,360,24704000
365,A083470,¥¾¾,20200304,387,387,387,387,0,360,24704000
366,A083470,¥¾¾,20200303,387,387,387,387,0,360,24704000
367,A083470,¥¾¾,20200302,387,387,387,387,0,360,24704000
368,A083470,¥¾¾,20200228,387,387,387,387,0,360,24704000
369,A083470,¥¾¾,20200227,387,387,387,387,0,360,24704000
370,A083470,¥¾¾,20200226,387,387,387,387,0,360,24704000
371,A083470,¥¾¾,20200225,387,387,387,387,0,360,24704000
372,A083470,¥¾¾,20200224,387,387,387,387,0,360,24704000
373,A083470,¥¾¾,20200221,387,387,387,387,0,360,24704000
374,A083470,¥¾¾,20200220,387,387,387,387,0,360,24704000
375,A083470,¥¾¾,20200219,387,387,387,387,0,360,24704000
376,A083470,¥¾¾,20200218,387,387,387,387,0,360,24704000
377,A083470,¥¾¾,20200217,387,387,387,387,0,360,24704000
378,A083470,¥¾¾,20200214,387,387,387,387,0,360,24704000
379,A083470,¥¾¾,20200213,387,387,387,387,0,360,24704000
380,A083470,¥¾¾,20200212,387,387,387,387,0,360,24704000
381,A083470,¥¾¾,20200211,387,387,387,387,0,360,24704000
382,A083470,¥¾¾,20200210,387,387,387,387,0,360,24704000
383,A083470,¥¾¾,20200207,387,387,387,387,0,360,24704000
384,A083470,¥¾¾,20200206,387,387,387,387,0,360,24704000
385,A083470,¥¾¾,20200205,387,387,387,387,0,360,24704000
386,A083470,¥¾¾,20200204,387,387,387,387,0,360,24704000
387,A083470,¥¾¾,20200203,387,387,387,387,0,360,24704000
388,A083470,¥¾¾,20200131,387,387,387,387,0,360,24704000
389,A083470,¥¾¾,20200130,387,387,387,387,0,360,24704000
390,A083470,¥¾¾,20200129,387,387,387,387,0,360,24704000
391,A083470,¥¾¾,20200128,387,387,387,387,0,360,24704000
392,A083470,¥¾¾,20200123,387,387,387,387,0,360,24704000
393,A083470,¥¾¾,20200122,387,387,387,387,0,360,24704000
394,A083470,¥¾¾,20200121,387,387,387,387,0,360,24704000
395,A083470,¥¾¾,20200120,387,387,387,387,0,360,24704000
396,A083470,¥¾¾,20200117,387,387,387,387,0,360,24704000
397,A083470,¥¾¾,20200116,387,387,387,387,0,360,24704000
398,A083470,¥¾¾,20200115,387,387,387,387,0,360,24704000
399,A083470,¥¾¾,20200114,387,387,387,387,0,360,24704000
400,A083470,¥¾¾,20200113,387,387,387,387,0,360,24704000
401,A083470,¥¾¾,20200110,387,387,387,387,0,360,24704000
402,A083470,¥¾¾,20200109,387,387,387,387,0,360,24704000
403,A083470,¥¾¾,20200108,387,387,387,387,0,360,24704000
404,A083470,¥¾¾,20200107,387,387,387,387,0,360,24704000
405,A083470,¥¾¾,20200106,387,387,387,387,0,360,24704000
406,A083470,¥¾¾,20200103,387,387,387,387,0,360,24704000
407,A083470,¥¾¾,20200102,387,387,387,387,0,360,24704000
408,A083470,¥¾¾,20191230,387,387,387,387,0,360,24704000
409,A083470,¥¾¾,20191227,387,387,387,387,0,360,24704000
410,A083470,¥¾¾,20191226,387,387,387,387,0,360,24704000
411,A083470,¥¾¾,20191224,387,387,387,387,0,360,24704000
412,A083470,¥¾¾,20191223,387,387,387,387,0,360,24704000
413,A083470,¥¾¾,20191220,387,387,387,387,0,360,24704000
414,A083470,¥¾¾,20191219,387,387,387,387,0,360,24704000
415,A083470,¥¾¾,20191218,387,387,387,387,0,360,24704000
416,A083470,¥¾¾,20191217,387,387,387,387,0,360,24704000
417,A083470,¥¾¾,20191216,387,387,387,387,0,360,24704000
418,A083470,¥¾¾,20191213,387,387,387,387,0,360,24704000
419,A083470,¥¾¾,20191212,387,387,387,387,0,360,24704000
420,A083470,¥¾¾,20191211,387,387,387,387,0,360,24704000
421,A083470,¥¾¾,20191210,387,387,387,387,0,360,24704000
422,A083470,¥¾¾,20191209,387,387,387,387,0,360,24704000
423,A083470,¥¾¾,20191206,387,387,387,387,0,360,24704000
424,A083470,¥¾¾,20191205,387,387,387,387,0,360,24704000
425,A083470,¥¾¾,20191204,387,387,387,387,0,360,24704000
426,A083470,¥¾¾,20191203,387,387,387,387,0,360,24704000
427,A083470,¥¾¾,20191202,387,387,387,387,0,360,24704000
428,A083470,¥¾¾,20191129,387,387,387,387,0,360,24704000
429,A083470,¥¾¾,20191128,387,387,387,387,0,360,24704000
430,A083470,¥¾¾,20191127,387,387,387,387,0,360,24704000
431,A083470,¥¾¾,20191126,387,387,387,387,0,360,24704000
432,A083470,¥¾¾,20191125,387,387,387,387,0,360,24704000
433,A083470,¥¾¾,20191122,387,387,387,387,0,360,24704000
434,A083470,¥¾¾,20191121,387,387,387,387,0,360,24704000
435,A083470,¥¾¾,20191120,387,387,387,387,0,360,24704000
436,A083470,¥¾¾,20191119,387,387,387,387,0,360,24704000
437,A083470,¥¾¾,20191118,387,387,387,387,0,360,24704000
438,A083470,¥¾¾,20191115,387,387,387,387,0,360,24704000
439,A083470,¥¾¾,20191114,387,387,387,387,0,360,24704000
440,A083470,¥¾¾,20191113,387,387,387,387,0,360,24704000
441,A083470,¥¾¾,20191112,387,387,387,387,0,360,24704000
442,A083470,¥¾¾,20191111,387,387,387,387,0,360,24704000
443,A083470,¥¾¾,20191108,387,387,387,387,0,360,24704000
444,A083470,¥¾¾,20191107,387,387,387,387,0,360,24704000
445,A083470,¥¾¾,20191106,387,387,387,387,0,360,24704000
446,A083470,¥¾¾,20191105,387,387,387,387,0,360,24704000
447,A083470,¥¾¾,20191104,387,387,387,387,0,360,24704000
448,A083470,¥¾¾,20191101,387,387,387,387,0,360,24704000
449,A083470,¥¾¾,20191031,387,387,387,387,0,360,24704000
450,A083470,¥¾¾,20191030,387,387,387,387,0,360,24704000
451,A083470,¥¾¾,20191029,387,387,387,387,0,360,24704000
452,A083470,¥¾¾,20191028,387,387,387,387,0,360,24704000
453,A083470,¥¾¾,20191025,387,387,387,387,0,360,24704000
454,A083470,¥¾¾,20191024,387,387,387,387,0,360,24704000
455,A083470,¥¾¾,20191023,387,387,387,387,0,360,24704000
456,A083470,¥¾¾,20191022,387,387,387,387,0,360,24704000
457,A083470,¥¾¾,20191021,387,387,387,387,0,360,24704000
458,A083470,¥¾¾,20191018,387,387,387,387,0,360,24704000
459,A083470,¥¾¾,20191017,387,387,387,387,0,360,24704000
460,A083470,¥¾¾,20191016,387,387,387,387,0,360,24704000
461,A083470,¥¾¾,20191015,387,387,387,387,0,360,24704000
462,A083470,¥¾¾,20191014,387,387,387,387,0,360,24704000
463,A083470,¥¾¾,20191011,387,387,387,387,0,360,24704000
464,A083470,¥¾¾,20191010,387,387,387,387,0,360,24704000
465,A083470,¥¾¾,20191008,387,387,387,387,0,360,24704000
466,A083470,¥¾¾,20191007,387,387,387,387,0,360,24704000
467,A083470,¥¾¾,20191004,387,387,387,387,0,360,24704000
468,A083470,¥¾¾,20191002,387,387,387,387,0,360,24704000
469,A083470,¥¾¾,20191001,387,387,387,387,0,360,24704000
470,A083470,¥¾¾,20190930,387,387,387,387,0,360,24704000
471,A083470,¥¾¾,20190927,387,387,387,387,0,360,24704000
472,A083470,¥¾¾,20190926,387,387,387,387,0,360,24704000
473,A083470,¥¾¾,20190925,387,387,387,387,0,360,24704000
474,A083470,¥¾¾,20190924,387,387,387,387,0,360,24704000
475,A083470,¥¾¾,20190923,387,387,387,387,0,360,24704000
476,A083470,¥¾¾,20190920,387,387,387,387,0,360,24704000
477,A083470,¥¾¾,20190919,387,387,387,387,0,360,24704000
478,A083470,¥¾¾,20190918,387,387,387,387,0,360,24704000
479,A083470,¥¾¾,20190917,387,387,387,387,0,360,24704000
480,A083470,¥¾¾,20190916,387,387,387,387,0,360,24704000
481,A083470,¥¾¾,20190911,387,387,387,387,0,360,24704000
482,A083470,¥¾¾,20190910,387,387,387,387,0,360,24704000
483,A083470,¥¾¾,20190909,387,387,387,387,0,360,24704000
484,A083470,¥¾¾,20190906,387,387,387,387,0,360,24704000
485,A083470,¥¾¾,20190905,387,387,387,387,0,360,24704000
486,A083470,¥¾¾,20190904,387,387,387,387,0,360,24704000
487,A083470,¥¾¾,20190903,387,387,387,387,0,360,24704000
488,A083470,¥¾¾,20190902,387,387,387,387,0,360,24704000
489,A083470,¥¾¾,20190830,387,387,387,387,0,360,24704000
490,A083470,¥¾¾,20190829,387,387,387,387,0,360,24704000
491,A083470,¥¾¾,20190828,387,387,387,387,0,360,24704000
492,A083470,¥¾¾,20190827,387,387,387,387,0,360,24704000
493,A083470,¥¾¾,20190826,387,387,387,387,0,360,24704000
494,A083470,¥¾¾,20190823,387,387,387,387,0,360,24704000
495,A083470,¥¾¾,20190822,387,387,387,387,0,360,24704000
496,A083470,¥¾¾,20190821,387,387,387,387,0,360,24704000
497,A083470,¥¾¾,20190820,387,387,387,387,0,360,24704000
498,A083470,¥¾¾,20190819,387,387,387,387,0,360,24704000
499,A083470,¥¾¾,20190816,387,387,387,387,0,360,24704000
500,A083470,¥¾¾,20190814,387,387,387,387,0,360,24704000
501,A083470,¥¾¾,20190813,387,387,387,387,0,360,24704000
502,A083470,¥¾¾,20190812,387,387,387,387,0,360,24704000
503,A083470,¥¾¾,20190809,387,387,387,387,0,360,24704000
504,A083470,¥¾¾,20190808,387,387,387,387,0,360,24704000
505,A083470,¥¾¾,20190807,387,387,387,387,0,360,24704000
506,A083470,¥¾¾,20190806,387,387,387,387,0,360,24704000
507,A083470,¥¾¾,20190805,387,387,387,387,0,360,24704000
508,A083470,¥¾¾,20190802,387,387,387,387,0,360,24704000
509,A083470,¥¾¾,20190801,387,387,387,387,0,360,24704000
510,A083470,¥¾¾,20190731,387,387,387,387,0,360,24704000
511,A083470,¥¾¾,20190730,387,387,387,387,0,360,24704000
512,A083470,¥¾¾,20190729,387,387,387,387,0,360,24704000
513,A083470,¥¾¾,20190726,387,387,387,387,0,360,24704000
514,A083470,¥¾¾,20190725,387,387,387,387,0,360,24704000
515,A083470,¥¾¾,20190724,387,387,387,387,0,360,24704000
516,A083470,¥¾¾,20190723,387,387,387,387,0,360,24704000
517,A083470,¥¾¾,20190722,387,387,387,387,0,360,24704000
518,A083470,¥¾¾,20190719,387,387,387,387,0,360,24704000
519,A083470,¥¾¾,20190718,387,387,387,387,0,360,24704000
520,A083470,¥¾¾,20190717,387,387,387,387,0,360,24704000
521,A083470,¥¾¾,20190716,387,387,387,387,0,360,24704000
522,A083470,¥¾¾,20190715,387,387,387,387,0,360,24704000
523,A083470,¥¾¾,20190712,387,387,387,387,0,360,24704000
524,A083470,¥¾¾,20190711,387,387,387,387,0,360,24704000
525,A083470,¥¾¾,20190710,387,387,387,387,0,360,24704000
526,A083470,¥¾¾,20190709,387,387,387,387,0,360,24704000
527,A083470,¥¾¾,20190708,387,387,387,387,0,360,24704000
528,A083470,¥¾¾,20190705,387,387,387,387,0,360,24704000
529,A083470,¥¾¾,20190704,387,387,387,387,0,360,24704000
530,A083470,¥¾¾,20190703,387,387,387,387,0,360,24704000
531,A083470,¥¾¾,20190702,387,387,387,387,0,360,24704000
532,A083470,¥¾¾,20190701,387,387,387,387,0,360,24704000
533,A083470,¥¾¾,20190628,387,387,387,387,0,360,24704000
534,A083470,¥¾¾,20190627,387,387,387,387,0,360,24704000
535,A083470,¥¾¾,20190626,387,387,387,387,0,360,24704000
536,A083470,¥¾¾,20190625,387,387,387,387,0,360,24704000
537,A083470,¥¾¾,20190624,387,387,387,387,0,360,24704000
538,A083470,¥¾¾,20190621,387,387,387,387,0,360,24704000
539,A083470,¥¾¾,20190620,387,387,387,387,0,360,24704000
540,A083470,¥¾¾,20190619,387,387,387,387,0,360,24704000
541,A083470,¥¾¾,20190618,387,387,387,387,0,360,24704000
542,A083470,¥¾¾,20190617,387,387,387,387,0,360,24704000
543,A083470,¥¾¾,20190614,387,387,387,387,0,360,24704000
544,A083470,¥¾¾,20190613,387,387,387,387,0,360,24704000
545,A083470,¥¾¾,20190612,387,387,387,387,0,360,24704000
546,A083470,¥¾¾,20190611,387,387,387,387,0,360,24704000
547,A083470,¥¾¾,20190610,387,387,387,387,0,360,24704000
548,A083470,¥¾¾,20190607,387,387,387,387,0,360,24704000
549,A083470,¥¾¾,20190605,387,387,387,387,0,360,24704000
550,A083470,¥¾¾,20190604,387,387,387,387,0,360,24704000
551,A083470,¥¾¾,20190603,387,387,387,387,0,360,24704000
552,A083470,¥¾¾,20190531,387,387,387,387,0,360,24704000
553,A083470,¥¾¾,20190530,387,387,387,387,0,360,24704000
554,A083470,¥¾¾,20190529,387,387,387,387,0,360,24704000
555,A083470,¥¾¾,20190528,387,387,387,387,0,360,24704000
556,A083470,¥¾¾,20190527,387,387,387,387,0,360,24704000
557,A083470,¥¾¾,20190524,387,387,387,387,0,360,24704000
558,A083470,¥¾¾,20190523,387,387,387,387,0,360,24704000
559,A083470,¥¾¾,20190522,387,387,387,387,0,360,24704000
560,A083470,¥¾¾,20190521,387,387,387,387,0,360,24704000
561,A083470,¥¾¾,20190520,387,387,387,387,0,360,24704000
562,A083470,¥¾¾,20190517,387,387,387,387,0,360,24704000
563,A083470,¥¾¾,20190516,387,387,387,387,0,360,24704000
564,A083470,¥¾¾,20190515,387,387,387,387,0,360,24704000
565,A083470,¥¾¾,20190514,387,387,387,387,0,360,24704000
566,A083470,¥¾¾,20190513,387,387,387,387,0,360,24704000
567,A083470,¥¾¾,20190510,387,387,387,387,0,360,24704000
568,A083470,¥¾¾,20190509,387,387,387,387,0,360,24704000
569,A083470,¥¾¾,20190508,387,387,387,387,0,360,24704000
570,A083470,¥¾¾,20190507,387,387,387,387,0,360,24704000
571,A083470,¥¾¾,20190503,387,387,387,387,0,360,24704000
572,A083470,¥¾¾,20190502,387,387,387,387,0,360,24704000
573,A083470,¥¾¾,20190430,387,387,387,387,0,360,24704000
574,A083470,¥¾¾,20190429,387,387,387,387,0,360,24704000
575,A083470,¥¾¾,20190426,387,387,387,387,0,360,24704000
576,A083470,¥¾¾,20190425,387,387,387,387,0,360,24704000
577,A083470,¥¾¾,20190424,387,387,387,387,0,360,24704000
578,A083470,¥¾¾,20190423,387,387,387,387,0,360,24704000
579,A083470,¥¾¾,20190422,387,387,387,387,0,360,24704000
580,A083470,¥¾¾,20190419,387,387,387,387,0,360,24704000
581,A083470,¥¾¾,20190418,387,387,387,387,0,360,24704000
582,A083470,¥¾¾,20190417,387,387,387,387,0,360,24704000
583,A083470,¥¾¾,20190416,387,387,387,387,0,360,24704000
584,A083470,¥¾¾,20190415,387,387,387,387,0,360,24704000
585,A083470,¥¾¾,20190412,387,387,387,387,0,360,24704000
586,A083470,¥¾¾,20190411,387,387,387,387,0,360,24704000
587,A083470,¥¾¾,20190410,387,387,387,387,0,360,24704000
588,A083470,¥¾¾,20190409,387,387,387,387,0,360,24704000
589,A083470,¥¾¾,20190408,387,387,387,387,0,360,24704000
590,A083470,¥¾¾,20190405,387,387,387,387,0,360,24704000
591,A083470,¥¾¾,20190404,387,387,387,387,0,360,24704000
592,A083470,¥¾¾,20190403,387,387,387,387,0,360,24704000
593,A083470,¥¾¾,20190402,387,387,387,387,0,360,24704000
594,A083470,¥¾¾,20190401,387,387,387,387,0,360,24704000
595,A083470,¥¾¾,20190329,387,387,387,387,0,360,24704000
596,A083470,¥¾¾,20190328,387,387,387,387,0,360,24704000
597,A083470,¥¾¾,20190327,387,387,387,387,0,360,24704000
598,A083470,¥¾¾,20190326,387,387,387,387,0,360,24704000
599,A083470,¥¾¾,20190325,387,387,387,387,0,360,24704000
600,A083470,¥¾¾,20190322,387,387,387,387,0,360,24704000
601,A083470,¥¾¾,20190321,387,387,387,387,0,360,24704000
602,A083470,¥¾¾,20190320,387,387,387,387,0,360,24704000
603,A083470,¥¾¾,20190319,387,387,387,387,0,360,24704000
604,A083470,¥¾¾,20190318,387,387,387,387,0,360,24704000
605,A083470,¥¾¾,20190315,387,387,387,387,0,360,24704000
606,A083470,¥¾¾,20190314,387,387,387,387,0,360,24704000
607,A083470,¥¾¾,20190313,387,387,387,387,0,360,24704000
608,A083470,¥¾¾,20190312,387,387,387,387,0,360,24704000
609,A083470,¥¾¾,20190311,387,387,387,387,0,360,24704000
610,A083470,¥¾¾,20190308,387,387,387,387,0,360,24704000
611,A083470,¥¾¾,20190307,387,387,387,387,0,360,24704000
612,A083470,¥¾¾,20190306,387,387,387,387,0,360,24704000
613,A083470,¥¾¾,20190305,387,387,387,387,0,360,24704000
614,A083470,¥¾¾,20190304,387,387,387,387,0,360,24704000
615,A083470,¥¾¾,20190228,387,387,387,387,0,360,24704000
616,A083470,¥¾¾,20190227,387,387,387,387,0,360,24704000
617,A083470,¥¾¾,20190226,387,387,387,387,0,360,24704000
618,A083470,¥¾¾,20190225,387,387,387,387,0,360,24704000
619,A083470,¥¾¾,20190222,387,387,387,387,0,360,24704000
620,A083470,¥¾¾,20190221,387,387,387,387,0,360,24704000
621,A083470,¥¾¾,20190220,387,387,387,387,0,360,24704000
622,A083470,¥¾¾,20190219,387,387,387,387,0,360,24704000
623,A083470,¥¾¾,20190218,387,387,387,387,0,360,24704000
624,A083470,¥¾¾,20190215,387,387,387,387,0,360,24704000
625,A083470,¥¾¾,20190214,387,387,387,387,0,360,24704000
626,A083470,¥¾¾,20190213,387,387,387,387,0,360,24704000
627,A083470,¥¾¾,20190212,387,387,387,387,0,360,24704000
628,A083470,¥¾¾,20190211,387,387,387,387,0,360,24704000
629,A083470,¥¾¾,20190208,387,387,387,387,0,360,24704000
630,A083470,¥¾¾,20190207,387,387,387,387,0,360,24704000
631,A083470,¥¾¾,20190201,387,387,387,387,0,360,24704000
632,A083470,¥¾¾,20190131,387,387,387,387,0,360,24704000
633,A083470,¥¾¾,20190130,387,387,387,387,0,360,24704000
634,A083470,¥¾¾,20190129,387,387,387,387,0,360,24704000
635,A083470,¥¾¾,20190128,387,387,387,387,0,360,24704000
636,A083470,¥¾¾,20190125,387,387,387,387,0,360,24704000
637,A083470,¥¾¾,20190124,387,387,387,387,0,360,24704000
638,A083470,¥¾¾,20190123,387,387,387,387,0,360,24704000
639,A083470,¥¾¾,20190122,387,387,387,387,0,360,24704000
640,A083470,¥¾¾,20190121,387,387,387,387,0,360,24704000
641,A083470,¥¾¾,20190118,387,387,387,387,0,360,24704000
642,A083470,¥¾¾,20190117,387,387,387,387,0,360,24704000
643,A083470,¥¾¾,20190116,387,416,379,387,2316109,360,24704000
644,A083470,¥¾¾,20190115,386,391,371,383,1035669,360,24704000
645,A083470,¥¾¾,20190114,406,406,380,386,2042293,360,24704000
646,A083470,¥¾¾,20190111,426,430,405,407,1696601,360,24704000
647,A083470,¥¾¾,20190110,455,460,430,430,1406648,360,24704000
648,A083470,¥¾¾,20190109,453,499,445,450,3187524,360,24704000
649,A083470,¥¾¾,20190108,464,498,442,475,2041335,360,24704000
650,A083470,¥¾¾,20190107,452,489,435,453,5339290,360,24704000
651,A083470,¥¾¾,20190104,490,637,419,420,19380013,360,24704000
652,A083470,¥¾¾,20190103,479,499,473,490,918836,360,24704000
653,A083470,¥¾¾,20190102,432,509,432,473,2946330,360,24704000
654,A083470,¥¾¾,20181228,420,434,416,427,616028,360,24704000
655,A083470,¥¾¾,20181227,478,478,412,416,1129153,360,24704000
656,A083470,¥¾¾,20181226,465,499,445,450,1314737,360,24704000
657,A083470,¥¾¾,20181224,592,600,445,445,2383065,360,24704000
658,A083470,¥¾¾,20181221,625,638,599,633,456880,360,24704000
659,A083470,¥¾¾,20181220,620,647,620,625,269223,360,24704000
660,A083470,¥¾¾,20181219,672,683,629,629,619192,360,24704000
661,A083470,¥¾¾,20181218,655,698,642,682,1248602,360,24704000
662,A083470,¥¾¾,20181217,599,671,596,657,3335280,360,24704000
663,A083470,¥¾¾,20181214,554,624,554,595,2775641,360,24704000
664,A083470,¥¾¾,20181213,552,584,543,553,670467,360,24704000
665,A083470,¥¾¾,20181212,555,565,536,546,874851,360,24704000
666,A083470,¥¾¾,20181211,579,583,545,548,672105,360,24704000
667,A083470,¥¾¾,20181210,607,624,575,578,1002393,360,24704000
668,A083470,¥¾¾,20181207,584,620,568,592,1085504,360,24704000
669,A083470,¥¾¾,20181206,654,656,571,581,2016180,360,24704000
670,A083470,¥¾¾,20181205,659,688,649,654,1259750,360,24704000
671,A083470,¥¾¾,20181204,676,694,657,659,990286,360,24704000
672,A083470,¥¾¾,20181203,700,713,645,670,1981149,360,24704000
673,A083470,¥¾¾,20181130,816,945,697,700,6059519,360,24704000
674,A083470,¥¾¾,20181129,835,835,835,835,0,360,24704000
675,A083470,¥¾¾,20181128,835,835,835,835,0,360,24704000
676,A083470,¥¾¾,20181127,835,835,835,835,0,360,24704000
677,A083470,¥¾¾,20181126,835,835,835,835,0,360,24704000
678,A083470,¥¾¾,20181123,835,835,835,835,0,360,24704000
679,A083470,¥¾¾,20181122,835,835,835,835,0,360,24704000
680,A083470,¥¾¾,20181121,835,835,835,835,0,360,24704000
681,A083470,¥¾¾,20181120,835,835,835,835,0,360,24704000
682,A083470,¥¾¾,20181119,835,835,835,835,0,360,24704000
683,A083470,¥¾¾,20181116,835,835,835,835,0,360,24704000
684,A083470,¥¾¾,20181115,835,835,835,835,0,360,24704000
685,A083470,¥¾¾,20181114,835,835,835,835,0,360,24704000
686,A083470,¥¾¾,20181113,835,835,835,835,0,360,24704000
687,A083470,¥¾¾,20181112,835,835,835,835,0,360,24704000
688,A083470,¥¾¾,20181109,835,835,835,835,0,360,24704000
689,A083470,¥¾¾,20181108,835,835,835,835,0,360,24704000
690,A083470,¥¾¾,20181107,835,835,835,835,0,360,24704000
691,A083470,¥¾¾,20181106,835,835,835,835,0,360,24704000
692,A083470,¥¾¾,20181105,835,835,835,835,0,360,24704000
693,A083470,¥¾¾,20181102,835,835,835,835,0,360,24704000
694,A083470,¥¾¾,20181101,835,835,835,835,0,360,24704000
695,A083470,¥¾¾,20181031,835,835,835,835,0,360,24704000
696,A083470,¥¾¾,20181030,835,835,835,835,0,360,24704000
697,A083470,¥¾¾,20181029,835,835,835,835,0,360,24704000
698,A083470,¥¾¾,20181026,835,835,835,835,0,360,24704000
699,A083470,¥¾¾,20181025,835,835,835,835,0,360,24704000
700,A083470,¥¾¾,20181024,835,835,835,835,0,360,24704000
701,A083470,¥¾¾,20181023,835,835,835,835,0,360,24704000
702,A083470,¥¾¾,20181022,835,835,835,835,0,360,24704000
703,A083470,¥¾¾,20181019,835,835,835,835,0,360,24704000
704,A083470,¥¾¾,20181018,928,928,815,835,2840267,360,24704000
705,A083470,¥¾¾,20181017,1030,1105,899,938,8592114,360,24704000
706,A083470,¥¾¾,20181016,1020,1115,930,959,16655957,360,24704000
707,A083470,¥¾¾,20181015,765,868,746,868,1861718,360,24704000
708,A083470,¥¾¾,20181012,699,768,668,668,889140,360,24704000
709,A083470,¥¾¾,20181011,700,776,670,687,759594,360,21997000
710,A083470,¥¾¾,20181010,779,784,719,719,751084,360,21997000
711,A083470,¥¾¾,20181008,790,800,738,790,541989,360,21997000
712,A083470,¥¾¾,20181005,810,836,782,790,587922,360,21997000
713,A083470,¥¾¾,20181004,878,910,800,819,840663,360,21997000
714,A083470,¥¾¾,20181002,788,920,771,878,2959188,360,21997000
715,A083470,¥¾¾,20181001,980,980,935,943,345218,360,21997000
716,A083470,¥¾¾,20180928,1005,1005,925,970,906065,360,21997000
717,A083470,¥¾¾,20180927,1060,1065,988,1005,663636,360,21997000
718,A083470,¥¾¾,20180921,1035,1135,1030,1060,802536,360,21997000
719,A083470,¥¾¾,20180920,1075,1095,992,1025,1243159,360,21997000
720,A083470,¥¾¾,20180919,1070,1090,1020,1075,639821,360,21997000
721,A083470,¥¾¾,20180918,1135,1190,1065,1075,499396,360,21997000
722,A083470,¥¾¾,20180917,1180,1200,1120,1130,401286,360,21997000
723,A083470,¥¾¾,20180914,1255,1255,1105,1175,1071154,360,21997000
724,A083470,¥¾¾,20180913,1305,1335,1245,1255,350516,360,21997000
725,A083470,¥¾¾,20180912,1305,1335,1240,1310,372313,360,21997000
726,A083470,¥¾¾,20180911,1350,1350,1295,1305,411870,360,21997000
727,A083470,¥¾¾,20180910,1360,1385,1290,1330,1225399,360,21997000
728,A083470,¥¾¾,20180907,1110,1335,1080,1295,3433806,360,21997000
729,A083470,¥¾¾,20180906,1110,1140,1075,1140,530378,360,21997000
730,A083470,¥¾¾,20180905,1045,1115,1035,1115,790849,360,21997000
731,A083470,¥¾¾,20180904,1060,1085,1030,1060,706647,360,21997000
732,A083470,¥¾¾,20180903,1110,1110,996,1020,1823984,360,21997000
733,A083470,¥¾¾,20180831,1115,1130,1095,1125,288105,360,21997000
734,A083470,¥¾¾,20180830,1210,1210,1065,1115,1350983,360,21997000
735,A083470,¥¾¾,20180829,1215,1230,1165,1210,250806,360,21997000
736,A083470,¥¾¾,20180828,1175,1250,1165,1225,394056,360,21997000
737,A083470,¥¾¾,20180827,1175,1205,1145,1200,383405,360,21997000
738,A083470,¥¾¾,20180824,1115,1210,1115,1165,921853,360,21997000
739,A083470,¥¾¾,20180823,1045,1225,1045,1130,3957184,360,21997000
740,A083470,¥¾¾,20180822,1025,1060,1000,1045,422025,360,21997000
741,A083470,¥¾¾,20180821,957,1135,957,1015,2184375,360,21997000
742,A083470,¥¾¾,20180820,963,971,912,955,604207,360,21997000
743,A083470,¥¾¾,20180817,1000,1000,1000,1000,0,360,21997000
744,A083470,¥¾¾,20180816,1005,1020,999,1000,200076,360,21997000
745,A083470,¥¾¾,20180814,1020,1030,1000,1025,274881,360,21997000
746,A083470,¥¾¾,20180813,1045,1050,998,998,330220,360,21997000
747,A083470,¥¾¾,20180810,1065,1070,1040,1055,176608,360,21997000
748,A083470,¥¾¾,20180809,1075,1090,1055,1065,190704,360,21997000
749,A083470,¥¾¾,20180808,1075,1105,1055,1065,322654,360,21997000
750,A083470,¥¾¾,20180807,1080,1080,1055,1075,126703,360,21997000
751,A083470,¥¾¾,20180806,1080,1085,1045,1085,393700,360,21997000
752,A083470,¥¾¾,20180803,1100,1100,1070,1075,324698,360,21997000
753,A083470,¥¾¾,20180802,1145,1150,1060,1115,629065,360,21997000
754,A083470,¥¾¾,20180801,1055,1185,1045,1110,1834075,360,21997000
755,A083470,¥¾¾,20180731,1055,1060,1025,1045,154393,360,21997000
756,A083470,¥¾¾,20180730,1065,1075,1035,1050,176223,360,21997000
757,A083470,¥¾¾,20180727,1070,1110,1055,1065,588796,360,21997000
758,A083470,¥¾¾,20180726,1065,1085,1035,1050,349986,360,21997000
759,A083470,¥¾¾,20180725,1130,1180,1035,1075,662201,360,21997000
760,A083470,¥¾¾,20180724,1130,1165,1115,1130,165626,360,21997000
761,A083470,¥¾¾,20180723,1210,1215,1120,1130,347414,360,21997000
762,A083470,¥¾¾,20180720,1225,1230,1195,1210,176420,360,21997000
763,A083470,¥¾¾,20180719,1255,1260,1200,1230,332496,360,21997000
764,A083470,¥¾¾,20180718,1240,1350,1215,1260,982040,360,21997000
765,A083470,¥¾¾,20180717,1215,1315,1200,1240,749945,360,21997000
766,A083470,¥¾¾,20180716,1220,1235,1195,1200,149863,360,21997000
767,A083470,¥¾¾,20180713,1190,1225,1190,1220,103804,360,21997000
768,A083470,¥¾¾,20180712,1190,1210,1160,1190,181531,360,21997000
769,A083470,¥¾¾,20180711,1235,1255,1180,1195,417129,360,21997000
770,A083470,¥¾¾,20180710,1270,1285,1235,1260,278465,360,21997000
771,A083470,¥¾¾,20180709,1220,1335,1185,1270,978843,360,21997000
772,A083470,¥¾¾,20180706,1175,1225,1135,1215,259118,360,21997000
773,A083470,¥¾¾,20180705,1205,1210,1130,1160,253272,360,21997000
774,A083470,¥¾¾,20180704,1205,1260,1185,1190,338305,360,21997000
775,A083470,¥¾¾,20180703,1230,1260,1200,1230,154939,360,21997000
776,A083470,¥¾¾,20180702,1240,1300,1210,1230,305744,360,21997000
777,A083470,¥¾¾,20180629,1290,1320,1205,1225,305047,360,21997000
778,A083470,¥¾¾,20180628,1385,1385,1270,1285,425786,360,21997000
779,A083470,¥¾¾,20180627,1380,1415,1355,1385,316651,360,21997000
780,A083470,¥¾¾,20180626,1365,1415,1350,1390,357801,360,21997000
781,A083470,¥¾¾,20180625,1335,1415,1305,1410,588811,360,21997000
782,A083470,¥¾¾,20180622,1400,1500,1265,1310,2094768,360,21997000
783,A083470,¥¾¾,20180621,1280,1355,1250,1300,533804,360,21997000
784,A083470,¥¾¾,20180620,1250,1285,1230,1280,317817,360,21997000
785,A083470,¥¾¾,20180619,1340,1340,1210,1270,523945,360,21997000
786,A083470,¥¾¾,20180618,1370,1390,1315,1315,371270,360,21997000
787,A083470,¥¾¾,20180615,1385,1435,1375,1380,293216,360,21997000
788,A083470,¥¾¾,20180614,1410,1430,1385,1400,244073,360,21997000
789,A083470,¥¾¾,20180612,1460,1460,1380,1440,447423,360,21997000
790,A083470,¥¾¾,20180611,1425,1460,1410,1435,298245,360,21997000
791,A083470,¥¾¾,20180608,1540,1570,1405,1435,1599942,360,21997000
792,A083470,¥¾¾,20180607,1500,1590,1500,1540,619051,360,21273000
793,A083470,¥¾¾,20180605,1445,1520,1430,1495,676915,360,21273000
794,A083470,¥¾¾,20180604,1395,1455,1390,1445,284995,360,21273000
795,A083470,¥¾¾,20180601,1380,1425,1325,1395,582419,360,21273000
796,A083470,¥¾¾,20180531,1420,1445,1360,1385,435857,360,21273000
797,A083470,¥¾¾,20180530,1455,1485,1410,1420,481522,360,21273000
798,A083470,¥¾¾,20180529,1565,1565,1465,1465,1032549,360,21273000
799,A083470,¥¾¾,20180528,1435,1630,1415,1575,2473772,360,21273000
800,A083470,¥¾¾,20180525,1450,1475,1405,1430,497242,360,21273000
801,A083470,¥¾¾,20180524,1485,1505,1435,1470,543372,360,21273000
802,A083470,¥¾¾,20180523,1495,1510,1460,1485,495776,360,21273000
803,A083470,¥¾¾,20180521,1520,1520,1480,1510,511295,360,21273000
804,A083470,¥¾¾,20180518,1505,1545,1480,1530,609467,360,21273000
805,A083470,¥¾¾,20180517,1525,1575,1480,1515,1082564,360,21273000
806,A083470,¥¾¾,20180516,1560,1560,1455,1475,1595967,360,21273000
807,A083470,¥¾¾,20180515,1665,1670,1565,1600,1005478,360,21273000
808,A083470,¥¾¾,20180514,1635,1690,1625,1660,2140814,360,21273000
809,A083470,¥¾¾,20180511,1675,1675,1575,1610,3403232,360,21273000
810,A083470,¥¾¾,20180510,1530,1785,1530,1730,6919503,360,21273000
811,A083470,¥¾¾,20180509,1515,1535,1430,1530,1272611,360,21273000
812,A083470,¥¾¾,20180508,1420,1500,1410,1500,1615791,360,21273000
813,A083470,¥¾¾,20180504,1330,1435,1320,1400,786173,360,21273000
814,A083470,¥¾¾,20180503,1360,1380,1330,1340,358898,360,21273000
815,A083470,¥¾¾,20180502,1320,1385,1305,1360,543188,360,21273000
816,A083470,¥¾¾,20180430,1435,1435,1320,1335,1412882,360,21273000
817,A083470,¥¾¾,20180427,1440,1595,1400,1420,5970964,360,21273000
818,A083470,¥¾¾,20180426,1385,1415,1375,1400,377642,360,21273000
819,A083470,¥¾¾,20180425,1400,1435,1370,1385,391267,360,21273000
820,A083470,¥¾¾,20180424,1360,1445,1355,1400,557542,360,21273000
821,A083470,¥¾¾,20180423,1385,1400,1325,1360,431029,360,21273000
822,A083470,¥¾¾,20180420,1370,1425,1355,1370,373047,360,21273000
823,A083470,¥¾¾,20180419,1430,1430,1340,1380,568796,360,21273000
824,A083470,¥¾¾,20180418,1440,1460,1405,1415,656007,360,21273000
825,A083470,¥¾¾,20180417,1395,1450,1365,1450,695712,360,21273000
826,A083470,¥¾¾,20180416,1365,1380,1340,1380,414434,360,21273000
827,A083470,¥¾¾,20180413,1350,1400,1325,1355,516249,360,21273000
828,A083470,¥¾¾,20180412,1300,1390,1290,1350,723947,360,21273000
829,A083470,¥¾¾,20180411,1300,1340,1285,1300,437523,360,21273000
830,A083470,¥¾¾,20180410,1320,1345,1295,1305,511275,360,21273000
831,A083470,¥¾¾,20180409,1300,1365,1300,1305,419235,360,21273000
832,A083470,¥¾¾,20180406,1335,1350,1315,1325,292553,360,21273000
833,A083470,¥¾¾,20180405,1325,1365,1305,1335,391111,360,21273000
834,A083470,¥¾¾,20180404,1330,1385,1305,1310,1387044,360,21273000
835,A083470,¥¾¾,20180403,1265,1315,1225,1315,675015,360,21273000
836,A083470,¥¾¾,20180402,1335,1355,1255,1270,1044085,360,21273000
837,A083470,¥¾¾,20180330,1360,1390,1320,1345,1085027,360,21273000
838,A083470,¥¾¾,20180329,1425,1485,1340,1355,2919864,360,21273000
839,A083470,¥¾¾,20180328,1215,1440,1215,1440,5136006,360,21273000
840,A083470,¥¾¾,20180327,1205,1325,1205,1260,1754556,360,21273000
841,A083470,¥¾¾,20180326,1180,1225,1105,1200,1653979,360,21273000
842,A083470,¥¾¾,20180323,1275,1370,1180,1240,9212810,360,21273000
843,A083470,¥¾¾,20180322,1070,1145,990,1085,5606364,360,21273000
844,A083470,¥¾¾,20180321,1485,1485,1045,1045,11547178,360,21273000
845,A083470,¥¾¾,20180320,1460,1490,1455,1490,150177,360,21273000
846,A083470,¥¾¾,20180319,1590,1595,1490,1500,510651,360,21273000
847,A083470,¥¾¾,20180316,1555,1620,1525,1590,499624,360,21273000
848,A083470,¥¾¾,20180315,1560,1560,1500,1540,281018,360,21273000
849,A083470,¥¾¾,20180314,1535,1590,1530,1550,553562,360,21273000
850,A083470,¥¾¾,20180313,1480,1575,1465,1540,700930,360,21273000
851,A083470,¥¾¾,20180312,1490,1500,1470,1480,181094,360,21273000
852,A083470,¥¾¾,20180309,1430,1480,1425,1470,222172,360,21273000
853,A083470,¥¾¾,20180308,1440,1470,1420,1430,274326,360,21273000
854,A083470,¥¾¾,20180307,1465,1495,1410,1435,261864,360,21273000
855,A083470,¥¾¾,20180306,1495,1520,1420,1480,248496,360,21273000
856,A083470,¥¾¾,20180305,1520,1540,1480,1480,243900,360,21273000
857,A083470,¥¾¾,20180302,1515,1675,1510,1545,876183,360,21273000
858,A083470,¥¾¾,20180228,1590,1595,1505,1525,201184,360,21273000
859,A083470,¥¾¾,20180227,1605,1655,1580,1585,219578,360,21273000
860,A083470,¥¾¾,20180226,1645,1680,1585,1605,305575,360,21273000
861,A083470,¥¾¾,20180223,1665,1710,1635,1640,250444,360,21273000
862,A083470,¥¾¾,20180222,1595,1735,1580,1640,994892,360,21273000
863,A083470,¥¾¾,20180221,1500,1650,1495,1600,785361,360,21273000
864,A083470,¥¾¾,20180220,1470,1540,1460,1500,360447,360,21273000
865,A083470,¥¾¾,20180219,1450,1465,1435,1465,111893,360,21273000
866,A083470,¥¾¾,20180214,1455,1475,1425,1450,109302,360,21273000
867,A083470,¥¾¾,20180213,1470,1475,1440,1445,142895,360,21273000
868,A083470,¥¾¾,20180212,1480,1515,1450,1465,429345,360,21273000
869,A083470,¥¾¾,20180209,1540,1565,1480,1510,261063,360,21273000
870,A083470,¥¾¾,20180208,1555,1575,1535,1575,155510,360,21273000
871,A083470,¥¾¾,20180207,1605,1630,1545,1550,216736,360,21273000
872,A083470,¥¾¾,20180206,1515,1605,1465,1595,387913,360,21273000
873,A083470,¥¾¾,20180205,1655,1665,1585,1595,273592,360,21273000
874,A083470,¥¾¾,20180202,1710,1715,1650,1665,347858,360,21273000
875,A083470,¥¾¾,20180201,1685,1715,1640,1710,331382,360,21273000
876,A083470,¥¾¾,20180131,1665,1725,1645,1670,392577,360,21273000
877,A083470,¥¾¾,20180130,1745,1750,1660,1675,541369,360,21273000
878,A083470,¥¾¾,20180129,1700,1750,1680,1740,1159021,360,21273000
879,A083470,¥¾¾,20180126,1650,1675,1630,1655,400076,360,21273000
880,A083470,¥¾¾,20180125,1600,1655,1585,1645,532937,360,21273000
881,A083470,¥¾¾,20180124,1620,1620,1585,1600,135816,360,21273000
882,A083470,¥¾¾,20180123,1590,1620,1575,1610,338350,360,21273000
883,A083470,¥¾¾,20180122,1630,1630,1570,1590,161273,360,21273000
884,A083470,¥¾¾,20180119,1645,1645,1600,1620,232322,360,21273000
885,A083470,¥¾¾,20180118,1645,1675,1605,1610,468523,360,21273000
886,A083470,¥¾¾,20180117,1570,1685,1540,1645,670219,360,21273000
887,A083470,¥¾¾,20180116,1590,1605,1550,1575,325701,360,21273000
888,A083470,¥¾¾,20180115,1555,1630,1540,1585,454612,360,21273000
889,A083470,¥¾¾,20180112,1620,1640,1520,1555,608871,360,21273000
890,A083470,¥¾¾,20180111,1615,1690,1600,1620,1649294,360,21273000
891,A083470,¥¾¾,20180110,1625,1640,1565,1600,646547,360,21273000
892,A083470,¥¾¾,20180109,1500,1695,1495,1645,4715887,360,21273000
893,A083470,¥¾¾,20180108,1480,1515,1465,1495,371453,360,21273000
894,A083470,¥¾¾,20180105,1470,1500,1450,1480,340595,360,21273000
895,A083470,¥¾¾,20180104,1455,1555,1435,1485,929839,360,21273000
896,A083470,¥¾¾,20180103,1440,1470,1420,1440,486432,360,21273000
897,A083470,¥¾¾,20180102,1395,1445,1385,1440,296548,360,21273000
898,A083470,¥¾¾,20171228,1370,1425,1370,1385,404550,360,21273000
899,A083470,¥¾¾,20171227,1470,1480,1355,1375,868478,360,21273000
900,A083470,¥¾¾,20171226,1515,1555,1450,1450,736800,360,21273000
901,A083470,¥¾¾,20171222,1640,1645,1510,1525,1850593,360,21273000
902,A083470,¥¾¾,20171221,1495,1855,1450,1675,9458850,360,21273000
903,A083470,¥¾¾,20171220,1410,1635,1410,1490,2288847,360,21273000
904,A083470,¥¾¾,20171219,1550,1555,1400,1415,695050,360,21273000
905,A083470,¥¾¾,20171218,1515,1550,1510,1530,383917,360,21273000
906,A083470,¥¾¾,20171215,1565,1575,1500,1515,442291,360,21273000
907,A083470,¥¾¾,20171214,1525,1570,1515,1560,442466,360,21273000
908,A083470,¥¾¾,20171213,1550,1600,1500,1520,506710,360,21273000
909,A083470,¥¾¾,20171212,1580,1595,1495,1560,884000,360,21273000
910,A083470,¥¾¾,20171211,1720,1740,1450,1580,2850269,360,21273000
911,A083470,¥¾¾,20171208,1975,1975,1975,1975,0,360,21273000
912,A083470,¥¾¾,20171207,1975,1975,1975,1975,0,360,21273000
913,A083470,¥¾¾,20171206,2025,2045,1890,1975,1016479,360,21273000
914,A083470,¥¾¾,20171205,2010,2045,2005,2020,327818,360,21273000
915,A083470,¥¾¾,20171204,2050,2070,1995,2005,318013,360,21273000
916,A083470,¥¾¾,20171201,2015,2025,1990,2020,256453,360,21273000
917,A083470,¥¾¾,20171130,2030,2045,2010,2010,234654,360,21273000
918,A083470,¥¾¾,20171129,2080,2095,2000,2030,634599,360,21273000
919,A083470,¥¾¾,20171128,2165,2185,2100,2100,578060,360,21273000
920,A083470,¥¾¾,20171127,2355,2355,2150,2160,1148342,360,21273000
921,A083470,¥¾¾,20171124,2435,2500,2340,2340,327750,360,21273000
922,A083470,¥¾¾,20171123,2440,2475,2400,2440,250009,360,21273000
923,A083470,¥¾¾,20171122,2440,2530,2420,2440,639027,360,21273000
924,A083470,¥¾¾,20171121,2340,2430,2340,2430,467387,360,21273000
925,A083470,¥¾¾,20171120,2430,2470,2350,2400,348763,360,21273000
926,A083470,¥¾¾,20171117,2500,2505,2380,2440,514959,360,21273000
927,A083470,¥¾¾,20171116,2400,2485,2380,2470,1096153,360,21273000
928,A083470,¥¾¾,20171115,2230,2375,2230,2375,1202908,360,21273000
929,A083470,¥¾¾,20171114,2240,2265,2215,2230,153851,360,21273000
930,A083470,¥¾¾,20171113,2230,2280,2210,2220,203083,360,21273000
931,A083470,¥¾¾,20171110,2220,2250,2180,2210,165528,360,21273000
932,A083470,¥¾¾,20171109,2260,2285,2220,2220,127498,360,21273000
933,A083470,¥¾¾,20171108,2280,2285,2235,2255,158144,360,21273000
934,A083470,¥¾¾,20171107,2240,2340,2215,2265,573006,360,21273000
935,A083470,¥¾¾,20171106,2210,2230,2190,2230,94445,360,21273000
936,A083470,¥¾¾,20171103,2220,2230,2165,2210,171120,360,21273000
937,A083470,¥¾¾,20171102,2215,2240,2190,2220,124721,360,21273000
938,A083470,¥¾¾,20171101,2220,2260,2180,2195,140098,360,21273000
939,A083470,¥¾¾,20171031,2240,2250,2180,2190,127737,360,21273000
940,A083470,¥¾¾,20171030,2215,2330,2215,2225,291167,360,21273000
941,A083470,¥¾¾,20171027,2200,2225,2175,2200,107128,360,21273000
942,A083470,¥¾¾,20171026,2195,2230,2180,2180,129952,360,21273000
943,A083470,¥¾¾,20171025,2230,2230,2185,2195,130134,360,21273000
944,A083470,¥¾¾,20171024,2200,2230,2170,2205,160854,360,21273000
945,A083470,¥¾¾,20171023,2215,2245,2175,2200,130202,360,21273000
946,A083470,¥¾¾,20171020,2205,2225,2165,2210,145904,360,21273000
947,A083470,¥¾¾,20171019,2155,2245,2145,2200,285342,360,21273000
948,A083470,¥¾¾,20171018,2155,2190,2130,2150,176481,360,21273000
949,A083470,¥¾¾,20171017,2130,2270,2130,2155,238561,360,21273000
950,A083470,¥¾¾,20171016,2095,2180,2065,2145,229555,360,21273000
951,A083470,¥¾¾,20171013,2155,2185,2080,2095,292374,360,21273000
952,A083470,¥¾¾,20171012,2040,2310,2020,2110,955058,360,21273000
953,A083470,¥¾¾,20171011,2025,2085,2005,2035,170552,360,21273000
954,A083470,¥¾¾,20171010,2140,2160,1995,2000,290537,360,21273000
955,A083470,¥¾¾,20170929,2060,2215,2060,2130,211927,360,21273000
956,A083470,¥¾¾,20170928,2055,2095,2045,2060,130282,360,21273000
957,A083470,¥¾¾,20170927,2040,2085,2025,2040,108580,360,21273000
958,A083470,¥¾¾,20170926,1995,2115,1995,2035,162653,360,21273000
959,A083470,¥¾¾,20170925,2050,2140,1965,2000,362073,360,21273000
960,A083470,¥¾¾,20170922,2235,2265,2075,2090,516558,360,21273000
961,A083470,¥¾¾,20170921,2340,2360,2245,2245,175745,360,21273000
962,A083470,¥¾¾,20170920,2345,2385,2320,2320,167016,360,21273000
963,A083470,¥¾¾,20170919,2315,2370,2300,2330,159614,360,21273000
964,A083470,¥¾¾,20170918,2380,2380,2300,2320,433781,360,21273000
965,A083470,¥¾¾,20170915,2410,2445,2350,2380,280159,360,21273000
966,A083470,¥¾¾,20170914,2450,2485,2410,2410,152927,360,21273000
967,A083470,¥¾¾,20170913,2500,2510,2405,2450,226731,360,21273000
968,A083470,¥¾¾,20170912,2535,2550,2475,2485,177026,360,21273000
969,A083470,¥¾¾,20170911,2565,2600,2520,2530,184675,360,21273000
970,A083470,¥¾¾,20170908,2585,2645,2540,2560,229116,360,21273000
971,A083470,¥¾¾,20170907,2560,2620,2560,2595,144985,360,21273000
972,A083470,¥¾¾,20170906,2545,2605,2545,2555,123494,360,21273000
973,A083470,¥¾¾,20170905,2600,2640,2505,2550,164236,360,21273000
974,A083470,¥¾¾,20170904,2540,2630,2530,2580,261626,360,21273000
975,A083470,¥¾¾,20170901,2655,2655,2615,2620,163975,360,21273000
976,A083470,¥¾¾,20170831,2685,2695,2620,2635,209727,360,21273000
977,A083470,¥¾¾,20170830,2690,2710,2655,2655,255873,360,21273000
978,A083470,¥¾¾,20170829,2645,2690,2600,2685,242287,360,21273000
979,A083470,¥¾¾,20170828,2610,2665,2605,2650,308164,360,21273000
980,A083470,¥¾¾,20170825,2570,2630,2525,2575,311599,360,21273000
981,A083470,¥¾¾,20170824,2605,2665,2545,2555,287700,360,21273000
982,A083470,¥¾¾,20170823,2615,2700,2595,2600,546635,360,21273000
983,A083470,¥¾¾,20170822,2550,2800,2550,2605,2388238,360,21273000
984,A083470,¥¾¾,20170821,2580,2630,2545,2545,204336,360,21273000
985,A083470,¥¾¾,20170818,2660,2685,2575,2600,428860,360,21273000
986,A083470,¥¾¾,20170817,2380,2900,2340,2665,1861305,360,21273000
987,A083470,¥¾¾,20170816,2370,2500,2340,2390,690487,360,21273000
988,A083470,¥¾¾,20170814,2430,2470,2245,2245,417955,360,21273000
989,A083470,¥¾¾,20170811,2515,2540,2440,2445,351425,360,21273000
990,A083470,¥¾¾,20170810,2610,2650,2550,2550,330641,360,21273000
991,A083470,¥¾¾,20170809,2615,2635,2565,2580,210126,360,21273000
992,A083470,¥¾¾,20170808,2615,2685,2585,2610,197650,360,21273000
993,A083470,¥¾¾,20170807,2585,2675,2555,2640,262099,360,21273000
994,A083470,¥¾¾,20170804,2665,2680,2575,2585,434807,360,21273000
995,A083470,¥¾¾,20170803,2765,2800,2600,2665,613225,360,21273000
996,A083470,¥¾¾,20170802,2720,2830,2695,2735,427870,360,21273000
997,A083470,¥¾¾,20170801,2585,2825,2540,2700,1159856,360,21273000
998,A083470,¥¾¾,20170731,2665,2700,2520,2590,609186,360,21273000
999,A083470,¥¾¾,20170728,2660,2840,2650,2655,1701912,360,21273000
1000,A083470,¥¾¾,20170727,2690,2735,2635,2635,494842,360,21273000
1001,A083470,¥¾¾,20170726,2770,2785,2660,2660,587983,360,21273000
1002,A083470,¥¾¾,20170725,2710,2920,2700,2750,3072265,360,21273000
1003,A083470,¥¾¾,20170724,2645,2695,2625,2660,198742,360,21273000
1004,A083470,¥¾¾,20170721,2635,2730,2620,2640,400990,360,21273000
1005,A083470,¥¾¾,20170720,2650,2670,2615,2635,246210,360,21273000
1006,A083470,¥¾¾,20170719,2710,2720,2625,2650,347413,360,21273000
1007,A083470,¥¾¾,20170718,2670,2720,2660,2685,199292,360,21273000
1008,A083470,¥¾¾,20170717,2670,2790,2650,2690,451070,360,21273000
1009,A083470,¥¾¾,20170714,2695,2700,2615,2660,229646,360,21273000
1010,A083470,¥¾¾,20170713,2715,2750,2650,2660,393640,360,21273000
1011,A083470,¥¾¾,20170712,2860,2885,2710,2710,529178,360,21273000
1012,A083470,¥¾¾,20170711,2885,2975,2855,2880,379275,360,21273000
1013,A083470,¥¾¾,20170710,2830,3050,2825,2910,1732880,360,21273000
1014,A083470,¥¾¾,20170707,2795,2915,2750,2810,724615,360,21273000
1015,A083470,¥¾¾,20170706,2720,2805,2720,2785,179689,360,21273000
1016,A083470,¥¾¾,20170705,2710,2750,2650,2740,406122,360,21273000
1017,A083470,¥¾¾,20170704,2715,2755,2680,2710,320134,360,21273000
1018,A083470,¥¾¾,20170703,2820,2845,2660,2715,478902,360,21273000
1019,A083470,¥¾¾,20170630,2915,3030,2820,2820,719092,360,21273000
1020,A083470,¥¾¾,20170629,3040,3040,2890,2920,522802,360,21273000
1021,A083470,¥¾¾,20170628,3050,3050,2935,2965,633520,360,21273000
1022,A083470,¥¾¾,20170627,2885,3050,2855,3045,1817073,360,21273000
1023,A083470,¥¾¾,20170626,2780,3080,2755,2890,5066890,360,21273000
1024,A083470,¥¾¾,20170623,2735,2790,2685,2735,569898,360,21273000
1025,A083470,¥¾¾,20170622,2890,2930,2740,2740,1200356,360,21273000
1026,A083470,¥¾¾,20170621,2635,3080,2590,2790,6176363,360,21273000
1027,A083470,¥¾¾,20170620,2695,2710,2630,2635,278587,360,21273000
1028,A083470,¥¾¾,20170619,2705,2720,2650,2670,395901,360,21273000
1029,A083470,¥¾¾,20170616,2700,2775,2700,2710,278421,360,21273000
1030,A083470,¥¾¾,20170615,2790,2790,2710,2710,308410,360,21273000
1031,A083470,¥¾¾,20170614,2820,2840,2745,2765,379205,360,21273000
1032,A083470,¥¾¾,20170613,2800,2865,2795,2810,203201,360,21273000
1033,A083470,¥¾¾,20170612,2900,2900,2795,2810,361437,360,21273000
1034,A083470,¥¾¾,20170609,2900,2905,2835,2860,200925,360,21273000
1035,A083470,¥¾¾,20170608,2860,2955,2830,2865,313571,360,21273000
1036,A083470,¥¾¾,20170607,2890,2905,2810,2830,421914,360,21273000
1037,A083470,¥¾¾,20170605,2980,2980,2865,2905,393300,360,21273000
1038,A083470,¥¾¾,20170602,2900,2985,2890,2940,263051,360,21273000
1039,A083470,¥¾¾,20170601,2925,2930,2835,2890,425764,360,21273000
1040,A083470,¥¾¾,20170531,3010,3020,2910,2935,670051,360,21273000
1041,A083470,¥¾¾,20170530,3110,3150,2970,3020,417656,360,21273000
1042,A083470,¥¾¾,20170529,3200,3250,3040,3080,748772,360,21273000
1043,A083470,¥¾¾,20170526,2950,3140,2910,3045,1097521,360,21273000
1044,A083470,¥¾¾,20170525,2895,3060,2865,2870,1135614,360,21273000
1045,A083470,¥¾¾,20170524,2980,3040,2820,2820,1356303,360,21273000
1046,A083470,¥¾¾,20170523,3205,3205,2905,3000,1163614,360,21273000
1047,A083470,¥¾¾,20170522,3230,3250,3160,3170,371541,360,21273000
1048,A083470,¥¾¾,20170519,3210,3265,3195,3225,418319,360,21273000
1049,A083470,¥¾¾,20170518,3270,3345,3195,3240,392737,360,21273000
1050,A083470,¥¾¾,20170517,3445,3445,3295,3310,349953,360,21273000
1051,A083470,¥¾¾,20170516,3490,3495,3355,3400,349021,360,21273000
1052,A083470,¥¾¾,20170515,3595,3730,3495,3500,704893,360,21273000
1053,A083470,¥¾¾,20170512,3515,3555,3470,3555,169906,360,21273000
1054,A083470,¥¾¾,20170511,3460,3550,3430,3515,304914,360,21273000
1055,A083470,¥¾¾,20170510,3560,3630,3455,3455,322956,360,21273000
1056,A083470,¥¾¾,20170508,3375,3835,3330,3530,1962416,360,21273000
1057,A083470,¥¾¾,20170504,3340,3420,3325,3375,161111,360,21273000
1058,A083470,¥¾¾,20170502,3360,3455,3340,3340,344701,360,21273000
1059,A083470,¥¾¾,20170428,3630,3660,3355,3355,802074,360,21273000
1060,A083470,¥¾¾,20170427,3720,3725,3580,3660,384727,360,21273000
1061,A083470,¥¾¾,20170426,3870,3900,3695,3710,401092,360,21273000
1062,A083470,¥¾¾,20170425,3895,3915,3855,3880,330484,360,21273000
1063,A083470,¥¾¾,20170424,3815,3905,3775,3895,467450,360,21273000
1064,A083470,¥¾¾,20170421,3830,3880,3760,3800,284730,360,21273000
1065,A083470,¥¾¾,20170420,3740,3975,3720,3830,1790768,360,21273000
1066,A083470,¥¾¾,20170419,3635,3750,3635,3730,433613,360,21273000
1067,A083470,¥¾¾,20170418,3620,3680,3570,3665,269458,360,21273000
1068,A083470,¥¾¾,20170417,3410,3680,3400,3665,699662,360,21273000
1069,A083470,¥¾¾,20170414,3520,3555,3370,3430,444833,360,21273000
1070,A083470,¥¾¾,20170413,3245,3500,3155,3460,879734,360,21273000
1071,A083470,¥¾¾,20170412,3325,3360,3230,3235,263071,360,21273000
1072,A083470,¥¾¾,20170411,3305,3390,3240,3325,260091,360,21273000
1073,A083470,¥¾¾,20170410,3500,3500,3300,3340,328921,360,21273000
1074,A083470,¥¾¾,20170407,3475,3530,3440,3460,187570,360,21273000
1075,A083470,¥¾¾,20170406,3550,3590,3450,3500,189912,360,21273000
1076,A083470,¥¾¾,20170405,3395,3570,3395,3540,391066,360,21273000
1077,A083470,¥¾¾,20170404,3575,3590,3375,3395,556197,360,21273000
1078,A083470,¥¾¾,20170403,3545,3645,3405,3580,254479,360,21273000
1079,A083470,¥¾¾,20170331,3690,3710,3545,3555,285322,360,21273000
1080,A083470,¥¾¾,20170330,3615,3680,3590,3640,424249,360,21273000
1081,A083470,¥¾¾,20170329,3710,3720,3615,3625,310625,360,21273000
1082,A083470,¥¾¾,20170328,3700,3770,3645,3670,247312,360,21273000
1083,A083470,¥¾¾,20170327,3620,3765,3605,3720,583439,360,21273000
1084,A083470,¥¾¾,20170324,3565,3640,3515,3620,343562,360,21273000
1085,A083470,¥¾¾,20170323,3635,3730,3535,3610,803765,360,21273000
1086,A083470,¥¾¾,20170322,3590,3630,3370,3580,1208036,360,21273000
1087,A083470,¥¾¾,20170321,3770,3845,3330,3590,1900190,360,21273000
1088,A083470,¥¾¾,20170320,3905,3920,3685,3770,757620,360,21273000
1089,A083470,¥¾¾,20170317,3755,3940,3755,3905,852145,360,21273000
1090,A083470,¥¾¾,20170316,3855,3885,3765,3770,685363,360,21273000
1091,A083470,¥¾¾,20170315,4010,4020,3850,3855,512264,360,21273000
1092,A083470,¥¾¾,20170314,4110,4125,3980,4010,850329,360,21273000
1093,A083470,¥¾¾,20170313,4185,4185,4050,4050,456854,360,21273000
1094,A083470,¥¾¾,20170310,4185,4255,3925,4145,546186,360,21273000
1095,A083470,¥¾¾,20170309,4080,4170,4015,4160,319100,360,21273000
1096,A083470,¥¾¾,20170308,4085,4150,4035,4040,189202,360,21273000
1097,A083470,¥¾¾,20170307,4190,4190,4045,4090,287914,360,21273000
1098,A083470,¥¾¾,20170306,3980,4165,3880,4135,529214,360,21273000
1099,A083470,¥¾¾,20170303,4135,4135,3910,3985,510224,360,21273000
1100,A083470,¥¾¾,20170302,4150,4180,3930,4135,964755,360,21273000
1101,A083470,¥¾¾,20170228,4500,4570,4155,4200,1016027,360,21273000
1102,A083470,¥¾¾,20170227,4595,4675,4335,4500,614494,360,21273000
1103,A083470,¥¾¾,20170224,4915,4940,4550,4565,1954076,360,21273000
1104,A083470,¥¾¾,20170223,4315,4910,4315,4690,3428502,360,21273000
1105,A083470,¥¾¾,20170222,4460,4520,4250,4315,652325,360,21009000
1106,A083470,¥¾¾,20170221,4600,4600,4410,4460,627252,360,21009000
1107,A083470,¥¾¾,20170220,4500,4640,4450,4580,932673,360,21009000
1108,A083470,¥¾¾,20170217,4330,4550,4305,4455,1067723,360,21009000
1109,A083470,¥¾¾,20170216,4205,4400,4175,4335,856562,360,21009000
1110,A083470,¥¾¾,20170215,4240,4275,4185,4200,529871,360,21009000
1111,A083470,¥¾¾,20170214,4405,4440,4190,4200,1027401,360,21009000
1112,A083470,¥¾¾,20170213,4195,4385,4070,4375,1308167,360,21009000
1113,A083470,¥¾¾,20170210,4185,4235,4135,4220,822659,360,21009000
1114,A083470,¥¾¾,20170209,3915,4210,3850,4185,848213,360,21009000
1115,A083470,¥¾¾,20170208,3945,4010,3810,3915,523584,360,21009000
1116,A083470,¥¾¾,20170207,4025,4145,3920,3965,463736,360,21009000
1117,A083470,¥¾¾,20170206,3925,4090,3910,4040,482744,360,21009000
1118,A083470,¥¾¾,20170203,4110,4165,3930,3960,702063,360,21009000
1119,A083470,¥¾¾,20170202,4325,4390,3980,4110,1347394,360,21009000
1120,A083470,¥¾¾,20170201,4235,4415,4230,4325,1394516,360,21009000
1121,A083470,¥¾¾,20170131,4240,4435,4150,4295,2700116,360,21009000
1122,A083470,¥¾¾,20170126,3720,4190,3705,4100,2761072,360,21009000
1123,A083470,¥¾¾,20170125,3735,3850,3715,3715,674954,360,21009000
1124,A083470,¥¾¾,20170124,3890,3985,3685,3700,904620,360,21009000
1125,A083470,¥¾¾,20170123,3965,4150,3900,3900,769013,360,21009000
1126,A083470,¥¾¾,20170120,4105,4210,3960,3960,1122861,360,21009000
1127,A083470,¥¾¾,20170119,4290,4520,4050,4100,4945586,360,21009000
1128,A083470,¥¾¾,20170118,4115,4200,3965,4200,2478333,360,21009000
1129,A083470,¥¾¾,20170117,3900,4170,3855,4015,1829958,360,21009000
1130,A083470,¥¾¾,20170116,3815,4045,3730,3945,1591071,360,21009000
1131,A083470,¥¾¾,20170113,3895,4005,3815,3835,1189683,360,21009000
1132,A083470,¥¾¾,20170112,3960,4045,3905,3910,1128915,360,21009000
1133,A083470,¥¾¾,20170111,3945,4195,3920,3960,2440249,360,21009000
1134,A083470,¥¾¾,20170110,4090,4130,3850,3930,1991522,360,21009000
1135,A083470,¥¾¾,20170109,4230,4285,4085,4115,2113242,360,21009000
1136,A083470,¥¾¾,20170106,4090,4365,4015,4140,9044200,360,21009000
1137,A083470,¥¾¾,20170105,3845,3875,3760,3870,1879578,360,21009000
1138,A083470,¥¾¾,20170104,3835,3975,3740,3845,3714467,360,21009000
1139,A083470,¥¾¾,20170103,3285,4080,3265,3845,15870431,360,21009000
1140,A083470,¥¾¾,20170102,3365,3460,3260,3285,1122149,360,21009000
1141,A083470,¥¾¾,20161229,3530,3545,3355,3365,2192234,360,21009000
1142,A083470,¥¾¾,20161228,3595,3640,3510,3630,1561872,360,21009000
1143,A083470,¥¾¾,20161227,3620,3730,3570,3570,1542477,360,21009000
1144,A083470,¥¾¾,20161226,3665,3775,3570,3615,1967478,360,21009000
1145,A083470,¥¾¾,20161223,3730,3790,3615,3650,1389896,360,21009000
1146,A083470,¥¾¾,20161222,3650,3825,3590,3670,2297059,360,21009000
1147,A083470,¥¾¾,20161221,3795,3805,3635,3645,1789827,360,21009000
1148,A083470,¥¾¾,20161220,3860,3875,3730,3765,2134717,360,21009000
1149,A083470,¥¾¾,20161219,3830,3945,3585,3760,4537124,360,21009000
1150,A083470,¥¾¾,20161216,4130,4170,3780,3860,4204852,360,21009000
1151,A083470,¥¾¾,20161215,4360,4400,4160,4160,2846391,360,21009000
1152,A083470,¥¾¾,20161214,4125,4270,4060,4250,3671782,360,21009000
1153,A083470,¥¾¾,20161213,4220,4470,4015,4140,5951657,360,21009000
1154,A083470,¥¾¾,20161212,4045,4780,3800,4210,16444288,360,21009000
1155,A083470,¥¾¾,20161209,5090,5160,3985,3985,9595297,360,21009000
1156,A083470,¥¾¾,20161208,4130,5600,4130,4910,26054021,360,21009000
1157,A083470,¥¾¾,20161207,8280,8400,5900,5900,3340320,360,21009000
1158,A083470,¥¾¾,20161206,8770,8870,8330,8420,678282,360,21009000
1159,A083470,¥¾¾,20161205,8730,9050,8690,8770,658315,360,21009000
1160,A083470,¥¾¾,20161202,9030,9170,8640,8740,989494,360,21009000
1161,A083470,¥¾¾,20161201,9150,9470,8850,8970,812317,360,21009000
1162,A083470,¥¾¾,20161130,9520,9550,9110,9200,791387,360,21009000
1163,A083470,¥¾¾,20161129,9390,9560,9290,9500,1121731,360,21009000
1164,A083470,¥¾¾,20161128,9130,9750,8780,9300,1980088,360,21009000
1165,A083470,¥¾¾,20161125,9420,9690,9110,9120,1386268,360,21009000
1166,A083470,¥¾¾,20161124,8960,9780,8880,9300,1795509,360,21009000
1167,A083470,¥¾¾,20161123,8770,9100,8100,8900,1103254,360,21009000
1168,A083470,¥¾¾,20161122,8910,9200,8740,8740,183090,360,21009000
1169,A083470,¥¾¾,20161121,9200,9200,8630,9000,460949,360,21009000
1170,A083470,¥¾¾,20161118,9490,9500,9180,9180,362906,360,21009000
1171,A083470,¥¾¾,20161117,9190,9500,9110,9440,518325,360,21009000
1172,A083470,¥¾¾,20161116,9350,9740,9120,9120,480132,360,21009000
1173,A083470,¥¾¾,20161115,9510,9800,9270,9300,304977,360,21009000
1174,A083470,¥¾¾,20161114,9410,9990,9100,9600,1521591,360,21009000
1175,A083470,¥¾¾,20161111,9200,9650,9110,9360,687878,360,21009000
1176,A083470,¥¾¾,20161110,9070,9410,8840,9200,804999,360,21009000
1177,A083470,¥¾¾,20161109,9080,9130,8000,8890,807502,360,21009000
1178,A083470,¥¾¾,20161108,9010,9130,8860,9080,279041,360,21009000
1179,A083470,¥¾¾,20161107,8790,9190,8340,9100,425481,360,21009000
1180,A083470,¥¾¾,20161104,9120,9230,8750,8890,227997,360,21009000
1181,A083470,¥¾¾,20161103,9650,9670,8970,9110,471899,360,21009000
1182,A083470,¥¾¾,20161102,9310,9450,8470,9010,455041,360,21009000
1183,A083470,¥¾¾,20161101,9430,9820,9040,9300,515986,360,21009000
1184,A083470,¥¾¾,20161031,9320,9900,9040,9430,711296,360,21009000
1185,A083470,¥¾¾,20161028,8900,9520,8900,9220,503477,360,21009000
1186,A083470,¥¾¾,20161027,9330,9330,8670,9090,516045,360,21009000
1187,A083470,¥¾¾,20161026,8750,9300,8740,9280,872482,360,21009000
1188,A083470,¥¾¾,20161025,9810,9990,8480,8480,1061218,360,21009000
1189,A083470,¥¾¾,20161024,9910,10600,9700,9820,567585,360,21009000
1190,A083470,¥¾¾,20161021,10050,10250,9750,10000,677359,360,21009000
1191,A083470,¥¾¾,20161020,9560,10200,9530,9960,1274255,360,21009000
1192,A083470,¥¾¾,20161019,9260,9760,9070,9460,625102,360,21009000
1193,A083470,¥¾¾,20161018,9550,9890,9200,9400,1000551,360,21009000
1194,A083470,¥¾¾,20161017,9250,9970,9060,9860,2067941,360,21009000
1195,A083470,¥¾¾,20161014,8400,9260,8400,9050,1189918,360,21009000
1196,A083470,¥¾¾,20161013,7970,9430,7750,9000,3837331,360,21009000
1197,A083470,¥¾¾,20161012,7830,8240,7680,8010,1613359,360,21009000
1198,A083470,¥¾¾,20161011,6420,8300,6420,8170,3044720,360,21009000
1199,A083470,¥¾¾,20161010,6670,6730,6300,6420,274772,360,21009000
1200,A083470,¥¾¾,20161007,6780,6780,6430,6660,349641,360,21009000
1201,A083470,¥¾¾,20161006,6880,6880,6560,6560,304849,360,21009000
1202,A083470,¥¾¾,20161005,6790,6890,6700,6790,253597,360,21009000
1203,A083470,¥¾¾,20161004,6710,6850,6640,6790,220219,360,21009000
1204,A083470,¥¾¾,20160930,6890,6890,6530,6760,355499,360,21009000
1205,A083470,¥¾¾,20160929,6790,7030,6660,6730,519306,360,21009000
1206,A083470,¥¾¾,20160928,6350,6780,5730,6650,1407650,360,21009000
1207,A083470,¥¾¾,20160927,6700,6730,6360,6360,370515,360,21009000
1208,A083470,¥¾¾,20160926,6840,6950,6650,6700,239702,360,21009000
1209,A083470,¥¾¾,20160923,7080,7090,6800,6820,299262,360,21009000
1210,A083470,¥¾¾,20160922,7100,7210,6900,6970,327907,360,21009000
1211,A083470,¥¾¾,20160921,6970,7200,6890,7070,428649,360,21009000
1212,A083470,¥¾¾,20160920,6470,7150,6300,6970,721792,360,21009000
1213,A083470,¥¾¾,20160919,6670,6880,6460,6470,388034,360,21009000
1214,A083470,¥¾¾,20160913,6350,6800,6160,6670,577252,360,21009000
1215,A083470,¥¾¾,20160912,6160,6480,6160,6200,376700,360,21009000
1216,A083470,¥¾¾,20160909,6440,6490,6120,6330,461559,360,21009000
1217,A083470,¥¾¾,20160908,6600,6630,6140,6430,718839,360,21009000
1218,A083470,¥¾¾,20160907,6500,6920,6410,6600,680800,360,21009000
1219,A083470,¥¾¾,20160906,6750,7240,6650,6870,933731,360,21009000
1220,A083470,¥¾¾,20160905,6650,6950,6140,6750,1084370,360,21009000
1221,A083470,¥¾¾,20160902,6530,6830,6520,6680,945216,360,21009000
1222,A083470,¥¾¾,20160901,6250,6650,6080,6470,1100808,360,21009000
1223,A083470,¥¾¾,20160831,6300,6420,5680,6080,2244931,360,21009000
1224,A083470,¥¾¾,20160830,6890,7090,6660,6720,924213,360,21009000
1225,A083470,¥¾¾,20160829,6300,6830,6200,6770,1341663,360,21009000
1226,A083470,¥¾¾,20160826,6260,6310,6000,6200,670229,360,21009000
1227,A083470,¥¾¾,20160825,5640,6330,5640,6220,1842861,360,21009000
1228,A083470,¥¾¾,20160824,5450,5900,5410,5740,1677983,360,21009000
1229,A083470,¥¾¾,20160823,5510,5650,5360,5380,438533,360,20600000
1230,A083470,¥¾¾,20160822,5570,5670,5460,5570,418426,360,20600000
1231,A083470,¥¾¾,20160819,5470,5720,5270,5570,1038045,360,20600000
1232,A083470,¥¾¾,20160818,5120,5870,5050,5470,1299652,360,20600000
1233,A083470,¥¾¾,20160817,5630,5630,5070,5210,765173,360,20600000
1234,A083470,¥¾¾,20160816,5750,5870,5590,5650,970131,360,20600000
1235,A083470,¥¾¾,20160812,4800,5800,4795,5650,2059090,360,19988000
1236,A083470,¥¾¾,20160811,5360,5570,4800,4800,780731,360,19988000
1237,A083470,¥¾¾,20160810,5600,5690,5050,5280,914602,360,19988000
1238,A083470,¥¾¾,20160809,5810,5810,5500,5680,423743,360,19988000
1239,A083470,¥¾¾,20160808,5710,5980,5590,5730,557579,360,19988000
1240,A083470,¥¾¾,20160805,5760,5850,5400,5830,656345,360,19988000
1241,A083470,¥¾¾,20160804,5730,6030,5640,5800,842507,360,19988000
1242,A083470,¥¾¾,20160803,5140,5920,5040,5800,2969157,360,19988000
1243,A083470,¥¾¾,20160802,5070,5900,4990,5670,2688119,360,19988000
1244,A083470,¥¾¾,20160801,4695,4980,4560,4895,1719967,360,19988000
1245,A083470,¥¾¾,20160729,4350,4605,4265,4515,1459598,360,19988000
1246,A083470,¥¾¾,20160728,3800,4765,3480,4350,4195342,360,19988000
1247,A083470,¥¾¾,20160727,3915,4090,3715,3770,1763324,360,19988000
1248,A083470,¥¾¾,20160726,3670,3985,3670,3890,760762,360,19376000
1249,A083470,¥¾¾,20160725,3755,3760,3635,3690,317033,360,19376000
1250,A083470,¥¾¾,20160722,3745,3835,3630,3700,292010,360,19376000
1251,A083470,¥¾¾,20160721,3600,3850,3525,3710,661151,360,19376000
1252,A083470,¥¾¾,20160720,3460,3700,3330,3575,1016040,360,19376000
1253,A083470,¥¾¾,20160719,3530,3580,3440,3460,146559,360,19376000
1254,A083470,¥¾¾,20160718,3450,3590,3395,3515,191197,360,19376000
1255,A083470,¥¾¾,20160715,3530,3590,3360,3455,463486,360,19376000
1256,A083470,¥¾¾,20160714,3610,3670,3520,3555,345831,360,19376000
1257,A083470,¥¾¾,20160713,3510,3670,3480,3610,559880,360,19376000
1258,A083470,¥¾¾,20160712,3440,3505,3375,3505,410960,360,19376000
1259,A083470,¥¾¾,20160711,3330,3495,3290,3440,574196,360,19376000
1260,A083470,¥¾¾,20160708,3115,3550,3115,3340,1718708,360,19376000
1261,A083470,¥¾¾,20160707,3140,3190,3080,3140,319466,360,19376000
1262,A083470,¥¾¾,20160706,3120,3150,3055,3140,291645,360,19376000
1263,A083470,¥¾¾,20160705,3130,3245,3095,3150,286255,360,19376000
1264,A083470,¥¾¾,20160704,3120,3175,3045,3130,256694,360,19376000
1265,A083470,¥¾¾,20160701,3080,3140,2990,3140,262093,360,19376000
1266,A083470,¥¾¾,20160630,3080,3110,3000,3080,399220,360,19376000
1267,A083470,¥¾¾,20160629,2980,3070,2890,3055,793956,360,19376000
1268,A083470,¥¾¾,20160628,2615,2980,2590,2900,852489,360,19376000
1269,A083470,¥¾¾,20160627,2680,2680,2590,2640,229358,360,19376000
1270,A083470,¥¾¾,20160624,2800,2830,2525,2715,281454,360,19376000
1271,A083470,¥¾¾,20160623,2790,2810,2735,2775,193597,360,19376000
1272,A083470,¥¾¾,20160622,2910,2910,2740,2770,195408,360,19376000
1273,A083470,¥¾¾,20160621,2915,2970,2825,2870,276509,360,19376000
1274,A083470,¥¾¾,20160620,2815,2920,2750,2920,280463,360,19376000
1275,A083470,¥¾¾,20160617,2760,2790,2710,2760,100644,360,19376000
1276,A083470,¥¾¾,20160616,2875,2875,2700,2760,127513,360,19376000
1277,A083470,¥¾¾,20160615,2760,2865,2755,2835,280560,360,19376000
1278,A083470,¥¾¾,20160614,2705,2820,2700,2765,205484,360,19376000
1279,A083470,¥¾¾,20160613,2720,2760,2700,2730,85261,360,19376000
1280,A083470,¥¾¾,20160610,2650,2735,2605,2730,126066,360,19376000
1281,A083470,¥¾¾,20160609,2685,2710,2650,2650,127077,360,19376000
1282,A083470,¥¾¾,20160608,2685,2720,2630,2685,159938,360,19376000
1283,A083470,¥¾¾,20160607,2880,2945,2670,2685,415488,360,19376000
1284,A083470,¥¾¾,20160603,2760,2915,2685,2880,244572,360,19376000
1285,A083470,¥¾¾,20160602,2725,2770,2665,2740,149520,360,19376000
1286,A083470,¥¾¾,20160601,2700,2765,2700,2725,75542,360,19376000
1287,A083470,¥¾¾,20160531,2710,2800,2685,2745,193614,360,19376000
1288,A083470,¥¾¾,20160530,2640,2720,2620,2720,139123,360,19376000
1289,A083470,¥¾¾,20160527,2600,2640,2590,2625,161874,360,19376000
1290,A083470,¥¾¾,20160526,2630,2640,2590,2630,41447,360,19376000
1291,A083470,¥¾¾,20160525,2585,2680,2540,2630,145403,360,19376000
1292,A083470,¥¾¾,20160524,2615,2615,2540,2580,108088,360,19376000
1293,A083470,¥¾¾,20160523,2500,2615,2500,2615,119419,360,19376000
1294,A083470,¥¾¾,20160520,2500,2535,2475,2505,82796,360,19376000
1295,A083470,¥¾¾,20160519,2460,2555,2460,2520,239822,360,19376000
1296,A083470,¥¾¾,20160518,2510,2530,2450,2460,186755,360,19376000
1297,A083470,¥¾¾,20160517,2605,2655,2500,2530,213366,360,19376000
1298,A083470,¥¾¾,20160516,2620,2660,2540,2600,134775,360,19376000
1299,A083470,¥¾¾,20160513,2710,2720,2625,2635,159671,360,19376000
1300,A083470,¥¾¾,20160512,2710,2725,2640,2710,117696,360,19376000
1301,A083470,¥¾¾,20160511,2760,2760,2615,2680,307330,360,19376000
1302,A083470,¥¾¾,20160510,2750,2800,2735,2755,119131,360,19376000
1303,A083470,¥¾¾,20160509,2790,2800,2740,2790,106051,360,19376000
1304,A083470,¥¾¾,20160504,2910,2910,2715,2780,655473,360,19376000
1305,A083470,¥¾¾,20160503,3020,3020,2860,2910,471771,360,19376000
1306,A083470,¥¾¾,20160502,2915,3100,2850,3020,789709,360,19376000
1307,A083470,¥¾¾,20160429,2850,2995,2830,2915,442274,360,19376000
1308,A083470,¥¾¾,20160428,2800,2915,2795,2880,424025,360,19376000
1309,A083470,¥¾¾,20160427,2760,2865,2760,2810,481895,360,19376000
1310,A083470,¥¾¾,20160426,2790,2855,2760,2800,407531,360,19376000
1311,A083470,¥¾¾,20160425,2750,2885,2705,2790,782382,360,19376000
1312,A083470,¥¾¾,20160422,2710,2765,2635,2690,305177,360,19376000
1313,A083470,¥¾¾,20160421,2595,2780,2570,2650,614013,360,19376000
1314,A083470,¥¾¾,20160420,2615,2635,2555,2575,168203,360,19376000
1315,A083470,¥¾¾,20160419,2600,2660,2595,2620,127318,360,19376000
1316,A083470,¥¾¾,20160418,2660,2665,2620,2640,151621,360,19376000
1317,A083470,¥¾¾,20160415,2590,2640,2550,2635,252974,360,19376000
1318,A083470,¥¾¾,20160414,2610,2655,2550,2590,138508,360,19376000
1319,A083470,¥¾¾,20160412,2555,2630,2550,2605,214671,360,19376000
1320,A083470,¥¾¾,20160411,2600,2615,2540,2555,208321,360,19376000
1321,A083470,¥¾¾,20160408,2600,2665,2570,2585,426746,360,19376000
1322,A083470,¥¾¾,20160407,2580,2610,2515,2605,287766,360,19376000
1323,A083470,¥¾¾,20160406,2495,2545,2455,2545,221884,360,19376000
1324,A083470,¥¾¾,20160405,2495,2525,2430,2520,145713,360,19376000
1325,A083470,¥¾¾,20160404,2520,2545,2475,2495,186088,360,19376000
1326,A083470,¥¾¾,20160401,2570,2635,2500,2510,349737,360,19376000
1327,A083470,¥¾¾,20160331,2465,2570,2445,2570,205499,360,19376000
1328,A083470,¥¾¾,20160330,2505,2520,2450,2470,143575,360,19376000
1329,A083470,¥¾¾,20160329,2490,2550,2450,2470,159492,360,19376000
1330,A083470,¥¾¾,20160328,2510,2615,2465,2490,489355,360,19376000
1331,A083470,¥¾¾,20160325,2440,2455,2370,2415,65629,360,19376000
1332,A083470,¥¾¾,20160324,2470,2495,2360,2440,171180,360,19376000
1333,A083470,¥¾¾,20160323,2395,2490,2395,2460,147346,360,19376000
1334,A083470,¥¾¾,20160322,2430,2470,2395,2395,78725,360,19376000
1335,A083470,¥¾¾,20160321,2480,2490,2420,2430,87291,360,19376000
1336,A083470,¥¾¾,20160318,2490,2555,2445,2480,250823,360,19376000
1337,A083470,¥¾¾,20160317,2350,2475,2340,2470,202507,360,19376000
1338,A083470,¥¾¾,20160316,2395,2395,2350,2350,62440,360,19376000
1339,A083470,¥¾¾,20160315,2395,2405,2365,2395,88369,360,19376000
1340,A083470,¥¾¾,20160314,2350,2395,2335,2395,170764,360,19376000
1341,A083470,¥¾¾,20160311,2320,2350,2290,2325,77446,360,19376000
1342,A083470,¥¾¾,20160310,2305,2315,2285,2310,59639,360,19376000
1343,A083470,¥¾¾,20160309,2315,2315,2275,2300,56511,360,19376000
1344,A083470,¥¾¾,20160308,2330,2330,2285,2315,105327,360,19376000
1345,A083470,¥¾¾,20160307,2325,2340,2300,2330,93365,360,19376000
1346,A083470,¥¾¾,20160304,2330,2355,2295,2345,94740,360,19376000
1347,A083470,¥¾¾,20160303,2335,2340,2300,2330,56997,360,19376000
1348,A083470,¥¾¾,20160302,2365,2365,2290,2320,175597,360,19376000
1349,A083470,¥¾¾,20160229,2400,2400,2320,2360,58997,360,19376000
1350,A083470,¥¾¾,20160226,2365,2370,2315,2365,52610,360,19376000
1351,A083470,¥¾¾,20160225,2375,2405,2345,2365,73848,360,19376000
1352,A083470,¥¾¾,20160224,2305,2370,2300,2370,44591,360,19376000
1353,A083470,¥¾¾,20160223,2325,2400,2300,2315,215715,360,19376000
1354,A083470,¥¾¾,20160222,2240,2290,2230,2285,43840,360,19376000
1355,A083470,¥¾¾,20160219,2270,2295,2230,2250,69411,360,19376000
1356,A083470,¥¾¾,20160218,2230,2295,2220,2285,75657,360,19376000
1357,A083470,¥¾¾,20160217,2220,2245,2180,2220,55595,360,19376000
1358,A083470,¥¾¾,20160216,2185,2240,2175,2220,45699,360,19376000
1359,A083470,¥¾¾,20160215,2100,2210,2080,2185,238225,360,19376000
1360,A083470,¥¾¾,20160212,2265,2275,2100,2120,180217,360,19376000
1361,A083470,¥¾¾,20160211,2310,2335,2230,2230,143866,360,19376000
1362,A083470,¥¾¾,20160205,2365,2380,2315,2350,47362,360,19376000
1363,A083470,¥¾¾,20160204,2350,2365,2310,2365,72927,360,19376000
1364,A083470,¥¾¾,20160203,2390,2390,2315,2350,43206,360,19376000
1365,A083470,¥¾¾,20160202,2415,2415,2355,2395,40721,360,19376000
1366,A083470,¥¾¾,20160201,2370,2425,2365,2390,75685,360,19376000
1367,A083470,¥¾¾,20160129,2370,2395,2325,2370,99560,360,19376000
1368,A083470,¥¾¾,20160128,2360,2405,2330,2370,47146,360,19376000
1369,A083470,¥¾¾,20160127,2400,2420,2380,2400,22013,360,19376000
1370,A083470,¥¾¾,20160126,2415,2415,2390,2400,37778,360,19376000
1371,A083470,¥¾¾,20160125,2370,2435,2355,2415,52565,360,19376000
1372,A083470,¥¾¾,20160122,2300,2355,2300,2345,49802,360,19376000
1373,A083470,¥¾¾,20160121,2270,2350,2270,2305,67943,360,19376000
1374,A083470,¥¾¾,20160120,2400,2425,2250,2290,144773,360,19376000
1375,A083470,¥¾¾,20160119,2420,2445,2365,2380,116398,360,19376000
1376,A083470,¥¾¾,20160118,2390,2460,2390,2420,100293,360,19376000
1377,A083470,¥¾¾,20160115,2500,2540,2440,2440,65320,360,19376000
1378,A083470,¥¾¾,20160114,2510,2515,2430,2485,117909,360,19376000
1379,A083470,¥¾¾,20160113,2540,2590,2495,2520,77096,360,19376000
1380,A083470,¥¾¾,20160112,2500,2570,2480,2520,50961,360,19376000
1381,A083470,¥¾¾,20160111,2475,2550,2470,2500,69460,360,19376000
1382,A083470,¥¾¾,20160108,2485,2535,2435,2505,140168,360,19376000
1383,A083470,¥¾¾,20160107,2570,2630,2525,2525,173832,360,19376000
1384,A083470,¥¾¾,20160106,2625,2645,2540,2570,118914,360,19376000
1385,A083470,¥¾¾,20160105,2560,2610,2540,2605,100912,360,19376000
1386,A083470,¥¾¾,20160104,2610,2660,2560,2590,134907,360,19376000
