,¡æ∏Òƒ⁄µÂ,¡æ∏Ò∏Ì,≥Ø¬•,Ω√∞°,∞Ì∞°,¿˙∞°,¡æ∞°,∞≈∑°∑Æ,¡ı±«¿¸ªÍæ˜¡æƒ⁄µÂ,πﬂ«‡¡÷Ωƒºˆ
0,A002600,¡∂»Ô,20210823,189000,190000,189000,189500,98,005,600000
1,A002600,¡∂»Ô,20210820,195500,195500,188000,189000,994,005,600000
2,A002600,¡∂»Ô,20210819,199500,201000,195500,195500,668,005,600000
3,A002600,¡∂»Ô,20210818,199000,201500,198500,199500,729,005,600000
4,A002600,¡∂»Ô,20210817,190500,204000,189000,198000,1225,005,600000
5,A002600,¡∂»Ô,20210813,193000,195500,190000,192500,207,005,600000
6,A002600,¡∂»Ô,20210812,193500,194500,192500,193000,160,005,600000
7,A002600,¡∂»Ô,20210811,194500,195000,192000,194000,158,005,600000
8,A002600,¡∂»Ô,20210810,195500,196000,193500,195500,160,005,600000
9,A002600,¡∂»Ô,20210809,195000,196000,194000,196000,66,005,600000
10,A002600,¡∂»Ô,20210806,197500,197500,195500,195500,161,005,600000
11,A002600,¡∂»Ô,20210805,197500,201500,196500,197500,108,005,600000
12,A002600,¡∂»Ô,20210804,197000,197500,194500,197500,92,005,600000
13,A002600,¡∂»Ô,20210803,198500,198500,196500,196500,232,005,600000
14,A002600,¡∂»Ô,20210802,191000,199500,189500,198500,578,005,600000
15,A002600,¡∂»Ô,20210730,193000,196500,192000,192000,139,005,600000
16,A002600,¡∂»Ô,20210729,193000,193000,190500,192500,211,005,600000
17,A002600,¡∂»Ô,20210728,193000,194000,191500,193000,194,005,600000
18,A002600,¡∂»Ô,20210727,193500,195000,192500,194000,225,005,600000
19,A002600,¡∂»Ô,20210726,193500,196500,193500,194000,196,005,600000
20,A002600,¡∂»Ô,20210723,195500,197500,192000,193500,343,005,600000
21,A002600,¡∂»Ô,20210722,196500,196500,193000,196000,301,005,600000
22,A002600,¡∂»Ô,20210721,197000,200000,197000,197500,404,005,600000
23,A002600,¡∂»Ô,20210720,195500,198000,194500,197500,191,005,600000
24,A002600,¡∂»Ô,20210719,201000,201500,195000,197500,345,005,600000
25,A002600,¡∂»Ô,20210716,202500,208000,197500,197500,1209,005,600000
26,A002600,¡∂»Ô,20210715,195500,220000,193000,200000,2521,005,600000
27,A002600,¡∂»Ô,20210714,192500,197000,192500,195000,47,005,600000
28,A002600,¡∂»Ô,20210713,193000,195500,192500,192500,167,005,600000
29,A002600,¡∂»Ô,20210712,191000,193500,191000,193000,201,005,600000
30,A002600,¡∂»Ô,20210709,196500,197500,181000,194500,1231,005,600000
31,A002600,¡∂»Ô,20210708,200000,200000,195500,198000,179,005,600000
32,A002600,¡∂»Ô,20210707,200000,200500,198000,200000,173,005,600000
33,A002600,¡∂»Ô,20210706,197000,200500,197000,200000,274,005,600000
34,A002600,¡∂»Ô,20210705,197000,197000,195500,197000,649,005,600000
35,A002600,¡∂»Ô,20210702,197000,197500,195500,197500,158,005,600000
36,A002600,¡∂»Ô,20210701,200000,202000,196000,197000,251,005,600000
37,A002600,¡∂»Ô,20210630,201000,201000,198500,200000,123,005,600000
38,A002600,¡∂»Ô,20210629,199000,201500,199000,199500,115,005,600000
39,A002600,¡∂»Ô,20210628,205000,205000,198000,200000,105,005,600000
40,A002600,¡∂»Ô,20210625,197500,201000,196000,198000,270,005,600000
41,A002600,¡∂»Ô,20210624,197500,199000,196500,197000,66,005,600000
42,A002600,¡∂»Ô,20210623,198000,199500,197500,197500,72,005,600000
43,A002600,¡∂»Ô,20210622,198500,200000,195500,198500,449,005,600000
44,A002600,¡∂»Ô,20210621,197500,201000,197500,197500,125,005,600000
45,A002600,¡∂»Ô,20210618,199500,201500,199000,200500,76,005,600000
46,A002600,¡∂»Ô,20210617,202000,202000,199000,201500,156,005,600000
47,A002600,¡∂»Ô,20210616,198500,202000,198500,202000,115,005,600000
48,A002600,¡∂»Ô,20210615,200000,202000,198000,200000,118,005,600000
49,A002600,¡∂»Ô,20210614,201500,203000,198000,199500,465,005,600000
50,A002600,¡∂»Ô,20210611,202000,203500,200000,201500,533,005,600000
51,A002600,¡∂»Ô,20210610,200000,202000,198000,202000,317,005,600000
52,A002600,¡∂»Ô,20210609,198000,202000,198000,200000,251,005,600000
53,A002600,¡∂»Ô,20210608,199500,199500,195500,198000,326,005,600000
54,A002600,¡∂»Ô,20210607,200000,200000,194500,199500,740,005,600000
55,A002600,¡∂»Ô,20210604,200000,203500,198000,200000,170,005,600000
56,A002600,¡∂»Ô,20210603,203000,204500,199500,200000,463,005,600000
57,A002600,¡∂»Ô,20210602,199500,203000,196500,203000,306,005,600000
58,A002600,¡∂»Ô,20210601,196000,205500,194500,199500,814,005,600000
59,A002600,¡∂»Ô,20210531,199000,203500,195500,196000,646,005,600000
60,A002600,¡∂»Ô,20210528,199500,206500,198000,198500,385,005,600000
61,A002600,¡∂»Ô,20210527,199000,204000,197500,199500,656,005,600000
62,A002600,¡∂»Ô,20210526,199500,200000,197500,199000,168,005,600000
63,A002600,¡∂»Ô,20210525,195000,205000,191500,199500,714,005,600000
64,A002600,¡∂»Ô,20210524,191500,195000,190000,193000,177,005,600000
65,A002600,¡∂»Ô,20210521,191500,192500,189500,192000,286,005,600000
66,A002600,¡∂»Ô,20210520,199500,204000,189000,190000,1483,005,600000
67,A002600,¡∂»Ô,20210518,199500,201000,195000,199500,887,005,600000
68,A002600,¡∂»Ô,20210517,208000,209000,194000,195000,2180,005,600000
69,A002600,¡∂»Ô,20210514,190000,190500,188000,190000,556,005,600000
70,A002600,¡∂»Ô,20210513,185500,190000,182000,187500,482,005,600000
71,A002600,¡∂»Ô,20210512,192000,192000,184000,186000,396,005,600000
72,A002600,¡∂»Ô,20210511,195000,196500,192000,192000,595,005,600000
73,A002600,¡∂»Ô,20210510,197500,197500,194500,195000,318,005,600000
74,A002600,¡∂»Ô,20210507,192000,196000,190500,193500,211,005,600000
75,A002600,¡∂»Ô,20210506,190000,192000,188500,192000,107,005,600000
76,A002600,¡∂»Ô,20210504,191000,193000,188000,190000,450,005,600000
77,A002600,¡∂»Ô,20210503,187500,189000,186000,187500,339,005,600000
78,A002600,¡∂»Ô,20210430,186500,188000,184000,187500,101,005,600000
79,A002600,¡∂»Ô,20210429,185000,186000,184000,186000,62,005,600000
80,A002600,¡∂»Ô,20210428,186000,187000,183500,184000,49,005,600000
81,A002600,¡∂»Ô,20210427,185500,189000,184500,186000,74,005,600000
82,A002600,¡∂»Ô,20210426,186000,186000,182500,185000,70,005,600000
83,A002600,¡∂»Ô,20210423,183000,185000,180000,185000,105,005,600000
84,A002600,¡∂»Ô,20210422,185500,185500,181500,181500,190,005,600000
85,A002600,¡∂»Ô,20210421,185500,188500,181500,182000,285,005,600000
86,A002600,¡∂»Ô,20210420,185000,189500,185000,185500,398,005,600000
87,A002600,¡∂»Ô,20210419,186000,196000,185000,185000,608,005,600000
88,A002600,¡∂»Ô,20210416,186000,187500,184000,186000,273,005,600000
89,A002600,¡∂»Ô,20210415,186500,189000,186500,187000,72,005,600000
90,A002600,¡∂»Ô,20210414,185000,186500,185000,186500,44,005,600000
91,A002600,¡∂»Ô,20210413,183000,186500,182000,186500,134,005,600000
92,A002600,¡∂»Ô,20210412,188000,188000,180500,182500,371,005,600000
93,A002600,¡∂»Ô,20210409,189500,189500,186000,187500,131,005,600000
94,A002600,¡∂»Ô,20210408,190500,192000,188000,189500,384,005,600000
95,A002600,¡∂»Ô,20210407,191000,192000,189000,190000,177,005,600000
96,A002600,¡∂»Ô,20210406,186000,196000,184500,191000,772,005,600000
97,A002600,¡∂»Ô,20210405,181000,185500,178000,185500,587,005,600000
98,A002600,¡∂»Ô,20210402,178000,180500,177000,180500,208,005,600000
99,A002600,¡∂»Ô,20210401,178500,179500,176500,179000,44,005,600000
100,A002600,¡∂»Ô,20210331,178000,179500,178000,178500,157,005,600000
101,A002600,¡∂»Ô,20210330,173500,181000,173500,178000,186,005,600000
102,A002600,¡∂»Ô,20210329,180000,180000,176500,177000,62,005,600000
103,A002600,¡∂»Ô,20210326,182000,182000,177500,177500,147,005,600000
104,A002600,¡∂»Ô,20210325,179000,181000,175500,179500,539,005,600000
105,A002600,¡∂»Ô,20210324,172500,178000,172500,177500,380,005,600000
106,A002600,¡∂»Ô,20210323,173500,173500,171000,173000,35,005,600000
107,A002600,¡∂»Ô,20210322,171500,173500,171500,173500,24,005,600000
108,A002600,¡∂»Ô,20210319,171500,174500,170500,171500,86,005,600000
109,A002600,¡∂»Ô,20210318,172000,173500,171000,171000,61,005,600000
110,A002600,¡∂»Ô,20210317,174000,174000,170500,172000,122,005,600000
111,A002600,¡∂»Ô,20210316,174500,174500,174000,174000,10,005,600000
112,A002600,¡∂»Ô,20210315,174500,174500,174000,174000,48,005,600000
113,A002600,¡∂»Ô,20210312,174000,174500,173000,174500,93,005,600000
114,A002600,¡∂»Ô,20210311,175000,175000,172500,174500,55,005,600000
115,A002600,¡∂»Ô,20210310,171500,174500,171500,172500,46,005,600000
116,A002600,¡∂»Ô,20210309,172000,172000,169000,171500,180,005,600000
117,A002600,¡∂»Ô,20210308,176000,176000,170000,172000,316,005,600000
118,A002600,¡∂»Ô,20210305,173500,173500,170500,172500,24,005,600000
119,A002600,¡∂»Ô,20210304,174500,174500,171500,174000,50,005,600000
120,A002600,¡∂»Ô,20210303,173000,175500,172000,174500,116,005,600000
121,A002600,¡∂»Ô,20210302,176000,176500,172500,173500,136,005,600000
122,A002600,¡∂»Ô,20210226,176000,176000,174500,174500,21,005,600000
123,A002600,¡∂»Ô,20210225,173000,175500,171500,175000,57,005,600000
124,A002600,¡∂»Ô,20210224,172000,174500,170000,172000,142,005,600000
125,A002600,¡∂»Ô,20210223,178000,178500,172500,172500,503,005,600000
126,A002600,¡∂»Ô,20210222,177000,177500,175000,176500,42,005,600000
127,A002600,¡∂»Ô,20210219,178000,178000,174500,177000,144,005,600000
128,A002600,¡∂»Ô,20210218,178500,178500,176500,178500,71,005,600000
129,A002600,¡∂»Ô,20210217,177000,179000,176000,178500,107,005,600000
130,A002600,¡∂»Ô,20210216,177000,178000,176000,178000,96,005,600000
131,A002600,¡∂»Ô,20210215,176500,177000,176000,177000,39,005,600000
132,A002600,¡∂»Ô,20210210,175000,176500,174500,176000,28,005,600000
133,A002600,¡∂»Ô,20210209,175500,176500,173000,175500,73,005,600000
134,A002600,¡∂»Ô,20210208,177500,177500,172500,175000,135,005,600000
135,A002600,¡∂»Ô,20210205,176000,176500,172500,176000,231,005,600000
136,A002600,¡∂»Ô,20210204,174500,174500,170000,174000,179,005,600000
137,A002600,¡∂»Ô,20210203,172500,174000,171500,174000,83,005,600000
138,A002600,¡∂»Ô,20210202,174500,174500,168500,172500,317,005,600000
139,A002600,¡∂»Ô,20210201,171500,172500,170000,172500,95,005,600000
140,A002600,¡∂»Ô,20210129,175000,176000,169000,170000,350,005,600000
141,A002600,¡∂»Ô,20210128,175000,176000,172000,174500,189,005,600000
142,A002600,¡∂»Ô,20210127,173500,176500,172000,175000,118,005,600000
143,A002600,¡∂»Ô,20210126,176000,176000,172500,175500,100,005,600000
144,A002600,¡∂»Ô,20210125,176000,176500,171500,173500,169,005,600000
145,A002600,¡∂»Ô,20210122,176000,176000,171500,174500,121,005,600000
146,A002600,¡∂»Ô,20210121,176000,176000,173000,174000,69,005,600000
147,A002600,¡∂»Ô,20210120,175500,175500,172500,174000,204,005,600000
148,A002600,¡∂»Ô,20210119,171000,174500,171000,171500,46,005,600000
149,A002600,¡∂»Ô,20210118,172500,173500,171000,171000,77,005,600000
150,A002600,¡∂»Ô,20210115,177000,177500,175500,175500,111,005,600000
151,A002600,¡∂»Ô,20210114,173000,177000,172500,177000,156,005,600000
152,A002600,¡∂»Ô,20210113,174000,174000,171500,173000,60,005,600000
153,A002600,¡∂»Ô,20210112,173000,175000,170000,171500,281,005,600000
154,A002600,¡∂»Ô,20210111,179000,179000,173000,175000,195,005,600000
155,A002600,¡∂»Ô,20210108,181500,181500,175000,177500,472,005,600000
156,A002600,¡∂»Ô,20210107,179500,179500,176500,178000,198,005,600000
157,A002600,¡∂»Ô,20210106,181500,181500,178500,180000,231,005,600000
158,A002600,¡∂»Ô,20210105,183000,201000,175000,178000,4138,005,600000
159,A002600,¡∂»Ô,20210104,177000,179500,177000,178500,102,005,600000
160,A002600,¡∂»Ô,20201230,175000,178000,175000,175000,48,005,600000
161,A002600,¡∂»Ô,20201229,176000,177000,174500,174500,134,005,600000
162,A002600,¡∂»Ô,20201228,178500,182500,177000,179000,311,005,600000
163,A002600,¡∂»Ô,20201224,180000,182500,177000,180500,169,005,600000
164,A002600,¡∂»Ô,20201223,178000,181500,178000,180000,106,005,600000
165,A002600,¡∂»Ô,20201222,188000,189500,178000,178500,899,005,600000
166,A002600,¡∂»Ô,20201221,182000,188000,182000,186000,292,005,600000
167,A002600,¡∂»Ô,20201218,182500,185000,180500,184000,292,005,600000
168,A002600,¡∂»Ô,20201217,182000,190000,180000,182500,1396,005,600000
169,A002600,¡∂»Ô,20201216,176500,181000,176500,180500,261,005,600000
170,A002600,¡∂»Ô,20201215,176500,179000,176000,178000,122,005,600000
171,A002600,¡∂»Ô,20201214,180000,180000,175000,178500,286,005,600000
172,A002600,¡∂»Ô,20201211,178500,180000,177500,180000,197,005,600000
173,A002600,¡∂»Ô,20201210,176500,178000,175500,178000,209,005,600000
174,A002600,¡∂»Ô,20201209,179500,179500,175500,178500,159,005,600000
175,A002600,¡∂»Ô,20201208,178500,179000,176000,177000,95,005,600000
176,A002600,¡∂»Ô,20201207,178000,180500,176000,178500,187,005,600000
177,A002600,¡∂»Ô,20201204,176000,181000,176000,178000,152,005,600000
178,A002600,¡∂»Ô,20201203,179500,181500,172500,177000,247,005,600000
179,A002600,¡∂»Ô,20201202,179000,181500,178000,180500,305,005,600000
180,A002600,¡∂»Ô,20201201,182000,185000,179000,180500,707,005,600000
181,A002600,¡∂»Ô,20201130,178000,223500,178000,181500,7694,005,600000
182,A002600,¡∂»Ô,20201127,175500,182000,175000,181500,208,005,600000
183,A002600,¡∂»Ô,20201126,174000,177000,169000,177000,484,005,600000
184,A002600,¡∂»Ô,20201125,171500,179000,171000,174500,570,005,600000
185,A002600,¡∂»Ô,20201124,167500,177000,167500,170500,379,005,600000
186,A002600,¡∂»Ô,20201123,165500,182000,164000,167000,572,005,600000
187,A002600,¡∂»Ô,20201120,166000,167500,164500,166500,254,005,600000
188,A002600,¡∂»Ô,20201119,175000,192500,166000,166000,2404,005,600000
189,A002600,¡∂»Ô,20201118,167500,193000,165000,175000,1863,005,600000
190,A002600,¡∂»Ô,20201117,161000,169500,160000,167000,504,005,600000
191,A002600,¡∂»Ô,20201116,160500,163000,159500,161000,344,005,600000
192,A002600,¡∂»Ô,20201113,160000,160500,158000,160000,86,005,600000
193,A002600,¡∂»Ô,20201112,158000,160000,157000,160000,123,005,600000
194,A002600,¡∂»Ô,20201111,160000,160000,157000,158000,89,005,600000
195,A002600,¡∂»Ô,20201110,160000,160000,157000,159000,247,005,600000
196,A002600,¡∂»Ô,20201109,156000,160000,152500,159000,189,005,600000
197,A002600,¡∂»Ô,20201106,156500,158500,155000,157500,170,005,600000
198,A002600,¡∂»Ô,20201105,161000,163500,157000,157000,276,005,600000
199,A002600,¡∂»Ô,20201104,158500,162000,157000,162000,518,005,600000
200,A002600,¡∂»Ô,20201103,156500,160500,155500,158000,312,005,600000
201,A002600,¡∂»Ô,20201102,156000,157000,154000,157000,222,005,600000
202,A002600,¡∂»Ô,20201030,154000,156500,153000,155000,133,005,600000
203,A002600,¡∂»Ô,20201029,155000,157500,153500,154000,185,005,600000
204,A002600,¡∂»Ô,20201028,157000,158500,154000,157000,269,005,600000
205,A002600,¡∂»Ô,20201027,152500,155000,151000,155000,76,005,600000
206,A002600,¡∂»Ô,20201026,154000,156500,149500,152500,400,005,600000
207,A002600,¡∂»Ô,20201023,150000,151500,150000,151500,79,005,600000
208,A002600,¡∂»Ô,20201022,149000,150000,149000,150000,11,005,600000
209,A002600,¡∂»Ô,20201021,148000,150500,148000,150000,10,005,600000
210,A002600,¡∂»Ô,20201020,148500,149000,148000,148500,71,005,600000
211,A002600,¡∂»Ô,20201019,148500,149500,148500,149000,45,005,600000
212,A002600,¡∂»Ô,20201016,150000,151500,149000,150000,21,005,600000
213,A002600,¡∂»Ô,20201015,151000,151500,150000,150000,8,005,600000
214,A002600,¡∂»Ô,20201014,153000,153000,149000,151500,82,005,600000
215,A002600,¡∂»Ô,20201013,151500,153000,150000,153000,110,005,600000
216,A002600,¡∂»Ô,20201012,151000,151500,151000,151500,19,005,600000
217,A002600,¡∂»Ô,20201008,151500,152500,150000,152000,112,005,600000
218,A002600,¡∂»Ô,20201007,148000,151000,148000,150000,86,005,600000
219,A002600,¡∂»Ô,20201006,151000,151000,142000,150000,620,005,600000
220,A002600,¡∂»Ô,20201005,150000,151000,150000,151000,36,005,600000
221,A002600,¡∂»Ô,20200929,149000,150000,149000,150000,30,005,600000
222,A002600,¡∂»Ô,20200928,149500,149500,149000,149000,47,005,600000
223,A002600,¡∂»Ô,20200925,147000,149500,147000,148500,46,005,600000
224,A002600,¡∂»Ô,20200924,149500,149500,147000,147000,45,005,600000
225,A002600,¡∂»Ô,20200923,149000,151000,148500,149500,166,005,600000
226,A002600,¡∂»Ô,20200922,151000,151000,148000,149000,97,005,600000
227,A002600,¡∂»Ô,20200921,153000,153000,150000,151000,90,005,600000
228,A002600,¡∂»Ô,20200918,150000,151000,149500,151000,74,005,600000
229,A002600,¡∂»Ô,20200917,150500,150500,149500,150000,51,005,600000
230,A002600,¡∂»Ô,20200916,150000,150500,149500,150000,84,005,600000
231,A002600,¡∂»Ô,20200915,150000,150500,149500,150000,27,005,600000
232,A002600,¡∂»Ô,20200914,149500,150500,149500,150500,119,005,600000
233,A002600,¡∂»Ô,20200911,149500,150500,148500,149000,362,005,600000
234,A002600,¡∂»Ô,20200910,150000,150500,150000,150500,44,005,600000
235,A002600,¡∂»Ô,20200909,150000,150000,148500,150000,44,005,600000
236,A002600,¡∂»Ô,20200908,151500,151500,148500,150500,86,005,600000
237,A002600,¡∂»Ô,20200907,151000,151000,149000,151000,209,005,600000
238,A002600,¡∂»Ô,20200904,149500,150000,149000,150000,108,005,600000
239,A002600,¡∂»Ô,20200903,151500,152000,151500,151500,16,005,600000
240,A002600,¡∂»Ô,20200902,149500,151500,149500,151500,165,005,600000
241,A002600,¡∂»Ô,20200901,151500,151500,149000,149500,109,005,600000
242,A002600,¡∂»Ô,20200831,154500,154500,150000,151500,23,005,600000
243,A002600,¡∂»Ô,20200828,151000,151500,148000,149500,121,005,600000
244,A002600,¡∂»Ô,20200827,150500,151000,148000,151000,166,005,600000
245,A002600,¡∂»Ô,20200826,151500,151500,150000,150000,437,005,600000
246,A002600,¡∂»Ô,20200825,152500,153000,151000,151500,135,005,600000
247,A002600,¡∂»Ô,20200824,151500,155000,150000,152500,129,005,600000
248,A002600,¡∂»Ô,20200821,152500,153500,151000,151500,218,005,600000
249,A002600,¡∂»Ô,20200820,153000,154500,151000,152500,66,005,600000
250,A002600,¡∂»Ô,20200819,152000,155000,152000,152500,60,005,600000
251,A002600,¡∂»Ô,20200818,155000,156500,152000,152000,208,005,600000
252,A002600,¡∂»Ô,20200814,154000,155500,153000,155000,114,005,600000
253,A002600,¡∂»Ô,20200813,153000,155000,152000,154000,226,005,600000
254,A002600,¡∂»Ô,20200812,154000,154000,152000,152500,283,005,600000
255,A002600,¡∂»Ô,20200811,154500,156500,153000,154000,373,005,600000
256,A002600,¡∂»Ô,20200810,154000,156000,152500,154500,301,005,600000
257,A002600,¡∂»Ô,20200807,156000,158000,152500,154000,295,005,600000
258,A002600,¡∂»Ô,20200806,160500,160500,153500,154500,488,005,600000
259,A002600,¡∂»Ô,20200805,158500,160500,156000,157000,244,005,600000
260,A002600,¡∂»Ô,20200804,157000,158500,154500,158500,250,005,600000
261,A002600,¡∂»Ô,20200803,156000,157000,153000,157000,92,005,600000
262,A002600,¡∂»Ô,20200731,155000,156500,154000,156000,219,005,600000
263,A002600,¡∂»Ô,20200730,153000,155500,152500,153500,257,005,600000
264,A002600,¡∂»Ô,20200729,156000,156000,152500,153000,118,005,600000
265,A002600,¡∂»Ô,20200728,155000,157000,155000,156000,205,005,600000
266,A002600,¡∂»Ô,20200727,152000,155000,151500,155000,313,005,600000
267,A002600,¡∂»Ô,20200724,153500,155500,151500,154000,201,005,600000
268,A002600,¡∂»Ô,20200723,152500,155500,150000,155500,217,005,600000
269,A002600,¡∂»Ô,20200722,155500,158000,155500,156000,103,005,600000
270,A002600,¡∂»Ô,20200721,155000,157500,154000,155500,333,005,600000
271,A002600,¡∂»Ô,20200720,160000,160000,152500,155000,62,005,600000
272,A002600,¡∂»Ô,20200717,156000,156000,151500,154500,43,005,600000
273,A002600,¡∂»Ô,20200716,155000,157000,154500,156000,133,005,600000
274,A002600,¡∂»Ô,20200715,163000,163000,151500,155000,190,005,600000
275,A002600,¡∂»Ô,20200714,154500,156000,150000,150000,165,005,600000
276,A002600,¡∂»Ô,20200713,155000,157000,145000,154500,138,005,600000
277,A002600,¡∂»Ô,20200710,153500,164000,153500,155000,662,005,600000
278,A002600,¡∂»Ô,20200709,151500,155500,151500,153500,275,005,600000
279,A002600,¡∂»Ô,20200708,152500,153000,148000,151500,303,005,600000
280,A002600,¡∂»Ô,20200707,150000,152500,149000,151000,323,005,600000
281,A002600,¡∂»Ô,20200706,158000,158000,149500,149500,186,005,600000
282,A002600,¡∂»Ô,20200703,154500,156000,149000,152500,440,005,600000
283,A002600,¡∂»Ô,20200702,149500,151000,145500,151000,278,005,600000
284,A002600,¡∂»Ô,20200701,148500,148500,144000,145000,411,005,600000
285,A002600,¡∂»Ô,20200630,146000,147000,145000,145000,388,005,600000
286,A002600,¡∂»Ô,20200629,148500,148500,145000,146000,481,005,600000
287,A002600,¡∂»Ô,20200626,150500,156500,149000,149000,463,005,600000
288,A002600,¡∂»Ô,20200625,154500,157000,151000,151500,549,005,600000
289,A002600,¡∂»Ô,20200624,152500,157000,150000,156000,618,005,600000
290,A002600,¡∂»Ô,20200623,162000,162000,152000,152500,1945,005,600000
291,A002600,¡∂»Ô,20200622,173000,173000,159500,160500,4635,005,600000
292,A002600,¡∂»Ô,20200619,158000,201500,157500,173000,19221,005,600000
293,A002600,¡∂»Ô,20200618,154000,160000,151000,155000,816,005,600000
294,A002600,¡∂»Ô,20200617,148500,151000,147000,151000,197,005,600000
295,A002600,¡∂»Ô,20200616,143500,151500,143500,150500,203,005,600000
296,A002600,¡∂»Ô,20200615,145000,148000,143500,143500,67,005,600000
297,A002600,¡∂»Ô,20200612,142500,146000,140500,146000,372,005,600000
298,A002600,¡∂»Ô,20200611,149000,149000,144500,144500,174,005,600000
299,A002600,¡∂»Ô,20200610,151500,154000,145000,148000,384,005,600000
300,A002600,¡∂»Ô,20200609,155000,155000,151000,154500,133,005,600000
301,A002600,¡∂»Ô,20200608,157000,157000,155000,155000,15,005,600000
302,A002600,¡∂»Ô,20200605,157000,157000,153500,156000,235,005,600000
303,A002600,¡∂»Ô,20200604,156500,157000,154500,155500,244,005,600000
304,A002600,¡∂»Ô,20200603,153000,157500,153000,154000,282,005,600000
305,A002600,¡∂»Ô,20200602,153500,153500,150000,153000,149,005,600000
306,A002600,¡∂»Ô,20200601,156000,156000,151500,153500,25,005,600000
307,A002600,¡∂»Ô,20200529,149500,153000,147000,150000,412,005,600000
308,A002600,¡∂»Ô,20200528,155500,155500,151500,151500,355,005,600000
309,A002600,¡∂»Ô,20200527,149000,155000,149000,154000,169,005,600000
310,A002600,¡∂»Ô,20200526,150000,152500,149500,152000,106,005,600000
311,A002600,¡∂»Ô,20200525,154000,154000,151000,151000,68,005,600000
312,A002600,¡∂»Ô,20200522,151500,153500,151000,151000,32,005,600000
313,A002600,¡∂»Ô,20200521,165500,165500,150500,151500,383,005,600000
314,A002600,¡∂»Ô,20200520,152000,152000,147500,150500,127,005,600000
315,A002600,¡∂»Ô,20200519,149500,149500,146500,147000,262,005,600000
316,A002600,¡∂»Ô,20200518,155000,155000,143000,148000,549,005,600000
317,A002600,¡∂»Ô,20200515,153500,156000,151000,155000,324,005,600000
318,A002600,¡∂»Ô,20200514,157000,157000,156000,156500,27,005,600000
319,A002600,¡∂»Ô,20200513,157000,160500,156500,159000,140,005,600000
320,A002600,¡∂»Ô,20200512,155000,160000,150000,159500,305,005,600000
321,A002600,¡∂»Ô,20200511,154500,154500,152000,152000,38,005,600000
322,A002600,¡∂»Ô,20200508,151000,154500,151000,153000,86,005,600000
323,A002600,¡∂»Ô,20200507,145500,154500,145500,151000,141,005,600000
324,A002600,¡∂»Ô,20200506,149000,149000,145000,149000,182,005,600000
325,A002600,¡∂»Ô,20200504,144000,149000,144000,149000,94,005,600000
326,A002600,¡∂»Ô,20200429,146000,148000,146000,148000,135,005,600000
327,A002600,¡∂»Ô,20200428,144000,146500,143000,146000,320,005,600000
328,A002600,¡∂»Ô,20200427,139000,144000,139000,144000,503,005,600000
329,A002600,¡∂»Ô,20200424,136000,138000,135500,138000,103,005,600000
330,A002600,¡∂»Ô,20200423,136500,139000,134000,136000,421,005,600000
331,A002600,¡∂»Ô,20200422,135000,136500,134000,134000,173,005,600000
332,A002600,¡∂»Ô,20200421,137500,137500,133500,135000,278,005,600000
333,A002600,¡∂»Ô,20200420,131500,137500,131500,135500,211,005,600000
334,A002600,¡∂»Ô,20200417,129500,135500,129500,131000,360,005,600000
335,A002600,¡∂»Ô,20200416,130500,134000,129500,129500,93,005,600000
336,A002600,¡∂»Ô,20200414,135500,136000,130500,130500,578,005,600000
337,A002600,¡∂»Ô,20200413,132000,136500,131500,133500,190,005,600000
338,A002600,¡∂»Ô,20200410,140000,140000,137500,138000,68,005,600000
339,A002600,¡∂»Ô,20200409,138000,139500,136500,139500,352,005,600000
340,A002600,¡∂»Ô,20200408,134500,140000,134500,136500,64,005,600000
341,A002600,¡∂»Ô,20200407,138500,140000,136500,139000,298,005,600000
342,A002600,¡∂»Ô,20200406,137500,138000,135000,137500,253,005,600000
343,A002600,¡∂»Ô,20200403,137000,137000,133000,136500,170,005,600000
344,A002600,¡∂»Ô,20200402,128500,137500,128500,135000,417,005,600000
345,A002600,¡∂»Ô,20200401,127000,137000,127000,130000,281,005,600000
346,A002600,¡∂»Ô,20200331,125000,127000,125000,127000,28,005,600000
347,A002600,¡∂»Ô,20200330,120500,124000,120500,124000,50,005,600000
348,A002600,¡∂»Ô,20200327,120500,123000,120000,121000,62,005,600000
349,A002600,¡∂»Ô,20200326,122500,124000,119000,120500,103,005,600000
350,A002600,¡∂»Ô,20200325,113500,123500,113000,121000,215,005,600000
351,A002600,¡∂»Ô,20200324,112000,114000,112000,114000,150,005,600000
352,A002600,¡∂»Ô,20200323,114000,114000,112000,113000,43,005,600000
353,A002600,¡∂»Ô,20200320,116000,119000,116000,116000,180,005,600000
354,A002600,¡∂»Ô,20200319,123500,123500,113000,116000,231,005,600000
355,A002600,¡∂»Ô,20200318,126000,126500,123500,123500,502,005,600000
356,A002600,¡∂»Ô,20200317,127000,127500,123500,126000,231,005,600000
357,A002600,¡∂»Ô,20200316,129500,129500,128000,128000,224,005,600000
358,A002600,¡∂»Ô,20200313,126000,129000,123500,129000,77,005,600000
359,A002600,¡∂»Ô,20200312,128500,131500,125500,131000,317,005,600000
360,A002600,¡∂»Ô,20200311,132000,138500,130000,131000,649,005,600000
361,A002600,¡∂»Ô,20200310,129000,132000,129000,132000,1368,005,600000
362,A002600,¡∂»Ô,20200309,131000,132500,128500,130500,200,005,600000
363,A002600,¡∂»Ô,20200306,130000,133000,128500,130000,155,005,600000
364,A002600,¡∂»Ô,20200305,130000,132000,129500,132000,709,005,600000
365,A002600,¡∂»Ô,20200304,128500,135000,128500,131000,134,005,600000
366,A002600,¡∂»Ô,20200303,131000,131500,129000,129000,121,005,600000
367,A002600,¡∂»Ô,20200302,129500,131000,129000,131000,44,005,600000
368,A002600,¡∂»Ô,20200228,130500,131000,128000,129500,193,005,600000
369,A002600,¡∂»Ô,20200227,133000,133000,131000,131000,102,005,600000
370,A002600,¡∂»Ô,20200226,132500,135500,131500,132500,402,005,600000
371,A002600,¡∂»Ô,20200225,136000,136000,132500,132500,332,005,600000
372,A002600,¡∂»Ô,20200224,132500,138000,132500,136000,786,005,600000
373,A002600,¡∂»Ô,20200221,134500,134500,132500,134000,94,005,600000
374,A002600,¡∂»Ô,20200220,135000,135000,134000,134500,62,005,600000
375,A002600,¡∂»Ô,20200219,136000,136000,133500,135500,81,005,600000
376,A002600,¡∂»Ô,20200218,135500,137000,134500,136000,151,005,600000
377,A002600,¡∂»Ô,20200217,135500,138000,133500,138000,282,005,600000
378,A002600,¡∂»Ô,20200214,136500,136500,134000,135500,152,005,600000
379,A002600,¡∂»Ô,20200213,134000,138500,134000,136500,292,005,600000
380,A002600,¡∂»Ô,20200212,133500,135000,133500,134000,85,005,600000
381,A002600,¡∂»Ô,20200211,133500,135500,133500,135000,48,005,600000
382,A002600,¡∂»Ô,20200210,133500,134000,133500,133500,16,005,600000
383,A002600,¡∂»Ô,20200207,136000,136000,133500,133500,48,005,600000
384,A002600,¡∂»Ô,20200206,133500,134000,132500,134000,93,005,600000
385,A002600,¡∂»Ô,20200205,134000,134500,132500,133000,81,005,600000
386,A002600,¡∂»Ô,20200204,135000,135000,133000,135000,110,005,600000
387,A002600,¡∂»Ô,20200203,138000,138000,135000,135000,89,005,600000
388,A002600,¡∂»Ô,20200131,137500,137500,136500,137500,15,005,600000
389,A002600,¡∂»Ô,20200130,137000,137500,136500,137500,18,005,600000
390,A002600,¡∂»Ô,20200129,136000,140500,136000,139000,78,005,600000
391,A002600,¡∂»Ô,20200128,140000,140000,136500,137000,184,005,600000
392,A002600,¡∂»Ô,20200123,141000,142500,141000,141500,67,005,600000
393,A002600,¡∂»Ô,20200122,142000,144000,141500,142000,87,005,600000
394,A002600,¡∂»Ô,20200121,144500,144500,143000,144000,34,005,600000
395,A002600,¡∂»Ô,20200120,145500,145500,142500,144500,82,005,600000
396,A002600,¡∂»Ô,20200117,138500,146000,138500,146000,182,005,600000
397,A002600,¡∂»Ô,20200116,146000,146000,145000,145500,58,005,600000
398,A002600,¡∂»Ô,20200115,146000,146000,145000,145500,100,005,600000
399,A002600,¡∂»Ô,20200114,145500,147500,145000,145500,93,005,600000
400,A002600,¡∂»Ô,20200113,148500,148500,145500,146000,78,005,600000
401,A002600,¡∂»Ô,20200110,149000,149000,146500,146500,26,005,600000
402,A002600,¡∂»Ô,20200109,147500,149500,147000,147000,10,005,600000
403,A002600,¡∂»Ô,20200108,147000,149500,146000,147500,80,005,600000
404,A002600,¡∂»Ô,20200107,148000,148500,148000,148000,30,005,600000
405,A002600,¡∂»Ô,20200106,148000,150000,147500,148500,37,005,600000
406,A002600,¡∂»Ô,20200103,149500,150000,148000,149000,23,005,600000
407,A002600,¡∂»Ô,20200102,149500,149500,149000,149500,16,005,600000
408,A002600,¡∂»Ô,20191230,149500,149500,148000,149500,33,005,600000
409,A002600,¡∂»Ô,20191227,150000,150500,149000,149500,63,005,600000
410,A002600,¡∂»Ô,20191226,149500,155000,149500,152000,352,005,600000
411,A002600,¡∂»Ô,20191224,147000,150500,146000,149500,470,005,600000
412,A002600,¡∂»Ô,20191223,146500,148500,146500,148500,19,005,600000
413,A002600,¡∂»Ô,20191220,147500,149500,146500,149000,1001,005,600000
414,A002600,¡∂»Ô,20191219,150000,151000,148500,150000,213,005,600000
415,A002600,¡∂»Ô,20191218,149000,150500,148000,150500,129,005,600000
416,A002600,¡∂»Ô,20191217,146500,149000,146500,149000,68,005,600000
417,A002600,¡∂»Ô,20191216,146500,148500,146500,148500,98,005,600000
418,A002600,¡∂»Ô,20191213,146000,148000,146000,146500,161,005,600000
419,A002600,¡∂»Ô,20191212,145500,146500,145500,146500,230,005,600000
420,A002600,¡∂»Ô,20191211,146500,147500,146500,147500,14,005,600000
421,A002600,¡∂»Ô,20191210,147500,148000,147500,148000,27,005,600000
422,A002600,¡∂»Ô,20191209,148000,148000,145000,148000,575,005,600000
423,A002600,¡∂»Ô,20191206,148000,149000,148000,148000,24,005,600000
424,A002600,¡∂»Ô,20191205,148500,149000,148000,149000,21,005,600000
425,A002600,¡∂»Ô,20191204,146000,149000,146000,148500,57,005,600000
426,A002600,¡∂»Ô,20191203,149500,149500,145000,149000,292,005,600000
427,A002600,¡∂»Ô,20191202,151000,151000,149500,149500,84,005,600000
428,A002600,¡∂»Ô,20191129,151500,151500,149500,151000,82,005,600000
429,A002600,¡∂»Ô,20191128,150000,151500,150000,151000,11,005,600000
430,A002600,¡∂»Ô,20191127,151000,153500,150000,150000,532,005,600000
431,A002600,¡∂»Ô,20191126,150500,151000,150500,151000,19,005,600000
432,A002600,¡∂»Ô,20191125,151000,152000,147000,150500,576,005,600000
433,A002600,¡∂»Ô,20191122,150500,151000,149500,151000,41,005,600000
434,A002600,¡∂»Ô,20191121,149000,149500,149000,149500,31,005,600000
435,A002600,¡∂»Ô,20191120,151000,151500,150000,150000,69,005,600000
436,A002600,¡∂»Ô,20191119,149500,151000,149500,151000,18,005,600000
437,A002600,¡∂»Ô,20191118,151000,151000,149500,150500,93,005,600000
438,A002600,¡∂»Ô,20191115,152000,153000,150000,151000,252,005,600000
439,A002600,¡∂»Ô,20191114,151000,153500,151000,153500,77,005,600000
440,A002600,¡∂»Ô,20191113,150000,151500,150000,151000,46,005,600000
441,A002600,¡∂»Ô,20191112,150000,152500,150000,151000,97,005,600000
442,A002600,¡∂»Ô,20191111,152500,153000,152500,152500,84,005,600000
443,A002600,¡∂»Ô,20191108,152500,153500,151000,152500,68,005,600000
444,A002600,¡∂»Ô,20191107,151500,152500,150000,152500,75,005,600000
445,A002600,¡∂»Ô,20191106,150500,152000,149500,151500,103,005,600000
446,A002600,¡∂»Ô,20191105,150000,150000,149500,149500,25,005,600000
447,A002600,¡∂»Ô,20191104,151000,152500,150000,150000,54,005,600000
448,A002600,¡∂»Ô,20191101,149500,151000,149500,151000,70,005,600000
449,A002600,¡∂»Ô,20191031,149000,150500,149000,149500,9,005,600000
450,A002600,¡∂»Ô,20191030,149500,150000,149000,149000,75,005,600000
451,A002600,¡∂»Ô,20191029,149500,151000,149000,149500,61,005,600000
452,A002600,¡∂»Ô,20191028,150000,151000,148500,150000,34,005,600000
453,A002600,¡∂»Ô,20191025,150000,151000,149500,149500,40,005,600000
454,A002600,¡∂»Ô,20191024,149000,151500,149000,151000,24,005,600000
455,A002600,¡∂»Ô,20191023,150000,151500,149000,149000,59,005,600000
456,A002600,¡∂»Ô,20191022,150000,153000,149500,150000,101,005,600000
457,A002600,¡∂»Ô,20191021,152000,152000,151500,151500,4,005,600000
458,A002600,¡∂»Ô,20191018,151500,153000,151000,153000,21,005,600000
459,A002600,¡∂»Ô,20191017,154000,154000,145500,151500,123,005,600000
460,A002600,¡∂»Ô,20191016,153500,154500,152500,154000,14,005,600000
461,A002600,¡∂»Ô,20191015,152000,154000,150000,153500,79,005,600000
462,A002600,¡∂»Ô,20191014,151500,152000,151000,152000,28,005,600000
463,A002600,¡∂»Ô,20191011,152000,153500,151500,151500,39,005,600000
464,A002600,¡∂»Ô,20191010,153000,153000,152000,153000,35,005,600000
465,A002600,¡∂»Ô,20191008,153000,153000,152000,153000,13,005,600000
466,A002600,¡∂»Ô,20191007,153000,155000,152500,154000,25,005,600000
467,A002600,¡∂»Ô,20191004,151500,153000,148500,153000,64,005,600000
468,A002600,¡∂»Ô,20191002,152000,152000,152000,152000,6,005,600000
469,A002600,¡∂»Ô,20191001,153000,153000,153000,153000,3,005,600000
470,A002600,¡∂»Ô,20190930,152500,152500,151500,151500,12,005,600000
471,A002600,¡∂»Ô,20190927,153000,155000,151500,152000,36,005,600000
472,A002600,¡∂»Ô,20190926,152000,153000,150500,151500,91,005,600000
473,A002600,¡∂»Ô,20190925,152500,153000,152500,152500,9,005,600000
474,A002600,¡∂»Ô,20190924,152500,153000,152500,153000,26,005,600000
475,A002600,¡∂»Ô,20190923,154500,154500,152000,152500,122,005,600000
476,A002600,¡∂»Ô,20190920,158000,159000,154500,154500,45,005,600000
477,A002600,¡∂»Ô,20190919,156000,159000,154500,154500,35,005,600000
478,A002600,¡∂»Ô,20190918,153500,156000,151500,156000,226,005,600000
479,A002600,¡∂»Ô,20190917,152000,158000,152000,153500,144,005,600000
480,A002600,¡∂»Ô,20190916,152500,153000,152000,152000,30,005,600000
481,A002600,¡∂»Ô,20190911,156000,156000,153500,154000,90,005,600000
482,A002600,¡∂»Ô,20190910,153000,156500,153000,156000,11,005,600000
483,A002600,¡∂»Ô,20190909,152000,153000,151000,153000,88,005,600000
484,A002600,¡∂»Ô,20190906,151500,153500,151500,152000,12,005,600000
485,A002600,¡∂»Ô,20190905,154500,154500,153500,153500,97,005,600000
486,A002600,¡∂»Ô,20190904,154500,154500,154500,154500,2,005,600000
487,A002600,¡∂»Ô,20190903,152000,154000,152000,152500,29,005,600000
488,A002600,¡∂»Ô,20190902,152500,154000,150500,152000,39,005,600000
489,A002600,¡∂»Ô,20190830,155500,159000,152500,153500,185,005,600000
490,A002600,¡∂»Ô,20190829,153500,155500,152500,155500,61,005,600000
491,A002600,¡∂»Ô,20190828,151000,155500,150500,153500,166,005,600000
492,A002600,¡∂»Ô,20190827,149000,153000,149000,153000,32,005,600000
493,A002600,¡∂»Ô,20190826,148000,149000,148000,149000,18,005,600000
494,A002600,¡∂»Ô,20190823,148000,151000,148000,148500,29,005,600000
495,A002600,¡∂»Ô,20190822,148500,150000,148500,149500,90,005,600000
496,A002600,¡∂»Ô,20190821,153000,153000,149000,149000,70,005,600000
497,A002600,¡∂»Ô,20190820,151500,151500,149000,149000,152,005,600000
498,A002600,¡∂»Ô,20190819,149000,152000,146000,148000,269,005,600000
499,A002600,¡∂»Ô,20190816,150000,151500,146500,151500,174,005,600000
500,A002600,¡∂»Ô,20190814,151500,154500,150500,151500,24,005,600000
501,A002600,¡∂»Ô,20190813,155500,159000,152000,152000,57,005,600000
502,A002600,¡∂»Ô,20190812,154500,155500,153500,155500,42,005,600000
503,A002600,¡∂»Ô,20190809,154000,157000,154000,156500,8,005,600000
504,A002600,¡∂»Ô,20190808,153000,156500,153000,153500,20,005,600000
505,A002600,¡∂»Ô,20190807,158500,158500,152500,152500,54,005,600000
506,A002600,¡∂»Ô,20190806,150500,152500,147000,151500,49,005,600000
507,A002600,¡∂»Ô,20190805,155000,160000,152500,152500,46,005,600000
508,A002600,¡∂»Ô,20190802,156500,158500,153500,158000,44,005,600000
509,A002600,¡∂»Ô,20190801,156500,158000,154000,156500,113,005,600000
510,A002600,¡∂»Ô,20190731,152000,160000,152000,156500,277,005,600000
511,A002600,¡∂»Ô,20190730,151000,157000,151000,153000,24,005,600000
512,A002600,¡∂»Ô,20190729,154000,154500,150000,151000,126,005,600000
513,A002600,¡∂»Ô,20190726,158500,158500,150500,154000,201,005,600000
514,A002600,¡∂»Ô,20190725,158000,159500,154000,156000,206,005,600000
515,A002600,¡∂»Ô,20190724,161500,161500,158000,158000,16,005,600000
516,A002600,¡∂»Ô,20190723,162000,166500,160000,160000,149,005,600000
517,A002600,¡∂»Ô,20190722,160500,162500,160500,161000,27,005,600000
518,A002600,¡∂»Ô,20190719,168500,168500,160000,161500,62,005,600000
519,A002600,¡∂»Ô,20190718,159000,162000,158500,159000,58,005,600000
520,A002600,¡∂»Ô,20190717,156000,160000,155500,158500,36,005,600000
521,A002600,¡∂»Ô,20190716,161500,162500,157500,157500,70,005,600000
522,A002600,¡∂»Ô,20190715,168000,168000,158500,160000,151,005,600000
523,A002600,¡∂»Ô,20190712,165000,168500,162500,164000,81,005,600000
524,A002600,¡∂»Ô,20190711,158500,163500,158500,163000,32,005,600000
525,A002600,¡∂»Ô,20190710,161000,162500,157500,160000,305,005,600000
526,A002600,¡∂»Ô,20190709,162000,172000,161500,162000,191,005,600000
527,A002600,¡∂»Ô,20190708,167500,167500,161000,163500,212,005,600000
528,A002600,¡∂»Ô,20190705,168500,168500,167500,167500,19,005,600000
529,A002600,¡∂»Ô,20190704,168500,168500,166500,167000,40,005,600000
530,A002600,¡∂»Ô,20190703,170000,170000,167500,168500,22,005,600000
531,A002600,¡∂»Ô,20190702,168000,170500,166000,170000,87,005,600000
532,A002600,¡∂»Ô,20190701,166500,170000,166000,168000,290,005,600000
533,A002600,¡∂»Ô,20190628,177500,178500,165000,165500,2809,005,600000
534,A002600,¡∂»Ô,20190627,178000,182000,177000,179500,42,005,600000
535,A002600,¡∂»Ô,20190626,178500,183500,178500,180000,30,005,600000
536,A002600,¡∂»Ô,20190625,179000,179000,178500,178500,4,005,600000
537,A002600,¡∂»Ô,20190624,180000,182000,176500,182000,63,005,600000
538,A002600,¡∂»Ô,20190621,182000,182000,179000,182000,3,005,600000
539,A002600,¡∂»Ô,20190620,178500,180500,178500,180500,56,005,600000
540,A002600,¡∂»Ô,20190619,180000,180000,178500,178500,10,005,600000
541,A002600,¡∂»Ô,20190618,181000,181000,179000,180000,13,005,600000
542,A002600,¡∂»Ô,20190617,177500,181500,177500,181000,24,005,600000
543,A002600,¡∂»Ô,20190614,177500,182000,177000,181000,13,005,600000
544,A002600,¡∂»Ô,20190613,177000,182000,177000,180500,20,005,600000
545,A002600,¡∂»Ô,20190612,175500,177500,173000,177500,35,005,600000
546,A002600,¡∂»Ô,20190611,176500,176500,173000,174500,15,005,600000
547,A002600,¡∂»Ô,20190610,173000,177000,172500,172500,56,005,600000
548,A002600,¡∂»Ô,20190607,171500,173000,171000,173000,8,005,600000
549,A002600,¡∂»Ô,20190605,172000,172000,172000,172000,3,005,600000
550,A002600,¡∂»Ô,20190604,175000,175000,169500,171500,120,005,600000
551,A002600,¡∂»Ô,20190603,173000,190000,171500,171500,240,005,600000
552,A002600,¡∂»Ô,20190531,175500,177000,173000,173500,23,005,600000
553,A002600,¡∂»Ô,20190530,172000,175500,172000,175500,34,005,600000
554,A002600,¡∂»Ô,20190529,174500,175500,171000,175500,23,005,600000
555,A002600,¡∂»Ô,20190528,169000,174500,168500,174500,40,005,600000
556,A002600,¡∂»Ô,20190527,175500,176000,167000,170500,146,005,600000
557,A002600,¡∂»Ô,20190524,178500,180000,176000,176000,32,005,600000
558,A002600,¡∂»Ô,20190523,183000,184000,178000,178000,165,005,600000
559,A002600,¡∂»Ô,20190522,183000,184000,181500,183000,55,005,600000
560,A002600,¡∂»Ô,20190521,183000,184500,183000,184500,48,005,600000
561,A002600,¡∂»Ô,20190520,184000,184000,183500,184000,16,005,600000
562,A002600,¡∂»Ô,20190517,184500,185500,183500,184000,60,005,600000
563,A002600,¡∂»Ô,20190516,185000,187500,185000,185500,29,005,600000
564,A002600,¡∂»Ô,20190515,185000,187500,184000,187500,47,005,600000
565,A002600,¡∂»Ô,20190514,183000,184000,183000,184000,58,005,600000
566,A002600,¡∂»Ô,20190513,188000,188000,183000,183000,39,005,600000
567,A002600,¡∂»Ô,20190510,188000,188000,182000,185000,18,005,600000
568,A002600,¡∂»Ô,20190509,188000,188000,183000,183500,68,005,600000
569,A002600,¡∂»Ô,20190508,186000,187500,184000,185000,47,005,600000
570,A002600,¡∂»Ô,20190507,186500,187500,185000,186500,77,005,600000
571,A002600,¡∂»Ô,20190503,191500,191500,184000,189000,547,005,600000
572,A002600,¡∂»Ô,20190502,188500,195000,188500,189500,389,005,600000
573,A002600,¡∂»Ô,20190430,189500,194500,189000,192000,249,005,600000
574,A002600,¡∂»Ô,20190429,188000,190000,185000,189000,420,005,600000
575,A002600,¡∂»Ô,20190426,184500,188000,184500,188000,219,005,600000
576,A002600,¡∂»Ô,20190425,187500,187500,185000,185000,58,005,600000
577,A002600,¡∂»Ô,20190424,185000,190000,185000,187500,317,005,600000
578,A002600,¡∂»Ô,20190423,185000,187000,185000,185000,253,005,600000
579,A002600,¡∂»Ô,20190422,186000,190000,185000,185000,421,005,600000
580,A002600,¡∂»Ô,20190419,184000,188500,184000,188500,164,005,600000
581,A002600,¡∂»Ô,20190418,193500,193500,185000,185000,128,005,600000
582,A002600,¡∂»Ô,20190417,184500,188500,184500,187500,54,005,600000
583,A002600,¡∂»Ô,20190416,184500,186500,184500,186000,31,005,600000
584,A002600,¡∂»Ô,20190415,195000,199500,185000,185500,175,005,600000
585,A002600,¡∂»Ô,20190412,185000,186500,184000,186000,190,005,600000
586,A002600,¡∂»Ô,20190411,185000,185500,185000,185000,32,005,600000
587,A002600,¡∂»Ô,20190410,184500,186000,184500,185000,20,005,600000
588,A002600,¡∂»Ô,20190409,185000,185000,183000,184000,49,005,600000
589,A002600,¡∂»Ô,20190408,189500,189500,184000,184500,127,005,600000
590,A002600,¡∂»Ô,20190405,189500,191500,185500,190000,35,005,600000
591,A002600,¡∂»Ô,20190404,184500,190000,184500,190000,13,005,600000
592,A002600,¡∂»Ô,20190403,188000,188000,185000,185500,37,005,600000
593,A002600,¡∂»Ô,20190402,184000,188000,184000,188000,6,005,600000
594,A002600,¡∂»Ô,20190401,183500,186000,183500,186000,10,005,600000
595,A002600,¡∂»Ô,20190329,187000,187000,183000,184500,32,005,600000
596,A002600,¡∂»Ô,20190328,186500,186500,183500,184000,60,005,600000
597,A002600,¡∂»Ô,20190327,186500,187000,185000,186500,326,005,600000
598,A002600,¡∂»Ô,20190326,184000,190000,184000,189500,193,005,600000
599,A002600,¡∂»Ô,20190325,185000,188000,183000,185000,349,005,600000
600,A002600,¡∂»Ô,20190322,185500,187000,185000,187000,133,005,600000
601,A002600,¡∂»Ô,20190321,186000,186500,185000,185500,75,005,600000
602,A002600,¡∂»Ô,20190320,185000,186000,185000,185000,37,005,600000
603,A002600,¡∂»Ô,20190319,187500,187500,182000,185000,2918,005,600000
604,A002600,¡∂»Ô,20190318,190000,190000,185000,188000,768,005,600000
605,A002600,¡∂»Ô,20190315,194000,194000,188000,188000,345,005,600000
606,A002600,¡∂»Ô,20190314,193000,194000,189500,194000,50,005,600000
607,A002600,¡∂»Ô,20190313,193500,194500,189500,194500,88,005,600000
608,A002600,¡∂»Ô,20190312,194000,194000,191000,193500,15,005,600000
609,A002600,¡∂»Ô,20190311,195500,195500,191000,194000,45,005,600000
610,A002600,¡∂»Ô,20190308,199500,199500,193500,195500,46,005,600000
611,A002600,¡∂»Ô,20190307,195500,202000,195500,199500,261,005,600000
612,A002600,¡∂»Ô,20190306,202000,202000,195000,195500,54,005,600000
613,A002600,¡∂»Ô,20190305,200000,202500,192000,198500,128,005,600000
614,A002600,¡∂»Ô,20190304,187500,198000,187500,198000,269,005,600000
615,A002600,¡∂»Ô,20190228,187500,189000,185500,187500,140,005,600000
616,A002600,¡∂»Ô,20190227,191000,192500,187000,187500,187,005,600000
617,A002600,¡∂»Ô,20190226,194500,195000,189500,191000,134,005,600000
618,A002600,¡∂»Ô,20190225,199500,199500,192500,194500,151,005,600000
619,A002600,¡∂»Ô,20190222,200500,206000,195500,197500,153,005,600000
620,A002600,¡∂»Ô,20190221,201000,205500,201000,201000,108,005,600000
621,A002600,¡∂»Ô,20190220,206000,206500,201000,201000,612,005,600000
622,A002600,¡∂»Ô,20190219,203000,208000,202500,207500,219,005,600000
623,A002600,¡∂»Ô,20190218,210000,215000,202000,203000,705,005,600000
624,A002600,¡∂»Ô,20190215,187000,235000,185000,205000,3900,005,600000
625,A002600,¡∂»Ô,20190214,180500,187000,180500,187000,140,005,600000
626,A002600,¡∂»Ô,20190213,182000,183000,180000,181500,143,005,600000
627,A002600,¡∂»Ô,20190212,180500,180500,180500,180500,0,005,600000
628,A002600,¡∂»Ô,20190211,181500,181500,180500,180500,113,005,600000
629,A002600,¡∂»Ô,20190208,182000,182000,179000,179500,138,005,600000
630,A002600,¡∂»Ô,20190207,179500,182500,179000,180000,56,005,600000
631,A002600,¡∂»Ô,20190201,178500,182000,178500,182000,25,005,600000
632,A002600,¡∂»Ô,20190131,181500,181500,179000,180500,18,005,600000
633,A002600,¡∂»Ô,20190130,179500,182000,178500,179000,150,005,600000
634,A002600,¡∂»Ô,20190129,179000,179500,179000,179000,26,005,600000
635,A002600,¡∂»Ô,20190128,181000,181000,179000,179000,178,005,600000
636,A002600,¡∂»Ô,20190125,181000,181000,180500,181000,23,005,600000
637,A002600,¡∂»Ô,20190124,181000,181000,178500,179000,36,005,600000
638,A002600,¡∂»Ô,20190123,179500,181000,179500,181000,40,005,600000
639,A002600,¡∂»Ô,20190122,180000,180500,180000,180000,79,005,600000
640,A002600,¡∂»Ô,20190121,180500,180500,180000,180500,6,005,600000
641,A002600,¡∂»Ô,20190118,178500,180500,178500,180500,52,005,600000
642,A002600,¡∂»Ô,20190117,178000,179500,178000,178500,91,005,600000
643,A002600,¡∂»Ô,20190116,178500,179000,178000,178500,39,005,600000
644,A002600,¡∂»Ô,20190115,179000,180000,179000,179500,32,005,600000
645,A002600,¡∂»Ô,20190114,180000,180000,180000,180000,10,005,600000
646,A002600,¡∂»Ô,20190111,180000,181000,180000,181000,18,005,600000
647,A002600,¡∂»Ô,20190110,180000,180000,179500,180000,27,005,600000
648,A002600,¡∂»Ô,20190109,178000,180000,178000,180000,6,005,600000
649,A002600,¡∂»Ô,20190108,179500,179500,178000,178000,105,005,600000
650,A002600,¡∂»Ô,20190107,181000,182000,179500,181500,48,005,600000
651,A002600,¡∂»Ô,20190104,178000,187000,178000,181000,89,005,600000
652,A002600,¡∂»Ô,20190103,184000,184000,179000,182500,7,005,600000
653,A002600,¡∂»Ô,20190102,181000,181000,179500,179500,12,005,600000
654,A002600,¡∂»Ô,20181228,183000,183000,181000,182500,27,005,600000
655,A002600,¡∂»Ô,20181227,182000,185000,179500,179500,50,005,600000
656,A002600,¡∂»Ô,20181226,183000,188500,183000,188500,12,005,600000
657,A002600,¡∂»Ô,20181224,186000,188000,182500,183000,20,005,600000
658,A002600,¡∂»Ô,20181221,186000,188000,186000,188000,12,005,600000
659,A002600,¡∂»Ô,20181220,185000,185000,185000,185000,7,005,600000
660,A002600,¡∂»Ô,20181219,184000,185500,183000,185000,20,005,600000
661,A002600,¡∂»Ô,20181218,182500,183500,182500,183500,3,005,600000
662,A002600,¡∂»Ô,20181217,182000,185000,182000,185000,3,005,600000
663,A002600,¡∂»Ô,20181214,185000,185500,181000,184500,79,005,600000
664,A002600,¡∂»Ô,20181213,185000,185500,185000,185000,12,005,600000
665,A002600,¡∂»Ô,20181212,184500,185500,182000,185000,16,005,600000
666,A002600,¡∂»Ô,20181211,184500,184500,184500,184500,5,005,600000
667,A002600,¡∂»Ô,20181210,180000,186000,180000,184500,47,005,600000
668,A002600,¡∂»Ô,20181207,184500,185000,182500,183500,8,005,600000
669,A002600,¡∂»Ô,20181206,188000,188000,181500,181500,39,005,600000
670,A002600,¡∂»Ô,20181205,188500,188500,185500,188500,3,005,600000
671,A002600,¡∂»Ô,20181204,186000,188500,186000,188500,5,005,600000
672,A002600,¡∂»Ô,20181203,186500,190000,186000,189000,70,005,600000
673,A002600,¡∂»Ô,20181130,186000,188500,185000,186000,165,005,600000
674,A002600,¡∂»Ô,20181129,185500,187500,185500,186000,19,005,600000
675,A002600,¡∂»Ô,20181128,186500,189500,184500,188000,123,005,600000
676,A002600,¡∂»Ô,20181127,184500,190500,184500,190500,12,005,600000
677,A002600,¡∂»Ô,20181126,185000,185000,185000,185000,17,005,600000
678,A002600,¡∂»Ô,20181123,182000,186000,182000,186000,6,005,600000
679,A002600,¡∂»Ô,20181122,190000,190000,180000,181000,83,005,600000
680,A002600,¡∂»Ô,20181121,187000,187000,183000,186500,4,005,600000
681,A002600,¡∂»Ô,20181120,192500,192500,184500,184500,21,005,600000
682,A002600,¡∂»Ô,20181119,192000,192000,183500,187000,53,005,600000
683,A002600,¡∂»Ô,20181116,186500,190000,186500,189000,10,005,600000
684,A002600,¡∂»Ô,20181115,185000,189000,185000,189000,51,005,600000
685,A002600,¡∂»Ô,20181114,185000,185000,185000,185000,9,005,600000
686,A002600,¡∂»Ô,20181113,180500,185500,180000,185500,34,005,600000
687,A002600,¡∂»Ô,20181112,187500,187500,187500,187500,1,005,600000
688,A002600,¡∂»Ô,20181109,188000,188000,188000,188000,7,005,600000
689,A002600,¡∂»Ô,20181108,184000,188000,184000,188000,11,005,600000
690,A002600,¡∂»Ô,20181107,183500,186000,182000,182500,88,005,600000
691,A002600,¡∂»Ô,20181106,178000,183500,178000,183500,25,005,600000
692,A002600,¡∂»Ô,20181105,185000,185000,180000,180500,34,005,600000
693,A002600,¡∂»Ô,20181102,175000,187000,175000,185000,37,005,600000
694,A002600,¡∂»Ô,20181101,171500,178500,162500,178500,183,005,600000
695,A002600,¡∂»Ô,20181031,173000,174000,172500,174000,21,005,600000
696,A002600,¡∂»Ô,20181030,171500,173000,170000,173000,125,005,600000
697,A002600,¡∂»Ô,20181029,170500,171500,170000,170000,277,005,600000
698,A002600,¡∂»Ô,20181026,179000,179500,170000,170000,850,005,600000
699,A002600,¡∂»Ô,20181025,180500,180500,179000,180500,139,005,600000
700,A002600,¡∂»Ô,20181024,185000,185000,184000,185000,83,005,600000
701,A002600,¡∂»Ô,20181023,189000,189000,182000,182000,64,005,600000
702,A002600,¡∂»Ô,20181022,188000,188000,187000,187500,33,005,600000
703,A002600,¡∂»Ô,20181019,189000,189000,187500,188000,10,005,600000
704,A002600,¡∂»Ô,20181018,190500,190500,183000,187500,181,005,600000
705,A002600,¡∂»Ô,20181017,192000,193000,190000,190000,38,005,600000
706,A002600,¡∂»Ô,20181016,189500,192000,189500,191500,34,005,600000
707,A002600,¡∂»Ô,20181015,188500,189500,188500,189500,9,005,600000
708,A002600,¡∂»Ô,20181012,190000,190000,187500,189000,31,005,600000
709,A002600,¡∂»Ô,20181011,191000,191500,187000,187500,248,005,600000
710,A002600,¡∂»Ô,20181010,192000,192000,189000,191000,96,005,600000
711,A002600,¡∂»Ô,20181008,189500,192500,189000,189000,31,005,600000
712,A002600,¡∂»Ô,20181005,195500,195500,189500,189500,90,005,600000
713,A002600,¡∂»Ô,20181004,197500,197500,194000,195500,14,005,600000
714,A002600,¡∂»Ô,20181002,197500,198500,197500,197500,85,005,600000
715,A002600,¡∂»Ô,20181001,195000,200500,195000,199000,167,005,600000
716,A002600,¡∂»Ô,20180928,198500,199000,191000,198500,444,005,600000
717,A002600,¡∂»Ô,20180927,196500,198500,196500,198500,42,005,600000
718,A002600,¡∂»Ô,20180921,201000,202000,195500,197000,205,005,600000
719,A002600,¡∂»Ô,20180920,205500,205500,197500,201000,41,005,600000
720,A002600,¡∂»Ô,20180919,201000,204000,201000,202500,76,005,600000
721,A002600,¡∂»Ô,20180918,198500,201000,198500,198500,17,005,600000
722,A002600,¡∂»Ô,20180917,203000,203000,196000,198500,156,005,600000
723,A002600,¡∂»Ô,20180914,202000,202500,202000,202500,13,005,600000
724,A002600,¡∂»Ô,20180913,202500,202500,199500,202000,143,005,600000
725,A002600,¡∂»Ô,20180912,198500,202000,198500,202000,16,005,600000
726,A002600,¡∂»Ô,20180911,200500,201000,198500,198500,52,005,600000
727,A002600,¡∂»Ô,20180910,200000,202000,197000,201000,273,005,600000
728,A002600,¡∂»Ô,20180907,203000,203000,200000,201500,70,005,600000
729,A002600,¡∂»Ô,20180906,204000,204000,200000,203500,239,005,600000
730,A002600,¡∂»Ô,20180905,206000,206500,201000,204000,145,005,600000
731,A002600,¡∂»Ô,20180904,203000,206500,203000,206500,65,005,600000
732,A002600,¡∂»Ô,20180903,201000,204000,201000,203000,108,005,600000
733,A002600,¡∂»Ô,20180831,206000,206000,206000,206000,9,005,600000
734,A002600,¡∂»Ô,20180830,205000,205000,201500,204000,8,005,600000
735,A002600,¡∂»Ô,20180829,202500,206500,200500,205000,43,005,600000
736,A002600,¡∂»Ô,20180828,201000,205000,201000,203500,37,005,600000
737,A002600,¡∂»Ô,20180827,201500,206000,200000,202000,89,005,600000
738,A002600,¡∂»Ô,20180824,203000,206000,203000,206000,6,005,600000
739,A002600,¡∂»Ô,20180823,207000,207500,206500,207500,24,005,600000
740,A002600,¡∂»Ô,20180822,208500,208500,201000,207500,113,005,600000
741,A002600,¡∂»Ô,20180821,204000,207000,203000,207000,118,005,600000
742,A002600,¡∂»Ô,20180820,208500,208500,203000,207000,55,005,600000
743,A002600,¡∂»Ô,20180817,209500,209500,207500,208500,19,005,600000
744,A002600,¡∂»Ô,20180816,204000,206000,204000,206000,42,005,600000
745,A002600,¡∂»Ô,20180814,210000,210000,203000,204000,290,005,600000
746,A002600,¡∂»Ô,20180813,213000,213500,210000,210000,98,005,600000
747,A002600,¡∂»Ô,20180810,214000,215000,213500,214000,12,005,600000
748,A002600,¡∂»Ô,20180809,213500,214000,213500,214000,9,005,600000
749,A002600,¡∂»Ô,20180808,214000,217000,214000,217000,6,005,600000
750,A002600,¡∂»Ô,20180807,219000,219000,214000,217000,6,005,600000
751,A002600,¡∂»Ô,20180806,212000,218500,212000,217500,77,005,600000
752,A002600,¡∂»Ô,20180803,215500,215500,213500,213500,105,005,600000
753,A002600,¡∂»Ô,20180802,216000,216500,214000,216000,143,005,600000
754,A002600,¡∂»Ô,20180801,217000,217000,215000,217000,100,005,600000
755,A002600,¡∂»Ô,20180731,219500,219500,216000,218000,32,005,600000
756,A002600,¡∂»Ô,20180730,221000,221000,217000,220000,5,005,600000
757,A002600,¡∂»Ô,20180727,224000,224000,222000,222000,23,005,600000
758,A002600,¡∂»Ô,20180726,218500,222000,217500,222000,6,005,600000
759,A002600,¡∂»Ô,20180725,215000,218500,214000,218500,48,005,600000
760,A002600,¡∂»Ô,20180724,215500,217000,213000,217000,120,005,600000
761,A002600,¡∂»Ô,20180723,218000,223500,217000,217000,135,005,600000
762,A002600,¡∂»Ô,20180720,219000,224000,219000,224000,8,005,600000
763,A002600,¡∂»Ô,20180719,220000,222000,217500,222000,53,005,600000
764,A002600,¡∂»Ô,20180718,224500,224500,221500,224500,38,005,600000
765,A002600,¡∂»Ô,20180717,225000,227000,222000,224500,138,005,600000
766,A002600,¡∂»Ô,20180716,227500,227500,223000,224000,114,005,600000
767,A002600,¡∂»Ô,20180713,220000,226000,220000,226000,418,005,600000
768,A002600,¡∂»Ô,20180712,219000,220000,218000,220000,55,005,600000
769,A002600,¡∂»Ô,20180711,221000,221000,217500,219000,26,005,600000
770,A002600,¡∂»Ô,20180710,217000,217500,217000,217500,9,005,600000
771,A002600,¡∂»Ô,20180709,216000,220000,216000,217000,297,005,600000
772,A002600,¡∂»Ô,20180706,217000,217000,214500,217000,358,005,600000
773,A002600,¡∂»Ô,20180705,215500,218000,215000,217000,29,005,600000
774,A002600,¡∂»Ô,20180704,215500,216500,215500,216000,97,005,600000
775,A002600,¡∂»Ô,20180703,214000,219500,214000,215500,139,005,600000
776,A002600,¡∂»Ô,20180702,219000,220000,215500,219500,76,005,600000
777,A002600,¡∂»Ô,20180629,220000,220000,216000,217000,12,005,600000
778,A002600,¡∂»Ô,20180628,213000,219500,213000,218000,20,005,600000
779,A002600,¡∂»Ô,20180627,218000,218000,215000,215000,245,005,600000
780,A002600,¡∂»Ô,20180626,217000,218500,217000,218000,167,005,600000
781,A002600,¡∂»Ô,20180625,217500,217500,215000,217000,19,005,600000
782,A002600,¡∂»Ô,20180622,210000,216000,210000,212000,38,005,600000
783,A002600,¡∂»Ô,20180621,210000,220000,210000,210000,226,005,600000
784,A002600,¡∂»Ô,20180620,209000,213500,209000,211000,66,005,600000
785,A002600,¡∂»Ô,20180619,207500,214000,207500,213000,34,005,600000
786,A002600,¡∂»Ô,20180618,211500,211500,207500,208000,1236,005,600000
787,A002600,¡∂»Ô,20180615,216000,216000,210500,211500,33,005,600000
788,A002600,¡∂»Ô,20180614,220000,220000,211000,211000,74,005,600000
789,A002600,¡∂»Ô,20180612,214000,220500,214000,220000,103,005,600000
790,A002600,¡∂»Ô,20180611,220000,220000,217000,217000,28,005,600000
791,A002600,¡∂»Ô,20180608,220000,221000,216500,219500,251,005,600000
792,A002600,¡∂»Ô,20180607,213000,221000,212000,218500,324,005,600000
793,A002600,¡∂»Ô,20180605,212000,212000,207500,212000,56,005,600000
794,A002600,¡∂»Ô,20180604,211500,212000,205500,212000,355,005,600000
795,A002600,¡∂»Ô,20180601,202500,206500,201000,206500,227,005,600000
796,A002600,¡∂»Ô,20180531,207500,207500,201000,204000,270,005,600000
797,A002600,¡∂»Ô,20180530,205500,207000,204000,206500,67,005,600000
798,A002600,¡∂»Ô,20180529,209000,209000,205500,205500,116,005,600000
799,A002600,¡∂»Ô,20180528,214000,214000,206000,206000,92,005,600000
800,A002600,¡∂»Ô,20180525,210000,212000,203000,205000,1439,005,600000
801,A002600,¡∂»Ô,20180524,215000,215000,207000,210000,1135,005,600000
802,A002600,¡∂»Ô,20180523,210000,210000,208500,210000,426,005,600000
803,A002600,¡∂»Ô,20180521,213500,214500,209000,209000,140,005,600000
804,A002600,¡∂»Ô,20180518,212500,213000,208500,210000,342,005,600000
805,A002600,¡∂»Ô,20180517,216000,218000,211000,213000,122,005,600000
806,A002600,¡∂»Ô,20180516,215000,218000,210500,214000,702,005,600000
807,A002600,¡∂»Ô,20180515,221000,222000,216500,219500,226,005,600000
808,A002600,¡∂»Ô,20180514,221000,221000,218500,218500,472,005,600000
809,A002600,¡∂»Ô,20180511,221500,224500,220000,221000,152,005,600000
810,A002600,¡∂»Ô,20180510,223000,223000,220000,221000,391,005,600000
811,A002600,¡∂»Ô,20180509,221000,224000,221000,224000,260,005,600000
812,A002600,¡∂»Ô,20180508,223000,224500,222000,224500,180,005,600000
813,A002600,¡∂»Ô,20180504,227000,227000,222000,224500,165,005,600000
814,A002600,¡∂»Ô,20180503,223000,226000,221500,225000,142,005,600000
815,A002600,¡∂»Ô,20180502,223000,225500,222500,223000,58,005,600000
816,A002600,¡∂»Ô,20180430,228000,228000,223000,223000,199,005,600000
817,A002600,¡∂»Ô,20180427,223500,224000,222000,223000,186,005,600000
818,A002600,¡∂»Ô,20180426,225000,225000,222500,223500,146,005,600000
819,A002600,¡∂»Ô,20180425,223000,227000,222000,226000,196,005,600000
820,A002600,¡∂»Ô,20180424,222500,224500,222500,224500,93,005,600000
821,A002600,¡∂»Ô,20180423,222500,222500,221500,222500,143,005,600000
822,A002600,¡∂»Ô,20180420,223000,224500,222000,222500,178,005,600000
823,A002600,¡∂»Ô,20180419,226000,226000,223500,224500,152,005,600000
824,A002600,¡∂»Ô,20180418,227000,227500,225000,225000,198,005,600000
825,A002600,¡∂»Ô,20180417,223500,226000,222500,226000,80,005,600000
826,A002600,¡∂»Ô,20180416,224000,229000,222500,222500,118,005,600000
827,A002600,¡∂»Ô,20180413,222000,226000,222000,224000,96,005,600000
828,A002600,¡∂»Ô,20180412,227500,230500,224000,224000,318,005,600000
829,A002600,¡∂»Ô,20180411,224000,225000,223000,224000,95,005,600000
830,A002600,¡∂»Ô,20180410,225000,227500,224000,224000,183,005,600000
831,A002600,¡∂»Ô,20180409,227500,227500,224000,224000,64,005,600000
832,A002600,¡∂»Ô,20180406,226500,226500,224000,225000,126,005,600000
833,A002600,¡∂»Ô,20180405,228500,232500,225000,226000,150,005,600000
834,A002600,¡∂»Ô,20180404,230000,230000,226000,227500,107,005,600000
835,A002600,¡∂»Ô,20180403,231000,231000,230000,230500,123,005,600000
836,A002600,¡∂»Ô,20180402,228500,231000,228500,230000,37,005,600000
837,A002600,¡∂»Ô,20180330,233000,233000,228000,228000,68,005,600000
838,A002600,¡∂»Ô,20180329,229000,234500,227500,229000,23,005,600000
839,A002600,¡∂»Ô,20180328,232000,232000,229000,229000,39,005,600000
840,A002600,¡∂»Ô,20180327,232000,234000,227000,231000,69,005,600000
841,A002600,¡∂»Ô,20180326,235500,235500,227000,228500,82,005,600000
842,A002600,¡∂»Ô,20180323,232000,235500,227000,228500,391,005,600000
843,A002600,¡∂»Ô,20180322,233000,239000,231500,239000,105,005,600000
844,A002600,¡∂»Ô,20180321,237500,238500,232500,238000,27,005,600000
845,A002600,¡∂»Ô,20180320,239500,239500,231000,237500,98,005,600000
846,A002600,¡∂»Ô,20180319,240000,240000,236000,236000,11,005,600000
847,A002600,¡∂»Ô,20180316,235000,240000,235000,239000,81,005,600000
848,A002600,¡∂»Ô,20180315,238500,238500,231500,235500,98,005,600000
849,A002600,¡∂»Ô,20180314,236500,240000,236500,239500,186,005,600000
850,A002600,¡∂»Ô,20180313,229000,237500,229000,236500,179,005,600000
851,A002600,¡∂»Ô,20180312,229000,232000,226000,229500,93,005,600000
852,A002600,¡∂»Ô,20180309,225000,228500,225000,227000,261,005,600000
853,A002600,¡∂»Ô,20180308,228500,229000,225000,225500,96,005,600000
854,A002600,¡∂»Ô,20180307,230500,231000,225000,228500,404,005,600000
855,A002600,¡∂»Ô,20180306,230500,234000,230500,232000,76,005,600000
856,A002600,¡∂»Ô,20180305,234000,234000,230500,234000,57,005,600000
857,A002600,¡∂»Ô,20180302,232000,237000,230000,234000,235,005,600000
858,A002600,¡∂»Ô,20180228,234500,238000,234000,234000,33,005,600000
859,A002600,¡∂»Ô,20180227,237000,238500,236000,237000,146,005,600000
860,A002600,¡∂»Ô,20180226,235500,244000,233500,237000,592,005,600000
861,A002600,¡∂»Ô,20180223,235000,246000,235000,237500,391,005,600000
862,A002600,¡∂»Ô,20180222,232000,235500,232000,234000,119,005,600000
863,A002600,¡∂»Ô,20180221,230500,236000,230500,234500,278,005,600000
864,A002600,¡∂»Ô,20180220,240500,240500,234000,234000,143,005,600000
865,A002600,¡∂»Ô,20180219,233000,241500,233000,240500,381,005,600000
866,A002600,¡∂»Ô,20180214,240500,242000,231500,233500,147,005,600000
867,A002600,¡∂»Ô,20180213,234000,240000,230500,236500,289,005,600000
868,A002600,¡∂»Ô,20180212,234000,234500,230000,234000,193,005,600000
869,A002600,¡∂»Ô,20180209,231000,234500,227000,230000,258,005,600000
870,A002600,¡∂»Ô,20180208,230000,238000,230000,235000,506,005,600000
871,A002600,¡∂»Ô,20180207,237500,240500,228500,230000,637,005,600000
872,A002600,¡∂»Ô,20180206,238000,240500,220000,240500,1674,005,600000
873,A002600,¡∂»Ô,20180205,243000,243000,238000,238500,908,005,600000
874,A002600,¡∂»Ô,20180202,245000,248000,243500,244000,209,005,600000
875,A002600,¡∂»Ô,20180201,246000,247000,243000,246500,1087,005,600000
876,A002600,¡∂»Ô,20180131,245500,246000,243000,245500,1231,005,600000
877,A002600,¡∂»Ô,20180130,247500,251000,247500,247500,587,005,600000
878,A002600,¡∂»Ô,20180129,252000,252000,245000,247500,1730,005,600000
879,A002600,¡∂»Ô,20180126,248000,250000,246000,249000,505,005,600000
880,A002600,¡∂»Ô,20180125,250000,250000,245500,248000,754,005,600000
881,A002600,¡∂»Ô,20180124,253000,253000,247000,248000,571,005,600000
882,A002600,¡∂»Ô,20180123,252500,252500,243000,249000,1414,005,600000
883,A002600,¡∂»Ô,20180122,274000,276500,244000,251000,5663,005,600000
884,A002600,¡∂»Ô,20180119,276500,276500,274000,275500,85,005,600000
885,A002600,¡∂»Ô,20180118,280500,281000,272000,275000,155,005,600000
886,A002600,¡∂»Ô,20180117,282000,282500,275000,278500,72,005,600000
887,A002600,¡∂»Ô,20180116,268000,278500,268000,278000,354,005,600000
888,A002600,¡∂»Ô,20180115,263500,268500,257500,268000,320,005,600000
889,A002600,¡∂»Ô,20180112,264000,266500,258000,263500,911,005,600000
890,A002600,¡∂»Ô,20180111,271500,274000,262000,266000,972,005,600000
891,A002600,¡∂»Ô,20180110,273500,273500,269000,271500,203,005,600000
892,A002600,¡∂»Ô,20180109,277000,279000,273000,274500,203,005,600000
893,A002600,¡∂»Ô,20180108,279500,281500,274500,278000,406,005,600000
894,A002600,¡∂»Ô,20180105,280500,282000,280000,282000,38,005,600000
895,A002600,¡∂»Ô,20180104,281500,282000,280000,280500,419,005,600000
896,A002600,¡∂»Ô,20180103,283000,283000,277500,281500,551,005,600000
897,A002600,¡∂»Ô,20180102,287000,287000,275000,278500,601,005,600000
898,A002600,¡∂»Ô,20171228,286000,288000,285000,288000,68,005,600000
899,A002600,¡∂»Ô,20171227,293500,293500,280000,288500,292,005,600000
900,A002600,¡∂»Ô,20171226,299000,299000,291500,293500,256,005,600000
901,A002600,¡∂»Ô,20171222,289500,289500,286000,287000,136,005,600000
902,A002600,¡∂»Ô,20171221,290000,290000,285000,286500,149,005,600000
903,A002600,¡∂»Ô,20171220,289000,291500,286500,287000,352,005,600000
904,A002600,¡∂»Ô,20171219,294000,294000,287000,291000,48,005,600000
905,A002600,¡∂»Ô,20171218,285000,300000,285000,291500,658,005,600000
906,A002600,¡∂»Ô,20171215,289500,290500,285000,287000,190,005,600000
907,A002600,¡∂»Ô,20171214,290500,290500,289500,290000,97,005,600000
908,A002600,¡∂»Ô,20171213,286000,290500,286000,290500,88,005,600000
909,A002600,¡∂»Ô,20171212,285000,290500,285000,290500,23,005,600000
910,A002600,¡∂»Ô,20171211,285000,290000,284500,286500,73,005,600000
911,A002600,¡∂»Ô,20171208,285000,295000,284500,286500,163,005,600000
912,A002600,¡∂»Ô,20171207,290500,290500,285000,286500,79,005,600000
913,A002600,¡∂»Ô,20171206,288500,291500,288000,291000,205,005,600000
914,A002600,¡∂»Ô,20171205,294500,295500,288000,291000,267,005,600000
915,A002600,¡∂»Ô,20171204,293500,296000,289500,292000,797,005,600000
916,A002600,¡∂»Ô,20171201,297000,301500,294500,297500,131,005,600000
917,A002600,¡∂»Ô,20171130,299500,300500,296000,296500,196,005,600000
918,A002600,¡∂»Ô,20171129,305000,305000,295500,300500,308,005,600000
919,A002600,¡∂»Ô,20171128,295500,303000,295500,301000,485,005,600000
920,A002600,¡∂»Ô,20171127,289500,308000,289500,296000,1128,005,600000
921,A002600,¡∂»Ô,20171124,286500,289000,283000,289000,601,005,600000
922,A002600,¡∂»Ô,20171123,280500,287000,280500,286500,180,005,600000
923,A002600,¡∂»Ô,20171122,284000,284500,280000,284000,432,005,600000
924,A002600,¡∂»Ô,20171121,288500,294000,282500,284000,1024,005,600000
925,A002600,¡∂»Ô,20171120,286500,299000,286500,292500,981,005,600000
926,A002600,¡∂»Ô,20171117,286000,286000,280000,283000,317,005,600000
927,A002600,¡∂»Ô,20171116,281000,287000,281000,286500,551,005,600000
928,A002600,¡∂»Ô,20171115,298000,298000,278500,281000,6108,005,600000
929,A002600,¡∂»Ô,20171114,323000,326500,318500,325000,512,005,600000
930,A002600,¡∂»Ô,20171113,310000,325000,305000,319000,1303,005,600000
931,A002600,¡∂»Ô,20171110,287500,305500,287500,305500,1090,005,600000
932,A002600,¡∂»Ô,20171109,284000,288500,284000,287500,95,005,600000
933,A002600,¡∂»Ô,20171108,280000,290000,280000,284500,580,005,600000
934,A002600,¡∂»Ô,20171107,284000,286000,280000,284500,200,005,600000
935,A002600,¡∂»Ô,20171106,279500,285000,276000,284000,356,005,600000
936,A002600,¡∂»Ô,20171103,286500,287000,276000,282000,275,005,600000
937,A002600,¡∂»Ô,20171102,288000,288000,282500,282500,89,005,600000
938,A002600,¡∂»Ô,20171101,283500,285000,280500,284500,215,005,600000
939,A002600,¡∂»Ô,20171031,284000,284000,277500,281000,106,005,600000
940,A002600,¡∂»Ô,20171030,289500,289500,281500,283000,243,005,600000
941,A002600,¡∂»Ô,20171027,284000,284000,280500,283000,94,005,600000
942,A002600,¡∂»Ô,20171026,286000,289000,276000,281500,132,005,600000
943,A002600,¡∂»Ô,20171025,286000,286000,275000,278500,181,005,600000
944,A002600,¡∂»Ô,20171024,277000,277000,273000,276000,63,005,600000
945,A002600,¡∂»Ô,20171023,279000,281000,270500,273000,298,005,600000
946,A002600,¡∂»Ô,20171020,282500,283500,279500,281500,120,005,600000
947,A002600,¡∂»Ô,20171019,292500,292500,279000,282500,336,005,600000
948,A002600,¡∂»Ô,20171018,280500,290000,280000,283000,1058,005,600000
949,A002600,¡∂»Ô,20171017,264000,279000,264000,277500,425,005,600000
950,A002600,¡∂»Ô,20171016,265500,293000,263000,263500,1459,005,600000
951,A002600,¡∂»Ô,20171013,253500,259000,251500,259000,205,005,600000
952,A002600,¡∂»Ô,20171012,255500,255500,249000,251000,404,005,600000
953,A002600,¡∂»Ô,20171011,252500,258000,252500,254000,198,005,600000
954,A002600,¡∂»Ô,20171010,249500,255000,249500,252500,213,005,600000
955,A002600,¡∂»Ô,20170929,249500,253000,248500,249500,218,005,600000
956,A002600,¡∂»Ô,20170928,249000,256000,248000,249500,287,005,600000
957,A002600,¡∂»Ô,20170927,251500,251500,247000,249000,201,005,600000
958,A002600,¡∂»Ô,20170926,248500,257000,245000,250000,342,005,600000
959,A002600,¡∂»Ô,20170925,250000,260000,250000,250500,331,005,600000
960,A002600,¡∂»Ô,20170922,269000,269000,256500,260000,213,005,600000
961,A002600,¡∂»Ô,20170921,269000,269000,266000,266000,215,005,600000
962,A002600,¡∂»Ô,20170920,270500,273000,265500,269500,303,005,600000
963,A002600,¡∂»Ô,20170919,272000,272000,270000,271500,90,005,600000
964,A002600,¡∂»Ô,20170918,269500,271500,266500,270000,74,005,600000
965,A002600,¡∂»Ô,20170915,266500,269000,265000,268500,46,005,600000
966,A002600,¡∂»Ô,20170914,266000,269000,262000,266500,583,005,600000
967,A002600,¡∂»Ô,20170913,271000,274000,263000,268000,487,005,600000
968,A002600,¡∂»Ô,20170912,267000,272000,267000,269500,216,005,600000
969,A002600,¡∂»Ô,20170911,276500,280000,265500,267000,1545,005,600000
970,A002600,¡∂»Ô,20170908,281000,281000,274000,280000,269,005,600000
971,A002600,¡∂»Ô,20170907,280000,283000,278500,281500,81,005,600000
972,A002600,¡∂»Ô,20170906,276500,280000,275000,280000,432,005,600000
973,A002600,¡∂»Ô,20170905,283000,293500,279500,279500,332,005,600000
974,A002600,¡∂»Ô,20170904,277500,284500,277500,283000,231,005,600000
975,A002600,¡∂»Ô,20170901,294500,294500,281000,288000,217,005,600000
976,A002600,¡∂»Ô,20170831,285500,285500,282500,285000,465,005,600000
977,A002600,¡∂»Ô,20170830,282000,283500,277500,283000,77,005,600000
978,A002600,¡∂»Ô,20170829,293000,293000,279000,280000,511,005,600000
979,A002600,¡∂»Ô,20170828,285000,287000,283500,286000,479,005,600000
980,A002600,¡∂»Ô,20170825,297500,297500,284000,286500,158,005,600000
981,A002600,¡∂»Ô,20170824,288500,289000,280000,283000,939,005,600000
982,A002600,¡∂»Ô,20170823,287000,291000,282000,282500,386,005,600000
983,A002600,¡∂»Ô,20170822,293000,293000,282000,287000,457,005,600000
984,A002600,¡∂»Ô,20170821,292000,293500,285500,293500,413,005,600000
985,A002600,¡∂»Ô,20170818,281000,297500,278500,295000,730,005,600000
986,A002600,¡∂»Ô,20170817,294000,294000,286000,286000,218,005,600000
987,A002600,¡∂»Ô,20170816,293000,298000,292000,293000,249,005,600000
988,A002600,¡∂»Ô,20170814,295500,303000,292500,297500,818,005,600000
989,A002600,¡∂»Ô,20170811,297000,297000,290000,295500,653,005,600000
990,A002600,¡∂»Ô,20170810,295000,296000,275000,294500,779,005,600000
991,A002600,¡∂»Ô,20170809,298500,299000,294000,294500,448,005,600000
992,A002600,¡∂»Ô,20170808,303000,304500,295000,303500,277,005,600000
993,A002600,¡∂»Ô,20170807,307000,307000,302500,302500,73,005,600000
994,A002600,¡∂»Ô,20170804,301500,304500,295000,304000,331,005,600000
995,A002600,¡∂»Ô,20170803,307500,307500,301500,304500,519,005,600000
996,A002600,¡∂»Ô,20170802,305500,308500,305000,308500,89,005,600000
997,A002600,¡∂»Ô,20170801,318000,318000,305000,308500,391,005,600000
998,A002600,¡∂»Ô,20170731,307000,307000,295000,304000,393,005,600000
999,A002600,¡∂»Ô,20170728,306500,320000,306500,310000,759,005,600000
1000,A002600,¡∂»Ô,20170727,298500,308000,297500,306500,375,005,600000
1001,A002600,¡∂»Ô,20170726,301500,302000,293000,297500,296,005,600000
1002,A002600,¡∂»Ô,20170725,303000,304000,296000,300500,772,005,600000
1003,A002600,¡∂»Ô,20170724,300000,308000,286000,295000,1389,005,600000
1004,A002600,¡∂»Ô,20170721,278000,288500,277000,282500,150,005,600000
1005,A002600,¡∂»Ô,20170720,282000,282500,277000,281500,99,005,600000
1006,A002600,¡∂»Ô,20170719,273500,281500,271500,281500,258,005,600000
1007,A002600,¡∂»Ô,20170718,272500,278000,272000,273500,241,005,600000
1008,A002600,¡∂»Ô,20170717,273000,275000,271000,272500,169,005,600000
1009,A002600,¡∂»Ô,20170714,292000,292000,270000,273500,994,005,600000
1010,A002600,¡∂»Ô,20170713,289000,295000,279000,284000,936,005,600000
1011,A002600,¡∂»Ô,20170712,277000,284000,273500,284000,306,005,600000
1012,A002600,¡∂»Ô,20170711,280000,281000,270000,277000,1453,005,600000
1013,A002600,¡∂»Ô,20170710,295000,295000,280000,281500,1095,005,600000
1014,A002600,¡∂»Ô,20170707,301000,306000,291000,295000,712,005,600000
1015,A002600,¡∂»Ô,20170706,304000,307500,300000,306000,126,005,600000
1016,A002600,¡∂»Ô,20170705,300000,304500,293000,304000,138,005,600000
1017,A002600,¡∂»Ô,20170704,301500,303000,299500,301000,277,005,600000
1018,A002600,¡∂»Ô,20170703,301000,306000,301000,302500,135,005,600000
1019,A002600,¡∂»Ô,20170630,298000,302500,298000,302000,158,005,600000
1020,A002600,¡∂»Ô,20170629,311000,311000,300500,300500,174,005,600000
1021,A002600,¡∂»Ô,20170628,306500,310500,304500,307500,156,005,600000
1022,A002600,¡∂»Ô,20170627,300500,310000,295000,308000,353,005,600000
1023,A002600,¡∂»Ô,20170626,301000,301000,290500,299000,278,005,600000
1024,A002600,¡∂»Ô,20170623,302000,305000,300500,301000,368,005,600000
1025,A002600,¡∂»Ô,20170622,306000,310000,301000,301000,387,005,600000
1026,A002600,¡∂»Ô,20170621,312000,315000,306000,310000,291,005,600000
1027,A002600,¡∂»Ô,20170620,323000,324000,306000,311000,1201,005,600000
1028,A002600,¡∂»Ô,20170619,330000,333000,324000,324000,482,005,600000
1029,A002600,¡∂»Ô,20170616,321500,333000,320000,327000,668,005,600000
1030,A002600,¡∂»Ô,20170615,330500,339500,330000,333000,1017,005,600000
1031,A002600,¡∂»Ô,20170614,329500,334500,317000,334500,2378,005,600000
1032,A002600,¡∂»Ô,20170613,308000,335000,304000,322000,2369,005,600000
1033,A002600,¡∂»Ô,20170612,327500,337000,296500,306000,5156,005,600000
1034,A002600,¡∂»Ô,20170609,344000,348000,326000,326000,3253,005,600000
1035,A002600,¡∂»Ô,20170608,348000,348500,340000,343000,791,005,600000
1036,A002600,¡∂»Ô,20170607,349000,355000,348500,348500,518,005,600000
1037,A002600,¡∂»Ô,20170605,346000,358000,336000,349000,935,005,600000
1038,A002600,¡∂»Ô,20170602,369500,400000,344500,345500,3520,005,600000
1039,A002600,¡∂»Ô,20170601,400000,400000,366000,367000,1965,005,600000
1040,A002600,¡∂»Ô,20170531,345500,430000,341500,430000,2455,005,600000
1041,A002600,¡∂»Ô,20170530,338500,345000,334500,341000,346,005,600000
1042,A002600,¡∂»Ô,20170529,342000,353500,335000,341000,1072,005,600000
1043,A002600,¡∂»Ô,20170526,313000,337000,313000,335000,1398,005,600000
1044,A002600,¡∂»Ô,20170525,302500,314500,300000,313000,1011,005,600000
1045,A002600,¡∂»Ô,20170524,314500,315000,301500,302000,589,005,600000
1046,A002600,¡∂»Ô,20170523,294000,320000,294000,313000,2014,005,600000
1047,A002600,¡∂»Ô,20170522,290000,296000,273500,289000,695,005,600000
1048,A002600,¡∂»Ô,20170519,285000,285000,279000,283500,273,005,600000
1049,A002600,¡∂»Ô,20170518,283000,283000,275500,281000,520,005,600000
1050,A002600,¡∂»Ô,20170517,285500,302000,271000,281500,3125,005,600000
1051,A002600,¡∂»Ô,20170516,285500,285500,269000,281000,2844,005,600000
1052,A002600,¡∂»Ô,20170515,234000,298500,234000,285500,5671,005,600000
1053,A002600,¡∂»Ô,20170512,240000,242000,238000,238500,89,005,600000
1054,A002600,¡∂»Ô,20170511,238500,239000,237000,237500,121,005,600000
1055,A002600,¡∂»Ô,20170510,233500,237500,233500,236500,155,005,600000
1056,A002600,¡∂»Ô,20170508,238000,238500,232500,237000,180,005,600000
1057,A002600,¡∂»Ô,20170504,240000,241000,235000,238000,275,005,600000
1058,A002600,¡∂»Ô,20170502,232500,238500,230000,236000,460,005,600000
1059,A002600,¡∂»Ô,20170428,219000,234500,218500,230000,1005,005,600000
1060,A002600,¡∂»Ô,20170427,216000,219000,216000,219000,315,005,600000
1061,A002600,¡∂»Ô,20170426,216000,218000,215000,217500,223,005,600000
1062,A002600,¡∂»Ô,20170425,215500,215500,213000,215500,75,005,600000
1063,A002600,¡∂»Ô,20170424,222000,222000,213000,215500,137,005,600000
1064,A002600,¡∂»Ô,20170421,216000,220500,214500,216000,120,005,600000
1065,A002600,¡∂»Ô,20170420,210000,216500,210000,216000,408,005,600000
1066,A002600,¡∂»Ô,20170419,218000,218000,210000,212500,1092,005,600000
1067,A002600,¡∂»Ô,20170418,224000,224000,217500,220000,195,005,600000
1068,A002600,¡∂»Ô,20170417,224500,224500,219500,220000,161,005,600000
1069,A002600,¡∂»Ô,20170414,219500,221000,217000,221000,576,005,600000
1070,A002600,¡∂»Ô,20170413,215500,218500,211500,216000,378,005,600000
1071,A002600,¡∂»Ô,20170412,220000,221500,212000,217000,192,005,600000
1072,A002600,¡∂»Ô,20170411,219500,222000,218000,222000,262,005,600000
1073,A002600,¡∂»Ô,20170410,219000,224500,215500,219500,570,005,600000
1074,A002600,¡∂»Ô,20170407,217000,221000,216000,219000,525,005,600000
1075,A002600,¡∂»Ô,20170406,222000,222000,206500,217000,2261,005,600000
1076,A002600,¡∂»Ô,20170405,223500,230000,217000,221000,1316,005,600000
1077,A002600,¡∂»Ô,20170404,238500,240000,224000,224500,1073,005,600000
1078,A002600,¡∂»Ô,20170403,255000,255000,234500,238500,714,005,600000
1079,A002600,¡∂»Ô,20170331,244000,250000,239000,243500,137,005,600000
1080,A002600,¡∂»Ô,20170330,248500,248500,242500,244000,165,005,600000
1081,A002600,¡∂»Ô,20170329,260000,260000,245000,248500,757,005,600000
1082,A002600,¡∂»Ô,20170328,256000,261000,256000,260000,176,005,600000
1083,A002600,¡∂»Ô,20170327,259000,262500,258000,261000,172,005,600000
1084,A002600,¡∂»Ô,20170324,265000,269500,256000,265000,569,005,600000
1085,A002600,¡∂»Ô,20170323,251500,265000,241000,265000,720,005,600000
1086,A002600,¡∂»Ô,20170322,262500,266000,243000,247000,1176,005,600000
1087,A002600,¡∂»Ô,20170321,262500,268500,262000,266000,324,005,600000
1088,A002600,¡∂»Ô,20170320,261500,270000,261500,269000,477,005,600000
1089,A002600,¡∂»Ô,20170317,273500,273500,258000,263000,1379,005,600000
1090,A002600,¡∂»Ô,20170316,287500,287500,271000,273500,1165,005,600000
1091,A002600,¡∂»Ô,20170315,289500,289500,283000,287500,635,005,600000
1092,A002600,¡∂»Ô,20170314,273000,289500,270000,289500,1110,005,600000
1093,A002600,¡∂»Ô,20170313,249500,269000,247500,268500,725,005,600000
1094,A002600,¡∂»Ô,20170310,240000,248000,238000,247500,384,005,600000
1095,A002600,¡∂»Ô,20170309,242000,243500,238500,242000,216,005,600000
1096,A002600,¡∂»Ô,20170308,245000,250000,240000,243000,491,005,600000
1097,A002600,¡∂»Ô,20170307,234500,245000,234500,242500,504,005,600000
1098,A002600,¡∂»Ô,20170306,240500,246000,234000,236000,723,005,600000
1099,A002600,¡∂»Ô,20170303,250500,250500,241500,245500,676,005,600000
1100,A002600,¡∂»Ô,20170302,235500,250000,230500,249000,2156,005,600000
1101,A002600,¡∂»Ô,20170228,220000,229000,215500,229000,580,005,600000
1102,A002600,¡∂»Ô,20170227,212500,219500,212500,217500,781,005,600000
1103,A002600,¡∂»Ô,20170224,210500,215500,210500,215500,205,005,600000
1104,A002600,¡∂»Ô,20170223,211000,217500,211000,213500,282,005,600000
1105,A002600,¡∂»Ô,20170222,218000,218000,208000,211000,233,005,600000
1106,A002600,¡∂»Ô,20170221,220000,222500,216000,216000,462,005,600000
1107,A002600,¡∂»Ô,20170220,221000,223000,215000,222500,655,005,600000
1108,A002600,¡∂»Ô,20170217,219000,224500,219000,222500,524,005,600000
1109,A002600,¡∂»Ô,20170216,215000,220000,210000,218500,605,005,600000
1110,A002600,¡∂»Ô,20170215,210000,213000,206000,213000,220,005,600000
1111,A002600,¡∂»Ô,20170214,214000,217500,205500,209000,591,005,600000
1112,A002600,¡∂»Ô,20170213,207000,220000,201000,214000,1232,005,600000
1113,A002600,¡∂»Ô,20170210,196500,210000,196500,206000,1605,005,600000
1114,A002600,¡∂»Ô,20170209,189000,196000,189000,195000,325,005,600000
1115,A002600,¡∂»Ô,20170208,189000,192500,186000,189000,245,005,600000
1116,A002600,¡∂»Ô,20170207,193000,193000,186000,189000,326,005,600000
1117,A002600,¡∂»Ô,20170206,187000,193000,187000,193000,358,005,600000
1118,A002600,¡∂»Ô,20170203,186000,188500,181000,186000,972,005,600000
1119,A002600,¡∂»Ô,20170202,186000,193000,183500,187000,222,005,600000
1120,A002600,¡∂»Ô,20170201,191000,191000,189500,190000,79,005,600000
1121,A002600,¡∂»Ô,20170131,186000,193500,185500,191500,423,005,600000
1122,A002600,¡∂»Ô,20170126,182000,190000,182000,190000,386,005,600000
1123,A002600,¡∂»Ô,20170125,183500,195000,181000,186500,631,005,600000
1124,A002600,¡∂»Ô,20170124,189500,193000,181000,184000,430,005,600000
1125,A002600,¡∂»Ô,20170123,181000,195000,180000,189000,3458,005,600000
1126,A002600,¡∂»Ô,20170120,176500,177000,175000,176500,82,005,600000
1127,A002600,¡∂»Ô,20170119,178000,178000,176500,177000,66,005,600000
1128,A002600,¡∂»Ô,20170118,179000,179500,175000,178000,28,005,600000
1129,A002600,¡∂»Ô,20170117,175000,178000,174500,175500,179,005,600000
1130,A002600,¡∂»Ô,20170116,178500,178500,176000,178000,132,005,600000
1131,A002600,¡∂»Ô,20170113,172500,178500,172500,178000,244,005,600000
1132,A002600,¡∂»Ô,20170112,182000,182000,177000,177000,23,005,600000
1133,A002600,¡∂»Ô,20170111,179000,179000,175000,178000,58,005,600000
1134,A002600,¡∂»Ô,20170110,178000,178000,176500,178000,12,005,600000
1135,A002600,¡∂»Ô,20170109,182000,182000,175500,179000,166,005,600000
1136,A002600,¡∂»Ô,20170106,174000,185000,174000,183000,307,005,600000
1137,A002600,¡∂»Ô,20170105,178000,178000,174000,178000,200,005,600000
1138,A002600,¡∂»Ô,20170104,181000,181000,178500,180500,320,005,600000
1139,A002600,¡∂»Ô,20170103,184500,184500,178500,181000,117,005,600000
1140,A002600,¡∂»Ô,20170102,183000,184000,180000,183000,197,005,600000
1141,A002600,¡∂»Ô,20161229,180500,183000,180500,183000,108,005,600000
1142,A002600,¡∂»Ô,20161228,177500,180000,176000,180000,287,005,600000
1143,A002600,¡∂»Ô,20161227,179500,180500,175000,180000,199,005,600000
1144,A002600,¡∂»Ô,20161226,172000,184000,172000,180500,604,005,600000
1145,A002600,¡∂»Ô,20161223,171000,178000,171000,177000,175,005,600000
1146,A002600,¡∂»Ô,20161222,167500,200000,167500,175000,2529,005,600000
1147,A002600,¡∂»Ô,20161221,167500,169500,167000,169000,216,005,600000
1148,A002600,¡∂»Ô,20161220,167500,168000,166000,167000,183,005,600000
1149,A002600,¡∂»Ô,20161219,166500,168000,166000,167500,29,005,600000
1150,A002600,¡∂»Ô,20161216,166000,169500,165000,166500,243,005,600000
1151,A002600,¡∂»Ô,20161215,168000,168000,165500,166000,27,005,600000
1152,A002600,¡∂»Ô,20161214,168000,168000,164000,164500,179,005,600000
1153,A002600,¡∂»Ô,20161213,164000,168000,164000,165000,141,005,600000
1154,A002600,¡∂»Ô,20161212,165000,165000,164000,164000,40,005,600000
1155,A002600,¡∂»Ô,20161209,161000,165500,161000,165500,82,005,600000
1156,A002600,¡∂»Ô,20161208,162000,164500,162000,164500,22,005,600000
1157,A002600,¡∂»Ô,20161207,165500,166500,159000,165000,200,005,600000
1158,A002600,¡∂»Ô,20161206,166000,166000,160500,165500,22,005,600000
1159,A002600,¡∂»Ô,20161205,162500,162500,161500,162500,53,005,600000
1160,A002600,¡∂»Ô,20161202,165000,165000,160000,162500,100,005,600000
1161,A002600,¡∂»Ô,20161201,162500,165000,159000,162000,278,005,600000
1162,A002600,¡∂»Ô,20161130,165000,165500,162500,165000,29,005,600000
1163,A002600,¡∂»Ô,20161129,166500,166500,164000,165000,25,005,600000
1164,A002600,¡∂»Ô,20161128,164500,165000,160000,165000,155,005,600000
1165,A002600,¡∂»Ô,20161125,157000,163500,154000,163500,178,005,600000
1166,A002600,¡∂»Ô,20161124,160000,161500,155000,157000,566,005,600000
1167,A002600,¡∂»Ô,20161123,164000,164000,155500,162500,400,005,600000
1168,A002600,¡∂»Ô,20161122,164000,164500,156500,164000,455,005,600000
1169,A002600,¡∂»Ô,20161121,168500,168500,163500,163500,178,005,600000
1170,A002600,¡∂»Ô,20161118,173000,173000,167000,168500,312,005,600000
1171,A002600,¡∂»Ô,20161117,167000,172000,166000,171000,413,005,600000
1172,A002600,¡∂»Ô,20161116,165000,167000,165000,167000,412,005,600000
1173,A002600,¡∂»Ô,20161115,164000,165000,162000,165000,630,005,600000
1174,A002600,¡∂»Ô,20161114,153500,164500,153000,164000,1013,005,600000
1175,A002600,¡∂»Ô,20161111,153500,154000,150000,153500,98,005,600000
1176,A002600,¡∂»Ô,20161110,154500,154500,150000,154000,218,005,600000
1177,A002600,¡∂»Ô,20161109,155000,156000,148000,154500,519,005,600000
1178,A002600,¡∂»Ô,20161108,154500,158000,154500,157000,31,005,600000
1179,A002600,¡∂»Ô,20161107,152000,158000,152000,158000,39,005,600000
1180,A002600,¡∂»Ô,20161104,155500,157000,155500,156000,27,005,600000
1181,A002600,¡∂»Ô,20161103,154000,158000,154000,155500,159,005,600000
1182,A002600,¡∂»Ô,20161102,154500,155500,153500,155500,70,005,600000
1183,A002600,¡∂»Ô,20161101,155500,157500,154500,157000,23,005,600000
1184,A002600,¡∂»Ô,20161031,155000,160500,154000,155500,15,005,600000
1185,A002600,¡∂»Ô,20161028,157500,159000,154000,157000,20,005,600000
1186,A002600,¡∂»Ô,20161027,152500,158500,150500,157500,68,005,600000
1187,A002600,¡∂»Ô,20161026,153000,153000,148000,151500,364,005,600000
1188,A002600,¡∂»Ô,20161025,155500,155500,150000,153500,275,005,600000
1189,A002600,¡∂»Ô,20161024,156000,156500,154000,155500,155,005,600000
1190,A002600,¡∂»Ô,20161021,156000,157000,153500,156000,76,005,600000
1191,A002600,¡∂»Ô,20161020,158000,158500,154000,155500,1605,005,600000
1192,A002600,¡∂»Ô,20161019,158500,161500,158500,161000,258,005,600000
1193,A002600,¡∂»Ô,20161018,159500,161500,157500,161500,199,005,600000
1194,A002600,¡∂»Ô,20161017,162000,162000,158500,161500,146,005,600000
1195,A002600,¡∂»Ô,20161014,159500,161000,159500,161000,94,005,600000
1196,A002600,¡∂»Ô,20161013,160000,161000,158000,161000,287,005,600000
1197,A002600,¡∂»Ô,20161012,158000,160000,158000,160000,258,005,600000
1198,A002600,¡∂»Ô,20161011,160000,163000,158000,159500,270,005,600000
1199,A002600,¡∂»Ô,20161010,160000,160500,159000,160000,146,005,600000
1200,A002600,¡∂»Ô,20161007,162500,163500,160000,161000,273,005,600000
1201,A002600,¡∂»Ô,20161006,165500,167000,162000,163500,197,005,600000
1202,A002600,¡∂»Ô,20161005,167000,169500,164000,167500,129,005,600000
1203,A002600,¡∂»Ô,20161004,170000,170000,165000,167000,175,005,600000
1204,A002600,¡∂»Ô,20160930,173000,173000,170000,171000,206,005,600000
1205,A002600,¡∂»Ô,20160929,168000,173500,168000,170000,541,005,600000
1206,A002600,¡∂»Ô,20160928,167000,169000,163500,168000,96,005,600000
1207,A002600,¡∂»Ô,20160927,170000,170000,166000,167000,154,005,600000
1208,A002600,¡∂»Ô,20160926,165500,169000,163000,169000,279,005,600000
1209,A002600,¡∂»Ô,20160923,167000,169500,167000,169500,20,005,600000
1210,A002600,¡∂»Ô,20160922,167000,172000,167000,169000,252,005,600000
1211,A002600,¡∂»Ô,20160921,166500,168000,164000,166000,188,005,600000
1212,A002600,¡∂»Ô,20160920,165500,166500,164000,166000,225,005,600000
1213,A002600,¡∂»Ô,20160919,167000,168000,163500,165500,267,005,600000
1214,A002600,¡∂»Ô,20160913,157500,169500,156500,165500,447,005,600000
1215,A002600,¡∂»Ô,20160912,153500,159000,153500,157500,270,005,600000
1216,A002600,¡∂»Ô,20160909,158000,158000,154000,157500,493,005,600000
1217,A002600,¡∂»Ô,20160908,158000,158000,153500,158000,407,005,600000
1218,A002600,¡∂»Ô,20160907,157000,159500,154000,157500,194,005,600000
1219,A002600,¡∂»Ô,20160906,156500,157000,155500,157000,127,005,600000
1220,A002600,¡∂»Ô,20160905,154500,157000,154500,156500,139,005,600000
1221,A002600,¡∂»Ô,20160902,156000,156000,154000,154500,37,005,600000
1222,A002600,¡∂»Ô,20160901,155500,156500,154000,156000,325,005,600000
1223,A002600,¡∂»Ô,20160831,155500,155500,150000,155000,357,005,600000
1224,A002600,¡∂»Ô,20160830,155500,155500,153000,155000,254,005,600000
1225,A002600,¡∂»Ô,20160829,152000,155000,150000,152500,672,005,600000
1226,A002600,¡∂»Ô,20160826,162000,162000,146000,150500,4352,005,600000
1227,A002600,¡∂»Ô,20160825,170000,172000,158500,159000,2554,005,600000
1228,A002600,¡∂»Ô,20160824,177000,177000,169000,169500,699,005,600000
1229,A002600,¡∂»Ô,20160823,176500,178000,176500,177000,14,005,600000
1230,A002600,¡∂»Ô,20160822,178500,181500,177500,177500,40,005,600000
1231,A002600,¡∂»Ô,20160819,184000,184500,177000,181000,207,005,600000
1232,A002600,¡∂»Ô,20160818,177000,185000,177000,183500,325,005,600000
1233,A002600,¡∂»Ô,20160817,178000,184500,177000,177000,243,005,600000
1234,A002600,¡∂»Ô,20160816,176500,178000,176000,178000,91,005,600000
1235,A002600,¡∂»Ô,20160812,179000,184000,176500,176500,912,005,600000
1236,A002600,¡∂»Ô,20160811,185000,185000,181000,181000,104,005,600000
1237,A002600,¡∂»Ô,20160810,188000,188000,182500,183500,89,005,600000
1238,A002600,¡∂»Ô,20160809,184000,187000,179000,185000,166,005,600000
1239,A002600,¡∂»Ô,20160808,190000,190000,183500,184000,243,005,600000
1240,A002600,¡∂»Ô,20160805,196000,196000,190000,190000,117,005,600000
1241,A002600,¡∂»Ô,20160804,194000,203000,193500,195000,575,005,600000
1242,A002600,¡∂»Ô,20160803,197500,200500,189500,194000,370,005,600000
1243,A002600,¡∂»Ô,20160802,190000,193500,188000,193500,149,005,600000
1244,A002600,¡∂»Ô,20160801,193000,198500,191000,191500,639,005,600000
1245,A002600,¡∂»Ô,20160729,180000,197000,179500,191000,1218,005,600000
1246,A002600,¡∂»Ô,20160728,178500,179500,177000,179500,189,005,600000
1247,A002600,¡∂»Ô,20160727,177000,179000,176000,176000,73,005,600000
1248,A002600,¡∂»Ô,20160726,176500,177500,175000,177500,50,005,600000
1249,A002600,¡∂»Ô,20160725,177000,178000,174000,176500,70,005,600000
1250,A002600,¡∂»Ô,20160722,172000,175000,171000,175000,43,005,600000
1251,A002600,¡∂»Ô,20160721,174000,177500,170000,171500,499,005,600000
1252,A002600,¡∂»Ô,20160720,176000,178500,171000,174000,323,005,600000
1253,A002600,¡∂»Ô,20160719,173000,179000,173000,176500,45,005,600000
1254,A002600,¡∂»Ô,20160718,172000,178000,170000,173000,293,005,600000
1255,A002600,¡∂»Ô,20160715,180000,180000,172500,174000,155,005,600000
1256,A002600,¡∂»Ô,20160714,172000,174000,171500,174000,280,005,600000
1257,A002600,¡∂»Ô,20160713,176000,179000,173000,173500,198,005,600000
1258,A002600,¡∂»Ô,20160712,177500,180000,176000,176000,433,005,600000
1259,A002600,¡∂»Ô,20160711,172500,178000,171000,176500,906,005,600000
1260,A002600,¡∂»Ô,20160708,169500,169500,166500,169000,165,005,600000
1261,A002600,¡∂»Ô,20160707,171000,171000,166000,166000,146,005,600000
1262,A002600,¡∂»Ô,20160706,168000,168000,165000,167000,89,005,600000
1263,A002600,¡∂»Ô,20160705,168000,169000,166000,168000,49,005,600000
1264,A002600,¡∂»Ô,20160704,169500,169500,163500,168000,360,005,600000
1265,A002600,¡∂»Ô,20160701,167000,169000,164500,168000,221,005,600000
1266,A002600,¡∂»Ô,20160630,183000,183000,166500,166500,29,005,600000
1267,A002600,¡∂»Ô,20160629,166000,172500,163000,166500,86,005,600000
1268,A002600,¡∂»Ô,20160628,159500,166000,159500,166000,137,005,600000
1269,A002600,¡∂»Ô,20160627,152000,164500,152000,164500,344,005,600000
1270,A002600,¡∂»Ô,20160624,171000,175000,162000,163000,365,005,600000
1271,A002600,¡∂»Ô,20160623,170500,170500,170500,170500,21,005,600000
1272,A002600,¡∂»Ô,20160622,170500,180000,170500,173500,128,005,600000
1273,A002600,¡∂»Ô,20160621,173500,174000,170000,170000,17,005,600000
1274,A002600,¡∂»Ô,20160620,170000,170000,170000,170000,2,005,600000
1275,A002600,¡∂»Ô,20160617,174500,178500,166500,169000,250,005,600000
1276,A002600,¡∂»Ô,20160616,171000,181000,171000,174500,220,005,600000
1277,A002600,¡∂»Ô,20160615,171000,175000,171000,173000,45,005,600000
1278,A002600,¡∂»Ô,20160614,171000,172500,168500,171000,143,005,600000
1279,A002600,¡∂»Ô,20160613,178000,178000,166500,170500,671,005,600000
1280,A002600,¡∂»Ô,20160610,177000,180500,174000,175000,199,005,600000
1281,A002600,¡∂»Ô,20160609,188500,188500,177500,178500,252,005,600000
1282,A002600,¡∂»Ô,20160608,185000,185000,179000,179500,209,005,600000
1283,A002600,¡∂»Ô,20160607,183000,190000,182000,182000,350,005,600000
1284,A002600,¡∂»Ô,20160603,181000,182000,176500,182000,87,005,600000
1285,A002600,¡∂»Ô,20160602,182000,183000,177500,181000,54,005,600000
1286,A002600,¡∂»Ô,20160601,178000,181000,175500,181000,135,005,600000
1287,A002600,¡∂»Ô,20160531,179500,179500,175000,179000,101,005,600000
1288,A002600,¡∂»Ô,20160530,181000,181000,176000,178000,83,005,600000
1289,A002600,¡∂»Ô,20160527,183000,185000,180000,181000,340,005,600000
1290,A002600,¡∂»Ô,20160526,187000,187500,173000,180500,1027,005,600000
1291,A002600,¡∂»Ô,20160525,194500,194500,185500,185500,582,005,600000
1292,A002600,¡∂»Ô,20160524,206000,220000,187500,187500,2004,005,600000
1293,A002600,¡∂»Ô,20160523,179000,212000,168000,205000,4382,005,600000
1294,A002600,¡∂»Ô,20160520,175000,181000,169000,179000,1174,005,600000
1295,A002600,¡∂»Ô,20160519,180000,180000,170500,175000,338,005,600000
1296,A002600,¡∂»Ô,20160518,186000,189500,171500,172000,773,005,600000
1297,A002600,¡∂»Ô,20160517,172000,201000,166000,183500,5876,005,600000
1298,A002600,¡∂»Ô,20160516,165000,180500,163000,169000,2486,005,600000
1299,A002600,¡∂»Ô,20160513,157500,159000,156500,158000,340,005,600000
1300,A002600,¡∂»Ô,20160512,156000,157000,156000,156500,71,005,600000
1301,A002600,¡∂»Ô,20160511,154000,156000,154000,155500,40,005,600000
1302,A002600,¡∂»Ô,20160510,153000,155500,152500,155000,662,005,600000
1303,A002600,¡∂»Ô,20160509,154000,161000,153000,153000,169,005,600000
1304,A002600,¡∂»Ô,20160504,154000,154000,151000,154000,71,005,600000
1305,A002600,¡∂»Ô,20160503,153000,154000,152000,154000,147,005,600000
1306,A002600,¡∂»Ô,20160502,152500,155500,152000,155000,70,005,600000
1307,A002600,¡∂»Ô,20160429,157500,158000,152500,152500,248,005,600000
1308,A002600,¡∂»Ô,20160428,158000,158000,153000,157500,481,005,600000
1309,A002600,¡∂»Ô,20160427,159000,159500,155000,155500,166,005,600000
1310,A002600,¡∂»Ô,20160426,160500,160500,157500,158000,143,005,600000
1311,A002600,¡∂»Ô,20160425,154500,161000,154500,160500,113,005,600000
1312,A002600,¡∂»Ô,20160422,161000,161000,160000,160500,15,005,600000
1313,A002600,¡∂»Ô,20160421,161000,161500,159500,161500,146,005,600000
1314,A002600,¡∂»Ô,20160420,160000,161500,158500,161000,23,005,600000
1315,A002600,¡∂»Ô,20160419,156500,163000,156500,160000,190,005,600000
1316,A002600,¡∂»Ô,20160418,161000,161500,159000,159000,145,005,600000
1317,A002600,¡∂»Ô,20160415,162000,164500,159500,159500,89,005,600000
1318,A002600,¡∂»Ô,20160414,162000,162000,158500,161500,156,005,600000
1319,A002600,¡∂»Ô,20160412,160500,162000,158500,162000,218,005,600000
1320,A002600,¡∂»Ô,20160411,164000,164000,160000,160000,360,005,600000
1321,A002600,¡∂»Ô,20160408,159000,162500,155500,162000,205,005,600000
1322,A002600,¡∂»Ô,20160407,159000,161000,157000,157500,186,005,600000
1323,A002600,¡∂»Ô,20160406,159500,164000,158500,159000,222,005,600000
1324,A002600,¡∂»Ô,20160405,157000,164500,157000,159500,305,005,600000
1325,A002600,¡∂»Ô,20160404,156500,157000,151000,157000,5157,005,600000
1326,A002600,¡∂»Ô,20160401,159500,160000,156000,156500,84,005,600000
1327,A002600,¡∂»Ô,20160331,157000,159500,154500,156500,49,005,600000
1328,A002600,¡∂»Ô,20160330,154500,160000,154500,157000,110,005,600000
1329,A002600,¡∂»Ô,20160329,151500,159000,151500,157500,75,005,600000
1330,A002600,¡∂»Ô,20160328,153000,157000,152500,154500,135,005,600000
1331,A002600,¡∂»Ô,20160325,153500,157500,152000,157500,343,005,600000
1332,A002600,¡∂»Ô,20160324,159000,159500,152000,153500,236,005,600000
1333,A002600,¡∂»Ô,20160323,150500,161000,149000,154500,360,005,600000
1334,A002600,¡∂»Ô,20160322,148500,151500,148000,150500,81,005,600000
1335,A002600,¡∂»Ô,20160321,147500,150500,146500,148500,91,005,600000
1336,A002600,¡∂»Ô,20160318,149000,151500,146500,146500,83,005,600000
1337,A002600,¡∂»Ô,20160317,146000,148000,145500,147000,58,005,600000
1338,A002600,¡∂»Ô,20160316,145500,148000,145000,147500,199,005,600000
1339,A002600,¡∂»Ô,20160315,147000,147000,145500,146000,65,005,600000
1340,A002600,¡∂»Ô,20160314,147000,147000,144000,145500,101,005,600000
1341,A002600,¡∂»Ô,20160311,146000,146500,144500,146500,20,005,600000
1342,A002600,¡∂»Ô,20160310,146000,146000,144500,146000,55,005,600000
1343,A002600,¡∂»Ô,20160309,145000,148000,144500,147000,90,005,600000
1344,A002600,¡∂»Ô,20160308,142500,148500,142000,148500,50,005,600000
1345,A002600,¡∂»Ô,20160307,145000,145000,144500,144500,12,005,600000
1346,A002600,¡∂»Ô,20160304,147500,154500,144500,144500,96,005,600000
1347,A002600,¡∂»Ô,20160303,147000,147500,144500,147500,45,005,600000
1348,A002600,¡∂»Ô,20160302,145500,147500,145500,147500,10,005,600000
1349,A002600,¡∂»Ô,20160229,147000,147500,145000,145000,18,005,600000
1350,A002600,¡∂»Ô,20160226,147000,147000,145000,146500,62,005,600000
1351,A002600,¡∂»Ô,20160225,144000,150000,144000,147000,195,005,600000
1352,A002600,¡∂»Ô,20160224,144000,145000,143000,145000,106,005,600000
1353,A002600,¡∂»Ô,20160223,153500,153500,145000,147500,35,005,600000
1354,A002600,¡∂»Ô,20160222,153500,153500,144000,147500,33,005,600000
1355,A002600,¡∂»Ô,20160219,147000,147000,144000,145500,38,005,600000
1356,A002600,¡∂»Ô,20160218,142000,149000,142000,146500,88,005,600000
1357,A002600,¡∂»Ô,20160217,148000,148000,144000,145500,32,005,600000
1358,A002600,¡∂»Ô,20160216,147500,151000,141500,148500,272,005,600000
1359,A002600,¡∂»Ô,20160215,143000,146500,143000,144500,109,005,600000
1360,A002600,¡∂»Ô,20160212,147000,147000,140000,142500,356,005,600000
1361,A002600,¡∂»Ô,20160211,154000,154000,147500,149500,49,005,600000
1362,A002600,¡∂»Ô,20160205,157500,157500,153000,154500,105,005,600000
1363,A002600,¡∂»Ô,20160204,161500,162000,157500,157500,62,005,600000
1364,A002600,¡∂»Ô,20160203,163500,163500,161000,161000,169,005,600000
1365,A002600,¡∂»Ô,20160202,162000,162000,158000,159500,55,005,600000
1366,A002600,¡∂»Ô,20160201,162500,164500,159500,162000,34,005,600000
1367,A002600,¡∂»Ô,20160129,161500,166000,160000,162000,85,005,600000
1368,A002600,¡∂»Ô,20160128,158000,161500,154500,161000,743,005,600000
1369,A002600,¡∂»Ô,20160127,158000,158000,153500,155500,129,005,600000
1370,A002600,¡∂»Ô,20160126,156000,156500,153000,156000,72,005,600000
1371,A002600,¡∂»Ô,20160125,157500,157500,153500,155500,63,005,600000
1372,A002600,¡∂»Ô,20160122,145500,158000,145500,155500,180,005,600000
1373,A002600,¡∂»Ô,20160121,146000,152000,144000,145000,134,005,600000
1374,A002600,¡∂»Ô,20160120,155000,155000,147000,148000,123,005,600000
1375,A002600,¡∂»Ô,20160119,153500,155500,152000,155500,37,005,600000
1376,A002600,¡∂»Ô,20160118,154500,157000,152500,155500,38,005,600000
1377,A002600,¡∂»Ô,20160115,155500,156000,151500,155500,57,005,600000
1378,A002600,¡∂»Ô,20160114,155500,155500,151000,152000,109,005,600000
1379,A002600,¡∂»Ô,20160113,154500,156000,152500,156000,94,005,600000
1380,A002600,¡∂»Ô,20160112,155000,158000,155000,155000,137,005,600000
1381,A002600,¡∂»Ô,20160111,154500,156000,153500,156000,299,005,600000
1382,A002600,¡∂»Ô,20160108,156000,158000,152000,158000,205,005,600000
1383,A002600,¡∂»Ô,20160107,158000,160500,156500,158000,74,005,600000
1384,A002600,¡∂»Ô,20160106,160000,160000,154500,158000,70,005,600000
1385,A002600,¡∂»Ô,20160105,160000,160000,154000,160000,362,005,600000
1386,A002600,¡∂»Ô,20160104,163000,170000,156500,160000,325,005,600000
