,а╬╦Ядз╣Е,а╬╦Я╦М,Ё╞б╔,╫ц╟║,╟М╟║,юЗ╟║,а╬╟║,╟е╥║╥╝,аУ╠гюЭ╩Й╬Ва╬дз╣Е,╧ъгЮаж╫д╪Ж
0,A039420,диюл©╓Ёщ,20210823,3930,4060,3920,4060,158153,351,24154000
1,A039420,диюл©╓Ёщ,20210820,4125,4175,3905,3930,502237,351,24154000
2,A039420,диюл©╓Ёщ,20210819,4155,4285,4085,4125,351193,351,24154000
3,A039420,диюл©╓Ёщ,20210818,4110,4300,4105,4260,387833,351,24154000
4,A039420,диюл©╓Ёщ,20210817,4345,4385,4110,4135,574323,351,24154000
5,A039420,диюл©╓Ёщ,20210813,4510,4510,4260,4385,663802,351,24154000
6,A039420,диюл©╓Ёщ,20210812,4515,4605,4480,4515,232822,351,24154000
7,A039420,диюл©╓Ёщ,20210811,4590,4610,4455,4560,339799,351,24154000
8,A039420,диюл©╓Ёщ,20210810,4615,4675,4545,4590,339831,351,24154000
9,A039420,диюл©╓Ёщ,20210809,4765,4765,4630,4640,246035,351,24154000
10,A039420,диюл©╓Ёщ,20210806,4790,4815,4670,4765,312014,351,24154000
11,A039420,диюл©╓Ёщ,20210805,4765,4820,4725,4780,340774,351,24154000
12,A039420,диюл©╓Ёщ,20210804,4605,4800,4520,4750,719569,351,24154000
13,A039420,диюл©╓Ёщ,20210803,4740,4750,4545,4600,536782,351,24154000
14,A039420,диюл©╓Ёщ,20210802,4795,4795,4635,4705,451560,351,24154000
15,A039420,диюл©╓Ёщ,20210730,4855,4915,4735,4745,552834,351,24154000
16,A039420,диюл©╓Ёщ,20210729,5040,5080,4780,4855,1094029,351,24154000
17,A039420,диюл©╓Ёщ,20210728,5060,5150,5020,5030,763756,351,24154000
18,A039420,диюл©╓Ёщ,20210727,4935,5270,4935,5180,4267851,351,24154000
19,A039420,диюл©╓Ёщ,20210726,5070,5070,4895,4955,469300,351,24154000
20,A039420,диюл©╓Ёщ,20210723,4935,5040,4905,5030,518805,351,24154000
21,A039420,диюл©╓Ёщ,20210722,4870,4965,4845,4935,435818,351,24154000
22,A039420,диюл©╓Ёщ,20210721,4985,5050,4855,4860,500339,351,24154000
23,A039420,диюл©╓Ёщ,20210720,4990,5090,4910,4985,665850,351,24154000
24,A039420,диюл©╓Ёщ,20210719,4980,5180,4900,5120,1635519,351,24154000
25,A039420,диюл©╓Ёщ,20210716,5020,5080,4890,4960,856210,351,24154000
26,A039420,диюл©╓Ёщ,20210715,5110,5200,5030,5030,1080363,351,24154000
27,A039420,диюл©╓Ёщ,20210714,5100,5200,5060,5120,1293314,351,24154000
28,A039420,диюл©╓Ёщ,20210713,5330,5430,5020,5140,3976620,351,24154000
29,A039420,диюл©╓Ёщ,20210712,5370,5470,5210,5230,4519029,351,24154000
30,A039420,диюл©╓Ёщ,20210709,5500,5570,5260,5390,6345945,351,24154000
31,A039420,диюл©╓Ёщ,20210708,4840,5910,4780,5590,59220873,351,24154000
32,A039420,диюл©╓Ёщ,20210707,5290,5450,4670,4740,13426169,351,24154000
33,A039420,диюл©╓Ёщ,20210706,4360,4575,4350,4575,1995139,351,24154000
34,A039420,диюл©╓Ёщ,20210705,4485,4485,4350,4350,517529,351,24154000
35,A039420,диюл©╓Ёщ,20210702,4550,4580,4435,4440,844800,351,24154000
36,A039420,диюл©╓Ёщ,20210701,4575,4800,4430,4545,5017123,351,24154000
37,A039420,диюл©╓Ёщ,20210630,4485,4575,4420,4490,1286530,351,24154000
38,A039420,диюл©╓Ёщ,20210629,4365,4780,4360,4515,10787080,351,24154000
39,A039420,диюл©╓Ёщ,20210628,4325,4390,4290,4335,450135,351,24154000
40,A039420,диюл©╓Ёщ,20210625,4445,4470,4325,4325,696528,351,24154000
41,A039420,диюл©╓Ёщ,20210624,4365,4480,4320,4370,958053,351,24154000
42,A039420,диюл©╓Ёщ,20210623,4500,4505,4335,4365,1143345,351,24154000
43,A039420,диюл©╓Ёщ,20210622,4475,4650,4475,4515,1797410,351,24154000
44,A039420,диюл©╓Ёщ,20210621,4720,4725,4475,4555,2669414,351,24154000
45,A039420,диюл©╓Ёщ,20210618,4715,4825,4640,4750,5434558,351,24154000
46,A039420,диюл©╓Ёщ,20210617,4055,5280,4025,4800,32753604,351,24154000
47,A039420,диюл©╓Ёщ,20210616,4420,4590,4065,4065,3875418,351,24154000
48,A039420,диюл©╓Ёщ,20210615,4070,4160,3960,4145,979052,351,24154000
49,A039420,диюл©╓Ёщ,20210614,4030,4170,4010,4040,1145403,351,24154000
50,A039420,диюл©╓Ёщ,20210611,3950,4030,3900,4000,549729,351,24154000
51,A039420,диюл©╓Ёщ,20210610,4005,4065,3870,3950,751134,351,24154000
52,A039420,диюл©╓Ёщ,20210609,4055,4100,3955,4005,732035,351,24154000
53,A039420,диюл©╓Ёщ,20210608,3950,4135,3920,4050,2338712,351,24154000
54,A039420,диюл©╓Ёщ,20210607,3920,4045,3885,3950,1839494,351,24154000
55,A039420,диюл©╓Ёщ,20210604,3750,4420,3735,3920,12556986,351,24154000
56,A039420,диюл©╓Ёщ,20210603,3790,3795,3735,3750,335421,351,24154000
57,A039420,диюл©╓Ёщ,20210602,3775,3785,3715,3765,425818,351,24154000
58,A039420,диюл©╓Ёщ,20210601,3660,3805,3620,3775,959103,351,24154000
59,A039420,диюл©╓Ёщ,20210531,3605,3675,3600,3655,246065,351,24154000
60,A039420,диюл©╓Ёщ,20210528,3725,3725,3590,3605,417448,351,24154000
61,A039420,диюл©╓Ёщ,20210527,3585,3730,3545,3715,818210,351,24154000
62,A039420,диюл©╓Ёщ,20210526,3490,3610,3485,3585,462776,351,24154000
63,A039420,диюл©╓Ёщ,20210525,3415,3490,3415,3475,112829,351,24154000
64,A039420,диюл©╓Ёщ,20210524,3525,3535,3415,3415,141975,351,24154000
65,A039420,диюл©╓Ёщ,20210521,3580,3585,3500,3510,189397,351,24154000
66,A039420,диюл©╓Ёщ,20210520,3470,3550,3455,3545,270741,351,24154000
67,A039420,диюл©╓Ёщ,20210518,3450,3485,3445,3470,171204,351,24154000
68,A039420,диюл©╓Ёщ,20210517,3420,3495,3410,3440,254091,351,24154000
69,A039420,диюл©╓Ёщ,20210514,3385,3425,3380,3410,125730,351,24154000
70,A039420,диюл©╓Ёщ,20210513,3385,3445,3335,3400,194866,351,24154000
71,A039420,диюл©╓Ёщ,20210512,3490,3500,3400,3450,196798,351,24154000
72,A039420,диюл©╓Ёщ,20210511,3530,3530,3470,3490,210169,351,24154000
73,A039420,диюл©╓Ёщ,20210510,3505,3560,3500,3550,178191,351,24154000
74,A039420,диюл©╓Ёщ,20210507,3440,3495,3370,3495,230771,351,24154000
75,A039420,диюл©╓Ёщ,20210506,3430,3485,3370,3440,176647,351,24154000
76,A039420,диюл©╓Ёщ,20210504,3440,3520,3360,3430,243063,351,24154000
77,A039420,диюл©╓Ёщ,20210503,3435,3535,3400,3440,226939,351,24154000
78,A039420,диюл©╓Ёщ,20210430,3470,3530,3400,3435,285570,351,24154000
79,A039420,диюл©╓Ёщ,20210429,3490,3585,3390,3500,499876,351,24154000
80,A039420,диюл©╓Ёщ,20210428,3585,3595,3450,3465,316707,351,24154000
81,A039420,диюл©╓Ёщ,20210427,3585,3625,3560,3595,305069,351,24154000
82,A039420,диюл©╓Ёщ,20210426,3665,3690,3610,3610,243162,351,24154000
83,A039420,диюл©╓Ёщ,20210423,3690,3730,3645,3670,323000,351,24154000
84,A039420,диюл©╓Ёщ,20210422,3645,3900,3640,3730,1563062,351,24154000
85,A039420,диюл©╓Ёщ,20210421,3690,3745,3600,3640,465223,351,24154000
86,A039420,диюл©╓Ёщ,20210420,3670,3755,3670,3725,341567,351,24154000
87,A039420,диюл©╓Ёщ,20210419,3775,3785,3695,3705,463111,351,24154000
88,A039420,диюл©╓Ёщ,20210416,3765,3780,3705,3775,571007,351,24154000
89,A039420,диюл©╓Ёщ,20210415,3720,3765,3660,3760,464651,351,24154000
90,A039420,диюл©╓Ёщ,20210414,3710,3750,3660,3720,471824,351,24154000
91,A039420,диюл©╓Ёщ,20210413,3750,3805,3640,3660,788768,351,24154000
92,A039420,диюл©╓Ёщ,20210412,3660,3785,3655,3705,1299230,351,24154000
93,A039420,диюл©╓Ёщ,20210409,3575,3655,3555,3650,530442,351,24154000
94,A039420,диюл©╓Ёщ,20210408,3575,3600,3525,3565,497397,351,24154000
95,A039420,диюл©╓Ёщ,20210407,3615,3715,3585,3590,705263,351,24154000
96,A039420,диюл©╓Ёщ,20210406,3565,3625,3530,3620,550151,351,24154000
97,A039420,диюл©╓Ёщ,20210405,3625,3630,3535,3565,401553,351,24154000
98,A039420,диюл©╓Ёщ,20210402,3560,3720,3560,3625,882989,351,24154000
99,A039420,диюл©╓Ёщ,20210401,3650,3650,3515,3550,569780,351,24154000
100,A039420,диюл©╓Ёщ,20210331,3615,3735,3575,3575,1175006,351,24154000
101,A039420,диюл©╓Ёщ,20210330,3670,3680,3510,3580,1194393,351,24154000
102,A039420,диюл©╓Ёщ,20210329,4105,4225,3640,3640,9696089,351,24154000
103,A039420,диюл©╓Ёщ,20210326,3470,3640,3415,3615,1293536,351,24154000
104,A039420,диюл©╓Ёщ,20210325,3405,3490,3370,3460,319050,351,24154000
105,A039420,диюл©╓Ёщ,20210324,3445,3590,3310,3440,510669,351,24154000
106,A039420,диюл©╓Ёщ,20210323,3470,3495,3410,3445,225096,351,24154000
107,A039420,диюл©╓Ёщ,20210322,3540,3550,3450,3465,431748,351,24154000
108,A039420,диюл©╓Ёщ,20210319,3425,3530,3415,3470,295004,351,24154000
109,A039420,диюл©╓Ёщ,20210318,3385,3540,3385,3480,468955,351,24154000
110,A039420,диюл©╓Ёщ,20210317,3470,3515,3360,3385,424858,351,24154000
111,A039420,диюл©╓Ёщ,20210316,3500,3500,3395,3435,284681,351,24154000
112,A039420,диюл©╓Ёщ,20210315,3360,3450,3300,3425,434650,351,24154000
113,A039420,диюл©╓Ёщ,20210312,3260,3340,3220,3340,267673,351,24154000
114,A039420,диюл©╓Ёщ,20210311,3100,3245,3100,3210,218563,351,24154000
115,A039420,диюл©╓Ёщ,20210310,3200,3240,3045,3100,303702,351,24154000
116,A039420,диюл©╓Ёщ,20210309,3205,3235,3060,3140,465052,351,24154000
117,A039420,диюл©╓Ёщ,20210308,3360,3435,3185,3230,510388,351,24154000
118,A039420,диюл©╓Ёщ,20210305,3410,3410,3310,3350,338424,351,24154000
119,A039420,диюл©╓Ёщ,20210304,3400,3490,3320,3455,538734,351,24154000
120,A039420,диюл©╓Ёщ,20210303,3670,3715,3405,3405,2591116,351,24154000
121,A039420,диюл©╓Ёщ,20210302,3315,3385,3275,3385,736890,351,24154000
122,A039420,диюл©╓Ёщ,20210226,3295,3360,3190,3280,390239,351,24154000
123,A039420,диюл©╓Ёщ,20210225,3280,3400,3280,3380,418878,351,24154000
124,A039420,диюл©╓Ёщ,20210224,3405,3450,3250,3255,593103,351,24154000
125,A039420,диюл©╓Ёщ,20210223,3500,3510,3400,3405,538307,351,24154000
126,A039420,диюл©╓Ёщ,20210222,3505,3605,3500,3515,549452,351,24154000
127,A039420,диюл©╓Ёщ,20210219,3610,3630,3410,3510,927990,351,24154000
128,A039420,диюл©╓Ёщ,20210218,3745,3745,3610,3610,1054685,351,24154000
129,A039420,диюл©╓Ёщ,20210217,3570,3850,3550,3755,4505260,351,24154000
130,A039420,диюл©╓Ёщ,20210216,3680,3685,3525,3560,1155151,351,24154000
131,A039420,диюл©╓Ёщ,20210215,3645,3745,3615,3665,2715863,351,24154000
132,A039420,диюл©╓Ёщ,20210210,3525,3640,3480,3600,1784420,351,24154000
133,A039420,диюл©╓Ёщ,20210209,3605,3650,3470,3520,1990161,351,24154000
134,A039420,диюл©╓Ёщ,20210208,3675,3700,3550,3605,1684755,351,24154000
135,A039420,диюл©╓Ёщ,20210205,3915,3915,3645,3675,3076647,351,24154000
136,A039420,диюл©╓Ёщ,20210204,3770,4325,3760,3945,30016333,351,24154000
137,A039420,диюл©╓Ёщ,20210203,3875,3880,3670,3785,8418659,351,24154000
138,A039420,диюл©╓Ёщ,20210202,3180,4100,3140,3765,51203519,351,24154000
139,A039420,диюл©╓Ёщ,20210201,3080,3170,3060,3155,296098,351,24154000
140,A039420,диюл©╓Ёщ,20210129,3325,3345,3045,3100,1119259,351,24154000
141,A039420,диюл©╓Ёщ,20210128,3375,3510,3290,3315,1961782,351,24154000
142,A039420,диюл©╓Ёщ,20210127,3345,3500,3280,3500,1812979,351,24154000
143,A039420,диюл©╓Ёщ,20210126,3350,3415,3285,3325,1068660,351,24154000
144,A039420,диюл©╓Ёщ,20210125,3180,3490,3180,3365,3226164,351,24154000
145,A039420,диюл©╓Ёщ,20210122,3285,3285,3160,3160,562533,351,24154000
146,A039420,диюл©╓Ёщ,20210121,3325,3360,3225,3225,1101125,351,24154000
147,A039420,диюл©╓Ёщ,20210120,3230,3290,3140,3275,1412930,351,24154000
148,A039420,диюл©╓Ёщ,20210119,3130,3260,3105,3195,1527943,351,24154000
149,A039420,диюл©╓Ёщ,20210118,3350,3370,3145,3150,1771614,351,24154000
150,A039420,диюл©╓Ёщ,20210115,3300,3480,3230,3380,7180503,351,24154000
151,A039420,диюл©╓Ёщ,20210114,3075,3860,3045,3245,48364501,351,24154000
152,A039420,диюл©╓Ёщ,20210113,2860,3035,2820,2970,2071635,351,24154000
153,A039420,диюл©╓Ёщ,20210112,2765,2965,2740,2855,2966384,351,24154000
154,A039420,диюл©╓Ёщ,20210111,2800,3075,2660,2765,5584629,351,24154000
155,A039420,диюл©╓Ёщ,20210108,2830,2840,2750,2780,473434,351,24154000
156,A039420,диюл©╓Ёщ,20210107,2840,2885,2800,2815,416476,351,24154000
157,A039420,диюл©╓Ёщ,20210106,2810,2960,2780,2810,1558421,351,24154000
158,A039420,диюл©╓Ёщ,20210105,2755,2800,2730,2795,332173,351,24154000
159,A039420,диюл©╓Ёщ,20210104,2730,2800,2710,2785,411673,351,24154000
160,A039420,диюл©╓Ёщ,20201230,2675,2795,2655,2710,395328,351,24154000
161,A039420,диюл©╓Ёщ,20201229,2630,2670,2620,2670,132114,351,24154000
162,A039420,диюл©╓Ёщ,20201228,2635,2750,2620,2630,286837,351,24154000
163,A039420,диюл©╓Ёщ,20201224,2620,2690,2620,2640,130155,351,24154000
164,A039420,диюл©╓Ёщ,20201223,2680,2715,2510,2625,222850,351,24154000
165,A039420,диюл©╓Ёщ,20201222,2735,2780,2675,2680,339493,351,24154000
166,A039420,диюл©╓Ёщ,20201221,2770,2770,2705,2735,269570,351,24154000
167,A039420,диюл©╓Ёщ,20201218,2750,2810,2745,2770,361921,351,24154000
168,A039420,диюл©╓Ёщ,20201217,2850,2855,2745,2745,825854,351,24154000
169,A039420,диюл©╓Ёщ,20201216,2680,2840,2670,2840,1209010,351,24154000
170,A039420,диюл©╓Ёщ,20201215,2670,2720,2635,2660,248887,351,24154000
171,A039420,диюл©╓Ёщ,20201214,2680,2680,2615,2670,120065,351,24154000
172,A039420,диюл©╓Ёщ,20201211,2695,2720,2665,2680,247363,351,24154000
173,A039420,диюл©╓Ёщ,20201210,2720,2765,2690,2695,181693,351,24154000
174,A039420,диюл©╓Ёщ,20201209,2660,2715,2660,2710,243644,351,24154000
175,A039420,диюл©╓Ёщ,20201208,2650,2810,2630,2655,770660,351,24154000
176,A039420,диюл©╓Ёщ,20201207,2650,2705,2620,2650,210531,351,24154000
177,A039420,диюл©╓Ёщ,20201204,2715,2720,2640,2645,397080,351,24154000
178,A039420,диюл©╓Ёщ,20201203,2745,2750,2700,2710,249172,351,24154000
179,A039420,диюл©╓Ёщ,20201202,2705,2755,2705,2740,266064,351,24154000
180,A039420,диюл©╓Ёщ,20201201,2710,2745,2705,2710,210002,351,24154000
181,A039420,диюл©╓Ёщ,20201130,2720,2740,2705,2720,163892,351,24154000
182,A039420,диюл©╓Ёщ,20201127,2715,2785,2695,2710,321148,351,24154000
183,A039420,диюл©╓Ёщ,20201126,2765,2770,2705,2710,284103,351,24154000
184,A039420,диюл©╓Ёщ,20201125,2850,2870,2705,2775,688904,351,24154000
185,A039420,диюл©╓Ёщ,20201124,2760,2995,2750,2870,4172008,351,24154000
186,A039420,диюл©╓Ёщ,20201123,2775,2775,2710,2725,588009,351,24154000
187,A039420,диюл©╓Ёщ,20201120,2855,2880,2770,2785,882260,351,24154000
188,A039420,диюл©╓Ёщ,20201119,2940,2955,2855,2855,753449,351,24154000
189,A039420,диюл©╓Ёщ,20201118,2930,3015,2890,2925,1910988,351,24154000
190,A039420,диюл©╓Ёщ,20201117,2900,3180,2835,2870,8544891,351,24154000
191,A039420,диюл©╓Ёщ,20201116,2960,3025,2890,2895,1763504,351,24154000
192,A039420,диюл©╓Ёщ,20201113,2850,3130,2730,2980,9146682,351,24154000
193,A039420,диюл©╓Ёщ,20201112,2870,3025,2785,2835,3352849,351,24154000
194,A039420,диюл©╓Ёщ,20201111,2715,2965,2630,2910,6200282,351,24154000
195,A039420,диюл©╓Ёщ,20201110,2710,2790,2685,2720,798357,351,24154000
196,A039420,диюл©╓Ёщ,20201109,2790,2870,2725,2770,2838146,351,24154000
197,A039420,диюл©╓Ёщ,20201106,2710,2780,2670,2760,2037640,351,24154000
198,A039420,диюл©╓Ёщ,20201105,2610,2715,2580,2715,1143896,351,24154000
199,A039420,диюл©╓Ёщ,20201104,2635,2675,2560,2615,1008734,351,24154000
200,A039420,диюл©╓Ёщ,20201103,2670,2715,2600,2620,1429670,351,24154000
201,A039420,диюл©╓Ёщ,20201102,2645,2735,2585,2685,1686221,351,24154000
202,A039420,диюл©╓Ёщ,20201030,2905,3100,2580,2615,17489158,351,24154000
203,A039420,диюл©╓Ёщ,20201029,2730,2830,2660,2830,4060347,351,24154000
204,A039420,диюл©╓Ёщ,20201028,2830,2975,2695,2830,16421601,351,24154000
205,A039420,диюл©╓Ёщ,20201027,2350,3050,2310,2760,35307874,351,24154000
206,A039420,диюл©╓Ёщ,20201026,2450,2485,2330,2355,457213,351,24154000
207,A039420,диюл©╓Ёщ,20201023,2410,2545,2410,2450,1215086,351,24154000
208,A039420,диюл©╓Ёщ,20201022,2440,2455,2400,2400,215275,351,24154000
209,A039420,диюл©╓Ёщ,20201021,2350,2445,2345,2445,273370,351,24154000
210,A039420,диюл©╓Ёщ,20201020,2325,2375,2255,2370,153835,351,24154000
211,A039420,диюл©╓Ёщ,20201019,2350,2435,2340,2345,200319,351,24154000
212,A039420,диюл©╓Ёщ,20201016,2350,2380,2310,2360,139631,351,24154000
213,A039420,диюл©╓Ёщ,20201015,2420,2420,2325,2370,310992,351,24154000
214,A039420,диюл©╓Ёщ,20201014,2490,2505,2390,2440,441212,351,24154000
215,A039420,диюл©╓Ёщ,20201013,2400,2560,2365,2500,1428278,351,24154000
216,A039420,диюл©╓Ёщ,20201012,2440,2440,2370,2400,135688,351,24154000
217,A039420,диюл©╓Ёщ,20201008,2390,2440,2360,2420,280437,351,24154000
218,A039420,диюл©╓Ёщ,20201007,2355,2395,2335,2375,160857,351,24154000
219,A039420,диюл©╓Ёщ,20201006,2330,2370,2295,2370,207205,351,24154000
220,A039420,диюл©╓Ёщ,20201005,2255,2325,2255,2300,113523,351,24154000
221,A039420,диюл©╓Ёщ,20200929,2255,2280,2240,2255,106925,351,24154000
222,A039420,диюл©╓Ёщ,20200928,2200,2245,2180,2235,86987,351,24154000
223,A039420,диюл©╓Ёщ,20200925,2185,2200,2115,2170,164214,351,24154000
224,A039420,диюл©╓Ёщ,20200924,2230,2250,2155,2155,331456,351,24154000
225,A039420,диюл©╓Ёщ,20200923,2320,2370,2210,2290,217935,351,24154000
226,A039420,диюл©╓Ёщ,20200922,2400,2420,2290,2305,498723,351,24154000
227,A039420,диюл©╓Ёщ,20200921,2575,2575,2380,2430,1090647,351,24154000
228,A039420,диюл©╓Ёщ,20200918,2460,2615,2430,2595,2823283,351,24154000
229,A039420,диюл©╓Ёщ,20200917,2470,2505,2385,2480,1700147,351,24154000
230,A039420,диюл©╓Ёщ,20200916,2395,2515,2360,2490,2289991,351,24154000
231,A039420,диюл©╓Ёщ,20200915,2360,2370,2335,2360,148819,351,24154000
232,A039420,диюл©╓Ёщ,20200914,2380,2420,2320,2360,394644,351,24154000
233,A039420,диюл©╓Ёщ,20200911,2325,2355,2295,2355,206905,351,24154000
234,A039420,диюл©╓Ёщ,20200910,2305,2350,2290,2320,146791,351,24154000
235,A039420,диюл©╓Ёщ,20200909,2265,2315,2265,2300,76202,351,24154000
236,A039420,диюл©╓Ёщ,20200908,2390,2390,2300,2300,266778,351,24154000
237,A039420,диюл©╓Ёщ,20200907,2295,2350,2235,2340,342924,351,24154000
238,A039420,диюл©╓Ёщ,20200904,2195,2280,2195,2275,128630,351,24154000
239,A039420,диюл©╓Ёщ,20200903,2320,2335,2290,2300,83367,351,24154000
240,A039420,диюл©╓Ёщ,20200902,2315,2335,2300,2320,160205,351,24154000
241,A039420,диюл©╓Ёщ,20200901,2300,2325,2270,2280,111245,351,24154000
242,A039420,диюл©╓Ёщ,20200831,2245,2300,2235,2290,249001,351,24154000
243,A039420,диюл©╓Ёщ,20200828,2215,2240,2200,2235,178597,351,24154000
244,A039420,диюл©╓Ёщ,20200827,2215,2265,2180,2220,223222,351,24154000
245,A039420,диюл©╓Ёщ,20200826,2190,2220,2135,2215,104258,351,24154000
246,A039420,диюл©╓Ёщ,20200825,2130,2195,2115,2190,106294,351,24154000
247,A039420,диюл©╓Ёщ,20200824,2055,2140,2050,2100,70015,351,24154000
248,A039420,диюл©╓Ёщ,20200821,2030,2125,1990,2095,248832,351,24154000
249,A039420,диюл©╓Ёщ,20200820,2130,2155,2005,2030,245756,351,24154000
250,A039420,диюл©╓Ёщ,20200819,2130,2185,2130,2145,63681,351,24154000
251,A039420,диюл©╓Ёщ,20200818,2240,2260,2100,2115,209532,351,24154000
252,A039420,диюл©╓Ёщ,20200814,2255,2290,2210,2235,218288,351,24154000
253,A039420,диюл©╓Ёщ,20200813,2290,2320,2255,2255,116204,351,24154000
254,A039420,диюл©╓Ёщ,20200812,2315,2340,2235,2260,168439,351,24154000
255,A039420,диюл©╓Ёщ,20200811,2360,2360,2310,2315,204907,351,24154000
256,A039420,диюл©╓Ёщ,20200810,2380,2380,2310,2360,136644,351,24154000
257,A039420,диюл©╓Ёщ,20200807,2375,2390,2325,2340,203642,351,24154000
258,A039420,диюл©╓Ёщ,20200806,2365,2490,2340,2370,1015667,351,24154000
259,A039420,диюл©╓Ёщ,20200805,2350,2375,2315,2355,94274,351,24154000
260,A039420,диюл©╓Ёщ,20200804,2335,2375,2335,2350,136083,351,24154000
261,A039420,диюл©╓Ёщ,20200803,2360,2430,2315,2350,388823,351,24154000
262,A039420,диюл©╓Ёщ,20200731,2395,2405,2345,2350,216170,351,24154000
263,A039420,диюл©╓Ёщ,20200730,2355,2400,2335,2395,267517,351,24154000
264,A039420,диюл©╓Ёщ,20200729,2360,2385,2330,2350,231949,351,24154000
265,A039420,диюл©╓Ёщ,20200728,2320,2370,2305,2340,308807,351,24154000
266,A039420,диюл©╓Ёщ,20200727,2305,2335,2290,2320,111860,351,24154000
267,A039420,диюл©╓Ёщ,20200724,2275,2385,2260,2305,218697,351,24154000
268,A039420,диюл©╓Ёщ,20200723,2350,2350,2270,2325,211106,351,24154000
269,A039420,диюл©╓Ёщ,20200722,2365,2400,2315,2345,361743,351,24154000
270,A039420,диюл©╓Ёщ,20200721,2290,2430,2265,2400,870343,351,24154000
271,A039420,диюл©╓Ёщ,20200720,2305,2345,2255,2280,82373,351,24154000
272,A039420,диюл©╓Ёщ,20200717,2315,2355,2240,2300,232543,351,24154000
273,A039420,диюл©╓Ёщ,20200716,2340,2365,2295,2310,202739,351,24154000
274,A039420,диюл©╓Ёщ,20200715,2355,2405,2310,2340,579438,351,24154000
275,A039420,диюл©╓Ёщ,20200714,2240,2430,2235,2310,1221059,351,24154000
276,A039420,диюл©╓Ёщ,20200713,2195,2255,2185,2235,178025,351,24154000
277,A039420,диюл©╓Ёщ,20200710,2230,2230,2150,2180,124362,351,24154000
278,A039420,диюл©╓Ёщ,20200709,2230,2235,2205,2220,128947,351,24154000
279,A039420,диюл©╓Ёщ,20200708,2185,2230,2140,2220,138963,351,24154000
280,A039420,диюл©╓Ёщ,20200707,2240,2240,2175,2190,94683,351,24154000
281,A039420,диюл©╓Ёщ,20200706,2150,2270,2150,2230,336619,351,24154000
282,A039420,диюл©╓Ёщ,20200703,2140,2175,2105,2150,110102,351,24154000
283,A039420,диюл©╓Ёщ,20200702,2130,2145,2095,2135,128452,351,24154000
284,A039420,диюл©╓Ёщ,20200701,2170,2170,2110,2115,101111,351,24154000
285,A039420,диюл©╓Ёщ,20200630,2150,2180,2130,2130,113577,351,24154000
286,A039420,диюл©╓Ёщ,20200629,2230,2230,2105,2140,280112,351,24154000
287,A039420,диюл©╓Ёщ,20200626,2200,2230,2165,2230,216119,351,24154000
288,A039420,диюл©╓Ёщ,20200625,2175,2200,2140,2175,178053,351,24154000
289,A039420,диюл©╓Ёщ,20200624,2175,2230,2165,2200,119711,351,24154000
290,A039420,диюл©╓Ёщ,20200623,2190,2225,2150,2175,187104,351,24154000
291,A039420,диюл©╓Ёщ,20200622,2165,2190,2140,2145,125619,351,24154000
292,A039420,диюл©╓Ёщ,20200619,2170,2175,2130,2155,117540,351,24154000
293,A039420,диюл©╓Ёщ,20200618,2180,2180,2110,2130,90785,351,24154000
294,A039420,диюл©╓Ёщ,20200617,2160,2200,2100,2150,257986,351,24154000
295,A039420,диюл©╓Ёщ,20200616,2090,2190,2090,2190,268530,351,24154000
296,A039420,диюл©╓Ёщ,20200615,2205,2260,2055,2055,473566,351,24154000
297,A039420,диюл©╓Ёщ,20200612,2200,2265,2150,2220,395139,351,24154000
298,A039420,диюл©╓Ёщ,20200611,2400,2420,2280,2330,547966,351,24154000
299,A039420,диюл©╓Ёщ,20200610,2460,2465,2395,2400,205102,351,24154000
300,A039420,диюл©╓Ёщ,20200609,2430,2455,2380,2450,346108,351,24154000
301,A039420,диюл©╓Ёщ,20200608,2420,2445,2380,2410,234864,351,24154000
302,A039420,диюл©╓Ёщ,20200605,2455,2485,2400,2410,368231,351,24154000
303,A039420,диюл©╓Ёщ,20200604,2435,2465,2380,2430,378189,351,24154000
304,A039420,диюл©╓Ёщ,20200603,2485,2515,2380,2440,1183701,351,24154000
305,A039420,диюл©╓Ёщ,20200602,2520,2850,2450,2460,5579317,351,24154000
306,A039420,диюл©╓Ёщ,20200601,2430,2575,2430,2560,721435,351,24154000
307,A039420,диюл©╓Ёщ,20200529,2435,2455,2370,2420,144927,351,24154000
308,A039420,диюл©╓Ёщ,20200528,2490,2565,2380,2440,637333,351,24154000
309,A039420,диюл©╓Ёщ,20200527,2500,2500,2420,2480,275283,351,24154000
310,A039420,диюл©╓Ёщ,20200526,2535,2535,2470,2480,329850,351,24154000
311,A039420,диюл©╓Ёщ,20200525,2420,2505,2395,2495,551675,351,24154000
312,A039420,диюл©╓Ёщ,20200522,2510,2550,2375,2400,705572,351,24154000
313,A039420,диюл©╓Ёщ,20200521,2500,2535,2435,2510,961933,351,24154000
314,A039420,диюл©╓Ёщ,20200520,2390,2550,2360,2505,1465466,351,24154000
315,A039420,диюл©╓Ёщ,20200519,2380,2400,2310,2360,341133,351,24154000
316,A039420,диюл©╓Ёщ,20200518,2260,2390,2225,2360,440551,351,24154000
317,A039420,диюл©╓Ёщ,20200515,2355,2365,2200,2265,582524,351,24154000
318,A039420,диюл©╓Ёщ,20200514,2405,2415,2315,2325,559816,351,24154000
319,A039420,диюл©╓Ёщ,20200513,2410,2445,2380,2430,678839,351,24154000
320,A039420,диюл©╓Ёщ,20200512,2385,2510,2350,2500,2387464,351,24154000
321,A039420,диюл©╓Ёщ,20200511,2380,2390,2300,2380,758586,351,24154000
322,A039420,диюл©╓Ёщ,20200508,2385,2440,2315,2340,1246893,351,24154000
323,A039420,диюл©╓Ёщ,20200507,2190,2650,2190,2425,10881707,351,24154000
324,A039420,диюл©╓Ёщ,20200506,2160,2185,2140,2185,213967,351,24154000
325,A039420,диюл©╓Ёщ,20200504,2145,2190,2095,2145,192724,351,24154000
326,A039420,диюл©╓Ёщ,20200429,2210,2260,2175,2175,429137,351,24154000
327,A039420,диюл©╓Ёщ,20200428,2330,2335,2240,2255,600771,351,24154000
328,A039420,диюл©╓Ёщ,20200427,2235,2325,2150,2325,1217086,351,24154000
329,A039420,диюл©╓Ёщ,20200424,2515,2590,2220,2220,5819511,351,24154000
330,A039420,диюл©╓Ёщ,20200423,1930,2235,1930,2130,2298023,351,24154000
331,A039420,диюл©╓Ёщ,20200422,1900,1915,1850,1915,73649,351,24154000
332,A039420,диюл©╓Ёщ,20200421,1975,2050,1800,1900,174241,351,24154000
333,A039420,диюл©╓Ёщ,20200420,2020,2020,1945,1960,179016,351,24154000
334,A039420,диюл©╓Ёщ,20200417,1885,1985,1875,1945,491993,351,24154000
335,A039420,диюл©╓Ёщ,20200416,1885,1885,1845,1880,112075,351,24154000
336,A039420,диюл©╓Ёщ,20200414,1815,1860,1815,1845,64352,351,24154000
337,A039420,диюл©╓Ёщ,20200413,1870,1890,1815,1815,68519,351,24154000
338,A039420,диюл©╓Ёщ,20200410,1880,1905,1810,1870,84787,351,24154000
339,A039420,диюл©╓Ёщ,20200409,1870,1935,1860,1880,89075,351,24154000
340,A039420,диюл©╓Ёщ,20200408,1825,1865,1770,1845,113751,351,24154000
341,A039420,диюл©╓Ёщ,20200407,1800,1865,1780,1820,98908,351,24154000
342,A039420,диюл©╓Ёщ,20200406,1710,1855,1710,1775,284281,351,24154000
343,A039420,диюл©╓Ёщ,20200403,1730,1750,1695,1720,24621,351,24154000
344,A039420,диюл©╓Ёщ,20200402,1695,1700,1620,1700,47518,351,24154000
345,A039420,диюл©╓Ёщ,20200401,1705,1740,1650,1675,104467,351,24154000
346,A039420,диюл©╓Ёщ,20200331,1650,1740,1650,1710,101814,351,24154000
347,A039420,диюл©╓Ёщ,20200330,1580,1640,1550,1625,151863,351,24154000
348,A039420,диюл©╓Ёщ,20200327,1555,1625,1485,1580,193082,351,24154000
349,A039420,диюл©╓Ёщ,20200326,1430,1540,1410,1530,171252,351,24154000
350,A039420,диюл©╓Ёщ,20200325,1450,1500,1400,1430,864619,351,24154000
351,A039420,диюл©╓Ёщ,20200324,1360,1380,1290,1350,76879,351,24154000
352,A039420,диюл©╓Ёщ,20200323,1230,1330,1225,1265,75778,351,24154000
353,A039420,диюл©╓Ёщ,20200320,1235,1360,1235,1345,214624,351,24154000
354,A039420,диюл©╓Ёщ,20200319,1450,1475,1250,1250,442730,351,24154000
355,A039420,диюл©╓Ёщ,20200318,1515,1575,1450,1450,186183,351,24154000
356,A039420,диюл©╓Ёщ,20200317,1405,1585,1405,1520,238428,351,24154000
357,A039420,диюл©╓Ёщ,20200316,1625,1710,1590,1590,358113,351,24154000
358,A039420,диюл©╓Ёщ,20200313,1705,1745,1570,1630,419227,351,24154000
359,A039420,диюл©╓Ёщ,20200312,1960,1995,1820,1840,249782,351,24154000
360,A039420,диюл©╓Ёщ,20200311,2080,2090,1985,1995,175411,351,24154000
361,A039420,диюл©╓Ёщ,20200310,2055,2100,2020,2065,113238,351,24154000
362,A039420,диюл©╓Ёщ,20200309,2170,2170,2075,2085,128785,351,24154000
363,A039420,диюл©╓Ёщ,20200306,2195,2280,2140,2200,115520,351,24154000
364,A039420,диюл©╓Ёщ,20200305,2190,2245,2190,2235,182728,351,24154000
365,A039420,диюл©╓Ёщ,20200304,2120,2210,2120,2190,154577,351,24154000
366,A039420,диюл©╓Ёщ,20200303,2155,2195,2140,2140,133731,351,24154000
367,A039420,диюл©╓Ёщ,20200302,2060,2155,2055,2130,117799,351,24154000
368,A039420,диюл©╓Ёщ,20200228,2120,2160,2070,2100,254709,351,24154000
369,A039420,диюл©╓Ёщ,20200227,2270,2270,2175,2175,133655,351,24154000
370,A039420,диюл©╓Ёщ,20200226,2195,2270,2195,2230,125082,351,24154000
371,A039420,диюл©╓Ёщ,20200225,2215,2265,2210,2250,145681,351,24154000
372,A039420,диюл©╓Ёщ,20200224,2235,2300,2205,2215,203737,351,24154000
373,A039420,диюл©╓Ёщ,20200221,2385,2385,2315,2320,150530,351,24154000
374,A039420,диюл©╓Ёщ,20200220,2480,2480,2390,2390,223101,351,24154000
375,A039420,диюл©╓Ёщ,20200219,2450,2510,2410,2430,266920,351,24154000
376,A039420,диюл©╓Ёщ,20200218,2435,2490,2410,2460,234442,351,24154000
377,A039420,диюл©╓Ёщ,20200217,2465,2500,2405,2435,321666,351,24154000
378,A039420,диюл©╓Ёщ,20200214,2520,2540,2450,2500,501040,351,24154000
379,A039420,диюл©╓Ёщ,20200213,2465,2535,2445,2520,610782,351,24154000
380,A039420,диюл©╓Ёщ,20200212,2340,2740,2285,2485,5079953,351,24154000
381,A039420,диюл©╓Ёщ,20200211,2320,2390,2320,2340,42382,351,24154000
382,A039420,диюл©╓Ёщ,20200210,2335,2350,2310,2335,53692,351,24154000
383,A039420,диюл©╓Ёщ,20200207,2280,2395,2275,2335,105338,351,24154000
384,A039420,диюл©╓Ёщ,20200206,2255,2305,2250,2290,42948,351,24154000
385,A039420,диюл©╓Ёщ,20200205,2275,2290,2235,2255,27065,351,24154000
386,A039420,диюл©╓Ёщ,20200204,2165,2270,2165,2270,33685,351,24154000
387,A039420,диюл©╓Ёщ,20200203,2155,2205,2155,2185,36115,351,24154000
388,A039420,диюл©╓Ёщ,20200131,2295,2295,2185,2200,111413,351,24154000
389,A039420,диюл©╓Ёщ,20200130,2325,2325,2255,2295,64757,351,24154000
390,A039420,диюл©╓Ёщ,20200129,2305,2330,2295,2325,43918,351,24154000
391,A039420,диюл©╓Ёщ,20200128,2400,2400,2290,2300,117952,351,24154000
392,A039420,диюл©╓Ёщ,20200123,2380,2410,2365,2410,47968,351,24154000
393,A039420,диюл©╓Ёщ,20200122,2395,2395,2365,2395,45540,351,24154000
394,A039420,диюл©╓Ёщ,20200121,2390,2440,2360,2400,76563,351,24154000
395,A039420,диюл©╓Ёщ,20200120,2435,2440,2385,2410,44515,351,24154000
396,A039420,диюл©╓Ёщ,20200117,2415,2445,2410,2435,39846,351,24154000
397,A039420,диюл©╓Ёщ,20200116,2420,2450,2400,2415,64097,351,24154000
398,A039420,диюл©╓Ёщ,20200115,2410,2435,2380,2420,70158,351,24154000
399,A039420,диюл©╓Ёщ,20200114,2385,2440,2375,2385,125277,351,24154000
400,A039420,диюл©╓Ёщ,20200113,2310,2400,2300,2385,166053,351,24154000
401,A039420,диюл©╓Ёщ,20200110,2295,2315,2290,2310,37254,351,24154000
402,A039420,диюл©╓Ёщ,20200109,2275,2295,2250,2290,64258,351,24154000
403,A039420,диюл©╓Ёщ,20200108,2285,2285,2210,2220,131514,351,24154000
404,A039420,диюл©╓Ёщ,20200107,2275,2330,2275,2315,60162,351,24154000
405,A039420,диюл©╓Ёщ,20200106,2320,2325,2275,2285,64171,351,24154000
406,A039420,диюл©╓Ёщ,20200103,2345,2345,2320,2330,38206,351,24154000
407,A039420,диюл©╓Ёщ,20200102,2325,2340,2305,2325,54410,351,24154000
408,A039420,диюл©╓Ёщ,20191230,2280,2310,2275,2305,51547,351,24154000
409,A039420,диюл©╓Ёщ,20191227,2300,2325,2285,2300,20495,351,24154000
410,A039420,диюл©╓Ёщ,20191226,2285,2325,2285,2325,32768,351,24154000
411,A039420,диюл©╓Ёщ,20191224,2285,2300,2275,2285,37937,351,24154000
412,A039420,диюл©╓Ёщ,20191223,2325,2325,2290,2300,17622,351,24154000
413,A039420,диюл©╓Ёщ,20191220,2310,2320,2290,2315,42759,351,24154000
414,A039420,диюл©╓Ёщ,20191219,2295,2325,2295,2295,36863,351,24154000
415,A039420,диюл©╓Ёщ,20191218,2295,2330,2285,2310,62611,351,24154000
416,A039420,диюл©╓Ёщ,20191217,2270,2310,2270,2295,26914,351,24154000
417,A039420,диюл©╓Ёщ,20191216,2275,2290,2265,2290,32674,351,24154000
418,A039420,диюл©╓Ёщ,20191213,2260,2275,2250,2275,40571,351,24154000
419,A039420,диюл©╓Ёщ,20191212,2240,2280,2235,2260,43733,351,24154000
420,A039420,диюл©╓Ёщ,20191211,2270,2275,2230,2250,25201,351,24154000
421,A039420,диюл©╓Ёщ,20191210,2280,2280,2240,2245,32379,351,24154000
422,A039420,диюл©╓Ёщ,20191209,2265,2280,2250,2270,48156,351,24154000
423,A039420,диюл©╓Ёщ,20191206,2300,2310,2250,2265,30645,351,24154000
424,A039420,диюл©╓Ёщ,20191205,2240,2300,2240,2280,81096,351,24154000
425,A039420,диюл©╓Ёщ,20191204,2295,2295,2260,2280,33741,351,24154000
426,A039420,диюл©╓Ёщ,20191203,2310,2310,2270,2300,30367,351,24154000
427,A039420,диюл©╓Ёщ,20191202,2310,2315,2285,2310,17693,351,24154000
428,A039420,диюл©╓Ёщ,20191129,2300,2315,2280,2310,53296,351,24154000
429,A039420,диюл©╓Ёщ,20191128,2290,2315,2285,2295,29373,351,24154000
430,A039420,диюл©╓Ёщ,20191127,2335,2355,2270,2290,50300,351,24154000
431,A039420,диюл©╓Ёщ,20191126,2310,2350,2275,2335,43866,351,24154000
432,A039420,диюл©╓Ёщ,20191125,2300,2315,2280,2295,18412,351,24154000
433,A039420,диюл©╓Ёщ,20191122,2270,2310,2260,2270,38923,351,24154000
434,A039420,диюл©╓Ёщ,20191121,2330,2350,2200,2270,145002,351,24154000
435,A039420,диюл©╓Ёщ,20191120,2390,2395,2330,2330,71433,351,24154000
436,A039420,диюл©╓Ёщ,20191119,2405,2420,2355,2390,47089,351,24154000
437,A039420,диюл©╓Ёщ,20191118,2415,2415,2385,2405,42957,351,24154000
438,A039420,диюл©╓Ёщ,20191115,2420,2425,2375,2405,62335,351,24154000
439,A039420,диюл©╓Ёщ,20191114,2410,2425,2390,2410,45092,351,24154000
440,A039420,диюл©╓Ёщ,20191113,2440,2470,2410,2410,74719,351,24154000
441,A039420,диюл©╓Ёщ,20191112,2450,2480,2440,2460,26379,351,24154000
442,A039420,диюл©╓Ёщ,20191111,2455,2480,2450,2470,81887,351,24154000
443,A039420,диюл©╓Ёщ,20191108,2425,2495,2425,2460,50042,351,24154000
444,A039420,диюл©╓Ёщ,20191107,2450,2460,2400,2455,51936,351,24154000
445,A039420,диюл©╓Ёщ,20191106,2480,2480,2415,2450,62728,351,24154000
446,A039420,диюл©╓Ёщ,20191105,2375,2475,2375,2465,90151,351,24154000
447,A039420,диюл©╓Ёщ,20191104,2355,2410,2355,2385,77327,351,24154000
448,A039420,диюл©╓Ёщ,20191101,2345,2400,2330,2375,84334,351,24154000
449,A039420,диюл©╓Ёщ,20191031,2300,2365,2295,2345,88598,351,24154000
450,A039420,диюл©╓Ёщ,20191030,2300,2325,2295,2300,66884,351,24154000
451,A039420,диюл©╓Ёщ,20191029,2340,2340,2290,2300,96321,351,24154000
452,A039420,диюл©╓Ёщ,20191028,2360,2365,2315,2325,37287,351,24154000
453,A039420,диюл©╓Ёщ,20191025,2325,2345,2280,2320,99929,351,24154000
454,A039420,диюл©╓Ёщ,20191024,2315,2330,2295,2310,59993,351,24154000
455,A039420,диюл©╓Ёщ,20191023,2350,2370,2315,2315,74619,351,24154000
456,A039420,диюл©╓Ёщ,20191022,2345,2390,2320,2350,56548,351,24154000
457,A039420,диюл©╓Ёщ,20191021,2415,2420,2350,2355,62042,351,24154000
458,A039420,диюл©╓Ёщ,20191018,2385,2420,2385,2415,34109,351,24154000
459,A039420,диюл©╓Ёщ,20191017,2425,2430,2380,2385,60452,351,24154000
460,A039420,диюл©╓Ёщ,20191016,2375,2435,2375,2410,102006,351,24154000
461,A039420,диюл©╓Ёщ,20191015,2360,2380,2350,2370,1375324,351,24154000
462,A039420,диюл©╓Ёщ,20191014,2355,2385,2345,2360,55474,351,24154000
463,A039420,диюл©╓Ёщ,20191011,2410,2425,2340,2355,77734,351,24154000
464,A039420,диюл©╓Ёщ,20191010,2310,2425,2270,2425,144417,351,24154000
465,A039420,диюл©╓Ёщ,20191008,2335,2355,2305,2330,43717,351,24154000
466,A039420,диюл©╓Ёщ,20191007,2365,2375,2310,2320,55096,351,24154000
467,A039420,диюл©╓Ёщ,20191004,2380,2400,2355,2375,51820,351,24154000
468,A039420,диюл©╓Ёщ,20191002,2405,2420,2370,2390,35808,351,24154000
469,A039420,диюл©╓Ёщ,20191001,2410,2450,2385,2450,36559,351,24154000
470,A039420,диюл©╓Ёщ,20190930,2425,2440,2360,2405,106799,351,24154000
471,A039420,диюл©╓Ёщ,20190927,2450,2475,2440,2445,40330,351,24154000
472,A039420,диюл©╓Ёщ,20190926,2485,2520,2470,2475,41221,351,24154000
473,A039420,диюл©╓Ёщ,20190925,2550,2570,2485,2485,87570,351,24154000
474,A039420,диюл©╓Ёщ,20190924,2590,2590,2545,2570,64769,351,24154000
475,A039420,диюл©╓Ёщ,20190923,2585,2590,2530,2590,85679,351,24154000
476,A039420,диюл©╓Ёщ,20190920,2555,2570,2540,2555,65157,351,24154000
477,A039420,диюл©╓Ёщ,20190919,2540,2570,2535,2560,70908,351,24154000
478,A039420,диюл©╓Ёщ,20190918,2545,2585,2525,2560,67227,351,24154000
479,A039420,диюл©╓Ёщ,20190917,2575,2575,2470,2550,62762,351,24154000
480,A039420,диюл©╓Ёщ,20190916,2535,2580,2500,2580,99664,351,24154000
481,A039420,диюл©╓Ёщ,20190911,2470,2540,2470,2530,114985,351,24154000
482,A039420,диюл©╓Ёщ,20190910,2450,2475,2440,2475,41178,351,24154000
483,A039420,диюл©╓Ёщ,20190909,2525,2525,2455,2460,79078,351,24154000
484,A039420,диюл©╓Ёщ,20190906,2530,2535,2480,2495,85172,351,24154000
485,A039420,диюл©╓Ёщ,20190905,2595,2595,2490,2530,283256,351,24154000
486,A039420,диюл©╓Ёщ,20190904,2385,2515,2385,2485,215891,351,24154000
487,A039420,диюл©╓Ёщ,20190903,2420,2425,2390,2415,43193,351,24154000
488,A039420,диюл©╓Ёщ,20190902,2350,2420,2350,2420,39129,351,24154000
489,A039420,диюл©╓Ёщ,20190830,2360,2440,2360,2385,63854,351,24154000
490,A039420,диюл©╓Ёщ,20190829,2395,2405,2335,2370,44832,351,24154000
491,A039420,диюл©╓Ёщ,20190828,2390,2400,2360,2390,55136,351,24154000
492,A039420,диюл©╓Ёщ,20190827,2340,2395,2340,2375,46112,351,24154000
493,A039420,диюл©╓Ёщ,20190826,2345,2370,2300,2340,100162,351,24154000
494,A039420,диюл©╓Ёщ,20190823,2410,2420,2370,2410,54705,351,24154000
495,A039420,диюл©╓Ёщ,20190822,2455,2475,2390,2415,76339,351,24154000
496,A039420,диюл©╓Ёщ,20190821,2415,2465,2385,2450,84441,351,24154000
497,A039420,диюл©╓Ёщ,20190820,2360,2405,2360,2390,59274,351,24154000
498,A039420,диюл©╓Ёщ,20190819,2375,2410,2335,2365,63308,351,24154000
499,A039420,диюл©╓Ёщ,20190816,2335,2400,2320,2365,131931,351,24154000
500,A039420,диюл©╓Ёщ,20190814,2415,2485,2375,2380,224708,351,24154000
501,A039420,диюл©╓Ёщ,20190813,2510,2550,2385,2395,584220,351,24154000
502,A039420,диюл©╓Ёщ,20190812,2260,2835,2260,2660,1614443,351,24154000
503,A039420,диюл©╓Ёщ,20190809,2275,2340,2260,2295,85903,351,24154000
504,A039420,диюл©╓Ёщ,20190808,2140,2265,2140,2260,76769,351,24154000
505,A039420,диюл©╓Ёщ,20190807,2035,2165,2035,2165,196120,351,24154000
506,A039420,диюл©╓Ёщ,20190806,2025,2225,2015,2090,375478,351,24154000
507,A039420,диюл©╓Ёщ,20190805,2340,2340,2130,2130,236218,351,24154000
508,A039420,диюл©╓Ёщ,20190802,2390,2395,2285,2345,203877,351,24154000
509,A039420,диюл©╓Ёщ,20190801,2425,2685,2390,2390,409942,351,24154000
510,A039420,диюл©╓Ёщ,20190731,2390,2500,2370,2480,65931,351,24154000
511,A039420,диюл©╓Ёщ,20190730,2285,2465,2285,2445,142771,351,24154000
512,A039420,диюл©╓Ёщ,20190729,2445,2520,2310,2355,446658,351,24154000
513,A039420,диюл©╓Ёщ,20190726,2540,2585,2480,2495,215420,351,24154000
514,A039420,диюл©╓Ёщ,20190725,2680,2690,2560,2600,209389,351,24154000
515,A039420,диюл©╓Ёщ,20190724,2700,2735,2690,2695,89067,351,24154000
516,A039420,диюл©╓Ёщ,20190723,2725,2725,2695,2695,79245,351,24154000
517,A039420,диюл©╓Ёщ,20190722,2735,2735,2695,2720,24493,351,24154000
518,A039420,диюл©╓Ёщ,20190719,2705,2750,2700,2720,54438,351,24154000
519,A039420,диюл©╓Ёщ,20190718,2740,2745,2680,2720,60540,351,24154000
520,A039420,диюл©╓Ёщ,20190717,2795,2795,2710,2710,138214,351,24154000
521,A039420,диюл©╓Ёщ,20190716,2770,2805,2765,2795,36846,351,24154000
522,A039420,диюл©╓Ёщ,20190715,2840,2855,2790,2790,48170,351,24154000
523,A039420,диюл©╓Ёщ,20190712,2790,2855,2790,2840,34437,351,24154000
524,A039420,диюл©╓Ёщ,20190711,2760,2825,2740,2825,45659,351,24154000
525,A039420,диюл©╓Ёщ,20190710,2705,2790,2705,2745,94691,351,24154000
526,A039420,диюл©╓Ёщ,20190709,2750,2800,2725,2740,95201,351,24154000
527,A039420,диюл©╓Ёщ,20190708,2850,2870,2710,2735,226074,351,24154000
528,A039420,диюл©╓Ёщ,20190705,2910,2910,2835,2860,48670,351,24154000
529,A039420,диюл©╓Ёщ,20190704,2870,2870,2810,2835,115627,351,24154000
530,A039420,диюл©╓Ёщ,20190703,2830,2915,2830,2830,112727,351,24154000
531,A039420,диюл©╓Ёщ,20190702,2840,2880,2825,2855,109445,351,24154000
532,A039420,диюл©╓Ёщ,20190701,2860,2890,2830,2840,137666,351,24154000
533,A039420,диюл©╓Ёщ,20190628,2900,2975,2835,2855,351753,351,24154000
534,A039420,диюл©╓Ёщ,20190627,3110,3285,2905,2905,2132838,351,24154000
535,A039420,диюл©╓Ёщ,20190626,3085,3135,3050,3105,232830,351,24154000
536,A039420,диюл©╓Ёщ,20190625,3065,3150,3030,3085,333921,351,24154000
537,A039420,диюл©╓Ёщ,20190624,3090,3090,3040,3045,150827,351,24154000
538,A039420,диюл©╓Ёщ,20190621,3045,3095,3030,3065,204290,351,24154000
539,A039420,диюл©╓Ёщ,20190620,3050,3075,3035,3045,157370,351,24154000
540,A039420,диюл©╓Ёщ,20190619,3040,3095,3025,3050,154479,351,24154000
541,A039420,диюл©╓Ёщ,20190618,2990,3045,2965,2995,134106,351,24154000
542,A039420,диюл©╓Ёщ,20190617,3075,3075,2965,2975,106658,351,24154000
543,A039420,диюл©╓Ёщ,20190614,3030,3095,3020,3060,222178,351,24154000
544,A039420,диюл©╓Ёщ,20190613,3020,3045,3000,3030,90511,351,24154000
545,A039420,диюл©╓Ёщ,20190612,3060,3060,2995,3020,155085,351,24154000
546,A039420,диюл©╓Ёщ,20190611,2990,3065,2985,3035,320859,351,24154000
547,A039420,диюл©╓Ёщ,20190610,2960,3000,2930,2990,154866,351,24154000
548,A039420,диюл©╓Ёщ,20190607,2910,3000,2855,2935,319653,351,24154000
549,A039420,диюл©╓Ёщ,20190605,2770,2925,2770,2910,294955,351,24154000
550,A039420,диюл©╓Ёщ,20190604,2750,2780,2700,2760,99636,351,24154000
551,A039420,диюл©╓Ёщ,20190603,2740,2760,2730,2750,45321,351,24154000
552,A039420,диюл©╓Ёщ,20190531,2725,2775,2725,2750,41106,351,24154000
553,A039420,диюл©╓Ёщ,20190530,2750,2775,2705,2750,109617,351,24154000
554,A039420,диюл©╓Ёщ,20190529,2795,2850,2750,2755,68104,351,24154000
555,A039420,диюл©╓Ёщ,20190528,2810,2840,2795,2835,66331,351,24154000
556,A039420,диюл©╓Ёщ,20190527,2780,2805,2735,2770,100757,351,24154000
557,A039420,диюл©╓Ёщ,20190524,2725,2870,2720,2780,118006,351,24154000
558,A039420,диюл©╓Ёщ,20190523,2820,2830,2745,2780,90929,351,24154000
559,A039420,диюл©╓Ёщ,20190522,2800,2860,2775,2820,93228,351,24154000
560,A039420,диюл©╓Ёщ,20190521,2765,2795,2745,2780,111906,351,24154000
561,A039420,диюл©╓Ёщ,20190520,2770,2815,2720,2755,102023,351,24154000
562,A039420,диюл©╓Ёщ,20190517,2895,2955,2760,2760,146712,351,24154000
563,A039420,диюл©╓Ёщ,20190516,3010,3015,2855,2885,158535,351,24154000
564,A039420,диюл©╓Ёщ,20190515,2880,2995,2875,2980,242598,351,24154000
565,A039420,диюл©╓Ёщ,20190514,2845,2925,2825,2870,129965,351,24154000
566,A039420,диюл©╓Ёщ,20190513,2855,2940,2845,2910,168160,351,24154000
567,A039420,диюл©╓Ёщ,20190510,2885,2905,2820,2840,127842,351,24154000
568,A039420,диюл©╓Ёщ,20190509,3060,3060,2870,2885,292414,351,24154000
569,A039420,диюл©╓Ёщ,20190508,3090,3100,3030,3045,153454,351,24154000
570,A039420,диюл©╓Ёщ,20190507,3035,3105,3000,3100,211965,351,24154000
571,A039420,диюл©╓Ёщ,20190503,3030,3115,3010,3090,274459,351,24154000
572,A039420,диюл©╓Ёщ,20190502,2960,3045,2920,3030,102772,351,24154000
573,A039420,диюл©╓Ёщ,20190430,2985,2985,2910,2955,84807,351,24154000
574,A039420,диюл©╓Ёщ,20190429,2925,2975,2895,2935,113500,351,24154000
575,A039420,диюл©╓Ёщ,20190426,2995,2995,2925,2925,143582,351,24154000
576,A039420,диюл©╓Ёщ,20190425,3065,3105,2975,2980,259295,351,24154000
577,A039420,диюл©╓Ёщ,20190424,3090,3135,3055,3065,339006,351,24154000
578,A039420,диюл©╓Ёщ,20190423,3200,3220,3060,3060,847299,351,24154000
579,A039420,диюл©╓Ёщ,20190422,3020,3180,2960,3180,631337,351,24154000
580,A039420,диюл©╓Ёщ,20190419,3025,3035,2970,3015,137110,351,24154000
581,A039420,диюл©╓Ёщ,20190418,2930,3060,2930,2985,361422,351,24154000
582,A039420,диюл©╓Ёщ,20190417,2935,2950,2900,2940,149187,351,24154000
583,A039420,диюл©╓Ёщ,20190416,2900,2950,2865,2930,140922,351,24154000
584,A039420,диюл©╓Ёщ,20190415,2920,2965,2905,2930,127646,351,24154000
585,A039420,диюл©╓Ёщ,20190412,2955,2970,2915,2935,176082,351,24154000
586,A039420,диюл©╓Ёщ,20190411,3165,3230,2960,2980,1503247,351,24154000
587,A039420,диюл©╓Ёщ,20190410,2850,2935,2820,2935,396450,351,24154000
588,A039420,диюл©╓Ёщ,20190409,2840,2855,2805,2850,95663,351,24154000
589,A039420,диюл©╓Ёщ,20190408,2865,2885,2810,2825,67984,351,24154000
590,A039420,диюл©╓Ёщ,20190405,2850,2865,2805,2850,64176,351,24154000
591,A039420,диюл©╓Ёщ,20190404,2845,2895,2825,2830,92092,351,24154000
592,A039420,диюл©╓Ёщ,20190403,2875,2875,2820,2840,65423,351,24154000
593,A039420,диюл©╓Ёщ,20190402,2840,2880,2830,2855,52097,351,24154000
594,A039420,диюл©╓Ёщ,20190401,2800,2865,2770,2840,131278,351,24154000
595,A039420,диюл©╓Ёщ,20190329,2675,2750,2660,2750,100868,351,24154000
596,A039420,диюл©╓Ёщ,20190328,2640,2735,2610,2660,72447,351,24154000
597,A039420,диюл©╓Ёщ,20190327,2735,2740,2660,2660,45547,351,24154000
598,A039420,диюл©╓Ёщ,20190326,2690,2790,2685,2720,56653,351,24154000
599,A039420,диюл©╓Ёщ,20190325,2675,2730,2675,2690,83173,351,24154000
600,A039420,диюл©╓Ёщ,20190322,2735,2760,2705,2745,65053,351,24154000
601,A039420,диюл©╓Ёщ,20190321,2775,2775,2730,2730,72774,351,24154000
602,A039420,диюл©╓Ёщ,20190320,2800,2805,2735,2775,62815,351,24154000
603,A039420,диюл©╓Ёщ,20190319,2780,2825,2780,2795,47734,351,24154000
604,A039420,диюл©╓Ёщ,20190318,2750,2790,2745,2780,69816,351,24154000
605,A039420,диюл©╓Ёщ,20190315,2810,2850,2710,2725,104581,351,24154000
606,A039420,диюл©╓Ёщ,20190314,2835,2835,2750,2810,73440,351,24154000
607,A039420,диюл©╓Ёщ,20190313,2770,2825,2750,2760,66330,351,24154000
608,A039420,диюл©╓Ёщ,20190312,2690,2800,2690,2795,115969,351,24154000
609,A039420,диюл©╓Ёщ,20190311,2660,2720,2605,2690,170546,351,24154000
610,A039420,диюл©╓Ёщ,20190308,2775,2795,2650,2650,248602,351,24154000
611,A039420,диюл©╓Ёщ,20190307,2870,2890,2750,2775,135068,351,24154000
612,A039420,диюл©╓Ёщ,20190306,2890,2915,2860,2870,102699,351,24154000
613,A039420,диюл©╓Ёщ,20190305,2875,2925,2820,2905,197079,351,24154000
614,A039420,диюл©╓Ёщ,20190304,2845,2975,2820,2870,400039,351,24154000
615,A039420,диюл©╓Ёщ,20190228,3085,3095,2840,2865,311930,351,24154000
616,A039420,диюл©╓Ёщ,20190227,3050,3080,3015,3075,141289,351,24154000
617,A039420,диюл©╓Ёщ,20190226,2980,3065,2980,3050,173163,351,24154000
618,A039420,диюл©╓Ёщ,20190225,3050,3055,2965,2965,234839,351,24154000
619,A039420,диюл©╓Ёщ,20190222,3060,3155,3005,3005,387784,351,24154000
620,A039420,диюл©╓Ёщ,20190221,2975,3270,2950,3080,2183749,351,24154000
621,A039420,диюл©╓Ёщ,20190220,3030,3050,2960,2980,194315,351,24154000
622,A039420,диюл©╓Ёщ,20190219,3025,3080,3010,3025,125594,351,24154000
623,A039420,диюл©╓Ёщ,20190218,3040,3135,3005,3010,127606,351,24154000
624,A039420,диюл©╓Ёщ,20190215,3060,3115,3030,3040,161626,351,24154000
625,A039420,диюл©╓Ёщ,20190214,3140,3185,3070,3080,312799,351,24154000
626,A039420,диюл©╓Ёщ,20190213,3350,3400,3155,3155,1025153,351,24154000
627,A039420,диюл©╓Ёщ,20190212,3135,3200,3105,3185,361164,351,24154000
628,A039420,диюл©╓Ёщ,20190211,3100,3250,3090,3105,1265758,351,24154000
629,A039420,диюл©╓Ёщ,20190208,3065,3100,3020,3090,201187,351,24154000
630,A039420,диюл©╓Ёщ,20190207,3140,3155,3070,3070,474119,351,24154000
631,A039420,диюл©╓Ёщ,20190201,3015,3100,2980,3075,422854,351,24154000
632,A039420,диюл©╓Ёщ,20190131,3050,3095,2965,3015,212019,351,24154000
633,A039420,диюл©╓Ёщ,20190130,3090,3095,3035,3035,221960,351,24154000
634,A039420,диюл©╓Ёщ,20190129,3125,3135,3030,3095,464974,351,24154000
635,A039420,диюл©╓Ёщ,20190128,3030,3140,2990,3125,897676,351,24154000
636,A039420,диюл©╓Ёщ,20190125,3020,3060,2990,3010,298177,351,24154000
637,A039420,диюл©╓Ёщ,20190124,2985,3040,2965,2990,224664,351,24154000
638,A039420,диюл©╓Ёщ,20190123,2955,3025,2940,2990,149790,351,24154000
639,A039420,диюл©╓Ёщ,20190122,3050,3075,2950,2955,308606,351,24154000
640,A039420,диюл©╓Ёщ,20190121,3000,3050,2965,3025,493034,351,24154000
641,A039420,диюл©╓Ёщ,20190118,2930,2975,2900,2930,222367,351,24154000
642,A039420,диюл©╓Ёщ,20190117,2985,3000,2865,2930,290665,351,24154000
643,A039420,диюл©╓Ёщ,20190116,3030,3065,2935,2950,574625,351,24154000
644,A039420,диюл©╓Ёщ,20190115,3030,3035,2930,3030,1254018,351,24154000
645,A039420,диюл©╓Ёщ,20190114,2930,3100,2880,3070,1215799,351,24154000
646,A039420,диюл©╓Ёщ,20190111,2830,2955,2825,2930,630681,351,24154000
647,A039420,диюл©╓Ёщ,20190110,2950,2960,2820,2830,1027911,351,24154000
648,A039420,диюл©╓Ёщ,20190109,2820,3300,2820,2850,8494225,351,24154000
649,A039420,диюл©╓Ёщ,20190108,2610,2665,2550,2665,437242,351,24154000
650,A039420,диюл©╓Ёщ,20190107,2550,2600,2500,2580,136544,351,24154000
651,A039420,диюл©╓Ёщ,20190104,2465,2685,2465,2530,265193,351,24154000
652,A039420,диюл©╓Ёщ,20190103,2600,2605,2500,2560,102635,351,24154000
653,A039420,диюл©╓Ёщ,20190102,2590,2650,2555,2600,77158,351,24154000
654,A039420,диюл©╓Ёщ,20181228,2520,2590,2475,2590,98571,351,24154000
655,A039420,диюл©╓Ёщ,20181227,2510,2575,2480,2520,60182,351,24154000
656,A039420,диюл©╓Ёщ,20181226,2550,2595,2355,2480,178949,351,24154000
657,A039420,диюл©╓Ёщ,20181224,2600,2625,2525,2605,96589,351,24154000
658,A039420,диюл©╓Ёщ,20181221,2605,2640,2570,2600,72044,351,24154000
659,A039420,диюл©╓Ёщ,20181220,2560,2655,2540,2655,126652,351,24154000
660,A039420,диюл©╓Ёщ,20181219,2590,2635,2570,2575,57066,351,24154000
661,A039420,диюл©╓Ёщ,20181218,2570,2635,2550,2590,83697,351,24154000
662,A039420,диюл©╓Ёщ,20181217,2650,2705,2605,2620,146388,351,24154000
663,A039420,диюл©╓Ёщ,20181214,2690,2720,2620,2720,221650,351,24154000
664,A039420,диюл©╓Ёщ,20181213,2580,2705,2540,2700,468843,351,24154000
665,A039420,диюл©╓Ёщ,20181212,2535,2595,2525,2585,75164,351,24154000
666,A039420,диюл©╓Ёщ,20181211,2605,2660,2530,2585,113498,351,24154000
667,A039420,диюл©╓Ёщ,20181210,2555,2675,2550,2600,114489,351,24154000
668,A039420,диюл©╓Ёщ,20181207,2635,2725,2630,2635,94321,351,24154000
669,A039420,диюл©╓Ёщ,20181206,2720,2785,2610,2630,133262,351,24154000
670,A039420,диюл©╓Ёщ,20181205,2695,2770,2685,2760,140210,351,24154000
671,A039420,диюл©╓Ёщ,20181204,2680,2760,2660,2740,188223,351,24154000
672,A039420,диюл©╓Ёщ,20181203,2660,2685,2570,2685,304738,351,24154000
673,A039420,диюл©╓Ёщ,20181130,2660,2660,2585,2610,48322,351,24154000
674,A039420,диюл©╓Ёщ,20181129,2625,2670,2590,2650,92751,351,24154000
675,A039420,диюл©╓Ёщ,20181128,2610,2650,2570,2615,47543,351,24154000
676,A039420,диюл©╓Ёщ,20181127,2540,2615,2540,2605,49371,351,24154000
677,A039420,диюл©╓Ёщ,20181126,2540,2600,2515,2515,48924,351,24154000
678,A039420,диюл©╓Ёщ,20181123,2580,2650,2545,2560,53546,351,24154000
679,A039420,диюл©╓Ёщ,20181122,2585,2680,2585,2605,61440,351,24154000
680,A039420,диюл©╓Ёщ,20181121,2640,2640,2550,2585,111481,351,24154000
681,A039420,диюл©╓Ёщ,20181120,2660,2720,2650,2675,138696,351,24154000
682,A039420,диюл©╓Ёщ,20181119,2545,2840,2545,2725,556542,351,24154000
683,A039420,диюл©╓Ёщ,20181116,2580,2595,2490,2535,57135,351,24154000
684,A039420,диюл©╓Ёщ,20181115,2545,2565,2510,2525,21645,351,24154000
685,A039420,диюл©╓Ёщ,20181114,2480,2555,2455,2545,57342,351,24154000
686,A039420,диюл©╓Ёщ,20181113,2465,2560,2455,2490,90492,351,24154000
687,A039420,диюл©╓Ёщ,20181112,2600,2600,2540,2560,50984,351,24154000
688,A039420,диюл©╓Ёщ,20181109,2625,2625,2565,2600,52958,351,24154000
689,A039420,диюл©╓Ёщ,20181108,2620,2635,2570,2575,75850,351,24154000
690,A039420,диюл©╓Ёщ,20181107,2700,2700,2505,2590,152390,351,24154000
691,A039420,диюл©╓Ёщ,20181106,2560,2620,2520,2590,71530,351,24154000
692,A039420,диюл©╓Ёщ,20181105,2580,2630,2500,2560,126050,351,24154000
693,A039420,диюл©╓Ёщ,20181102,2440,2620,2440,2585,204891,351,24154000
694,A039420,диюл©╓Ёщ,20181101,2480,2500,2355,2435,161931,351,24154000
695,A039420,диюл©╓Ёщ,20181031,2350,2420,2340,2370,214274,351,24154000
696,A039420,диюл©╓Ёщ,20181030,2075,2375,2075,2350,452207,351,24154000
697,A039420,диюл©╓Ёщ,20181029,2400,2455,2280,2280,369117,351,24154000
698,A039420,диюл©╓Ёщ,20181026,2555,2580,2310,2405,370536,351,24154000
699,A039420,диюл©╓Ёщ,20181025,2610,2650,2525,2540,270667,351,24154000
700,A039420,диюл©╓Ёщ,20181024,2925,2950,2695,2715,292491,351,24154000
701,A039420,диюл©╓Ёщ,20181023,2945,2955,2870,2950,65479,351,24154000
702,A039420,диюл©╓Ёщ,20181022,2940,3040,2900,2965,73789,351,24154000
703,A039420,диюл©╓Ёщ,20181019,2905,2990,2855,2950,69759,351,24154000
704,A039420,диюл©╓Ёщ,20181018,3025,3090,2895,2905,108800,351,24154000
705,A039420,диюл©╓Ёщ,20181017,2950,3050,2930,3035,78407,351,24154000
706,A039420,диюл©╓Ёщ,20181016,2910,2950,2830,2950,121118,351,24154000
707,A039420,диюл©╓Ёщ,20181015,2820,2990,2810,2810,154709,351,24154000
708,A039420,диюл©╓Ёщ,20181012,2650,2845,2650,2845,235750,351,24154000
709,A039420,диюл©╓Ёщ,20181011,2805,2940,2730,2730,415815,351,24154000
710,A039420,диюл©╓Ёщ,20181010,3215,3310,3015,3015,255170,351,24154000
711,A039420,диюл©╓Ёщ,20181008,3220,3330,3220,3220,78056,351,24154000
712,A039420,диюл©╓Ёщ,20181005,3250,3355,3220,3290,90247,351,24154000
713,A039420,диюл©╓Ёщ,20181004,3225,3300,3200,3290,119510,351,24154000
714,A039420,диюл©╓Ёщ,20181002,3300,3370,3200,3205,208439,351,24154000
715,A039420,диюл©╓Ёщ,20181001,3385,3390,3265,3300,281506,351,24154000
716,A039420,диюл©╓Ёщ,20180928,3450,3475,3395,3395,197680,351,24154000
717,A039420,диюл©╓Ёщ,20180927,3430,3490,3400,3475,135256,351,24154000
718,A039420,диюл©╓Ёщ,20180921,3375,3545,3375,3485,208265,351,24154000
719,A039420,диюл©╓Ёщ,20180920,3460,3515,3370,3395,370179,351,24154000
720,A039420,диюл©╓Ёщ,20180919,3570,3585,3455,3455,272434,351,24154000
721,A039420,диюл©╓Ёщ,20180918,3560,3655,3505,3555,454011,351,24154000
722,A039420,диюл©╓Ёщ,20180917,3510,3790,3475,3560,1034492,351,24154000
723,A039420,диюл©╓Ёщ,20180914,3550,3580,3495,3500,247513,351,24154000
724,A039420,диюл©╓Ёщ,20180913,3565,3600,3460,3530,337658,351,24154000
725,A039420,диюл©╓Ёщ,20180912,3605,3640,3545,3560,335758,351,24154000
726,A039420,диюл©╓Ёщ,20180911,3645,3680,3530,3560,575824,351,24154000
727,A039420,диюл©╓Ёщ,20180910,3790,3790,3605,3645,1049643,351,24154000
728,A039420,диюл©╓Ёщ,20180907,3600,3840,3575,3800,2497450,351,24154000
729,A039420,диюл©╓Ёщ,20180906,3375,3700,3370,3575,2490230,351,24154000
730,A039420,диюл©╓Ёщ,20180905,3375,3410,3365,3385,157497,351,24154000
731,A039420,диюл©╓Ёщ,20180904,3410,3440,3360,3370,192536,351,24154000
732,A039420,диюл©╓Ёщ,20180903,3545,3590,3395,3400,467098,351,24154000
733,A039420,диюл©╓Ёщ,20180831,3480,3490,3410,3480,436588,351,24154000
734,A039420,диюл©╓Ёщ,20180830,3365,3575,3365,3495,1371997,351,24154000
735,A039420,диюл©╓Ёщ,20180829,3350,3400,3345,3380,128644,351,24154000
736,A039420,диюл©╓Ёщ,20180828,3350,3400,3325,3380,206954,351,24154000
737,A039420,диюл©╓Ёщ,20180827,3355,3420,3335,3345,233463,351,24154000
738,A039420,диюл©╓Ёщ,20180824,3360,3400,3310,3385,100483,351,24154000
739,A039420,диюл©╓Ёщ,20180823,3355,3440,3305,3360,193553,351,24154000
740,A039420,диюл©╓Ёщ,20180822,3335,3345,3295,3315,67257,351,24154000
741,A039420,диюл©╓Ёщ,20180821,3210,3350,3210,3330,230180,351,24154000
742,A039420,диюл©╓Ёщ,20180820,3245,3340,3235,3240,89681,351,24154000
743,A039420,диюл©╓Ёщ,20180817,3210,3270,3170,3245,110037,351,24154000
744,A039420,диюл©╓Ёщ,20180816,3150,3230,3115,3210,140645,351,24154000
745,A039420,диюл©╓Ёщ,20180814,3220,3290,3150,3150,117451,351,24154000
746,A039420,диюл©╓Ёщ,20180813,3340,3370,3150,3220,194438,351,24154000
747,A039420,диюл©╓Ёщ,20180810,3360,3390,3305,3315,120367,351,24154000
748,A039420,диюл©╓Ёщ,20180809,3310,3370,3300,3360,144341,351,24154000
749,A039420,диюл©╓Ёщ,20180808,3230,3355,3230,3310,132378,351,24154000
750,A039420,диюл©╓Ёщ,20180807,3300,3305,3225,3240,79740,351,24154000
751,A039420,диюл©╓Ёщ,20180806,3335,3360,3280,3285,93792,351,24154000
752,A039420,диюл©╓Ёщ,20180803,3345,3390,3290,3335,140253,351,24154000
753,A039420,диюл©╓Ёщ,20180802,3265,3450,3240,3345,384748,351,24154000
754,A039420,диюл©╓Ёщ,20180801,3245,3330,3245,3265,157561,351,24154000
755,A039420,диюл©╓Ёщ,20180731,3280,3340,3225,3245,139944,351,24154000
756,A039420,диюл©╓Ёщ,20180730,3290,3380,3215,3300,136334,351,24154000
757,A039420,диюл©╓Ёщ,20180727,3205,3345,3205,3320,119428,351,24154000
758,A039420,диюл©╓Ёщ,20180726,3105,3265,3100,3205,153231,351,24154000
759,A039420,диюл©╓Ёщ,20180725,3195,3265,3100,3100,144072,351,24154000
760,A039420,диюл©╓Ёщ,20180724,3000,3250,3000,3180,215965,351,24154000
761,A039420,диюл©╓Ёщ,20180723,3205,3235,3020,3045,257465,351,24154000
762,A039420,диюл©╓Ёщ,20180720,3160,3500,3160,3225,517668,351,24154000
763,A039420,диюл©╓Ёщ,20180719,3310,3340,3170,3205,186501,351,24154000
764,A039420,диюл©╓Ёщ,20180718,3365,3400,3290,3305,126192,351,24154000
765,A039420,диюл©╓Ёщ,20180717,3425,3445,3335,3360,119661,351,24154000
766,A039420,диюл©╓Ёщ,20180716,3460,3475,3400,3460,102682,351,24154000
767,A039420,диюл©╓Ёщ,20180713,3385,3520,3380,3435,349103,351,24154000
768,A039420,диюл©╓Ёщ,20180712,3515,3550,3365,3380,558822,351,24154000
769,A039420,диюл©╓Ёщ,20180711,3370,3505,3265,3505,526587,351,24154000
770,A039420,диюл©╓Ёщ,20180710,3230,3445,3230,3420,181855,351,24154000
771,A039420,диюл©╓Ёщ,20180709,3205,3270,3180,3230,138615,351,24154000
772,A039420,диюл©╓Ёщ,20180706,3305,3305,3185,3220,111577,351,24154000
773,A039420,диюл©╓Ёщ,20180705,3280,3315,3200,3255,207329,351,24154000
774,A039420,диюл©╓Ёщ,20180704,3215,3330,3215,3310,120495,351,24154000
775,A039420,диюл©╓Ёщ,20180703,3150,3295,3120,3235,268660,351,24154000
776,A039420,диюл©╓Ёщ,20180702,3335,3390,3115,3145,295649,351,24154000
777,A039420,диюл©╓Ёщ,20180629,3335,3415,3230,3360,284497,351,24154000
778,A039420,диюл©╓Ёщ,20180628,3480,3545,3340,3365,219360,351,24154000
779,A039420,диюл©╓Ёщ,20180627,3640,3640,3465,3480,250120,351,24154000
780,A039420,диюл©╓Ёщ,20180626,3560,3655,3520,3605,192445,351,24154000
781,A039420,диюл©╓Ёщ,20180625,3510,3635,3510,3575,197520,351,24154000
782,A039420,диюл©╓Ёщ,20180622,3735,3790,3515,3520,628128,351,24154000
783,A039420,диюл©╓Ёщ,20180621,3950,3970,3740,3750,291945,351,24154000
784,A039420,диюл©╓Ёщ,20180620,3840,4000,3830,3930,457265,351,24154000
785,A039420,диюл©╓Ёщ,20180619,4025,4425,3920,3920,2011864,351,24154000
786,A039420,диюл©╓Ёщ,20180618,4075,4160,3905,3940,322074,351,24154000
787,A039420,диюл©╓Ёщ,20180615,4020,4160,4020,4160,147927,351,24154000
788,A039420,диюл©╓Ёщ,20180614,4180,4240,4060,4060,201960,351,24154000
789,A039420,диюл©╓Ёщ,20180612,4240,4370,4185,4185,322907,351,24154000
790,A039420,диюл©╓Ёщ,20180611,4305,4320,4170,4210,283892,351,24154000
791,A039420,диюл©╓Ёщ,20180608,4345,4390,4210,4300,276164,351,24154000
792,A039420,диюл©╓Ёщ,20180607,4350,4405,4265,4300,318673,351,24154000
793,A039420,диюл©╓Ёщ,20180605,4340,4545,4300,4330,628919,351,24154000
794,A039420,диюл©╓Ёщ,20180604,4205,4625,4190,4345,1303657,351,24154000
795,A039420,диюл©╓Ёщ,20180601,4180,4290,4100,4190,442123,351,24154000
796,A039420,диюл©╓Ёщ,20180531,4200,4300,4130,4150,392297,351,24154000
797,A039420,диюл©╓Ёщ,20180530,4290,4375,4165,4185,448014,351,24154000
798,A039420,диюл©╓Ёщ,20180529,4480,4485,4255,4315,527523,351,24154000
799,A039420,диюл©╓Ёщ,20180528,4170,4570,4170,4485,1469383,351,24154000
800,A039420,диюл©╓Ёщ,20180525,3900,4085,3895,4000,812306,351,24154000
801,A039420,диюл©╓Ёщ,20180524,4360,4395,4180,4290,448587,351,24154000
802,A039420,диюл©╓Ёщ,20180523,4475,4475,4320,4345,374337,351,24154000
803,A039420,диюл©╓Ёщ,20180521,4545,4550,4430,4475,254947,351,24154000
804,A039420,диюл©╓Ёщ,20180518,4415,4555,4415,4530,465550,351,24154000
805,A039420,диюл©╓Ёщ,20180517,4515,4690,4450,4490,623610,351,24154000
806,A039420,диюл©╓Ёщ,20180516,4720,4780,4450,4520,1210670,351,24154000
807,A039420,диюл©╓Ёщ,20180515,5080,5150,4945,4970,921145,351,24154000
808,A039420,диюл©╓Ёщ,20180514,4990,5090,4925,5030,886453,351,24154000
809,A039420,диюл©╓Ёщ,20180511,5140,5270,4870,4915,2888082,351,24154000
810,A039420,диюл©╓Ёщ,20180510,4895,4980,4800,4920,875117,351,24154000
811,A039420,диюл©╓Ёщ,20180509,4875,4910,4565,4870,1233939,351,24154000
812,A039420,диюл©╓Ёщ,20180508,5170,5200,4715,4850,1850226,351,24154000
813,A039420,диюл©╓Ёщ,20180504,5050,5420,4980,5300,4171801,351,24154000
814,A039420,диюл©╓Ёщ,20180503,4725,5390,4715,5210,8057395,351,24154000
815,A039420,диюл©╓Ёщ,20180502,4935,5110,4790,4790,2450598,351,24154000
816,A039420,диюл©╓Ёщ,20180430,4800,5040,4700,4915,4877530,351,24154000
817,A039420,диюл©╓Ёщ,20180427,4580,4745,4410,4640,987750,351,24154000
818,A039420,диюл©╓Ёщ,20180426,4610,4675,4500,4500,598201,351,24154000
819,A039420,диюл©╓Ёщ,20180425,4790,4870,4620,4635,1203745,351,24154000
820,A039420,диюл©╓Ёщ,20180424,4740,4900,4620,4855,1422947,351,24154000
821,A039420,диюл©╓Ёщ,20180423,4680,5030,4510,4700,4621446,351,24154000
822,A039420,диюл©╓Ёщ,20180420,5040,5210,4440,4440,5663515,351,24154000
823,A039420,диюл©╓Ёщ,20180419,4465,4560,4335,4480,2248915,351,24154000
824,A039420,диюл©╓Ёщ,20180418,4220,4345,4160,4345,749214,351,24154000
825,A039420,диюл©╓Ёщ,20180417,4295,4470,4165,4185,1113654,351,24154000
826,A039420,диюл©╓Ёщ,20180416,4175,4240,4140,4235,349906,351,24154000
827,A039420,диюл©╓Ёщ,20180413,4135,4185,4125,4165,241212,351,24154000
828,A039420,диюл©╓Ёщ,20180412,4200,4220,4105,4170,225749,351,24154000
829,A039420,диюл©╓Ёщ,20180411,4155,4255,4125,4180,431818,351,24154000
830,A039420,диюл©╓Ёщ,20180410,4210,4215,4075,4130,293326,351,24154000
831,A039420,диюл©╓Ёщ,20180409,4135,4485,4100,4205,1142741,351,24154000
832,A039420,диюл©╓Ёщ,20180406,4195,4215,4120,4120,200954,351,24154000
833,A039420,диюл©╓Ёщ,20180405,4150,4285,4060,4195,605552,351,24154000
834,A039420,диюл©╓Ёщ,20180404,4315,4315,4050,4085,318109,351,24154000
835,A039420,диюл©╓Ёщ,20180403,4175,4275,4170,4260,165827,351,24154000
836,A039420,диюл©╓Ёщ,20180402,4320,4320,4135,4290,298751,351,24154000
837,A039420,диюл©╓Ёщ,20180330,4360,4360,4265,4295,160895,351,24154000
838,A039420,диюл©╓Ёщ,20180329,4200,4355,4175,4300,266653,351,24154000
839,A039420,диюл©╓Ёщ,20180328,4230,4235,4125,4195,224643,351,24154000
840,A039420,диюл©╓Ёщ,20180327,4245,4300,4215,4235,215762,351,24154000
841,A039420,диюл©╓Ёщ,20180326,4020,4240,3980,4220,423677,351,24154000
842,A039420,диюл©╓Ёщ,20180323,4215,4280,4020,4020,891021,351,24154000
843,A039420,диюл©╓Ёщ,20180322,4525,4545,4335,4360,603464,351,24154000
844,A039420,диюл©╓Ёщ,20180321,4550,4625,4450,4495,425769,351,24154000
845,A039420,диюл©╓Ёщ,20180320,4550,4640,4485,4535,465477,351,24154000
846,A039420,диюл©╓Ёщ,20180319,4820,4830,4655,4655,515270,351,24154000
847,A039420,диюл©╓Ёщ,20180316,4650,4870,4635,4765,1647577,351,24154000
848,A039420,диюл©╓Ёщ,20180315,4710,4710,4585,4685,331491,351,24154000
849,A039420,диюл©╓Ёщ,20180314,4690,4750,4665,4710,283539,351,24154000
850,A039420,диюл©╓Ёщ,20180313,4790,4800,4675,4730,503534,351,24154000
851,A039420,диюл©╓Ёщ,20180312,4730,4790,4695,4785,480081,351,24154000
852,A039420,диюл©╓Ёщ,20180309,4725,4725,4650,4680,284067,351,24154000
853,A039420,диюл©╓Ёщ,20180308,4710,4780,4635,4680,780973,351,24154000
854,A039420,диюл©╓Ёщ,20180307,4650,4750,4535,4670,715798,351,24154000
855,A039420,диюл©╓Ёщ,20180306,4450,4645,4450,4625,442600,351,24154000
856,A039420,диюл©╓Ёщ,20180305,4450,4535,4425,4450,197969,351,24154000
857,A039420,диюл©╓Ёщ,20180302,4400,4515,4355,4490,340524,351,24154000
858,A039420,диюл©╓Ёщ,20180228,4650,4700,4490,4505,663453,351,24154000
859,A039420,диюл©╓Ёщ,20180227,4775,4920,4680,4710,1270576,351,24154000
860,A039420,диюл©╓Ёщ,20180226,4705,4805,4655,4670,535943,351,24154000
861,A039420,диюл©╓Ёщ,20180223,4705,4835,4660,4685,733661,351,24154000
862,A039420,диюл©╓Ёщ,20180222,4695,4715,4620,4655,338430,351,24154000
863,A039420,диюл©╓Ёщ,20180221,4600,4950,4600,4675,1338287,351,24154000
864,A039420,диюл©╓Ёщ,20180220,4675,4730,4585,4600,477275,351,24154000
865,A039420,диюл©╓Ёщ,20180219,4595,4725,4595,4670,557249,351,24154000
866,A039420,диюл©╓Ёщ,20180214,4560,4690,4495,4595,590630,351,24154000
867,A039420,диюл©╓Ёщ,20180213,4545,4760,4490,4505,1133154,351,24154000
868,A039420,диюл©╓Ёщ,20180212,4575,4880,4505,4505,986383,351,24154000
869,A039420,диюл©╓Ёщ,20180209,4530,4680,4450,4520,625182,351,24154000
870,A039420,диюл©╓Ёщ,20180208,4400,5000,4370,4710,4551358,351,24154000
871,A039420,диюл©╓Ёщ,20180207,4750,4875,4310,4310,988070,351,24154000
872,A039420,диюл©╓Ёщ,20180206,4450,4720,4380,4680,1754667,351,24154000
873,A039420,диюл©╓Ёщ,20180205,4810,4960,4710,4720,1110428,351,24154000
874,A039420,диюл©╓Ёщ,20180202,5390,5390,5000,5030,1431444,351,24154000
875,A039420,диюл©╓Ёщ,20180201,5170,5300,5100,5300,2047255,351,24154000
876,A039420,диюл©╓Ёщ,20180131,4935,5650,4820,5200,8711766,351,24154000
877,A039420,диюл©╓Ёщ,20180130,5050,5130,4935,4975,1327871,351,24154000
878,A039420,диюл©╓Ёщ,20180129,5250,5490,5100,5100,5520965,351,24154000
879,A039420,диюл©╓Ёщ,20180126,4855,5110,4780,4985,3313480,351,24154000
880,A039420,диюл©╓Ёщ,20180125,4845,5080,4685,4810,3632268,351,24154000
881,A039420,диюл©╓Ёщ,20180124,4830,4965,4635,4750,2616116,351,24154000
882,A039420,диюл©╓Ёщ,20180123,5050,5740,4810,4865,9020645,351,24154000
883,A039420,диюл©╓Ёщ,20180122,5060,5140,4940,5080,1808877,351,24154000
884,A039420,диюл©╓Ёщ,20180119,4945,4945,4750,4880,1120998,351,24154000
885,A039420,диюл©╓Ёщ,20180118,4860,5000,4740,4800,2109454,351,24154000
886,A039420,диюл©╓Ёщ,20180117,4595,5800,4500,4895,30537848,351,24154000
887,A039420,диюл©╓Ёщ,20180116,4485,4900,4290,4595,10308874,351,24154000
888,A039420,диюл©╓Ёщ,20180115,3460,4520,3460,4400,23865501,351,24154000
889,A039420,диюл©╓Ёщ,20180112,3545,3555,3390,3480,1023562,351,24154000
890,A039420,диюл©╓Ёщ,20180111,3555,3785,3410,3550,2377325,351,24154000
891,A039420,диюл©╓Ёщ,20180110,3700,3870,3535,3610,3114998,351,24154000
892,A039420,диюл©╓Ёщ,20180109,3625,3680,3470,3670,2083810,351,24154000
893,A039420,диюл©╓Ёщ,20180108,3555,3650,3515,3625,2608617,351,24154000
894,A039420,диюл©╓Ёщ,20180105,3210,3860,3140,3505,13578948,351,24154000
895,A039420,диюл©╓Ёщ,20180104,3130,3215,3080,3205,1058783,351,24154000
896,A039420,диюл©╓Ёщ,20180103,3005,3115,3005,3110,276124,351,24154000
897,A039420,диюл©╓Ёщ,20180102,3010,3060,2990,3005,215128,351,24154000
898,A039420,диюл©╓Ёщ,20171228,2980,3060,2980,3005,141785,351,24154000
899,A039420,диюл©╓Ёщ,20171227,2970,3030,2950,2980,122284,351,24154000
900,A039420,диюл©╓Ёщ,20171226,2995,3030,2975,2980,183949,351,24154000
901,A039420,диюл©╓Ёщ,20171222,3060,3085,2980,2995,278149,351,24154000
902,A039420,диюл©╓Ёщ,20171221,3080,3200,3050,3060,865965,351,24154000
903,A039420,диюл©╓Ёщ,20171220,3075,3130,3055,3085,280518,351,24154000
904,A039420,диюл©╓Ёщ,20171219,3065,3100,3010,3075,268928,351,24154000
905,A039420,диюл©╓Ёщ,20171218,3010,3100,3000,3075,165851,351,24154000
906,A039420,диюл©╓Ёщ,20171215,3040,3055,3000,3010,160245,351,24154000
907,A039420,диюл©╓Ёщ,20171214,2970,3060,2970,3040,183380,351,24154000
908,A039420,диюл©╓Ёщ,20171213,3040,3080,2960,2970,375071,351,24154000
909,A039420,диюл©╓Ёщ,20171212,3115,3155,3020,3030,288893,351,24154000
910,A039420,диюл©╓Ёщ,20171211,3215,3220,3130,3130,435446,351,24154000
911,A039420,диюл©╓Ёщ,20171208,3190,3200,3125,3195,624978,351,24154000
912,A039420,диюл©╓Ёщ,20171207,3070,3200,3055,3170,1378286,351,24154000
913,A039420,диюл©╓Ёщ,20171206,3060,3110,3045,3045,265151,351,24154000
914,A039420,диюл©╓Ёщ,20171205,3040,3085,3020,3060,162005,351,24154000
915,A039420,диюл©╓Ёщ,20171204,3065,3105,3025,3050,193413,351,24154000
916,A039420,диюл©╓Ёщ,20171201,3040,3095,3005,3060,202704,351,24154000
917,A039420,диюл©╓Ёщ,20171130,3030,3070,2995,2995,150005,351,24154000
918,A039420,диюл©╓Ёщ,20171129,3025,3085,3020,3030,173834,351,24154000
919,A039420,диюл©╓Ёщ,20171128,3080,3115,3040,3045,162129,351,24154000
920,A039420,диюл©╓Ёщ,20171127,3115,3135,3075,3100,538755,351,24154000
921,A039420,диюл©╓Ёщ,20171124,3025,3080,2995,3075,243441,351,24154000
922,A039420,диюл©╓Ёщ,20171123,3015,3065,2990,3020,120406,351,24154000
923,A039420,диюл©╓Ёщ,20171122,3075,3090,3005,3015,245076,351,24154000
924,A039420,диюл©╓Ёщ,20171121,3095,3095,3020,3075,269174,351,24154000
925,A039420,диюл©╓Ёщ,20171120,2980,3050,2975,3050,274719,351,24154000
926,A039420,диюл©╓Ёщ,20171117,3010,3020,2975,2980,228195,351,24154000
927,A039420,диюл©╓Ёщ,20171116,2880,2965,2855,2960,196677,351,24154000
928,A039420,диюл©╓Ёщ,20171115,2920,2940,2840,2855,267748,351,24154000
929,A039420,диюл©╓Ёщ,20171114,2935,2960,2910,2915,150924,351,24154000
930,A039420,диюл©╓Ёщ,20171113,2965,2965,2920,2930,106066,351,24154000
931,A039420,диюл©╓Ёщ,20171110,2925,2970,2905,2950,148516,351,24154000
932,A039420,диюл©╓Ёщ,20171109,2945,2980,2925,2925,122313,351,24154000
933,A039420,диюл©╓Ёщ,20171108,3000,3005,2930,2945,170339,351,24154000
934,A039420,диюл©╓Ёщ,20171107,2900,3000,2900,2980,394022,351,24154000
935,A039420,диюл©╓Ёщ,20171106,2860,2915,2850,2905,247887,351,24154000
936,A039420,диюл©╓Ёщ,20171103,2830,2915,2815,2865,355713,351,24154000
937,A039420,диюл©╓Ёщ,20171102,2910,2910,2815,2820,131044,351,24154000
938,A039420,диюл©╓Ёщ,20171101,2790,2840,2790,2835,114079,351,24154000
939,A039420,диюл©╓Ёщ,20171031,2755,2835,2740,2795,202631,351,24154000
940,A039420,диюл©╓Ёщ,20171030,2815,2830,2750,2750,281539,351,24154000
941,A039420,диюл©╓Ёщ,20171027,2840,2850,2800,2805,177736,351,24154000
942,A039420,диюл©╓Ёщ,20171026,2870,2895,2810,2840,194523,351,24154000
943,A039420,диюл©╓Ёщ,20171025,2880,2915,2850,2865,143605,351,24154000
944,A039420,диюл©╓Ёщ,20171024,2845,2920,2845,2860,177379,351,24154000
945,A039420,диюл©╓Ёщ,20171023,2830,2865,2810,2850,118918,351,24154000
946,A039420,диюл©╓Ёщ,20171020,2855,2895,2815,2815,133809,351,24154000
947,A039420,диюл©╓Ёщ,20171019,2835,2900,2825,2865,176710,351,24154000
948,A039420,диюл©╓Ёщ,20171018,2815,2890,2795,2865,318432,351,24154000
949,A039420,диюл©╓Ёщ,20171017,2810,2870,2810,2810,147949,351,24154000
950,A039420,диюл©╓Ёщ,20171016,2830,2860,2795,2810,174303,351,24154000
951,A039420,диюл©╓Ёщ,20171013,2905,2915,2785,2795,331682,351,24154000
952,A039420,диюл©╓Ёщ,20171012,2970,2970,2900,2910,111663,351,24154000
953,A039420,диюл©╓Ёщ,20171011,2855,2945,2855,2925,129441,351,24154000
954,A039420,диюл©╓Ёщ,20171010,2925,3035,2880,2880,598078,351,24154000
955,A039420,диюл©╓Ёщ,20170929,2865,2950,2865,2915,160786,351,24154000
956,A039420,диюл©╓Ёщ,20170928,2865,2900,2845,2870,136131,351,24154000
957,A039420,диюл©╓Ёщ,20170927,2810,2885,2810,2865,165607,351,24154000
958,A039420,диюл©╓Ёщ,20170926,2720,2850,2720,2835,372729,351,24154000
959,A039420,диюл©╓Ёщ,20170925,2860,2965,2800,2835,515586,351,24154000
960,A039420,диюл©╓Ёщ,20170922,3040,3120,2900,2930,475805,351,24154000
961,A039420,диюл©╓Ёщ,20170921,3050,3105,3000,3090,411030,351,24154000
962,A039420,диюл©╓Ёщ,20170920,3250,3255,3060,3060,627120,351,24154000
963,A039420,диюл©╓Ёщ,20170919,3285,3285,3205,3225,297787,351,24154000
964,A039420,диюл©╓Ёщ,20170918,3175,3290,3170,3255,469718,351,24154000
965,A039420,диюл©╓Ёщ,20170915,3200,3225,3160,3200,244652,351,24154000
966,A039420,диюл©╓Ёщ,20170914,3160,3220,3150,3215,314831,351,24154000
967,A039420,диюл©╓Ёщ,20170913,3185,3200,3140,3150,289679,351,24154000
968,A039420,диюл©╓Ёщ,20170912,3165,3210,3135,3165,414072,351,24154000
969,A039420,диюл©╓Ёщ,20170911,3145,3200,3120,3145,430986,351,24154000
970,A039420,диюл©╓Ёщ,20170908,3335,3365,3155,3155,996789,351,24154000
971,A039420,диюл©╓Ёщ,20170907,3290,3405,3235,3335,1704485,351,24154000
972,A039420,диюл©╓Ёщ,20170906,3445,3465,3190,3230,1729327,351,24154000
973,A039420,диюл©╓Ёщ,20170905,3270,3385,3200,3385,1099155,351,24154000
974,A039420,диюл©╓Ёщ,20170904,3170,3330,3160,3280,787677,351,24154000
975,A039420,диюл©╓Ёщ,20170901,3260,3360,3215,3295,1890202,351,24154000
976,A039420,диюл©╓Ёщ,20170831,3150,3240,3145,3235,440037,351,24154000
977,A039420,диюл©╓Ёщ,20170830,3160,3195,3140,3140,364634,351,24154000
978,A039420,диюл©╓Ёщ,20170829,3105,3180,3090,3160,480516,351,24154000
979,A039420,диюл©╓Ёщ,20170828,3195,3205,3125,3150,532834,351,24154000
980,A039420,диюл©╓Ёщ,20170825,3290,3300,3145,3175,1137121,351,24154000
981,A039420,диюл©╓Ёщ,20170824,3260,3320,3240,3265,767977,351,24154000
982,A039420,диюл©╓Ёщ,20170823,3330,3365,3245,3275,1329461,351,24154000
983,A039420,диюл©╓Ёщ,20170822,3140,3340,3135,3325,3030289,351,24154000
984,A039420,диюл©╓Ёщ,20170821,3170,3215,3135,3135,486299,351,24154000
985,A039420,диюл©╓Ёщ,20170818,3130,3200,3095,3180,549832,351,24154000
986,A039420,диюл©╓Ёщ,20170817,3205,3240,3135,3145,948078,351,24154000
987,A039420,диюл©╓Ёщ,20170816,3150,3215,3120,3200,1535838,351,24154000
988,A039420,диюл©╓Ёщ,20170814,3175,3200,3055,3100,826960,351,24154000
989,A039420,диюл©╓Ёщ,20170811,2970,3180,2950,3110,2260952,351,24154000
990,A039420,диюл©╓Ёщ,20170810,2945,3195,2940,2995,935110,351,24154000
991,A039420,диюл©╓Ёщ,20170809,3010,3030,2950,2950,398458,351,24154000
992,A039420,диюл©╓Ёщ,20170808,2970,3025,2930,3010,580186,351,24154000
993,A039420,диюл©╓Ёщ,20170807,3035,3060,2955,2960,722208,351,24154000
994,A039420,диюл©╓Ёщ,20170804,3045,3345,3020,3020,8891114,351,24154000
995,A039420,диюл©╓Ёщ,20170803,3025,3025,2955,2980,334362,351,24154000
996,A039420,диюл©╓Ёщ,20170802,3000,3060,2975,3020,290013,351,24154000
997,A039420,диюл©╓Ёщ,20170801,2900,3015,2900,2965,459596,351,24154000
998,A039420,диюл©╓Ёщ,20170731,2885,2950,2870,2870,253235,351,24154000
999,A039420,диюл©╓Ёщ,20170728,2985,3015,2905,2925,376517,351,24154000
1000,A039420,диюл©╓Ёщ,20170727,2975,3040,2970,2990,193723,351,24154000
1001,A039420,диюл©╓Ёщ,20170726,3060,3085,2960,2990,442410,351,24154000
1002,A039420,диюл©╓Ёщ,20170725,3120,3135,3050,3055,401960,351,24154000
1003,A039420,диюл©╓Ёщ,20170724,3070,3135,3055,3120,411563,351,24154000
1004,A039420,диюл©╓Ёщ,20170721,3115,3165,3080,3080,510558,351,24154000
1005,A039420,диюл©╓Ёщ,20170720,3145,3155,3085,3105,447640,351,24154000
1006,A039420,диюл©╓Ёщ,20170719,3200,3215,3130,3140,986688,351,24154000
1007,A039420,диюл©╓Ёщ,20170718,3090,3215,3090,3215,1466419,351,24154000
1008,A039420,диюл©╓Ёщ,20170717,3120,3180,3080,3085,758178,351,24154000
1009,A039420,диюл©╓Ёщ,20170714,3075,3155,3065,3135,1309623,351,24154000
1010,A039420,диюл©╓Ёщ,20170713,3130,3175,3040,3040,1759182,351,24154000
1011,A039420,диюл©╓Ёщ,20170712,3055,3130,3040,3085,1085065,351,24154000
1012,A039420,диюл©╓Ёщ,20170711,2900,3445,2900,3100,9833514,351,24154000
1013,A039420,диюл©╓Ёщ,20170710,2905,2935,2890,2900,122004,351,24154000
1014,A039420,диюл©╓Ёщ,20170707,2900,2945,2890,2905,189258,351,24154000
1015,A039420,диюл©╓Ёщ,20170706,2880,2960,2875,2900,346780,351,24154000
1016,A039420,диюл©╓Ёщ,20170705,2945,2970,2875,2900,267895,351,24154000
1017,A039420,диюл©╓Ёщ,20170704,2980,2985,2915,2915,263114,351,24154000
1018,A039420,диюл©╓Ёщ,20170703,2970,3010,2965,2980,212066,351,24154000
1019,A039420,диюл©╓Ёщ,20170630,2980,3040,2940,2980,555221,351,24154000
1020,A039420,диюл©╓Ёщ,20170629,3010,3065,2930,2960,686096,351,24154000
1021,A039420,диюл©╓Ёщ,20170628,3055,3145,3025,3025,877523,351,24154000
1022,A039420,диюл©╓Ёщ,20170627,3060,3140,3045,3050,438946,351,24154000
1023,A039420,диюл©╓Ёщ,20170626,3050,3115,3010,3050,455950,351,24154000
1024,A039420,диюл©╓Ёщ,20170623,3070,3115,3020,3045,445815,351,24154000
1025,A039420,диюл©╓Ёщ,20170622,3155,3190,3090,3090,566825,351,24154000
1026,A039420,диюл©╓Ёщ,20170621,3120,3145,3035,3145,529731,351,24154000
1027,A039420,диюл©╓Ёщ,20170620,3180,3190,3070,3125,876378,351,24154000
1028,A039420,диюл©╓Ёщ,20170619,3130,3170,3080,3160,931568,351,24154000
1029,A039420,диюл©╓Ёщ,20170616,2980,3145,2930,3145,1418351,351,24154000
1030,A039420,диюл©╓Ёщ,20170615,3075,3190,2980,2980,2762000,351,24154000
1031,A039420,диюл©╓Ёщ,20170614,3015,3080,2960,3050,764696,351,24154000
1032,A039420,диюл©╓Ёщ,20170613,3035,3070,2995,3015,612773,351,24154000
1033,A039420,диюл©╓Ёщ,20170612,3025,3055,2990,3050,891311,351,24154000
1034,A039420,диюл©╓Ёщ,20170609,2890,3040,2890,3025,1358839,351,24154000
1035,A039420,диюл©╓Ёщ,20170608,2945,3000,2910,2910,556931,351,24154000
1036,A039420,диюл©╓Ёщ,20170607,2930,2950,2890,2945,414925,351,24154000
1037,A039420,диюл©╓Ёщ,20170605,2890,2920,2860,2920,396433,351,24154000
1038,A039420,диюл©╓Ёщ,20170602,2865,2925,2860,2885,426492,351,24154000
1039,A039420,диюл©╓Ёщ,20170601,2875,2895,2830,2870,432390,351,24154000
1040,A039420,диюл©╓Ёщ,20170531,2945,3080,2855,2855,4209260,351,24154000
1041,A039420,диюл©╓Ёщ,20170530,2830,2935,2825,2915,980703,351,24154000
1042,A039420,диюл©╓Ёщ,20170529,2840,2870,2810,2815,353257,351,24154000
1043,A039420,диюл©╓Ёщ,20170526,2850,2925,2830,2850,774630,351,24154000
1044,A039420,диюл©╓Ёщ,20170525,2860,2910,2835,2860,643496,351,24154000
1045,A039420,диюл©╓Ёщ,20170524,2900,3060,2825,2860,3884637,351,24154000
1046,A039420,диюл©╓Ёщ,20170523,2920,2925,2815,2825,491835,351,24154000
1047,A039420,диюл©╓Ёщ,20170522,2920,2950,2880,2895,598437,351,24154000
1048,A039420,диюл©╓Ёщ,20170519,3120,3135,2860,2905,3303600,351,24154000
1049,A039420,диюл©╓Ёщ,20170518,2870,2930,2860,2930,667612,351,24154000
1050,A039420,диюл©╓Ёщ,20170517,2885,2980,2835,2900,1090717,351,24154000
1051,A039420,диюл©╓Ёщ,20170516,2850,2925,2785,2865,491366,351,24154000
1052,A039420,диюл©╓Ёщ,20170515,2840,2890,2825,2850,221468,351,24154000
1053,A039420,диюл©╓Ёщ,20170512,2815,2880,2815,2845,204864,351,24154000
1054,A039420,диюл©╓Ёщ,20170511,2780,2925,2780,2845,1310916,351,24154000
1055,A039420,диюл©╓Ёщ,20170510,2745,2820,2745,2770,424084,351,24154000
1056,A039420,диюл©╓Ёщ,20170508,2750,2770,2710,2725,285097,351,24154000
1057,A039420,диюл©╓Ёщ,20170504,2720,2770,2720,2750,167688,351,24154000
1058,A039420,диюл©╓Ёщ,20170502,2740,2815,2725,2725,485410,351,24154000
1059,A039420,диюл©╓Ёщ,20170428,2770,2830,2755,2760,514660,351,24154000
1060,A039420,диюл©╓Ёщ,20170427,3005,3160,2765,2765,5195446,351,24154000
1061,A039420,диюл©╓Ёщ,20170426,2995,3000,2950,2965,347564,351,24154000
1062,A039420,диюл©╓Ёщ,20170425,2905,2995,2895,2990,459518,351,24154000
1063,A039420,диюл©╓Ёщ,20170424,2990,3005,2875,2895,518538,351,24154000
1064,A039420,диюл©╓Ёщ,20170421,3010,3020,2930,2985,551609,351,24154000
1065,A039420,диюл©╓Ёщ,20170420,2955,3025,2900,3000,1367422,351,24154000
1066,A039420,диюл©╓Ёщ,20170419,2815,2955,2815,2955,713795,351,24154000
1067,A039420,диюл©╓Ёщ,20170418,2810,2855,2800,2825,218448,351,24154000
1068,A039420,диюл©╓Ёщ,20170417,2815,2870,2810,2820,260545,351,24154000
1069,A039420,диюл©╓Ёщ,20170414,2870,2905,2810,2810,343593,351,24154000
1070,A039420,диюл©╓Ёщ,20170413,2765,2920,2765,2905,568541,351,24154000
1071,A039420,диюл©╓Ёщ,20170412,2795,2820,2780,2790,208466,351,24154000
1072,A039420,диюл©╓Ёщ,20170411,2760,2920,2695,2795,842542,351,24154000
1073,A039420,диюл©╓Ёщ,20170410,2940,2940,2750,2750,847834,351,24154000
1074,A039420,диюл©╓Ёщ,20170407,2985,3010,2935,2940,448480,351,24154000
1075,A039420,диюл©╓Ёщ,20170406,3025,3025,2935,2975,599698,351,24154000
1076,A039420,диюл©╓Ёщ,20170405,2975,3045,2955,3040,598072,351,24154000
1077,A039420,диюл©╓Ёщ,20170404,2960,3090,2950,2960,1661657,351,24154000
1078,A039420,диюл©╓Ёщ,20170403,3005,3030,2955,2960,751873,351,24154000
1079,A039420,диюл©╓Ёщ,20170331,3040,3095,2985,2995,1482017,351,24154000
1080,A039420,диюл©╓Ёщ,20170330,3025,3070,2970,3005,1304557,351,24154000
1081,A039420,диюл©╓Ёщ,20170329,2930,3110,2915,3010,3600784,351,24154000
1082,A039420,диюл©╓Ёщ,20170328,2990,3000,2870,2900,994364,351,24154000
1083,A039420,диюл©╓Ёщ,20170327,2855,2960,2810,2960,991881,351,24154000
1084,A039420,диюл©╓Ёщ,20170324,2810,2935,2780,2865,757091,351,24154000
1085,A039420,диюл©╓Ёщ,20170323,2880,2890,2800,2800,379346,351,24154000
1086,A039420,диюл©╓Ёщ,20170322,2935,2960,2870,2870,707573,351,24154000
1087,A039420,диюл©╓Ёщ,20170321,2800,2960,2795,2955,1220451,351,24154000
1088,A039420,диюл©╓Ёщ,20170320,2840,2880,2810,2815,234975,351,24154000
1089,A039420,диюл©╓Ёщ,20170317,2920,2920,2805,2860,450886,351,24154000
1090,A039420,диюл©╓Ёщ,20170316,2910,2955,2875,2900,645025,351,24154000
1091,A039420,диюл©╓Ёщ,20170315,2875,2985,2835,2865,2296697,351,24154000
1092,A039420,диюл©╓Ёщ,20170314,2805,2915,2760,2875,950898,351,24154000
1093,A039420,диюл©╓Ёщ,20170313,2770,2830,2750,2805,290052,351,24154000
1094,A039420,диюл©╓Ёщ,20170310,2705,2785,2600,2765,439520,351,24154000
1095,A039420,диюл©╓Ёщ,20170309,2700,2775,2700,2705,229061,351,24154000
1096,A039420,диюл©╓Ёщ,20170308,2700,2795,2675,2700,694319,351,24154000
1097,A039420,диюл©╓Ёщ,20170307,2620,2705,2620,2685,181199,351,24154000
1098,A039420,диюл©╓Ёщ,20170306,2540,2635,2535,2620,158800,351,24154000
1099,A039420,диюл©╓Ёщ,20170303,2670,2710,2530,2585,525982,351,24154000
1100,A039420,диюл©╓Ёщ,20170302,2765,2780,2690,2700,308094,351,24154000
1101,A039420,диюл©╓Ёщ,20170228,2720,2780,2700,2735,216351,351,24154000
1102,A039420,диюл©╓Ёщ,20170227,2805,2805,2720,2720,342156,351,24154000
1103,A039420,диюл©╓Ёщ,20170224,2920,2920,2770,2775,556051,351,24154000
1104,A039420,диюл©╓Ёщ,20170223,2910,2925,2865,2885,443422,351,24154000
1105,A039420,диюл©╓Ёщ,20170222,2825,2920,2815,2920,1186638,351,24154000
1106,A039420,диюл©╓Ёщ,20170221,2870,2915,2810,2815,625464,351,24154000
1107,A039420,диюл©╓Ёщ,20170220,2805,2870,2770,2855,582086,351,24154000
1108,A039420,диюл©╓Ёщ,20170217,2735,2800,2730,2800,292931,351,24154000
1109,A039420,диюл©╓Ёщ,20170216,2785,2785,2710,2735,260391,351,24154000
1110,A039420,диюл©╓Ёщ,20170215,2705,2785,2700,2785,388336,351,24154000
1111,A039420,диюл©╓Ёщ,20170214,2810,2830,2710,2710,698246,351,24154000
1112,A039420,диюл©╓Ёщ,20170213,2830,2860,2785,2805,949845,351,24154000
1113,A039420,диюл©╓Ёщ,20170210,2965,3025,2795,2800,1724169,351,24154000
1114,A039420,диюл©╓Ёщ,20170209,2990,3005,2915,2960,694139,351,24154000
1115,A039420,диюл©╓Ёщ,20170208,3025,3090,2925,2985,1755855,351,24154000
1116,A039420,диюл©╓Ёщ,20170207,2995,3030,2960,2980,1082309,351,24154000
1117,A039420,диюл©╓Ёщ,20170206,3030,3175,2950,3030,4209569,351,24154000
1118,A039420,диюл©╓Ёщ,20170203,2840,3000,2840,2935,2628528,351,24154000
1119,A039420,диюл©╓Ёщ,20170202,2855,2920,2810,2820,1047206,351,24154000
1120,A039420,диюл©╓Ёщ,20170201,2895,2970,2865,2875,1951314,351,24154000
1121,A039420,диюл©╓Ёщ,20170131,2870,2920,2800,2830,1444327,351,24154000
1122,A039420,диюл©╓Ёщ,20170126,2820,3045,2775,2850,6709075,351,24154000
1123,A039420,диюл©╓Ёщ,20170125,2765,2890,2725,2740,926595,351,24154000
1124,A039420,диюл©╓Ёщ,20170124,2725,2960,2690,2765,2945238,351,24154000
1125,A039420,диюл©╓Ёщ,20170123,2825,2925,2725,2725,651595,351,24154000
1126,A039420,диюл©╓Ёщ,20170120,2805,2885,2750,2850,893103,351,24154000
1127,A039420,диюл©╓Ёщ,20170119,2795,2925,2750,2805,1526457,351,24154000
1128,A039420,диюл©╓Ёщ,20170118,2860,2895,2720,2780,1079038,351,24154000
1129,A039420,диюл©╓Ёщ,20170117,2870,2920,2845,2910,1137812,351,24154000
1130,A039420,диюл©╓Ёщ,20170116,2910,2935,2800,2835,977835,351,24154000
1131,A039420,диюл©╓Ёщ,20170113,3025,3060,2860,2920,1767780,351,24154000
1132,A039420,диюл©╓Ёщ,20170112,3140,3175,2960,3050,2864155,351,24154000
1133,A039420,диюл©╓Ёщ,20170111,3335,3365,3080,3080,5881641,351,24154000
1134,A039420,диюл©╓Ёщ,20170110,3075,3240,3070,3210,6683530,351,24154000
1135,A039420,диюл©╓Ёщ,20170109,3105,3120,3010,3085,2178951,351,24154000
1136,A039420,диюл©╓Ёщ,20170106,3030,3145,2995,3105,5109325,351,24154000
1137,A039420,диюл©╓Ёщ,20170105,3275,3655,2995,3070,25769249,351,24154000
1138,A039420,диюл©╓Ёщ,20170104,3140,3270,3070,3180,5841773,351,24154000
1139,A039420,диюл©╓Ёщ,20170103,3170,3185,3110,3180,4122330,351,24154000
1140,A039420,диюл©╓Ёщ,20170102,3175,3205,3050,3145,7443586,351,24154000
1141,A039420,диюл©╓Ёщ,20161229,2420,3145,2420,3145,16148685,351,24154000
1142,A039420,диюл©╓Ёщ,20161228,2385,2480,2360,2420,189219,351,24154000
1143,A039420,диюл©╓Ёщ,20161227,2365,2525,2350,2385,514566,351,24154000
1144,A039420,диюл©╓Ёщ,20161226,2405,2425,2345,2385,112555,351,24154000
1145,A039420,диюл©╓Ёщ,20161223,2410,2420,2370,2415,80857,351,24154000
1146,A039420,диюл©╓Ёщ,20161222,2400,2450,2365,2415,114224,351,24154000
1147,A039420,диюл©╓Ёщ,20161221,2365,2425,2365,2400,160645,351,24154000
1148,A039420,диюл©╓Ёщ,20161220,2355,2405,2355,2365,115191,351,24154000
1149,A039420,диюл©╓Ёщ,20161219,2355,2375,2340,2370,45659,351,24154000
1150,A039420,диюл©╓Ёщ,20161216,2405,2470,2350,2365,79180,351,24154000
1151,A039420,диюл©╓Ёщ,20161215,2330,2390,2330,2390,74633,351,24154000
1152,A039420,диюл©╓Ёщ,20161214,2390,2415,2350,2350,58399,351,24154000
1153,A039420,диюл©╓Ёщ,20161213,2345,2420,2330,2390,162015,351,24154000
1154,A039420,диюл©╓Ёщ,20161212,2320,2360,2300,2345,63043,351,24154000
1155,A039420,диюл©╓Ёщ,20161209,2195,2355,2120,2310,201377,351,24154000
1156,A039420,диюл©╓Ёщ,20161208,2220,2260,2190,2215,49832,351,24154000
1157,A039420,диюл©╓Ёщ,20161207,2205,2255,2200,2210,63018,351,24154000
1158,A039420,диюл©╓Ёщ,20161206,2180,2225,2165,2205,111854,351,24154000
1159,A039420,диюл©╓Ёщ,20161205,2195,2240,2145,2200,168093,351,24154000
1160,A039420,диюл©╓Ёщ,20161202,2225,2300,2200,2220,77851,351,24154000
1161,A039420,диюл©╓Ёщ,20161201,2295,2330,2245,2245,124589,351,24154000
1162,A039420,диюл©╓Ёщ,20161130,2290,2340,2255,2295,86066,351,24154000
1163,A039420,диюл©╓Ёщ,20161129,2270,2335,2270,2320,45899,351,24154000
1164,A039420,диюл©╓Ёщ,20161128,2310,2370,2295,2300,120738,351,24154000
1165,A039420,диюл©╓Ёщ,20161125,2255,2325,2255,2300,86237,351,24154000
1166,A039420,диюл©╓Ёщ,20161124,2320,2355,2265,2265,111094,351,24154000
1167,A039420,диюл©╓Ёщ,20161123,2410,2440,2330,2330,154976,351,24154000
1168,A039420,диюл©╓Ёщ,20161122,2440,2460,2390,2420,105949,351,24154000
1169,A039420,диюл©╓Ёщ,20161121,2445,2465,2390,2420,82768,351,24154000
1170,A039420,диюл©╓Ёщ,20161118,2480,2500,2430,2450,194957,351,24154000
1171,A039420,диюл©╓Ёщ,20161117,2495,2495,2430,2490,149461,351,24154000
1172,A039420,диюл©╓Ёщ,20161116,2500,2530,2485,2495,143332,351,24154000
1173,A039420,диюл©╓Ёщ,20161115,2530,2550,2480,2495,158640,351,24154000
1174,A039420,диюл©╓Ёщ,20161114,2485,2540,2430,2530,114701,351,24154000
1175,A039420,диюл©╓Ёщ,20161111,2350,2490,2350,2480,204097,351,24154000
1176,A039420,диюл©╓Ёщ,20161110,2350,2380,2340,2365,207206,351,24154000
1177,A039420,диюл©╓Ёщ,20161109,2490,2540,2200,2265,571219,351,24154000
1178,A039420,диюл©╓Ёщ,20161108,2520,2530,2480,2480,82480,351,24154000
1179,A039420,диюл©╓Ёщ,20161107,2415,2510,2415,2485,93073,351,24154000
1180,A039420,диюл©╓Ёщ,20161104,2400,2460,2370,2400,181942,351,24154000
1181,A039420,диюл©╓Ёщ,20161103,2255,2440,2255,2400,219347,351,24154000
1182,A039420,диюл©╓Ёщ,20161102,2495,2505,2330,2330,377996,351,24154000
1183,A039420,диюл©╓Ёщ,20161101,2505,2600,2505,2540,142059,351,24154000
1184,A039420,диюл©╓Ёщ,20161031,2605,2670,2565,2570,220309,351,24154000
1185,A039420,диюл©╓Ёщ,20161028,2675,2675,2595,2605,100141,351,24154000
1186,A039420,диюл©╓Ёщ,20161027,2605,2675,2595,2660,113840,351,24154000
1187,A039420,диюл©╓Ёщ,20161026,2655,2680,2510,2605,458845,351,24154000
1188,A039420,диюл©╓Ёщ,20161025,2760,2765,2660,2690,204637,351,24154000
1189,A039420,диюл©╓Ёщ,20161024,2760,2800,2720,2750,154920,351,24154000
1190,A039420,диюл©╓Ёщ,20161021,2720,2775,2715,2750,135376,351,24154000
1191,A039420,диюл©╓Ёщ,20161020,2840,2850,2695,2730,425534,351,24154000
1192,A039420,диюл©╓Ёщ,20161019,2900,2930,2825,2835,249847,351,24154000
1193,A039420,диюл©╓Ёщ,20161018,2910,2955,2895,2895,134200,351,24154000
1194,A039420,диюл©╓Ёщ,20161017,2995,2995,2895,2930,210887,351,24154000
1195,A039420,диюл©╓Ёщ,20161014,3050,3110,2950,2960,475733,351,24154000
1196,A039420,диюл©╓Ёщ,20161013,3000,3150,2960,3020,1396135,351,24154000
1197,A039420,диюл©╓Ёщ,20161012,2955,3070,2945,2995,642240,351,24154000
1198,A039420,диюл©╓Ёщ,20161011,2940,3030,2910,3000,871832,351,24154000
1199,A039420,диюл©╓Ёщ,20161010,2835,2960,2835,2915,274555,351,24154000
1200,A039420,диюл©╓Ёщ,20161007,2950,3000,2850,2850,699110,351,24154000
1201,A039420,диюл©╓Ёщ,20161006,2930,2945,2885,2900,253755,351,24154000
1202,A039420,диюл©╓Ёщ,20161005,2885,2940,2885,2900,299752,351,24154000
1203,A039420,диюл©╓Ёщ,20161004,2830,2930,2830,2910,301355,351,24154000
1204,A039420,диюл©╓Ёщ,20160930,2885,2930,2830,2830,244074,351,24154000
1205,A039420,диюл©╓Ёщ,20160929,2840,2985,2835,2910,503206,351,24154000
1206,A039420,диюл©╓Ёщ,20160928,2820,2900,2805,2820,215170,351,24154000
1207,A039420,диюл©╓Ёщ,20160927,2835,2860,2810,2820,170397,351,24154000
1208,A039420,диюл©╓Ёщ,20160926,2920,2940,2830,2865,323036,351,24154000
1209,A039420,диюл©╓Ёщ,20160923,2800,3075,2800,2920,1523138,351,24154000
1210,A039420,диюл©╓Ёщ,20160922,2770,2870,2755,2810,526625,351,24154000
1211,A039420,диюл©╓Ёщ,20160921,2720,2760,2680,2755,217048,351,24154000
1212,A039420,диюл©╓Ёщ,20160920,2715,2740,2700,2705,179725,351,24154000
1213,A039420,диюл©╓Ёщ,20160919,2705,2760,2685,2740,259537,351,24154000
1214,A039420,диюл©╓Ёщ,20160913,2625,2740,2605,2705,279172,351,24154000
1215,A039420,диюл©╓Ёщ,20160912,2575,2660,2575,2580,212138,351,24154000
1216,A039420,диюл©╓Ёщ,20160909,2575,2655,2560,2630,332389,351,24154000
1217,A039420,диюл©╓Ёщ,20160908,2725,2750,2585,2630,695757,351,24154000
1218,A039420,диюл©╓Ёщ,20160907,2840,2845,2720,2725,550357,351,24154000
1219,A039420,диюл©╓Ёщ,20160906,2860,2930,2810,2810,372144,351,24154000
1220,A039420,диюл©╓Ёщ,20160905,2900,2975,2885,2890,395375,351,24154000
1221,A039420,диюл©╓Ёщ,20160902,2950,2980,2865,2880,382652,351,24154000
1222,A039420,диюл©╓Ёщ,20160901,2840,2905,2820,2890,200116,351,24154000
1223,A039420,диюл©╓Ёщ,20160831,2850,2925,2805,2840,336788,351,24154000
1224,A039420,диюл©╓Ёщ,20160830,2795,2895,2795,2850,254302,351,24154000
1225,A039420,диюл©╓Ёщ,20160829,2930,2950,2795,2795,421675,351,24154000
1226,A039420,диюл©╓Ёщ,20160826,3010,3020,2930,2940,356819,351,24154000
1227,A039420,диюл©╓Ёщ,20160825,3010,3175,2985,3020,672921,351,24154000
1228,A039420,диюл©╓Ёщ,20160824,3050,3065,2995,3005,283419,351,24154000
1229,A039420,диюл©╓Ёщ,20160823,3030,3080,3000,3035,228463,351,24154000
1230,A039420,диюл©╓Ёщ,20160822,3075,3095,3005,3015,231528,351,24154000
1231,A039420,диюл©╓Ёщ,20160819,3120,3130,3000,3075,339589,351,24154000
1232,A039420,диюл©╓Ёщ,20160818,3155,3190,3120,3120,282490,351,24154000
1233,A039420,диюл©╓Ёщ,20160817,3205,3250,3145,3155,259614,351,24154000
1234,A039420,диюл©╓Ёщ,20160816,3280,3285,3180,3240,384175,351,24154000
1235,A039420,диюл©╓Ёщ,20160812,3260,3335,3210,3255,595684,351,24154000
1236,A039420,диюл©╓Ёщ,20160811,3200,3330,3175,3255,991859,351,24154000
1237,A039420,диюл©╓Ёщ,20160810,3245,3250,3180,3180,294092,351,24154000
1238,A039420,диюл©╓Ёщ,20160809,3125,3235,3125,3235,417348,351,24154000
1239,A039420,диюл©╓Ёщ,20160808,3280,3290,3120,3145,762029,351,24154000
1240,A039420,диюл©╓Ёщ,20160805,3310,3375,3240,3265,924618,351,24154000
1241,A039420,диюл©╓Ёщ,20160804,3330,3405,3290,3290,1125623,351,24154000
1242,A039420,диюл©╓Ёщ,20160803,3390,3480,3290,3295,3055950,351,24154000
1243,A039420,диюл©╓Ёщ,20160802,3800,3800,3335,3350,6944175,351,24154000
1244,A039420,диюл©╓Ёщ,20160801,3275,3375,3265,3370,1062207,351,24154000
1245,A039420,диюл©╓Ёщ,20160729,3310,3310,3250,3265,384719,351,24154000
1246,A039420,диюл©╓Ёщ,20160728,3330,3400,3275,3300,1010443,351,24154000
1247,A039420,диюл©╓Ёщ,20160727,3360,3385,3250,3250,789106,351,24154000
1248,A039420,диюл©╓Ёщ,20160726,3340,3430,3315,3370,1885373,351,24154000
1249,A039420,диюл©╓Ёщ,20160725,3310,3360,3275,3305,763216,351,24154000
1250,A039420,диюл©╓Ёщ,20160722,3235,3315,3210,3285,740709,351,24154000
1251,A039420,диюл©╓Ёщ,20160721,3225,3270,3190,3235,449119,351,24154000
1252,A039420,диюл©╓Ёщ,20160720,3255,3305,3200,3205,660769,351,24154000
1253,A039420,диюл©╓Ёщ,20160719,3290,3350,3255,3255,1178462,351,24154000
1254,A039420,диюл©╓Ёщ,20160718,3375,3420,3240,3255,2078666,351,24154000
1255,A039420,диюл©╓Ёщ,20160715,3205,3365,3180,3330,3695901,351,24154000
1256,A039420,диюл©╓Ёщ,20160714,3185,3250,3145,3185,997564,351,24154000
1257,A039420,диюл©╓Ёщ,20160713,3150,3205,3120,3180,844521,351,24154000
1258,A039420,диюл©╓Ёщ,20160712,3125,3170,3100,3120,595209,351,24154000
1259,A039420,диюл©╓Ёщ,20160711,3065,3165,3065,3115,482763,351,24154000
1260,A039420,диюл©╓Ёщ,20160708,3150,3150,3045,3055,468398,351,24154000
1261,A039420,диюл©╓Ёщ,20160707,3100,3185,3080,3100,815691,351,24154000
1262,A039420,диюл©╓Ёщ,20160706,3115,3180,3035,3050,767885,351,24154000
1263,A039420,диюл©╓Ёщ,20160705,3180,3215,3105,3125,556527,351,24154000
1264,A039420,диюл©╓Ёщ,20160704,3180,3245,3130,3170,1148150,351,24154000
1265,A039420,диюл©╓Ёщ,20160701,3140,3295,3085,3105,3350501,351,24154000
1266,A039420,диюл©╓Ёщ,20160630,3065,3185,3030,3055,959860,351,24154000
1267,A039420,диюл©╓Ёщ,20160629,3060,3070,2980,2995,653772,351,24154000
1268,A039420,диюл©╓Ёщ,20160628,2930,3025,2930,2980,640982,351,24154000
1269,A039420,диюл©╓Ёщ,20160627,2735,2980,2730,2930,935813,351,24154000
1270,A039420,диюл©╓Ёщ,20160624,3250,3260,2820,2890,2373528,351,24154000
1271,A039420,диюл©╓Ёщ,20160623,3370,3395,3115,3200,1329133,351,24154000
1272,A039420,диюл©╓Ёщ,20160622,3320,3475,3315,3350,1080734,351,24154000
1273,A039420,диюл©╓Ёщ,20160621,3485,3530,3345,3350,1273502,351,24154000
1274,A039420,диюл©╓Ёщ,20160620,3385,3465,3340,3445,924657,351,24154000
1275,A039420,диюл©╓Ёщ,20160617,3330,3460,3225,3330,1422720,351,24154000
1276,A039420,диюл©╓Ёщ,20160616,3500,3500,3280,3300,2060358,351,24154000
1277,A039420,диюл©╓Ёщ,20160615,3480,3645,3440,3450,1880616,351,24154000
1278,A039420,диюл©╓Ёщ,20160614,3700,3775,3525,3525,4292843,351,24154000
1279,A039420,диюл©╓Ёщ,20160613,3545,3780,3455,3765,3213514,351,24154000
1280,A039420,диюл©╓Ёщ,20160610,3610,3865,3610,3635,7889199,351,24154000
1281,A039420,диюл©╓Ёщ,20160609,3410,3620,3400,3555,3622531,351,24154000
1282,A039420,диюл©╓Ёщ,20160608,3565,3830,3405,3405,6900823,351,24154000
1283,A039420,диюл©╓Ёщ,20160607,3525,3655,3415,3540,6721919,351,24154000
1284,A039420,диюл©╓Ёщ,20160603,3200,3850,3185,3495,29737221,351,24154000
1285,A039420,диюл©╓Ёщ,20160602,3200,3235,3140,3160,508461,351,24154000
1286,A039420,диюл©╓Ёщ,20160601,3320,3325,3220,3220,555765,351,24154000
1287,A039420,диюл©╓Ёщ,20160531,3280,3290,3210,3270,617905,351,24154000
1288,A039420,диюл©╓Ёщ,20160530,3230,3310,3200,3260,2036624,351,24154000
1289,A039420,диюл©╓Ёщ,20160527,3125,3200,3085,3180,735541,351,24154000
1290,A039420,диюл©╓Ёщ,20160526,3180,3195,3065,3090,679503,351,24154000
1291,A039420,диюл©╓Ёщ,20160525,3080,3205,3075,3150,1083370,351,24154000
1292,A039420,диюл©╓Ёщ,20160524,3125,3150,3025,3075,898492,351,24154000
1293,A039420,диюл©╓Ёщ,20160523,3155,3220,3110,3130,598214,351,24154000
1294,A039420,диюл©╓Ёщ,20160520,3100,3190,3100,3155,574922,351,24154000
1295,A039420,диюл©╓Ёщ,20160519,3120,3210,3065,3120,1031136,351,24154000
1296,A039420,диюл©╓Ёщ,20160518,3125,3175,3030,3090,726103,351,24154000
1297,A039420,диюл©╓Ёщ,20160517,3300,3330,3100,3125,1574778,351,24154000
1298,A039420,диюл©╓Ёщ,20160516,3325,3335,3220,3300,880570,351,24154000
1299,A039420,диюл©╓Ёщ,20160513,3385,3475,3270,3290,1529920,351,24154000
1300,A039420,диюл©╓Ёщ,20160512,3455,3535,3375,3395,1582425,351,24154000
1301,A039420,диюл©╓Ёщ,20160511,3445,3525,3405,3455,1736840,351,24154000
1302,A039420,диюл©╓Ёщ,20160510,3305,3460,3275,3450,2428021,351,24154000
1303,A039420,диюл©╓Ёщ,20160509,3305,3385,3260,3270,1228067,351,24154000
1304,A039420,диюл©╓Ёщ,20160504,3345,3495,3285,3315,2799691,351,24154000
1305,A039420,диюл©╓Ёщ,20160503,3270,3425,3270,3320,1599693,351,24154000
1306,A039420,диюл©╓Ёщ,20160502,3385,3490,3215,3265,2694736,351,24154000
1307,A039420,диюл©╓Ёщ,20160429,3515,3530,3355,3355,3610469,351,24154000
1308,A039420,диюл©╓Ёщ,20160428,3350,3750,3330,3565,17144054,351,24154000
1309,A039420,диюл©╓Ёщ,20160427,3220,3425,3120,3280,4654682,351,24154000
1310,A039420,диюл©╓Ёщ,20160426,3290,3310,3190,3215,1498633,351,24154000
1311,A039420,диюл©╓Ёщ,20160425,3285,3375,3220,3245,2872142,351,24154000
1312,A039420,диюл©╓Ёщ,20160422,3360,3460,3200,3225,3167054,351,24154000
1313,A039420,диюл©╓Ёщ,20160421,3310,3380,3275,3345,2736323,351,24154000
1314,A039420,диюл©╓Ёщ,20160420,3355,3470,3260,3275,4763626,351,24154000
1315,A039420,диюл©╓Ёщ,20160419,3330,3635,3245,3315,8780395,351,24154000
1316,A039420,диюл©╓Ёщ,20160418,3060,3640,3020,3310,16098010,351,24154000
1317,A039420,диюл©╓Ёщ,20160415,2890,3350,2860,3040,11629212,351,24154000
1318,A039420,диюл©╓Ёщ,20160414,2915,2980,2850,2875,1735887,351,24154000
1319,A039420,диюл©╓Ёщ,20160412,3000,3040,2845,2885,1680036,351,24154000
1320,A039420,диюл©╓Ёщ,20160411,3050,3130,2990,2990,1725861,351,24154000
1321,A039420,диюл©╓Ёщ,20160408,3025,3115,2940,3010,2142640,351,24154000
1322,A039420,диюл©╓Ёщ,20160407,3210,3230,3005,3005,2040770,351,24154000
1323,A039420,диюл©╓Ёщ,20160406,3140,3270,3065,3200,2886206,351,24154000
1324,A039420,диюл©╓Ёщ,20160405,3270,3315,3090,3130,2506544,351,24154000
1325,A039420,диюл©╓Ёщ,20160404,3275,3520,3200,3260,7120834,351,24154000
1326,A039420,диюл©╓Ёщ,20160401,3460,3505,3185,3210,5961228,351,24154000
1327,A039420,диюл©╓Ёщ,20160331,3670,3960,3505,3520,22449169,351,24154000
1328,A039420,диюл©╓Ёщ,20160330,3375,3495,3315,3495,1524887,351,24154000
1329,A039420,диюл©╓Ёщ,20160329,3235,3355,3165,3355,1061031,351,24154000
1330,A039420,диюл©╓Ёщ,20160328,3300,3395,3200,3200,1845579,351,24154000
1331,A039420,диюл©╓Ёщ,20160325,3235,3980,3200,3390,29040603,351,24154000
1332,A039420,диюл©╓Ёщ,20160324,3320,3435,3180,3215,6333769,351,24154000
1333,A039420,диюл©╓Ёщ,20160323,3320,3650,3220,3350,13980314,351,24154000
1334,A039420,диюл©╓Ёщ,20160322,3420,3760,3190,3305,36917661,351,24154000
1335,A039420,диюл©╓Ёщ,20160321,2470,3200,2450,3200,11051639,351,24154000
1336,A039420,диюл©╓Ёщ,20160318,2570,2610,2465,2465,837256,351,24154000
1337,A039420,диюл©╓Ёщ,20160317,2500,2540,2465,2525,572037,351,24154000
1338,A039420,диюл©╓Ёщ,20160316,2450,2480,2420,2480,311140,351,24154000
1339,A039420,диюл©╓Ёщ,20160315,2425,2485,2385,2450,456081,351,24154000
1340,A039420,диюл©╓Ёщ,20160314,2435,2445,2390,2410,522522,351,24154000
1341,A039420,диюл©╓Ёщ,20160311,2395,2575,2385,2420,3143490,351,24154000
1342,A039420,диюл©╓Ёщ,20160310,2365,2395,2350,2395,208219,351,24154000
1343,A039420,диюл©╓Ёщ,20160309,2370,2410,2360,2360,113840,351,24154000
1344,A039420,диюл©╓Ёщ,20160308,2405,2420,2360,2360,214935,351,24154000
1345,A039420,диюл©╓Ёщ,20160307,2385,2425,2370,2405,238552,351,24154000
1346,A039420,диюл©╓Ёщ,20160304,2410,2435,2380,2390,284473,351,24154000
1347,A039420,диюл©╓Ёщ,20160303,2440,2480,2385,2405,194596,351,24154000
1348,A039420,диюл©╓Ёщ,20160302,2420,2455,2405,2420,220052,351,24154000
1349,A039420,диюл©╓Ёщ,20160229,2380,2415,2365,2390,152846,351,24154000
1350,A039420,диюл©╓Ёщ,20160226,2355,2420,2340,2390,268735,351,24154000
1351,A039420,диюл©╓Ёщ,20160225,2395,2430,2335,2335,254264,351,24154000
1352,A039420,диюл©╓Ёщ,20160224,2380,2415,2350,2355,161419,351,24154000
1353,A039420,диюл©╓Ёщ,20160223,2375,2490,2345,2380,622088,351,24154000
1354,A039420,диюл©╓Ёщ,20160222,2405,2415,2335,2365,198693,351,24154000
1355,A039420,диюл©╓Ёщ,20160219,2355,2400,2330,2370,176582,351,24154000
1356,A039420,диюл©╓Ёщ,20160218,2325,2350,2305,2345,131515,351,24154000
1357,A039420,диюл©╓Ёщ,20160217,2305,2385,2275,2275,464121,351,24154000
1358,A039420,диюл©╓Ёщ,20160216,2235,2310,2235,2285,284378,351,24154000
1359,A039420,диюл©╓Ёщ,20160215,2140,2275,2135,2235,456043,351,24154000
1360,A039420,диюл©╓Ёщ,20160212,2300,2365,2080,2165,734989,351,24154000
1361,A039420,диюл©╓Ёщ,20160211,2510,2515,2335,2365,639234,351,24154000
1362,A039420,диюл©╓Ёщ,20160205,2585,2610,2565,2575,253803,351,24154000
1363,A039420,диюл©╓Ёщ,20160204,2555,2585,2510,2580,400005,351,24154000
1364,A039420,диюл©╓Ёщ,20160203,2625,2675,2515,2515,746214,351,24154000
1365,A039420,диюл©╓Ёщ,20160202,2815,2815,2650,2650,661911,351,24154000
1366,A039420,диюл©╓Ёщ,20160201,2755,2945,2740,2780,2663383,351,24154000
1367,A039420,диюл©╓Ёщ,20160129,2660,2860,2600,2725,1592578,351,24154000
1368,A039420,диюл©╓Ёщ,20160128,2660,2705,2625,2655,392139,351,24154000
1369,A039420,диюл©╓Ёщ,20160127,2695,2740,2650,2660,549519,351,24154000
1370,A039420,диюл©╓Ёщ,20160126,2655,2725,2655,2660,546360,351,24154000
1371,A039420,диюл©╓Ёщ,20160125,2650,2690,2625,2680,417751,351,24154000
1372,A039420,диюл©╓Ёщ,20160122,2575,2655,2560,2595,514647,351,24154000
1373,A039420,диюл©╓Ёщ,20160121,2585,2670,2550,2550,731832,351,24154000
1374,A039420,диюл©╓Ёщ,20160120,2680,2825,2585,2600,1300273,351,24154000
1375,A039420,диюл©╓Ёщ,20160119,2785,2805,2620,2680,812704,351,24154000
1376,A039420,диюл©╓Ёщ,20160118,2770,2825,2735,2785,607483,351,24154000
1377,A039420,диюл©╓Ёщ,20160115,2980,3020,2830,2830,1621792,351,24154000
1378,A039420,диюл©╓Ёщ,20160114,3105,3135,2925,2970,2473762,351,24154000
1379,A039420,диюл©╓Ёщ,20160113,3150,3180,3050,3165,3018478,351,24154000
1380,A039420,диюл©╓Ёщ,20160112,2850,3200,2835,3200,6624532,351,24154000
1381,A039420,диюл©╓Ёщ,20160111,2890,2930,2785,2825,554970,351,24154000
1382,A039420,диюл©╓Ёщ,20160108,2860,2950,2805,2920,896542,351,24154000
1383,A039420,диюл©╓Ёщ,20160107,2845,3020,2845,2945,1489780,351,24154000
1384,A039420,диюл©╓Ёщ,20160106,2870,2970,2775,2865,1080839,351,24154000
1385,A039420,диюл©╓Ёщ,20160105,2720,2905,2720,2835,915382,351,24154000
1386,A039420,диюл©╓Ёщ,20160104,2870,2940,2770,2770,534967,351,24154000
