,쭺嚼왠,쭺磁,씶춴,쫚쌰,썴쌰,첰쌰,쭳,썐이잁,쵓쏺첲上河쮃왠,個쫛쩠
0,A120110,컠챵첉엇,20210823,71900,72800,71000,72200,73765,008,26978000
1,A120110,컠챵첉엇,20210820,73400,74200,70900,71400,362486,008,26978000
2,A120110,컠챵첉엇,20210819,77000,77700,73000,73300,418391,008,26978000
3,A120110,컠챵첉엇,20210818,77400,78600,76400,78000,167330,008,26978000
4,A120110,컠챵첉엇,20210817,78000,78900,77000,78100,264119,008,26978000
5,A120110,컠챵첉엇,20210813,81200,82000,78100,78800,461072,008,26978000
6,A120110,컠챵첉엇,20210812,79600,82400,79500,81100,436297,008,26978000
7,A120110,컠챵첉엇,20210811,79200,79600,78500,79300,172715,008,26978000
8,A120110,컠챵첉엇,20210810,78900,79700,78500,78900,143895,008,26978000
9,A120110,컠챵첉엇,20210809,77900,79500,77100,78900,242126,008,26978000
10,A120110,컠챵첉엇,20210806,78800,79600,78100,78400,178306,008,26978000
11,A120110,컠챵첉엇,20210805,79300,79400,77700,78900,339550,008,26978000
12,A120110,컠챵첉엇,20210804,80500,82300,78800,79200,519511,008,26978000
13,A120110,컠챵첉엇,20210803,79500,80500,76800,79800,388860,008,26978000
14,A120110,컠챵첉엇,20210802,81200,82100,78700,79500,295588,008,26978000
15,A120110,컠챵첉엇,20210730,81300,82500,80200,80900,306487,008,26978000
16,A120110,컠챵첉엇,20210729,80500,83100,80400,81200,318310,008,26978000
17,A120110,컠챵첉엇,20210728,80600,81700,79300,80200,218932,008,26978000
18,A120110,컠챵첉엇,20210727,82400,82600,81100,81400,140919,008,26978000
19,A120110,컠챵첉엇,20210726,81000,83800,80500,81600,287306,008,26978000
20,A120110,컠챵첉엇,20210723,80800,81600,80100,81200,188834,008,26978000
21,A120110,컠챵첉엇,20210722,82000,82000,80100,81100,209984,008,26978000
22,A120110,컠챵첉엇,20210721,80000,82400,79700,80800,409162,008,26978000
23,A120110,컠챵첉엇,20210720,79100,79800,77400,79100,395207,008,26978000
24,A120110,컠챵첉엇,20210719,79500,81200,78800,80300,212848,008,26978000
25,A120110,컠챵첉엇,20210716,83900,85700,80100,80700,496602,008,26978000
26,A120110,컠챵첉엇,20210715,84700,85000,82700,84000,411582,008,26978000
27,A120110,컠챵첉엇,20210714,81000,85400,80900,84400,689897,008,26978000
28,A120110,컠챵첉엇,20210713,78800,81000,78800,80800,310112,008,26978000
29,A120110,컠챵첉엇,20210712,79300,79700,78500,78700,217355,008,26978000
30,A120110,컠챵첉엇,20210709,77800,79000,75900,78800,493984,008,26978000
31,A120110,컠챵첉엇,20210708,81100,83000,78500,78800,475419,008,26978000
32,A120110,컠챵첉엇,20210707,79000,81400,78100,80400,319521,008,26978000
33,A120110,컠챵첉엇,20210706,78700,80200,78600,79500,252236,008,26978000
34,A120110,컠챵첉엇,20210705,81000,81100,78000,79100,479476,008,26978000
35,A120110,컠챵첉엇,20210702,81400,82600,79900,80900,344028,008,26978000
36,A120110,컠챵첉엇,20210701,81000,82900,80300,80900,472512,008,26978000
37,A120110,컠챵첉엇,20210630,78300,81900,77700,80800,703626,008,26978000
38,A120110,컠챵첉엇,20210629,78100,79400,77100,78200,430555,008,26978000
39,A120110,컠챵첉엇,20210628,73900,78200,73400,78100,790932,008,26978000
40,A120110,컠챵첉엇,20210625,76000,78800,73200,73200,1052756,008,26978000
41,A120110,컠챵첉엇,20210624,71700,72400,70600,72200,364728,008,26978000
42,A120110,컠챵첉엇,20210623,72000,73400,70600,72500,478776,008,26978000
43,A120110,컠챵첉엇,20210622,67900,72400,67600,71700,878182,008,26978000
44,A120110,컠챵첉엇,20210621,67000,68100,66400,67100,343781,008,26978000
45,A120110,컠챵첉엇,20210618,68500,68500,66500,66600,320179,008,26978000
46,A120110,컠챵첉엇,20210617,67400,68900,67000,67600,420637,008,26978000
47,A120110,컠챵첉엇,20210616,64000,68300,63600,67900,1127290,008,26978000
48,A120110,컠챵첉엇,20210615,63100,63900,62700,63100,127295,008,26978000
49,A120110,컠챵첉엇,20210614,64400,64600,62900,63200,164654,008,26978000
50,A120110,컠챵첉엇,20210611,63000,64600,62400,64200,308592,008,26978000
51,A120110,컠챵첉엇,20210610,62700,63500,61800,62900,232225,008,26978000
52,A120110,컠챵첉엇,20210609,63000,63400,62400,63000,183214,008,26978000
53,A120110,컠챵첉엇,20210608,62100,63700,62000,63200,275556,008,26978000
54,A120110,컠챵첉엇,20210607,62800,63100,61500,62300,224025,008,26978000
55,A120110,컠챵첉엇,20210604,62900,63400,62100,62700,167870,008,26978000
56,A120110,컠챵첉엇,20210603,64400,64600,62800,63000,292964,008,26978000
57,A120110,컠챵첉엇,20210602,65100,65500,64100,64200,334496,008,26978000
58,A120110,컠챵첉엇,20210601,62800,65200,62000,64800,502601,008,26978000
59,A120110,컠챵첉엇,20210531,62000,63200,61600,62300,347992,008,26978000
60,A120110,컠챵첉엇,20210528,60400,60700,59800,60700,178926,008,26978000
61,A120110,컠챵첉엇,20210527,61000,61700,59700,60000,194681,008,26978000
62,A120110,컠챵첉엇,20210526,60100,61100,60000,60700,182366,008,26978000
63,A120110,컠챵첉엇,20210525,59200,60300,58800,59800,189305,008,26978000
64,A120110,컠챵첉엇,20210524,59300,59400,58100,58400,154756,008,26978000
65,A120110,컠챵첉엇,20210521,60000,60700,58600,59200,301452,008,26978000
66,A120110,컠챵첉엇,20210520,59800,59800,58000,58700,222446,008,26978000
67,A120110,컠챵첉엇,20210518,58600,60100,58600,59700,158982,008,26978000
68,A120110,컠챵첉엇,20210517,60900,60900,58100,58200,260078,008,26978000
69,A120110,컠챵첉엇,20210514,59800,60600,59100,60400,168797,008,26978000
70,A120110,컠챵첉엇,20210513,60200,61300,58800,59400,396598,008,26978000
71,A120110,컠챵첉엇,20210512,63500,64200,60900,61900,264886,008,26978000
72,A120110,컠챵첉엇,20210511,64100,64900,63000,63600,198449,008,26978000
73,A120110,컠챵첉엇,20210510,64900,65900,64500,64500,246064,008,26978000
74,A120110,컠챵첉엇,20210507,64400,65400,63700,64800,255065,008,26978000
75,A120110,컠챵첉엇,20210506,62000,64300,61700,63800,231359,008,26978000
76,A120110,컠챵첉엇,20210504,63600,63900,61200,62700,423868,008,26978000
77,A120110,컠챵첉엇,20210503,60400,63600,60400,62100,459882,008,26978000
78,A120110,컠챵첉엇,20210430,63000,63100,59800,60500,344725,008,26978000
79,A120110,컠챵첉엇,20210429,62200,64500,62000,62700,280792,008,26978000
80,A120110,컠챵첉엇,20210428,63700,63700,61300,61700,341391,008,26978000
81,A120110,컠챵첉엇,20210427,66500,66900,63000,63900,397312,008,26978000
82,A120110,컠챵첉엇,20210426,64500,66400,63300,66400,427582,008,26978000
83,A120110,컠챵첉엇,20210423,63300,64400,62400,64100,175427,008,26978000
84,A120110,컠챵첉엇,20210422,64800,64900,63800,63900,232316,008,26978000
85,A120110,컠챵첉엇,20210421,63000,64500,62400,64400,381817,008,26978000
86,A120110,컠챵첉엇,20210420,61100,63300,61100,63000,412226,008,26978000
87,A120110,컠챵첉엇,20210419,61500,61600,60500,61100,246315,008,26978000
88,A120110,컠챵첉엇,20210416,61300,62500,61100,61300,240568,008,26978000
89,A120110,컠챵첉엇,20210415,62000,62300,60700,60800,281695,008,26978000
90,A120110,컠챵첉엇,20210414,61700,62200,61200,62000,196929,008,26978000
91,A120110,컠챵첉엇,20210413,64400,64400,61400,62000,640241,008,26978000
92,A120110,컠챵첉엇,20210412,64700,65500,64000,64600,422211,008,26978000
93,A120110,컠챵첉엇,20210409,62600,64700,61800,64000,423848,008,26978000
94,A120110,컠챵첉엇,20210408,63000,63400,61900,62300,172105,008,26978000
95,A120110,컠챵첉엇,20210407,62300,62900,61800,62300,208066,008,26978000
96,A120110,컠챵첉엇,20210406,63500,63600,62000,62300,280994,008,26978000
97,A120110,컠챵첉엇,20210405,59600,63300,58800,62800,555009,008,26978000
98,A120110,컠챵첉엇,20210402,60800,61400,59000,59500,398161,008,26978000
99,A120110,컠챵첉엇,20210401,62000,62900,60500,60500,573160,008,26978000
100,A120110,컠챵첉엇,20210331,59300,60300,58400,59800,266834,008,26978000
101,A120110,컠챵첉엇,20210330,60000,60400,58400,59200,288168,008,26978000
102,A120110,컠챵첉엇,20210329,62000,62300,59300,59500,548456,008,26978000
103,A120110,컠챵첉엇,20210326,63000,64000,61600,62700,407443,008,26978000
104,A120110,컠챵첉엇,20210325,60800,64000,60600,62600,774740,008,26978000
105,A120110,컠챵첉엇,20210324,57300,61200,57000,61000,776145,008,26978000
106,A120110,컠챵첉엇,20210323,57300,59900,57300,57700,781846,008,26978000
107,A120110,컠챵첉엇,20210322,56500,57500,55800,56700,192840,008,26978000
108,A120110,컠챵첉엇,20210319,56100,57200,55500,56600,237226,008,26978000
109,A120110,컠챵첉엇,20210318,57600,58500,56700,57300,344051,008,26978000
110,A120110,컠챵첉엇,20210317,55800,57500,55000,57200,482119,008,26978000
111,A120110,컠챵첉엇,20210316,56000,57700,55000,55600,676672,008,26978000
112,A120110,컠챵첉엇,20210315,55600,55700,54300,54800,228159,008,26978000
113,A120110,컠챵첉엇,20210312,54700,56000,54100,55500,341686,008,26978000
114,A120110,컠챵첉엇,20210311,50600,54700,50500,54700,584066,008,26978000
115,A120110,컠챵첉엇,20210310,52500,52700,50000,50300,434569,008,26978000
116,A120110,컠챵첉엇,20210309,54500,54700,51300,51900,541542,008,26978000
117,A120110,컠챵첉엇,20210308,55000,56600,53800,54700,552667,008,26978000
118,A120110,컠챵첉엇,20210305,54000,54500,52400,54500,460436,008,26978000
119,A120110,컠챵첉엇,20210304,53800,56000,53200,54700,565829,008,26978000
120,A120110,컠챵첉엇,20210303,54100,55600,53800,54500,369272,008,26978000
121,A120110,컠챵첉엇,20210302,57100,57300,53500,54500,639589,008,26978000
122,A120110,컠챵첉엇,20210226,51800,56500,51100,55000,1428984,008,26978000
123,A120110,컠챵첉엇,20210225,51200,53000,50500,52900,541197,008,26978000
124,A120110,컠챵첉엇,20210224,52000,52800,49600,49850,565521,008,26978000
125,A120110,컠챵첉엇,20210223,51300,52700,51200,51500,368260,008,26978000
126,A120110,컠챵첉엇,20210222,52800,53700,51700,52000,410120,008,26978000
127,A120110,컠챵첉엇,20210219,52900,55600,50800,53000,1076298,008,26978000
128,A120110,컠챵첉엇,20210218,56200,56500,52900,53000,783818,008,26978000
129,A120110,컠챵첉엇,20210217,57800,58500,56700,56800,396350,008,26978000
130,A120110,컠챵첉엇,20210216,56400,59000,54700,58000,811666,008,26978000
131,A120110,컠챵첉엇,20210215,56300,56700,55200,56000,569901,008,26978000
132,A120110,컠챵첉엇,20210210,53600,55900,51800,55300,754923,008,26978000
133,A120110,컠챵첉엇,20210209,56000,56100,53500,53600,757255,008,26978000
134,A120110,컠챵첉엇,20210208,53000,55300,51700,55200,838022,008,26978000
135,A120110,컠챵첉엇,20210205,52900,53900,51400,53100,767041,008,26978000
136,A120110,컠챵첉엇,20210204,53200,55300,52200,53500,1360510,008,26978000
137,A120110,컠챵첉엇,20210203,51100,54400,49750,53300,3141662,008,26978000
138,A120110,컠챵첉엇,20210202,49700,53300,48300,49100,6136833,008,26978000
139,A120110,컠챵첉엇,20210201,40550,42100,40000,41950,203583,008,26978000
140,A120110,컠챵첉엇,20210129,42600,42700,39900,40900,410389,008,26978000
141,A120110,컠챵첉엇,20210128,42900,43400,42000,42150,323343,008,26978000
142,A120110,컠챵첉엇,20210127,44500,44700,43600,43900,229571,008,26978000
143,A120110,컠챵첉엇,20210126,45850,46550,44300,44300,606925,008,26978000
144,A120110,컠챵첉엇,20210125,43150,45500,42750,45500,506857,008,26978000
145,A120110,컠챵첉엇,20210122,43400,44350,42800,42800,366196,008,26978000
146,A120110,컠챵첉엇,20210121,43250,44250,43200,43500,251877,008,26978000
147,A120110,컠챵첉엇,20210120,42650,43400,42350,42950,233515,008,26978000
148,A120110,컠챵첉엇,20210119,41250,42400,41150,42300,207064,008,26978000
149,A120110,컠챵첉엇,20210118,42000,42350,41150,41150,284644,008,26978000
150,A120110,컠챵첉엇,20210115,43600,43650,42200,42450,317491,008,26978000
151,A120110,컠챵첉엇,20210114,43850,44250,43050,43300,270627,008,26978000
152,A120110,컠챵첉엇,20210113,43250,44650,42950,43600,495226,008,26978000
153,A120110,컠챵첉엇,20210112,42200,43450,41100,42350,359172,008,26978000
154,A120110,컠챵첉엇,20210111,44400,44650,41400,42300,678290,008,26978000
155,A120110,컠챵첉엇,20210108,42550,44700,42350,43900,763948,008,26978000
156,A120110,컠챵첉엇,20210107,42700,42850,41900,42200,461399,008,26978000
157,A120110,컠챵첉엇,20210106,42300,43650,42150,42150,775446,008,26978000
158,A120110,컠챵첉엇,20210105,41250,42200,41050,41550,337929,008,26978000
159,A120110,컠챵첉엇,20210104,41300,41450,40600,41350,336808,008,26978000
160,A120110,컠챵첉엇,20201230,40200,41450,40100,41050,240133,008,26978000
161,A120110,컠챵첉엇,20201229,39750,40400,39700,40200,146659,008,26978000
162,A120110,컠챵첉엇,20201228,40150,40350,39850,39900,172572,008,26978000
163,A120110,컠챵첉엇,20201224,39850,40450,39750,40050,144212,008,26978000
164,A120110,컠챵첉엇,20201223,39500,39800,39000,39500,145759,008,26978000
165,A120110,컠챵첉엇,20201222,40350,40750,39300,39350,173837,008,26978000
166,A120110,컠챵첉엇,20201221,40800,40850,40300,40550,156853,008,26978000
167,A120110,컠챵첉엇,20201218,41200,41400,40850,40850,162544,008,26978000
168,A120110,컠챵첉엇,20201217,40250,41550,39800,41150,325266,008,26978000
169,A120110,컠챵첉엇,20201216,40000,40300,39700,40000,145671,008,26978000
170,A120110,컠챵첉엇,20201215,39900,39950,39400,39650,169809,008,26978000
171,A120110,컠챵첉엇,20201214,40500,40500,39800,39950,210445,008,26978000
172,A120110,컠챵첉엇,20201211,40550,41350,40250,40700,267287,008,26978000
173,A120110,컠챵첉엇,20201210,40300,40600,39700,40250,216539,008,26978000
174,A120110,컠챵첉엇,20201209,40000,40650,39600,40350,182931,008,26978000
175,A120110,컠챵첉엇,20201208,39800,40050,39400,39900,149830,008,26978000
176,A120110,컠챵첉엇,20201207,40600,40700,39300,39600,266147,008,26978000
177,A120110,컠챵첉엇,20201204,40950,41300,40500,40600,216617,008,26978000
178,A120110,컠챵첉엇,20201203,41100,41300,40600,41150,191264,008,26978000
179,A120110,컠챵첉엇,20201202,41450,41500,40400,40800,349266,008,26978000
180,A120110,컠챵첉엇,20201201,42050,42450,41200,41450,259027,008,26978000
181,A120110,컠챵첉엇,20201130,42050,42650,41150,41600,513599,008,26978000
182,A120110,컠챵첉엇,20201127,40400,40850,40150,40450,160145,008,26978000
183,A120110,컠챵첉엇,20201126,41200,41250,40250,40400,205306,008,26978000
184,A120110,컠챵첉엇,20201125,42450,42450,40300,41250,381480,008,26978000
185,A120110,컠챵첉엇,20201124,41150,42750,40600,41900,444915,008,26978000
186,A120110,컠챵첉엇,20201123,41300,41350,40700,41100,244807,008,26978000
187,A120110,컠챵첉엇,20201120,41200,42600,40250,41050,601820,008,26978000
188,A120110,컠챵첉엇,20201119,38350,41850,37600,40950,918366,008,26978000
189,A120110,컠챵첉엇,20201118,38900,39000,38350,38400,160490,008,26978000
190,A120110,컠챵첉엇,20201117,37950,39300,37700,38900,336481,008,26978000
191,A120110,컠챵첉엇,20201116,38150,38400,37900,38100,132329,008,26978000
192,A120110,컠챵첉엇,20201113,37700,38050,37400,37950,145159,008,26978000
193,A120110,컠챵첉엇,20201112,38200,38600,37700,38200,164543,008,26978000
194,A120110,컠챵첉엇,20201111,38250,38250,37400,37850,712521,008,26978000
195,A120110,컠챵첉엇,20201110,38950,38950,37700,38150,187445,008,26978000
196,A120110,컠챵첉엇,20201109,37200,38700,37200,38550,213757,008,26978000
197,A120110,컠챵첉엇,20201106,38250,38250,36700,36850,167249,008,26978000
198,A120110,컠챵첉엇,20201105,36550,38350,36200,37900,217211,008,26978000
199,A120110,컠챵첉엇,20201104,36900,37600,36400,36900,165479,008,26978000
200,A120110,컠챵첉엇,20201103,36000,36700,35950,36550,100507,008,26978000
201,A120110,컠챵첉엇,20201102,35300,35950,35200,35950,69930,008,26978000
202,A120110,컠챵첉엇,20201030,36350,36350,35200,35400,137144,008,26978000
203,A120110,컠챵첉엇,20201029,36650,36700,36000,36300,137931,008,26978000
204,A120110,컠챵첉엇,20201028,36300,37300,36200,37300,89560,008,26978000
205,A120110,컠챵첉엇,20201027,36250,37100,35800,36600,151961,008,26978000
206,A120110,컠챵첉엇,20201026,37000,37300,36500,36800,150022,008,26978000
207,A120110,컠챵첉엇,20201023,37500,37600,36950,37150,81643,008,26978000
208,A120110,컠챵첉엇,20201022,37600,37800,36900,37500,100914,008,26978000
209,A120110,컠챵첉엇,20201021,37350,37850,36700,37850,91203,008,26978000
210,A120110,컠챵첉엇,20201020,37050,37550,36300,37200,140700,008,26978000
211,A120110,컠챵첉엇,20201019,38200,38550,37500,37650,126521,008,26978000
212,A120110,컠챵첉엇,20201016,38150,38500,37150,38400,276691,008,26978000
213,A120110,컠챵첉엇,20201015,37550,37600,36350,36700,156973,008,26978000
214,A120110,컠챵첉엇,20201014,38650,38950,37500,37600,173760,008,26978000
215,A120110,컠챵첉엇,20201013,39700,39750,38400,38700,167756,008,26978000
216,A120110,컠챵첉엇,20201012,38350,39700,38350,39400,235711,008,26978000
217,A120110,컠챵첉엇,20201008,38800,39000,38150,38200,141370,008,26978000
218,A120110,컠챵첉엇,20201007,38550,38700,38250,38550,103080,008,26978000
219,A120110,컠챵첉엇,20201006,38700,39100,38450,38800,164658,008,26978000
220,A120110,컠챵첉엇,20201005,38000,38750,37400,38550,180059,008,26978000
221,A120110,컠챵첉엇,20200929,37400,38200,37250,37750,191408,008,26978000
222,A120110,컠챵첉엇,20200928,36400,37350,35950,37300,211838,008,26978000
223,A120110,컠챵첉엇,20200925,35700,36150,35150,35500,180327,008,26978000
224,A120110,컠챵첉엇,20200924,36400,36950,35100,35200,335056,008,26978000
225,A120110,컠챵첉엇,20200923,39200,39500,36600,37550,432664,008,26978000
226,A120110,컠챵첉엇,20200922,40750,40750,38500,38550,537944,008,26978000
227,A120110,컠챵첉엇,20200921,40450,41650,40250,41300,678795,008,26978000
228,A120110,컠챵첉엇,20200918,39950,40350,39000,39950,438549,008,26978000
229,A120110,컠챵첉엇,20200917,39650,40450,38500,39500,919660,008,26978000
230,A120110,컠챵첉엇,20200916,37000,39600,36950,38800,1031642,008,26978000
231,A120110,컠챵첉엇,20200915,38150,38200,36500,36750,363796,008,26978000
232,A120110,컠챵첉엇,20200914,35850,38250,35500,37400,704162,008,26978000
233,A120110,컠챵첉엇,20200911,35550,35800,35250,35500,118461,008,26978000
234,A120110,컠챵첉엇,20200910,36400,37200,35550,35800,381713,008,26978000
235,A120110,컠챵첉엇,20200909,34900,36150,34600,35900,289560,008,26978000
236,A120110,컠챵첉엇,20200908,37250,37650,35350,35400,591384,008,26978000
237,A120110,컠챵첉엇,20200907,33200,36800,32850,36200,962688,008,26978000
238,A120110,컠챵첉엇,20200904,32050,33450,32050,33150,176521,008,26978000
239,A120110,컠챵첉엇,20200903,33450,33700,33200,33300,156329,008,26978000
240,A120110,컠챵첉엇,20200902,33700,33700,32800,33400,151106,008,26978000
241,A120110,컠챵첉엇,20200901,32000,33650,32000,33400,230516,008,26978000
242,A120110,컠챵첉엇,20200831,32350,32800,31950,32000,130600,008,26978000
243,A120110,컠챵첉엇,20200828,32050,32600,31900,32350,130537,008,26978000
244,A120110,컠챵첉엇,20200827,32200,32350,31850,32000,133231,008,26978000
245,A120110,컠챵첉엇,20200826,32950,32950,32200,32350,131715,008,26978000
246,A120110,컠챵첉엇,20200825,32550,33250,32150,33050,150107,008,26978000
247,A120110,컠챵첉엇,20200824,32000,32300,31300,32200,118778,008,26978000
248,A120110,컠챵첉엇,20200821,31900,32650,31550,32050,149317,008,26978000
249,A120110,컠챵첉엇,20200820,33350,33650,31700,31750,236031,008,26978000
250,A120110,컠챵첉엇,20200819,33350,33850,32950,33450,147477,008,26978000
251,A120110,컠챵첉엇,20200818,35100,35200,33100,33300,361296,008,26978000
252,A120110,컠챵첉엇,20200814,36100,36500,35100,35200,177492,008,26978000
253,A120110,컠챵첉엇,20200813,37000,37300,35850,36050,246086,008,26978000
254,A120110,컠챵첉엇,20200812,36150,36600,35550,36600,185787,008,26978000
255,A120110,컠챵첉엇,20200811,36800,37000,35900,36150,235926,008,26978000
256,A120110,컠챵첉엇,20200810,34800,36950,34500,36550,469910,008,26978000
257,A120110,컠챵첉엇,20200807,35500,35500,34600,35000,186315,008,26978000
258,A120110,컠챵첉엇,20200806,34550,36100,34250,35500,364483,008,26978000
259,A120110,컠챵첉엇,20200805,34600,34750,34050,34500,228718,008,26978000
260,A120110,컠챵첉엇,20200804,34700,35050,34450,34600,174294,008,26978000
261,A120110,컠챵첉엇,20200803,33800,34800,33700,34400,178851,008,26978000
262,A120110,컠챵첉엇,20200731,34400,34400,33600,33700,163127,008,26978000
263,A120110,컠챵첉엇,20200730,34150,34550,34050,34250,118940,008,26978000
264,A120110,컠챵첉엇,20200729,33900,34550,33800,34150,131963,008,26978000
265,A120110,컠챵첉엇,20200728,34550,34900,34000,34050,214548,008,26978000
266,A120110,컠챵첉엇,20200727,34500,35100,34500,34550,136420,008,26978000
267,A120110,컠챵첉엇,20200724,35200,35300,34500,34700,200281,008,26978000
268,A120110,컠챵첉엇,20200723,36300,36500,35150,35700,190705,008,26978000
269,A120110,컠챵첉엇,20200722,35600,36850,35600,36200,309561,008,26978000
270,A120110,컠챵첉엇,20200721,35350,36300,35200,35550,262766,008,26978000
271,A120110,컠챵첉엇,20200720,35000,35100,34400,34950,140414,008,26978000
272,A120110,컠챵첉엇,20200717,35050,35800,34950,35300,205668,008,26978000
273,A120110,컠챵첉엇,20200716,36100,36150,34700,35000,321828,008,26978000
274,A120110,컠챵첉엇,20200715,36400,37200,35250,35600,346332,008,26978000
275,A120110,컠챵첉엇,20200714,37650,37650,35850,35950,444733,008,26978000
276,A120110,컠챵첉엇,20200713,35750,37650,35150,37650,755494,008,26978000
277,A120110,컠챵첉엇,20200710,35500,35650,33950,34300,205054,008,26978000
278,A120110,컠챵첉엇,20200709,35800,36200,35100,35450,204686,008,26978000
279,A120110,컠챵첉엇,20200708,34900,35700,34900,35300,194054,008,26978000
280,A120110,컠챵첉엇,20200707,35550,35600,34650,35300,254714,008,26978000
281,A120110,컠챵첉엇,20200706,33800,35700,33300,35350,672479,008,26978000
282,A120110,컠챵첉엇,20200703,32950,33250,32400,32550,98335,008,26978000
283,A120110,컠챵첉엇,20200702,32950,33200,32500,32700,148787,008,26978000
284,A120110,컠챵첉엇,20200701,32650,34500,32050,32200,366696,008,26978000
285,A120110,컠챵첉엇,20200630,31400,32700,31300,32100,136201,008,26978000
286,A120110,컠챵첉엇,20200629,31300,31650,30900,31350,145112,008,26978000
287,A120110,컠챵첉엇,20200626,32100,32300,31600,32000,106052,008,26978000
288,A120110,컠챵첉엇,20200625,32300,32600,32100,32100,119936,008,26978000
289,A120110,컠챵첉엇,20200624,33000,33300,32700,32950,157283,008,26978000
290,A120110,컠챵첉엇,20200623,32700,33100,32200,32400,162506,008,26978000
291,A120110,컠챵첉엇,20200622,32250,32800,32150,32550,104327,008,26978000
292,A120110,컠챵첉엇,20200619,33050,33100,32200,32500,148946,008,26978000
293,A120110,컠챵첉엇,20200618,31850,32700,31600,32100,136634,008,26978000
294,A120110,컠챵첉엇,20200617,32000,32700,31550,32050,144739,008,26978000
295,A120110,컠챵첉엇,20200616,31400,32500,31150,32400,213714,008,26978000
296,A120110,컠챵첉엇,20200615,33250,33250,30550,30550,325153,008,26978000
297,A120110,컠챵첉엇,20200612,33200,33700,32900,33350,315375,008,26978000
298,A120110,컠챵첉엇,20200611,34800,35950,34200,35200,296982,008,26978000
299,A120110,컠챵첉엇,20200610,35300,35600,34450,35000,199117,008,26978000
300,A120110,컠챵첉엇,20200609,35600,36100,34800,35250,223830,008,26978000
301,A120110,컠챵첉엇,20200608,36400,36400,35500,35600,213090,008,26978000
302,A120110,컠챵첉엇,20200605,34700,35900,34450,35500,196106,008,26978000
303,A120110,컠챵첉엇,20200604,35450,36100,34350,34600,303634,008,26978000
304,A120110,컠챵첉엇,20200603,34900,35350,34600,35000,324576,008,26978000
305,A120110,컠챵첉엇,20200602,34200,34350,33600,34150,138516,008,26978000
306,A120110,컠챵첉엇,20200601,33300,34350,33250,34200,209240,008,26978000
307,A120110,컠챵첉엇,20200529,33500,33800,32050,33200,233829,008,26978000
308,A120110,컠챵첉엇,20200528,34200,34250,32800,33700,363107,008,26978000
309,A120110,컠챵첉엇,20200527,32650,34250,32350,34000,561958,008,26978000
310,A120110,컠챵첉엇,20200526,31350,32500,31150,32450,338051,008,26978000
311,A120110,컠챵첉엇,20200525,31100,31250,30500,30950,126110,008,26978000
312,A120110,컠챵첉엇,20200522,32150,32300,30600,31000,231408,008,26978000
313,A120110,컠챵첉엇,20200521,31600,32150,31300,31950,259817,008,26978000
314,A120110,컠챵첉엇,20200520,31200,31700,31100,31300,189428,008,26978000
315,A120110,컠챵첉엇,20200519,31300,31450,30800,31250,251985,008,26978000
316,A120110,컠챵첉엇,20200518,30000,30650,29850,30600,135431,008,26978000
317,A120110,컠챵첉엇,20200515,30200,30250,29600,30050,133161,008,26978000
318,A120110,컠챵첉엇,20200514,30150,30150,29700,29850,143695,008,26978000
319,A120110,컠챵첉엇,20200513,29700,30400,29550,30300,155081,008,26978000
320,A120110,컠챵첉엇,20200512,31200,31300,29800,30300,211743,008,26978000
321,A120110,컠챵첉엇,20200511,31000,31700,30900,31000,272322,008,26978000
322,A120110,컠챵첉엇,20200508,30350,30850,30300,30750,185583,008,26978000
323,A120110,컠챵첉엇,20200507,29950,30250,29700,30250,151388,008,26978000
324,A120110,컠챵첉엇,20200506,30500,30500,29700,30050,198042,008,26978000
325,A120110,컠챵첉엇,20200504,30050,30450,29900,30000,220760,008,26978000
326,A120110,컠챵첉엇,20200429,30050,30850,30050,30850,272294,008,26978000
327,A120110,컠챵첉엇,20200428,30100,30400,29650,29900,204304,008,26978000
328,A120110,컠챵첉엇,20200427,29350,30050,28950,29850,212513,008,26978000
329,A120110,컠챵첉엇,20200424,29600,29800,28900,29000,206511,008,26978000
330,A120110,컠챵첉엇,20200423,29350,30150,29150,29900,322193,008,26978000
331,A120110,컠챵첉엇,20200422,28300,29300,27850,29250,285844,008,26978000
332,A120110,컠챵첉엇,20200421,29300,29600,28100,28800,549796,008,26978000
333,A120110,컠챵첉엇,20200420,30350,30700,29550,29600,530196,008,26978000
334,A120110,컠챵첉엇,20200417,30550,30950,30250,30300,619741,008,26978000
335,A120110,컠챵첉엇,20200416,31050,31550,29800,30300,707111,008,26978000
336,A120110,컠챵첉엇,20200414,34100,36700,31100,31150,3263859,008,26978000
337,A120110,컠챵첉엇,20200413,35700,37700,33600,34650,7029112,008,26978000
338,A120110,컠챵첉엇,20200410,29500,29950,28900,29800,252464,008,26978000
339,A120110,컠챵첉엇,20200409,29450,29700,29050,29450,186336,008,26978000
340,A120110,컠챵첉엇,20200408,29300,29550,28800,29100,208782,008,26978000
341,A120110,컠챵첉엇,20200407,29900,29900,28750,29550,282244,008,26978000
342,A120110,컠챵첉엇,20200406,28400,29250,28150,29150,270875,008,26978000
343,A120110,컠챵첉엇,20200403,29400,29600,27500,28300,308150,008,26978000
344,A120110,컠챵첉엇,20200402,30000,30500,28600,29100,510128,008,26978000
345,A120110,컠챵첉엇,20200401,31350,32300,27800,28150,755017,008,26978000
346,A120110,컠챵첉엇,20200331,29450,30650,28250,30000,385771,008,26978000
347,A120110,컠챵첉엇,20200330,24500,28250,24100,28100,330261,008,26978000
348,A120110,컠챵첉엇,20200327,25900,25900,24050,25050,224212,008,26978000
349,A120110,컠챵첉엇,20200326,24650,25700,24050,24650,233112,008,26978000
350,A120110,컠챵첉엇,20200325,23500,24750,23150,24750,243015,008,26978000
351,A120110,컠챵첉엇,20200324,21600,22850,21400,22850,152115,008,26978000
352,A120110,컠챵첉엇,20200323,21250,21850,20850,21100,188886,008,26978000
353,A120110,컠챵첉엇,20200320,21050,23450,20600,23450,265602,008,26978000
354,A120110,컠챵첉엇,20200319,24550,25000,20300,20950,332133,008,26978000
355,A120110,컠챵첉엇,20200318,25900,26250,23850,23850,187526,008,26978000
356,A120110,컠챵첉엇,20200317,23650,25900,23650,25900,169091,008,26978000
357,A120110,컠챵첉엇,20200316,26500,27000,25550,25550,212066,008,26978000
358,A120110,컠챵첉엇,20200313,27200,28150,24650,26300,396165,008,26978000
359,A120110,컠챵첉엇,20200312,30950,31300,29000,29350,249836,008,26978000
360,A120110,컠챵첉엇,20200311,31950,32200,30600,30900,168658,008,26978000
361,A120110,컠챵첉엇,20200310,32250,32600,31450,31900,256927,008,26978000
362,A120110,컠챵첉엇,20200309,32200,32650,31600,32250,213126,008,26978000
363,A120110,컠챵첉엇,20200306,33750,33800,33000,33250,155586,008,26978000
364,A120110,컠챵첉엇,20200305,34000,34550,33650,34200,128267,008,26978000
365,A120110,컠챵첉엇,20200304,33100,33700,33100,33500,126914,008,26978000
366,A120110,컠챵첉엇,20200303,34000,34200,33050,33100,184244,008,26978000
367,A120110,컠챵첉엇,20200302,33450,34000,32950,33250,179015,008,26978000
368,A120110,컠챵첉엇,20200228,34600,34600,33050,33450,194762,008,26978000
369,A120110,컠챵첉엇,20200227,36050,36150,34850,35050,134652,008,26978000
370,A120110,컠챵첉엇,20200226,35100,36350,35050,35800,133315,008,26978000
371,A120110,컠챵첉엇,20200225,35300,36350,35300,35900,161059,008,26978000
372,A120110,컠챵첉엇,20200224,36500,36800,35300,35300,231790,008,26978000
373,A120110,컠챵첉엇,20200221,38550,38800,37050,37200,303606,008,26978000
374,A120110,컠챵첉엇,20200220,40050,40250,38650,39150,251277,008,26978000
375,A120110,컠챵첉엇,20200219,41800,42150,40000,40000,406194,008,26978000
376,A120110,컠챵첉엇,20200218,43650,43650,42600,42750,84117,008,26978000
377,A120110,컠챵첉엇,20200217,43700,44250,43450,43900,45754,008,26978000
378,A120110,컠챵첉엇,20200214,43000,43900,42900,43700,57567,008,26978000
379,A120110,컠챵첉엇,20200213,44000,44150,43050,43100,100192,008,26978000
380,A120110,컠챵첉엇,20200212,43650,44200,43450,44050,51071,008,26978000
381,A120110,컠챵첉엇,20200211,44250,44800,43700,43700,72810,008,26978000
382,A120110,컠챵첉엇,20200210,42800,44250,42700,44250,67207,008,26978000
383,A120110,컠챵첉엇,20200207,43850,44000,43250,43500,71492,008,26978000
384,A120110,컠챵첉엇,20200206,43000,44350,42650,44000,91246,008,26978000
385,A120110,컠챵첉엇,20200205,42400,42650,41800,42450,71154,008,26978000
386,A120110,컠챵첉엇,20200204,41000,42300,41000,42200,84766,008,26978000
387,A120110,컠챵첉엇,20200203,41400,41900,40600,40950,181531,008,26978000
388,A120110,컠챵첉엇,20200131,43150,43600,42250,42250,80621,008,26978000
389,A120110,컠챵첉엇,20200130,44100,44450,42750,43150,105043,008,26978000
390,A120110,컠챵첉엇,20200129,44250,44750,43550,44300,73849,008,26978000
391,A120110,컠챵첉엇,20200128,44700,45400,43500,44050,117097,008,26978000
392,A120110,컠챵첉엇,20200123,46950,47250,46000,46200,92145,008,26978000
393,A120110,컠챵첉엇,20200122,47300,47450,46900,47050,56071,008,26978000
394,A120110,컠챵첉엇,20200121,47300,47400,46650,46900,40737,008,26978000
395,A120110,컠챵첉엇,20200120,47000,47500,46500,46900,79489,008,26978000
396,A120110,컠챵첉엇,20200117,47350,47950,46900,47100,74437,008,26978000
397,A120110,컠챵첉엇,20200116,47950,48000,46850,47650,73345,008,26978000
398,A120110,컠챵첉엇,20200115,46850,48500,46750,47850,80228,008,26978000
399,A120110,컠챵첉엇,20200114,47000,47850,46800,47000,68797,008,26978000
400,A120110,컠챵첉엇,20200113,46800,47450,46750,46950,92581,008,26978000
401,A120110,컠챵첉엇,20200110,45650,46950,45500,46800,98169,008,26978000
402,A120110,컠챵첉엇,20200109,45800,46250,45100,45650,121038,008,26978000
403,A120110,컠챵첉엇,20200108,47500,47500,44850,44950,202518,008,26978000
404,A120110,컠챵첉엇,20200107,47800,48450,47450,47950,65293,008,26978000
405,A120110,컠챵첉엇,20200106,48650,48650,47350,47400,110902,008,26978000
406,A120110,컠챵첉엇,20200103,50000,50000,49200,49250,72002,008,26978000
407,A120110,컠챵첉엇,20200102,49850,49850,49050,49450,56107,008,26978000
408,A120110,컠챵첉엇,20191230,49350,49850,49000,49750,67994,008,26978000
409,A120110,컠챵첉엇,20191227,49150,49350,48600,49150,69183,008,26978000
410,A120110,컠챵첉엇,20191226,49350,49900,49100,49500,61407,008,26978000
411,A120110,컠챵첉엇,20191224,49400,49650,48700,49550,41524,008,26978000
412,A120110,컠챵첉엇,20191223,49900,49950,49100,49400,38883,008,26978000
413,A120110,컠챵첉엇,20191220,50100,50200,49050,49850,103647,008,26978000
414,A120110,컠챵첉엇,20191219,48550,49300,48150,49250,60022,008,26978000
415,A120110,컠챵첉엇,20191218,49300,49300,48450,48550,71637,008,26978000
416,A120110,컠챵첉엇,20191217,48900,49650,48700,49300,54614,008,26978000
417,A120110,컠챵첉엇,20191216,49050,49500,48550,49100,52496,008,26978000
418,A120110,컠챵첉엇,20191213,49150,49950,48950,49050,72319,008,26978000
419,A120110,컠챵첉엇,20191212,47900,49500,47900,49100,130760,008,26978000
420,A120110,컠챵첉엇,20191211,48150,48300,47600,47800,68636,008,26978000
421,A120110,컠챵첉엇,20191210,46750,48300,46750,48150,52794,008,26978000
422,A120110,컠챵첉엇,20191209,47600,47850,46900,47000,74507,008,26978000
423,A120110,컠챵첉엇,20191206,47750,48150,47350,47600,81068,008,26978000
424,A120110,컠챵첉엇,20191205,48250,48350,47350,47700,59513,008,26978000
425,A120110,컠챵첉엇,20191204,48500,48500,47250,47650,70130,008,26978000
426,A120110,컠챵첉엇,20191203,48850,49050,48250,48750,42752,008,26978000
427,A120110,컠챵첉엇,20191202,48250,49350,47850,49100,94761,008,26978000
428,A120110,컠챵첉엇,20191129,48400,48800,47450,47750,110418,008,26978000
429,A120110,컠챵첉엇,20191128,48550,48800,47350,48550,113559,008,26978000
430,A120110,컠챵첉엇,20191127,49700,49800,48650,48900,53213,008,26978000
431,A120110,컠챵첉엇,20191126,49100,49700,48700,49350,67275,008,26978000
432,A120110,컠챵첉엇,20191125,49450,49450,48600,49100,88201,008,26978000
433,A120110,컠챵첉엇,20191122,48600,49650,48600,49500,77442,008,26978000
434,A120110,컠챵첉엇,20191121,50000,50200,48450,48600,130138,008,26978000
435,A120110,컠챵첉엇,20191120,50600,50900,49700,49700,118991,008,26978000
436,A120110,컠챵첉엇,20191119,49450,51300,49050,50500,198122,008,26978000
437,A120110,컠챵첉엇,20191118,49900,49900,48750,49400,94890,008,26978000
438,A120110,컠챵첉엇,20191115,49100,50400,48600,49400,145029,008,26978000
439,A120110,컠챵첉엇,20191114,49300,49700,48500,48900,87272,008,26978000
440,A120110,컠챵첉엇,20191113,49350,49750,48350,49300,98082,008,26978000
441,A120110,컠챵첉엇,20191112,50700,50900,49050,49400,158399,008,26978000
442,A120110,컠챵첉엇,20191111,51000,51000,49800,50800,162727,008,26978000
443,A120110,컠챵첉엇,20191108,50600,50900,49000,49700,184613,008,26978000
444,A120110,컠챵첉엇,20191107,51600,51900,49700,49750,424069,008,26978000
445,A120110,컠챵첉엇,20191106,47250,51000,46850,50000,464070,008,26978000
446,A120110,컠챵첉엇,20191105,48000,48100,46550,47150,108136,008,26978000
447,A120110,컠챵첉엇,20191104,47700,48150,47400,47800,79576,008,26978000
448,A120110,컠챵첉엇,20191101,47500,48200,46450,47400,118379,008,26978000
449,A120110,컠챵첉엇,20191031,47950,48000,47150,47250,116867,008,26978000
450,A120110,컠챵첉엇,20191030,47800,47800,46300,46850,116549,008,26978000
451,A120110,컠챵첉엇,20191029,46350,47900,46300,47500,157962,008,26978000
452,A120110,컠챵첉엇,20191028,47350,47400,46100,46250,98358,008,26978000
453,A120110,컠챵첉엇,20191025,45800,46800,45200,46700,126312,008,26978000
454,A120110,컠챵첉엇,20191024,45550,46300,45500,45950,92368,008,26978000
455,A120110,컠챵첉엇,20191023,45650,46200,45000,45950,108250,008,26978000
456,A120110,컠챵첉엇,20191022,45450,46200,45000,45500,117395,008,26978000
457,A120110,컠챵첉엇,20191021,44700,45550,44550,45350,74836,008,26978000
458,A120110,컠챵첉엇,20191018,44750,45400,44500,44900,97636,008,26978000
459,A120110,컠챵첉엇,20191017,44550,45650,44250,44950,112890,008,26978000
460,A120110,컠챵첉엇,20191016,44800,45100,44150,44550,126785,008,26978000
461,A120110,컠챵첉엇,20191015,43300,45150,42850,44900,191710,008,26978000
462,A120110,컠챵첉엇,20191014,42400,43500,42300,43350,153005,008,26978000
463,A120110,컠챵첉엇,20191011,42100,42100,41550,41600,52192,008,26978000
464,A120110,컠챵첉엇,20191010,41600,42100,41100,41650,59264,008,26978000
465,A120110,컠챵첉엇,20191008,41650,42350,41450,42150,46673,008,26978000
466,A120110,컠챵첉엇,20191007,41500,42300,41250,41400,48408,008,26978000
467,A120110,컠챵첉엇,20191004,41500,42450,41400,41600,39644,008,26978000
468,A120110,컠챵첉엇,20191002,42150,42400,41700,41700,43079,008,26978000
469,A120110,컠챵첉엇,20191001,41500,42650,41500,42500,31980,008,26978000
470,A120110,컠챵첉엇,20190930,41150,42000,41150,41800,33043,008,26978000
471,A120110,컠챵첉엇,20190927,42450,42700,41350,41400,41877,008,26978000
472,A120110,컠챵첉엇,20190926,42650,42900,42000,42250,53244,008,26978000
473,A120110,컠챵첉엇,20190925,43200,44200,42550,42550,102949,008,26978000
474,A120110,컠챵첉엇,20190924,43200,43700,42750,43600,61444,008,26978000
475,A120110,컠챵첉엇,20190923,43550,43550,42850,43050,61448,008,26978000
476,A120110,컠챵첉엇,20190920,42050,43550,42000,43550,102502,008,26978000
477,A120110,컠챵첉엇,20190919,42400,42950,42050,42200,55142,008,26978000
478,A120110,컠챵첉엇,20190918,42200,42900,41950,42500,61854,008,26978000
479,A120110,컠챵첉엇,20190917,42150,42300,41850,42000,57399,008,26978000
480,A120110,컠챵첉엇,20190916,42150,42400,41500,42100,61447,008,26978000
481,A120110,컠챵첉엇,20190911,42250,42350,41700,42100,83757,008,26978000
482,A120110,컠챵첉엇,20190910,41500,42250,41250,42000,52412,008,26978000
483,A120110,컠챵첉엇,20190909,42350,42550,41300,41550,80706,008,26978000
484,A120110,컠챵첉엇,20190906,41300,43000,41300,42100,162507,008,26978000
485,A120110,컠챵첉엇,20190905,40900,41300,40700,40950,60281,008,26978000
486,A120110,컠챵첉엇,20190904,40000,41000,39750,40900,77682,008,26978000
487,A120110,컠챵첉엇,20190903,39500,40450,39500,40150,57305,008,26978000
488,A120110,컠챵첉엇,20190902,40000,40000,39250,39800,48679,008,26978000
489,A120110,컠챵첉엇,20190830,39700,40300,39700,39800,41625,008,26978000
490,A120110,컠챵첉엇,20190829,39850,40200,39200,39500,48682,008,26978000
491,A120110,컠챵첉엇,20190828,39300,39850,39150,39700,44649,008,26978000
492,A120110,컠챵첉엇,20190827,39700,40050,39200,39200,78200,008,26978000
493,A120110,컠챵첉엇,20190826,39700,40300,39550,39650,52806,008,26978000
494,A120110,컠챵첉엇,20190823,40800,41050,40550,40750,71194,008,26978000
495,A120110,컠챵첉엇,20190822,41200,42450,40650,41500,103863,008,26978000
496,A120110,컠챵첉엇,20190821,40850,41400,40500,41000,55660,008,26978000
497,A120110,컠챵첉엇,20190820,40050,40900,40050,40850,53432,008,26978000
498,A120110,컠챵첉엇,20190819,40100,40550,39900,40250,81074,008,26978000
499,A120110,컠챵첉엇,20190816,40550,40950,39500,39550,102474,008,26978000
500,A120110,컠챵첉엇,20190814,39600,40150,39100,40050,78305,008,26978000
501,A120110,컠챵첉엇,20190813,39100,40150,38950,39200,100481,008,26978000
502,A120110,컠챵첉엇,20190812,38100,39850,37850,39550,88691,008,26978000
503,A120110,컠챵첉엇,20190809,38250,39650,38000,38600,150140,008,26978000
504,A120110,컠챵첉엇,20190808,37700,37950,36900,37650,103378,008,26978000
505,A120110,컠챵첉엇,20190807,37700,38600,36650,37000,140068,008,26978000
506,A120110,컠챵첉엇,20190806,36950,38850,36150,37700,129937,008,26978000
507,A120110,컠챵첉엇,20190805,40250,40850,38150,38250,177663,008,26978000
508,A120110,컠챵첉엇,20190802,39050,40150,38750,39950,112617,008,26978000
509,A120110,컠챵첉엇,20190801,39800,40100,39250,39650,52017,008,26978000
510,A120110,컠챵첉엇,20190731,39600,40000,39050,39950,80384,008,26978000
511,A120110,컠챵첉엇,20190730,39250,40250,39250,39600,63678,008,26978000
512,A120110,컠챵첉엇,20190729,41250,41250,39750,39750,128221,008,26978000
513,A120110,컠챵첉엇,20190726,41100,41700,40800,41000,75946,008,26978000
514,A120110,컠챵첉엇,20190725,42100,42350,41250,41700,75212,008,26978000
515,A120110,컠챵첉엇,20190724,42900,43500,42200,42300,74128,008,26978000
516,A120110,컠챵첉엇,20190723,43350,43800,42700,42850,52148,008,26978000
517,A120110,컠챵첉엇,20190722,43200,43700,42400,43400,86437,008,26978000
518,A120110,컠챵첉엇,20190719,41200,43400,40750,43000,221769,008,26978000
519,A120110,컠챵첉엇,20190718,43150,43900,40900,41000,262620,008,26978000
520,A120110,컠챵첉엇,20190717,42800,43000,41150,41550,106913,008,26978000
521,A120110,컠챵첉엇,20190716,41900,43650,41900,42400,166448,008,26978000
522,A120110,컠챵첉엇,20190715,42050,42300,40900,41350,88016,008,26978000
523,A120110,컠챵첉엇,20190712,42450,42950,41550,41850,131593,008,26978000
524,A120110,컠챵첉엇,20190711,41400,42400,41300,41600,97242,008,26978000
525,A120110,컠챵첉엇,20190710,42150,42600,41100,41250,114719,008,26978000
526,A120110,컠챵첉엇,20190709,44400,44800,41600,42000,210292,008,26978000
527,A120110,컠챵첉엇,20190708,46400,46600,43900,44600,169098,008,26978000
528,A120110,컠챵첉엇,20190705,45350,46150,45000,45900,106508,008,26978000
529,A120110,컠챵첉엇,20190704,46000,46500,44100,45350,158653,008,26978000
530,A120110,컠챵첉엇,20190703,44500,45550,44500,45100,119163,008,26978000
531,A120110,컠챵첉엇,20190702,44750,46050,44200,44250,194978,008,26978000
532,A120110,컠챵첉엇,20190701,44000,44200,43200,43850,90535,008,26978000
533,A120110,컠챵첉엇,20190628,42700,42950,42200,42700,51861,008,26978000
534,A120110,컠챵첉엇,20190627,42400,43700,42300,43050,53537,008,26978000
535,A120110,컠챵첉엇,20190626,42650,42950,42300,42400,42521,008,26978000
536,A120110,컠챵첉엇,20190625,42850,43700,42750,42850,54325,008,26978000
537,A120110,컠챵첉엇,20190624,43450,43600,42800,43050,40447,008,26978000
538,A120110,컠챵첉엇,20190621,43300,43700,42700,43250,53215,008,26978000
539,A120110,컠챵첉엇,20190620,43500,43650,43100,43450,52911,008,26978000
540,A120110,컠챵첉엇,20190619,43100,43700,42650,43000,68321,008,26978000
541,A120110,컠챵첉엇,20190618,41600,42700,41600,42600,77038,008,26978000
542,A120110,컠챵첉엇,20190617,41600,42250,41400,41900,63514,008,26978000
543,A120110,컠챵첉엇,20190614,43400,43400,41650,42050,118028,008,26978000
544,A120110,컠챵첉엇,20190613,42750,43500,42450,43500,90000,008,26978000
545,A120110,컠챵첉엇,20190612,43300,43350,42450,42650,49953,008,26978000
546,A120110,컠챵첉엇,20190611,42050,43200,41750,43150,77701,008,26978000
547,A120110,컠챵첉엇,20190610,42000,42250,41700,42050,73658,008,26978000
548,A120110,컠챵첉엇,20190607,41350,41850,41100,41850,70129,008,26978000
549,A120110,컠챵첉엇,20190605,41950,42150,41250,41600,70162,008,26978000
550,A120110,컠챵첉엇,20190604,41600,41900,41250,41650,96755,008,26978000
551,A120110,컠챵첉엇,20190603,40400,41650,40400,41600,82142,008,26978000
552,A120110,컠챵첉엇,20190531,41200,41600,40600,40750,115776,008,26978000
553,A120110,컠챵첉엇,20190530,39500,41250,39500,41200,198875,008,26978000
554,A120110,컠챵첉엇,20190529,40950,41400,39450,39550,346212,008,26978000
555,A120110,컠챵첉엇,20190528,44050,44650,40100,41700,450484,008,26978000
556,A120110,컠챵첉엇,20190527,44400,44950,43650,43950,89072,008,26978000
557,A120110,컠챵첉엇,20190524,44200,45600,44200,44700,74402,008,26978000
558,A120110,컠챵첉엇,20190523,44650,45100,44000,44450,75228,008,26978000
559,A120110,컠챵첉엇,20190522,45850,45950,44650,44750,55547,008,26978000
560,A120110,컠챵첉엇,20190521,45500,46550,44750,44850,144587,008,26978000
561,A120110,컠챵첉엇,20190520,47600,48600,45850,46000,118511,008,26978000
562,A120110,컠챵첉엇,20190517,47800,48650,47400,47550,140016,008,26978000
563,A120110,컠챵첉엇,20190516,47900,48000,47000,47800,127592,008,26978000
564,A120110,컠챵첉엇,20190515,46600,48100,45950,47950,226423,008,26978000
565,A120110,컠챵첉엇,20190514,43600,46550,43600,46500,211802,008,26978000
566,A120110,컠챵첉엇,20190513,44300,47000,43700,44200,135608,008,26978000
567,A120110,컠챵첉엇,20190510,43950,44950,43600,44850,111131,008,26978000
568,A120110,컠챵첉엇,20190509,45300,45350,43950,43950,133877,008,26978000
569,A120110,컠챵첉엇,20190508,45000,45400,44550,45200,125884,008,26978000
570,A120110,컠챵첉엇,20190507,45750,45950,45100,45150,208153,008,26978000
571,A120110,컠챵첉엇,20190503,47050,47200,46600,46850,79590,008,26978000
572,A120110,컠챵첉엇,20190502,45950,47300,45600,47200,140246,008,26978000
573,A120110,컠챵첉엇,20190430,46000,46400,45600,46200,96772,008,26978000
574,A120110,컠챵첉엇,20190429,45350,45950,45350,45950,89789,008,26978000
575,A120110,컠챵첉엇,20190426,46150,46300,45200,45250,152120,008,26978000
576,A120110,컠챵첉엇,20190425,46700,46800,46150,46150,102104,008,26978000
577,A120110,컠챵첉엇,20190424,47000,47350,46700,46700,128946,008,26978000
578,A120110,컠챵첉엇,20190423,48050,48200,46150,47350,284481,008,26978000
579,A120110,컠챵첉엇,20190422,48900,49150,48100,48300,134964,008,26978000
580,A120110,컠챵첉엇,20190419,49250,49250,48700,48850,99982,008,26978000
581,A120110,컠챵첉엇,20190418,50100,50500,48850,48900,265722,008,26978000
582,A120110,컠챵첉엇,20190417,50800,51100,50200,50200,96128,008,26978000
583,A120110,컠챵첉엇,20190416,51000,51100,50200,50600,96350,008,26978000
584,A120110,컠챵첉엇,20190415,50200,50900,49850,50800,224951,008,26978000
585,A120110,컠챵첉엇,20190412,50100,50100,49600,49800,139237,008,26978000
586,A120110,컠챵첉엇,20190411,50100,50600,49900,49900,160452,008,26978000
587,A120110,컠챵첉엇,20190410,49750,50100,49300,50000,171508,008,26978000
588,A120110,컠챵첉엇,20190409,51400,51400,49300,49600,247559,008,26978000
589,A120110,컠챵첉엇,20190408,50900,51300,50700,51300,78417,008,26978000
590,A120110,컠챵첉엇,20190405,51500,51700,50700,51000,144270,008,26978000
591,A120110,컠챵첉엇,20190404,50800,51600,50600,51300,146454,008,26978000
592,A120110,컠챵첉엇,20190403,50600,51000,50100,50800,182703,008,26978000
593,A120110,컠챵첉엇,20190402,50900,50900,50300,50900,90113,008,26978000
594,A120110,컠챵첉엇,20190401,49700,51000,49700,50900,138590,008,26978000
595,A120110,컠챵첉엇,20190329,50500,50900,49950,50600,65437,008,26978000
596,A120110,컠챵첉엇,20190328,51000,51200,49700,50200,134553,008,26978000
597,A120110,컠챵첉엇,20190327,51200,52000,51000,51400,51312,008,26978000
598,A120110,컠챵첉엇,20190326,51400,51800,50600,51400,83797,008,26978000
599,A120110,컠챵첉엇,20190325,51100,51400,50500,50700,71718,008,26978000
600,A120110,컠챵첉엇,20190322,52500,52700,51500,51600,93144,008,26978000
601,A120110,컠챵첉엇,20190321,51800,52200,51300,51400,65615,008,26978000
602,A120110,컠챵첉엇,20190320,51700,52300,51300,51800,58744,008,26978000
603,A120110,컠챵첉엇,20190319,52400,52600,51500,51700,83856,008,26978000
604,A120110,컠챵첉엇,20190318,52700,52900,52200,52500,43856,008,26978000
605,A120110,컠챵첉엇,20190315,52200,52800,51700,52600,144704,008,26978000
606,A120110,컠챵첉엇,20190314,52300,52400,51800,52100,88509,008,26978000
607,A120110,컠챵첉엇,20190313,51500,52400,51300,51700,81335,008,26978000
608,A120110,컠챵첉엇,20190312,51000,52200,51000,51800,95526,008,26978000
609,A120110,컠챵첉엇,20190311,51000,51400,50300,50900,72630,008,26978000
610,A120110,컠챵첉엇,20190308,52000,52200,50900,51200,105794,008,26978000
611,A120110,컠챵첉엇,20190307,52000,52600,51700,52200,106837,008,26978000
612,A120110,컠챵첉엇,20190306,51900,52900,51700,52000,102167,008,26978000
613,A120110,컠챵첉엇,20190305,53900,53900,51600,52200,377481,008,26978000
614,A120110,컠챵첉엇,20190304,54300,54500,53500,54400,148361,008,26978000
615,A120110,컠챵첉엇,20190228,54700,55300,54000,54000,148721,008,26978000
616,A120110,컠챵첉엇,20190227,54900,55200,54500,54800,78825,008,26978000
617,A120110,컠챵첉엇,20190226,54800,55200,54400,54600,106932,008,26978000
618,A120110,컠챵첉엇,20190225,55700,56200,54300,54700,213442,008,26978000
619,A120110,컠챵첉엇,20190222,55700,56500,55500,55600,132539,008,26978000
620,A120110,컠챵첉엇,20190221,56300,56400,55300,55700,181321,008,26978000
621,A120110,컠챵첉엇,20190220,55400,56400,54800,55800,358355,008,26978000
622,A120110,컠챵첉엇,20190219,57800,57900,54300,55100,1244391,008,26978000
623,A120110,컠챵첉엇,20190218,60200,61700,60000,61300,188737,008,26978000
624,A120110,컠챵첉엇,20190215,60200,60600,59500,59600,96646,008,26978000
625,A120110,컠챵첉엇,20190214,59700,60200,59300,60200,95522,008,26978000
626,A120110,컠챵첉엇,20190213,59300,60100,59100,60000,70720,008,26978000
627,A120110,컠챵첉엇,20190212,59000,59600,58200,59100,122198,008,26978000
628,A120110,컠챵첉엇,20190211,59300,59500,58400,58900,78258,008,26978000
629,A120110,컠챵첉엇,20190208,60000,60100,59000,59500,65503,008,26978000
630,A120110,컠챵첉엇,20190207,59200,60700,58700,60400,137327,008,26978000
631,A120110,컠챵첉엇,20190201,59000,59700,58100,58700,99281,008,26978000
632,A120110,컠챵첉엇,20190131,60800,60800,58800,59300,145708,008,26978000
633,A120110,컠챵첉엇,20190130,58900,60500,58100,60300,164809,008,26978000
634,A120110,컠챵첉엇,20190129,58300,59000,57600,58500,90324,008,26978000
635,A120110,컠챵첉엇,20190128,58200,58700,57300,58400,91427,008,26978000
636,A120110,컠챵첉엇,20190125,57300,58800,56900,58100,142434,008,26978000
637,A120110,컠챵첉엇,20190124,58500,58500,57100,57400,91588,008,26978000
638,A120110,컠챵첉엇,20190123,57900,58200,56900,58100,153028,008,26978000
639,A120110,컠챵첉엇,20190122,59900,60400,58100,58300,140424,008,26978000
640,A120110,컠챵첉엇,20190121,58400,59400,57900,58700,162200,008,26978000
641,A120110,컠챵첉엇,20190118,56400,57900,55700,57900,164248,008,26978000
642,A120110,컠챵첉엇,20190117,57000,57800,55600,55900,133966,008,26978000
643,A120110,컠챵첉엇,20190116,57500,57500,56400,57000,77232,008,26978000
644,A120110,컠챵첉엇,20190115,56900,57700,56500,57500,92498,008,26978000
645,A120110,컠챵첉엇,20190114,58200,58200,56700,56900,56068,008,26978000
646,A120110,컠챵첉엇,20190111,56600,58000,56300,57900,174830,008,26978000
647,A120110,컠챵첉엇,20190110,57200,57200,55800,56000,127565,008,26978000
648,A120110,컠챵첉엇,20190109,57800,58400,56800,57500,147198,008,26978000
649,A120110,컠챵첉엇,20190108,57800,57900,56100,57100,134324,008,26978000
650,A120110,컠챵첉엇,20190107,56400,58000,55500,58000,161578,008,26978000
651,A120110,컠챵첉엇,20190104,54900,55900,53500,55000,132012,008,26978000
652,A120110,컠챵첉엇,20190103,56700,56900,54700,55100,136087,008,26978000
653,A120110,컠챵첉엇,20190102,57500,58300,55900,56600,142360,008,26978000
654,A120110,컠챵첉엇,20181228,54900,58400,54800,57300,223728,008,26978000
655,A120110,컠챵첉엇,20181227,55700,55900,53900,54300,121237,008,26978000
656,A120110,컠챵첉엇,20181226,54000,55400,53800,55000,119371,008,26978000
657,A120110,컠챵첉엇,20181224,54600,56100,53800,55400,159145,008,26978000
658,A120110,컠챵첉엇,20181221,52300,54800,52300,54700,182421,008,26978000
659,A120110,컠챵첉엇,20181220,52500,52800,51600,52300,77025,008,26978000
660,A120110,컠챵첉엇,20181219,52600,53300,51500,52900,76050,008,26978000
661,A120110,컠챵첉엇,20181218,51800,52900,51600,52200,85690,008,26978000
662,A120110,컠챵첉엇,20181217,51100,52400,51100,52300,84952,008,26978000
663,A120110,컠챵첉엇,20181214,51900,52400,50600,51200,78837,008,26978000
664,A120110,컠챵첉엇,20181213,51700,52200,51000,51900,107925,008,26978000
665,A120110,컠챵첉엇,20181212,50900,51700,50500,51300,78385,008,26978000
666,A120110,컠챵첉엇,20181211,50900,51400,50100,50400,82308,008,26978000
667,A120110,컠챵첉엇,20181210,51000,51100,50100,50900,96144,008,26978000
668,A120110,컠챵첉엇,20181207,52300,52400,51400,51700,67514,008,26978000
669,A120110,컠챵첉엇,20181206,53600,53800,51100,51600,141409,008,26978000
670,A120110,컠챵첉엇,20181205,53400,54100,53200,53600,81507,008,26978000
671,A120110,컠챵첉엇,20181204,54800,55500,54200,54600,101850,008,26978000
672,A120110,컠챵첉엇,20181203,54400,55700,54000,54500,183873,008,26978000
673,A120110,컠챵첉엇,20181130,52800,54200,52800,53600,144250,008,26978000
674,A120110,컠챵첉엇,20181129,54100,54500,52600,52700,107865,008,26978000
675,A120110,컠챵첉엇,20181128,53900,53900,52800,53400,55155,008,26978000
676,A120110,컠챵첉엇,20181127,53500,53800,52500,53600,90359,008,26978000
677,A120110,컠챵첉엇,20181126,52000,53500,51600,53300,107623,008,26978000
678,A120110,컠챵첉엇,20181123,53500,53500,51200,51900,162468,008,26978000
679,A120110,컠챵첉엇,20181122,53700,53900,53000,53300,74540,008,26978000
680,A120110,컠챵첉엇,20181121,52600,53800,52100,53800,111261,008,26978000
681,A120110,컠챵첉엇,20181120,53200,54100,53200,53600,104349,008,26978000
682,A120110,컠챵첉엇,20181119,52900,54200,52800,54200,172472,008,26978000
683,A120110,컠챵첉엇,20181116,53100,53400,52400,52800,176034,008,26978000
684,A120110,컠챵첉엇,20181115,54400,55000,52500,53400,217767,008,26978000
685,A120110,컠챵첉엇,20181114,54900,55600,54600,54700,114252,008,26978000
686,A120110,컠챵첉엇,20181113,55000,55700,53400,55400,254952,008,26978000
687,A120110,컠챵첉엇,20181112,56700,59100,55900,56400,239794,008,26978000
688,A120110,컠챵첉엇,20181109,55500,59100,55200,56300,316973,008,26978000
689,A120110,컠챵첉엇,20181108,54300,56300,53500,54400,301678,008,26978000
690,A120110,컠챵첉엇,20181107,54500,54800,51900,52400,243502,008,26978000
691,A120110,컠챵첉엇,20181106,53800,54400,53100,54400,113776,008,26978000
692,A120110,컠챵첉엇,20181105,55000,55000,52600,53800,231332,008,26978000
693,A120110,컠챵첉엇,20181102,52500,55700,52400,55500,222788,008,26978000
694,A120110,컠챵첉엇,20181101,50200,52500,49900,51400,172803,008,26978000
695,A120110,컠챵첉엇,20181031,50900,50900,49350,50200,131734,008,26978000
696,A120110,컠챵첉엇,20181030,48950,50600,48350,50200,174481,008,26978000
697,A120110,컠챵첉엇,20181029,49400,52300,49300,49300,244592,008,26978000
698,A120110,컠챵첉엇,20181026,54100,54400,51000,51700,177545,008,26978000
699,A120110,컠챵첉엇,20181025,53700,54900,52900,53700,149728,008,26978000
700,A120110,컠챵첉엇,20181024,55400,56200,54500,55300,88589,008,26978000
701,A120110,컠챵첉엇,20181023,57300,58400,54700,55400,128157,008,26978000
702,A120110,컠챵첉엇,20181022,56900,57600,56500,57500,51290,008,26971000
703,A120110,컠챵첉엇,20181019,57000,57600,56000,57500,70531,008,26971000
704,A120110,컠챵첉엇,20181018,57500,58600,57300,57500,52583,008,26971000
705,A120110,컠챵첉엇,20181017,58900,59300,57200,57800,86404,008,26971000
706,A120110,컠챵첉엇,20181016,58400,59400,58100,58100,51055,008,26971000
707,A120110,컠챵첉엇,20181015,58400,59000,57500,58700,93564,008,26971000
708,A120110,컠챵첉엇,20181012,56700,59200,56700,58500,99990,008,26971000
709,A120110,컠챵첉엇,20181011,57200,58400,56400,56900,184614,008,26971000
710,A120110,컠챵첉엇,20181010,60500,61400,59400,59500,91667,008,26971000
711,A120110,컠챵첉엇,20181008,60000,61500,59900,60100,47035,008,26971000
712,A120110,컠챵첉엇,20181005,59200,61500,59200,60500,112037,008,26971000
713,A120110,컠챵첉엇,20181004,61000,61500,59700,59900,119662,008,26971000
714,A120110,컠챵첉엇,20181002,61000,61700,59700,61400,123617,008,26971000
715,A120110,컠챵첉엇,20181001,62300,62700,61500,61500,76253,008,26971000
716,A120110,컠챵첉엇,20180928,62200,62600,61700,62200,94851,008,26971000
717,A120110,컠챵첉엇,20180927,63500,63500,61500,62200,176997,008,26971000
718,A120110,컠챵첉엇,20180921,63900,64100,63100,63600,93163,008,26971000
719,A120110,컠챵첉엇,20180920,63300,64700,62600,63300,191766,008,26864000
720,A120110,컠챵첉엇,20180919,66300,66600,62600,63200,487727,008,26864000
721,A120110,컠챵첉엇,20180918,66600,68300,66600,67900,89729,008,26864000
722,A120110,컠챵첉엇,20180917,67900,68000,66400,67200,127712,008,26864000
723,A120110,컠챵첉엇,20180914,68500,69200,67400,67900,128904,008,26864000
724,A120110,컠챵첉엇,20180913,70000,70000,67300,68300,219674,008,26864000
725,A120110,컠챵첉엇,20180912,70000,70200,69400,70000,110051,008,26041000
726,A120110,컠챵첉엇,20180911,69600,70700,69400,70000,145339,008,26041000
727,A120110,컠챵첉엇,20180910,68300,70600,68300,69300,141803,008,26041000
728,A120110,컠챵첉엇,20180907,68800,69300,67500,68300,110136,008,26041000
729,A120110,컠챵첉엇,20180906,69300,69400,68000,68900,109916,008,26041000
730,A120110,컠챵첉엇,20180905,69100,69900,68500,68800,144741,008,26041000
731,A120110,컠챵첉엇,20180904,67700,69000,67100,68600,138326,008,25959000
732,A120110,컠챵첉엇,20180903,67500,68300,67000,67700,84386,008,25959000
733,A120110,컠챵첉엇,20180831,67400,68600,67100,67800,149568,008,25959000
734,A120110,컠챵첉엇,20180830,67800,67800,66700,67500,102499,008,25959000
735,A120110,컠챵첉엇,20180829,66700,68400,66500,67600,111711,008,25959000
736,A120110,컠챵첉엇,20180828,66900,67600,66600,66700,143996,008,25959000
737,A120110,컠챵첉엇,20180827,65800,67800,65200,67300,226041,008,25959000
738,A120110,컠챵첉엇,20180824,65800,65900,64800,65400,111277,008,25746000
739,A120110,컠챵첉엇,20180823,66800,66800,64800,65600,201100,008,25746000
740,A120110,컠챵첉엇,20180822,68000,68200,66300,66600,168920,008,25746000
741,A120110,컠챵첉엇,20180821,68000,68400,67200,68000,130150,008,25746000
742,A120110,컠챵첉엇,20180820,66400,68500,66000,67900,238101,008,25694000
743,A120110,컠챵첉엇,20180817,66300,66400,65200,65400,102102,008,25694000
744,A120110,컠챵첉엇,20180816,64700,66300,64100,66000,132446,008,25694000
745,A120110,컠챵첉엇,20180814,64100,66000,63800,65800,157549,008,25694000
746,A120110,컠챵첉엇,20180813,65400,65600,63400,63600,142699,008,25694000
747,A120110,컠챵첉엇,20180810,65200,66500,64800,65600,192536,008,25694000
748,A120110,컠챵첉엇,20180809,62600,66300,61600,65900,439512,008,25694000
749,A120110,컠챵첉엇,20180808,62900,63500,62500,62500,69588,008,25694000
750,A120110,컠챵첉엇,20180807,62500,62900,61600,62900,84944,008,25694000
751,A120110,컠챵첉엇,20180806,63400,63400,62200,62500,112818,008,25694000
752,A120110,컠챵첉엇,20180803,61500,63400,61400,63300,124924,008,25694000
753,A120110,컠챵첉엇,20180802,61900,62600,61000,61300,126540,008,25694000
754,A120110,컠챵첉엇,20180801,62100,63500,61800,62100,203840,008,25694000
755,A120110,컠챵첉엇,20180731,61200,61300,60300,61200,124031,008,25694000
756,A120110,컠챵첉엇,20180730,58600,61300,58500,60600,143770,008,25694000
757,A120110,컠챵첉엇,20180727,59900,59900,57500,58900,163456,008,25694000
758,A120110,컠챵첉엇,20180726,59800,59800,58700,59400,73368,008,25694000
759,A120110,컠챵첉엇,20180725,59200,60900,59100,59200,115476,008,25694000
760,A120110,컠챵첉엇,20180724,58100,59600,58100,59000,97142,008,25694000
761,A120110,컠챵첉엇,20180723,59500,59600,58200,58200,93355,008,25694000
762,A120110,컠챵첉엇,20180720,59600,60100,58600,59000,109996,008,25694000
763,A120110,컠챵첉엇,20180719,58000,60500,57800,59300,242943,008,25694000
764,A120110,컠챵첉엇,20180718,58600,59300,57400,57600,170066,008,25694000
765,A120110,컠챵첉엇,20180717,58800,59200,57800,58600,100699,008,25682000
766,A120110,컠챵첉엇,20180716,59300,59700,58900,59000,92369,008,25682000
767,A120110,컠챵첉엇,20180713,59500,60500,59300,59500,143213,008,25682000
768,A120110,컠챵첉엇,20180712,59100,59500,58000,59100,133224,008,25682000
769,A120110,컠챵첉엇,20180711,59300,59500,58600,58900,156738,008,25682000
770,A120110,컠챵첉엇,20180710,60800,60900,59800,60200,117601,008,25682000
771,A120110,컠챵첉엇,20180709,60900,61000,59400,60800,135244,008,25682000
772,A120110,컠챵첉엇,20180706,59600,61400,58800,61200,192687,008,25682000
773,A120110,컠챵첉엇,20180705,59600,60400,58600,59600,182335,008,25682000
774,A120110,컠챵첉엇,20180704,59900,60600,58200,59100,291364,008,25682000
775,A120110,컠챵첉엇,20180703,62200,62700,56600,58200,1267824,008,25682000
776,A120110,컠챵첉엇,20180702,67100,67300,64900,65300,130110,008,25682000
777,A120110,컠챵첉엇,20180629,67000,67900,64800,67600,152159,008,25682000
778,A120110,컠챵첉엇,20180628,67700,67900,66300,66600,122653,008,25682000
779,A120110,컠챵첉엇,20180627,69600,69700,68000,68000,106351,008,25682000
780,A120110,컠챵첉엇,20180626,67000,69700,66700,69600,173795,008,25682000
781,A120110,컠챵첉엇,20180625,68400,68500,67200,67600,132076,008,25682000
782,A120110,컠챵첉엇,20180622,68000,68500,66700,68400,174558,008,25682000
783,A120110,컠챵첉엇,20180621,70000,71100,68700,68800,130718,008,25682000
784,A120110,컠챵첉엇,20180620,68500,70600,67900,70300,180692,008,25682000
785,A120110,컠챵첉엇,20180619,69500,70500,68300,68400,121571,008,25682000
786,A120110,컠챵첉엇,20180618,70800,71600,68500,69500,212877,008,25682000
787,A120110,컠챵첉엇,20180615,74200,74500,70500,70900,235849,008,25665000
788,A120110,컠챵첉엇,20180614,74100,75900,73000,74000,275603,008,25665000
789,A120110,컠챵첉엇,20180612,76800,76900,72500,74000,380305,008,25665000
790,A120110,컠챵첉엇,20180611,72800,74000,72600,73000,105045,008,25665000
791,A120110,컠챵첉엇,20180608,73500,74900,72800,73100,142278,008,25665000
792,A120110,컠챵첉엇,20180607,72800,75800,72300,73900,413278,008,25665000
793,A120110,컠챵첉엇,20180605,70800,72800,70500,72300,335214,008,25665000
794,A120110,컠챵첉엇,20180604,70100,71500,69500,70800,180831,008,25665000
795,A120110,컠챵첉엇,20180601,67200,72000,67200,71000,608784,008,25665000
796,A120110,컠챵첉엇,20180531,66900,66900,65700,66200,81434,008,25665000
797,A120110,컠챵첉엇,20180530,66600,67300,65500,66300,207829,008,25665000
798,A120110,컠챵첉엇,20180529,64000,66800,63900,65600,138376,008,25665000
799,A120110,컠챵첉엇,20180528,63800,64500,63400,64100,83981,008,25665000
800,A120110,컠챵첉엇,20180525,63900,64700,63700,63700,70887,008,25665000
801,A120110,컠챵첉엇,20180524,64600,65400,64200,64400,55247,008,25665000
802,A120110,컠챵첉엇,20180523,64800,65400,64200,64700,64408,008,25665000
803,A120110,컠챵첉엇,20180521,65100,65200,64500,65200,47949,008,25665000
804,A120110,컠챵첉엇,20180518,64500,65200,64300,65000,60120,008,25665000
805,A120110,컠챵첉엇,20180517,64200,65500,64000,64600,73650,008,25665000
806,A120110,컠챵첉엇,20180516,64300,64400,63500,64100,89540,008,25659000
807,A120110,컠챵첉엇,20180515,65200,65700,63800,64500,141144,008,25659000
808,A120110,컠챵첉엇,20180514,68100,68800,65100,65200,340683,008,25659000
809,A120110,컠챵첉엇,20180511,68000,69400,67800,69400,91115,008,25659000
810,A120110,컠챵첉엇,20180510,67600,68100,66800,68100,69219,008,25659000
811,A120110,컠챵첉엇,20180509,67600,68800,67400,67600,67509,008,25659000
812,A120110,컠챵첉엇,20180508,67600,68600,67500,67700,89646,008,25659000
813,A120110,컠챵첉엇,20180504,68000,68900,67600,67700,86404,008,25659000
814,A120110,컠챵첉엇,20180503,68900,68900,68100,68200,61974,008,25659000
815,A120110,컠챵첉엇,20180502,68200,69500,67900,69200,101435,008,25659000
816,A120110,컠챵첉엇,20180430,67200,68400,66700,68400,95409,008,25659000
817,A120110,컠챵첉엇,20180427,68100,68800,66800,67100,114256,008,25659000
818,A120110,컠챵첉엇,20180426,68700,69300,67600,68100,162878,008,25659000
819,A120110,컠챵첉엇,20180425,69100,69900,68600,68700,93809,008,25659000
820,A120110,컠챵첉엇,20180424,69600,70000,68600,69700,149071,008,25659000
821,A120110,컠챵첉엇,20180423,67100,69900,66700,69700,214433,008,25659000
822,A120110,컠챵첉엇,20180420,66200,67700,66200,67600,101932,008,25659000
823,A120110,컠챵첉엇,20180419,67600,67600,65900,66200,132674,008,25659000
824,A120110,컠챵첉엇,20180418,66600,69200,66400,67600,250165,008,25659000
825,A120110,컠챵첉엇,20180417,65300,66400,64800,66000,112682,008,25659000
826,A120110,컠챵첉엇,20180416,65500,65800,64000,64400,103199,008,25659000
827,A120110,컠챵첉엇,20180413,65100,67000,65000,65800,160421,008,25659000
828,A120110,컠챵첉엇,20180412,65200,65900,64500,64600,107122,008,25659000
829,A120110,컠챵첉엇,20180411,63300,65600,63100,65500,157925,008,25659000
830,A120110,컠챵첉엇,20180410,63000,63500,61700,63300,147005,008,25659000
831,A120110,컠챵첉엇,20180409,63500,63900,62700,63400,113663,008,25659000
832,A120110,컠챵첉엇,20180406,65700,65700,63500,63600,199060,008,25659000
833,A120110,컠챵첉엇,20180405,66800,67100,65500,65900,135837,008,25659000
834,A120110,컠챵첉엇,20180404,68500,68500,66100,66300,124408,008,25659000
835,A120110,컠챵첉엇,20180403,66700,69000,66700,68500,179873,008,25659000
836,A120110,컠챵첉엇,20180402,67500,68400,66600,67300,101671,008,25659000
837,A120110,컠챵첉엇,20180330,66200,67500,65200,67400,156496,008,25659000
838,A120110,컠챵첉엇,20180329,67100,67200,64800,65700,182154,008,25659000
839,A120110,컠챵첉엇,20180328,66900,67500,66500,66900,73368,008,25659000
840,A120110,컠챵첉엇,20180327,67500,68200,66100,67700,116236,008,25659000
841,A120110,컠챵첉엇,20180326,64600,66800,64400,66600,110834,008,25659000
842,A120110,컠챵첉엇,20180323,66900,66900,65000,65200,179795,008,25659000
843,A120110,컠챵첉엇,20180322,67400,69400,67300,68000,129627,008,25659000
844,A120110,컠챵첉엇,20180321,68200,68300,67200,67200,158878,008,25659000
845,A120110,컠챵첉엇,20180320,67500,68400,67200,68300,62460,008,25659000
846,A120110,컠챵첉엇,20180319,69200,69700,68000,68100,98226,008,25659000
847,A120110,컠챵첉엇,20180316,68700,68900,67700,68900,86706,008,25659000
848,A120110,컠챵첉엇,20180315,69500,69500,67900,68700,83610,008,25659000
849,A120110,컠챵첉엇,20180314,68900,69200,68400,69200,91168,008,25659000
850,A120110,컠챵첉엇,20180313,69200,69700,68500,69500,109134,008,25659000
851,A120110,컠챵첉엇,20180312,69900,70400,68500,69200,165506,008,25659000
852,A120110,컠챵첉엇,20180309,68100,70400,67400,69100,166815,008,25659000
853,A120110,컠챵첉엇,20180308,67000,67700,66500,67700,149352,008,25659000
854,A120110,컠챵첉엇,20180307,68300,68500,66500,67000,210054,008,25659000
855,A120110,컠챵첉엇,20180306,68300,68700,67500,68300,163711,008,25659000
856,A120110,컠챵첉엇,20180305,69700,69700,67800,67900,144292,008,25659000
857,A120110,컠챵첉엇,20180302,70200,70400,68900,69900,145799,008,25659000
858,A120110,컠챵첉엇,20180228,73000,73000,70600,71100,217767,008,25659000
859,A120110,컠챵첉엇,20180227,74600,74900,73100,73200,84033,008,25659000
860,A120110,컠챵첉엇,20180226,74200,74700,73300,74200,116118,008,25659000
861,A120110,컠챵첉엇,20180223,74200,74500,73600,74100,110890,008,25659000
862,A120110,컠챵첉엇,20180222,73900,74300,73200,74100,87192,008,25659000
863,A120110,컠챵첉엇,20180221,73500,74900,72700,74100,97578,008,25659000
864,A120110,컠챵첉엇,20180220,73000,76000,72900,73500,166724,008,25659000
865,A120110,컠챵첉엇,20180219,74000,74300,73000,73500,122070,008,25659000
866,A120110,컠챵첉엇,20180214,72000,74100,71100,73200,188327,008,25659000
867,A120110,컠챵첉엇,20180213,73300,74200,71000,71200,132555,008,25651000
868,A120110,컠챵첉엇,20180212,72400,74300,71500,73000,129318,008,25651000
869,A120110,컠챵첉엇,20180209,71100,72600,70900,72000,246018,008,25651000
870,A120110,컠챵첉엇,20180208,73700,74800,73100,74400,154620,008,25651000
871,A120110,컠챵첉엇,20180207,76700,76800,73400,73900,167303,008,25651000
872,A120110,컠챵첉엇,20180206,73700,75600,72000,75400,321155,008,25651000
873,A120110,컠챵첉엇,20180205,77900,78500,76200,76400,222531,008,25651000
874,A120110,컠챵첉엇,20180202,80400,81100,79000,79500,152365,008,25651000
875,A120110,컠챵첉엇,20180201,81500,81700,80000,80300,114060,008,25651000
876,A120110,컠챵첉엇,20180131,79500,81500,78500,81400,244224,008,25651000
877,A120110,컠챵첉엇,20180130,80700,82200,80100,80100,171248,008,25651000
878,A120110,컠챵첉엇,20180129,80200,81300,79700,81000,204624,008,25651000
879,A120110,컠챵첉엇,20180126,81000,81700,80400,80700,117829,008,25651000
880,A120110,컠챵첉엇,20180125,81200,81400,80200,80900,135992,008,25651000
881,A120110,컠챵첉엇,20180124,80000,81300,80000,80800,129711,008,25651000
882,A120110,컠챵첉엇,20180123,78100,80400,78000,80100,205468,008,25651000
883,A120110,컠챵첉엇,20180122,79200,79600,77000,78300,247852,008,25651000
884,A120110,컠챵첉엇,20180119,79200,80300,78800,79500,125631,008,25651000
885,A120110,컠챵첉엇,20180118,81000,81100,77900,79200,339740,008,25651000
886,A120110,컠챵첉엇,20180117,82900,82900,80400,80800,236182,008,25651000
887,A120110,컠챵첉엇,20180116,82100,83100,81000,81800,217385,008,25651000
888,A120110,컠챵첉엇,20180115,81500,83800,81000,82500,355751,008,25549000
889,A120110,컠챵첉엇,20180112,80400,80900,79100,80800,393895,008,25549000
890,A120110,컠챵첉엇,20180111,83000,83000,79000,79700,983495,008,25549000
891,A120110,컠챵첉엇,20180110,86400,86400,83700,84600,269053,008,25549000
892,A120110,컠챵첉엇,20180109,89500,93100,85300,86700,616214,008,25549000
893,A120110,컠챵첉엇,20180108,87100,89000,85000,88200,297255,008,25549000
894,A120110,컠챵첉엇,20180105,87900,88300,86400,86800,231535,008,25499000
895,A120110,컠챵첉엇,20180104,88400,89300,86500,87000,250885,008,25499000
896,A120110,컠챵첉엇,20180103,86900,89000,86300,88300,352983,008,25499000
897,A120110,컠챵첉엇,20180102,89200,89800,86500,87000,359517,008,25499000
898,A120110,컠챵첉엇,20171228,87400,92500,86400,89000,493217,008,25499000
899,A120110,컠챵첉엇,20171227,84800,88400,84100,87000,433469,008,25499000
900,A120110,컠챵첉엇,20171226,82200,85000,81600,82900,302015,008,25499000
901,A120110,컠챵첉엇,20171222,81100,82300,80300,81700,105236,008,25499000
902,A120110,컠챵첉엇,20171221,81700,82500,80500,80500,139497,008,25499000
903,A120110,컠챵첉엇,20171220,82000,82900,81100,82000,149387,008,25499000
904,A120110,컠챵첉엇,20171219,84000,84200,81700,82400,185835,008,25499000
905,A120110,컠챵첉엇,20171218,85500,87400,83400,83800,195487,008,25499000
906,A120110,컠챵첉엇,20171215,83100,86600,83000,85500,348961,008,25499000
907,A120110,컠챵첉엇,20171214,80300,84700,80000,82300,347529,008,25499000
908,A120110,컠챵첉엇,20171213,81000,82000,79300,80200,166687,008,25482000
909,A120110,컠챵첉엇,20171212,81900,82100,80300,80800,101901,008,25482000
910,A120110,컠챵첉엇,20171211,80100,82400,80100,82000,117877,008,25482000
911,A120110,컠챵첉엇,20171208,80800,81700,80100,80100,94077,008,25482000
912,A120110,컠챵첉엇,20171207,82900,83000,79700,81000,205634,008,25482000
913,A120110,컠챵첉엇,20171206,83300,83900,82200,82800,114583,008,25482000
914,A120110,컠챵첉엇,20171205,81900,84200,81800,83300,208831,008,25482000
915,A120110,컠챵첉엇,20171204,83700,83700,80900,82100,255495,008,25482000
916,A120110,컠챵첉엇,20171201,83700,83900,80600,82900,253723,008,25482000
917,A120110,컠챵첉엇,20171130,84700,84800,82600,83200,219005,008,25482000
918,A120110,컠챵첉엇,20171129,82100,86100,82000,85000,384960,008,25482000
919,A120110,컠챵첉엇,20171128,82000,83400,81500,81800,183981,008,25162000
920,A120110,컠챵첉엇,20171127,83900,85400,82100,82300,263006,008,25162000
921,A120110,컠챵첉엇,20171124,82500,86000,81500,84700,292572,008,25162000
922,A120110,컠챵첉엇,20171123,81500,82700,81000,82500,156631,008,25162000
923,A120110,컠챵첉엇,20171122,84300,84300,82000,82000,231238,008,25162000
924,A120110,컠챵첉엇,20171121,81400,84000,81100,83700,301982,008,25162000
925,A120110,컠챵첉엇,20171120,82300,83400,81400,81700,232219,008,25162000
926,A120110,컠챵첉엇,20171117,79600,82700,79200,82000,505817,008,25162000
927,A120110,컠챵첉엇,20171116,79400,80300,78600,79100,176666,008,25162000
928,A120110,컠챵첉엇,20171115,77800,80000,76900,79900,303209,008,25162000
929,A120110,컠챵첉엇,20171114,79100,79100,77100,78100,188210,008,25152000
930,A120110,컠챵첉엇,20171113,76000,79500,75600,78800,415166,008,25152000
931,A120110,컠챵첉엇,20171110,74300,76500,73500,76300,234201,008,25152000
932,A120110,컠챵첉엇,20171109,75500,75800,74100,74700,104298,008,25152000
933,A120110,컠챵첉엇,20171108,74600,76400,73800,75100,161236,008,25152000
934,A120110,컠챵첉엇,20171107,76500,77500,74900,75200,193706,008,25152000
935,A120110,컠챵첉엇,20171106,76200,76400,75100,76100,117610,008,25152000
936,A120110,컠챵첉엇,20171103,74200,76600,74000,76500,159391,008,25152000
937,A120110,컠챵첉엇,20171102,75500,75600,73600,73900,164419,008,25152000
938,A120110,컠챵첉엇,20171101,75000,75900,74700,75600,145091,008,25152000
939,A120110,컠챵첉엇,20171031,73300,75900,72700,75700,251921,008,25152000
940,A120110,컠챵첉엇,20171030,73500,74300,72400,73300,146341,008,25152000
941,A120110,컠챵첉엇,20171027,74600,74600,72900,73500,178825,008,25152000
942,A120110,컠챵첉엇,20171026,74000,74500,72600,74100,209071,008,25152000
943,A120110,컠챵첉엇,20171025,72600,73800,71700,73800,176880,008,25152000
944,A120110,컠챵첉엇,20171024,71000,74300,70800,72300,404706,008,25152000
945,A120110,컠챵첉엇,20171023,71000,71200,70200,70600,96521,008,25152000
946,A120110,컠챵첉엇,20171020,71300,71300,70100,70600,151826,008,25152000
947,A120110,컠챵첉엇,20171019,70800,72400,70400,71300,124696,008,25152000
948,A120110,컠챵첉엇,20171018,71900,72200,70500,71000,140887,008,25152000
949,A120110,컠챵첉엇,20171017,72900,73300,71200,71600,176040,008,25152000
950,A120110,컠챵첉엇,20171016,71400,74500,71100,73000,353189,008,25152000
951,A120110,컠챵첉엇,20171013,71600,71600,70200,70400,145868,008,25152000
952,A120110,컠챵첉엇,20171012,72100,72900,71200,71900,111926,008,25152000
953,A120110,컠챵첉엇,20171011,71500,72400,70800,71700,119003,008,25152000
954,A120110,컠챵첉엇,20171010,71300,73500,71000,71500,165062,008,25152000
955,A120110,컠챵첉엇,20170929,71100,71700,70400,70800,106398,008,25152000
956,A120110,컠챵첉엇,20170928,70200,71300,68900,71200,152060,008,25152000
957,A120110,컠챵첉엇,20170927,70700,70800,69300,69600,134958,008,25152000
958,A120110,컠챵첉엇,20170926,71000,71900,70200,70700,131645,008,25152000
959,A120110,컠챵첉엇,20170925,70600,72000,69700,70900,213610,008,25152000
960,A120110,컠챵첉엇,20170922,72500,72600,69700,70800,292160,008,25152000
961,A120110,컠챵첉엇,20170921,76200,76500,71900,72400,533507,008,25152000
962,A120110,컠챵첉엇,20170920,78000,78100,75900,76600,267689,008,25152000
963,A120110,컠챵첉엇,20170919,79500,82100,77300,77900,330951,008,25152000
964,A120110,컠챵첉엇,20170918,79400,80200,77900,79600,234214,008,25152000
965,A120110,컠챵첉엇,20170915,78900,80800,77700,79400,393056,008,25152000
966,A120110,컠챵첉엇,20170914,79500,80500,77500,78500,456057,008,25152000
967,A120110,컠챵첉엇,20170913,74900,81700,73800,80400,1463220,008,25152000
968,A120110,컠챵첉엇,20170912,68100,73500,67500,72100,378490,008,25152000
969,A120110,컠챵첉엇,20170911,67000,69000,67000,68100,81248,008,25152000
970,A120110,컠챵첉엇,20170908,67800,67800,66800,67200,56210,008,25152000
971,A120110,컠챵첉엇,20170907,67700,68300,66600,68000,85364,008,25152000
972,A120110,컠챵첉엇,20170906,68400,68900,66900,67600,136158,008,25152000
973,A120110,컠챵첉엇,20170905,69400,69400,67800,68400,113019,008,25152000
974,A120110,컠챵첉엇,20170904,68700,69900,68700,69200,108255,008,25152000
975,A120110,컠챵첉엇,20170901,71500,71500,70100,70300,127254,008,25152000
976,A120110,컠챵첉엇,20170831,68800,71800,68400,71500,262195,008,25152000
977,A120110,컠챵첉엇,20170830,69800,69800,68400,68800,104936,008,25152000
978,A120110,컠챵첉엇,20170829,68600,69800,68400,69800,78466,008,25152000
979,A120110,컠챵첉엇,20170828,69700,70100,68900,69200,63710,008,25152000
980,A120110,컠챵첉엇,20170825,69900,69900,68900,69700,59835,008,25152000
981,A120110,컠챵첉엇,20170824,69000,70200,68800,69500,65121,008,25152000
982,A120110,컠챵첉엇,20170823,69500,70300,69000,69400,102034,008,25152000
983,A120110,컠챵첉엇,20170822,68300,69600,68100,69200,76934,008,25152000
984,A120110,컠챵첉엇,20170821,69500,69500,67800,68200,84343,008,25152000
985,A120110,컠챵첉엇,20170818,68700,69500,68000,69300,125186,008,25152000
986,A120110,컠챵첉엇,20170817,67700,69600,67600,68700,198920,008,25152000
987,A120110,컠챵첉엇,20170816,68100,68500,67300,67600,116197,008,25152000
988,A120110,컠챵첉엇,20170814,66200,68400,65700,68100,175932,008,25152000
989,A120110,컠챵첉엇,20170811,64800,66000,64200,65400,120814,008,25152000
990,A120110,컠챵첉엇,20170810,66000,67000,65200,65400,108927,008,25152000
991,A120110,컠챵첉엇,20170809,66000,66600,65800,66100,46969,008,25152000
992,A120110,컠챵첉엇,20170808,67100,67300,65500,66200,85839,008,25152000
993,A120110,컠챵첉엇,20170807,68300,68700,66600,66800,95064,008,25152000
994,A120110,컠챵첉엇,20170804,66900,68100,66900,68000,48946,008,25152000
995,A120110,컠챵첉엇,20170803,68200,68600,66600,67000,84827,008,25152000
996,A120110,컠챵첉엇,20170802,67300,69100,66600,68300,130579,008,25152000
997,A120110,컠챵첉엇,20170801,65500,67300,65500,67000,114069,008,25152000
998,A120110,컠챵첉엇,20170731,66000,66800,65200,65700,97162,008,25152000
999,A120110,컠챵첉엇,20170728,66400,67800,65900,66200,149167,008,25152000
1000,A120110,컠챵첉엇,20170727,67500,68100,66300,67000,100671,008,25152000
1001,A120110,컠챵첉엇,20170726,68200,69200,67200,67500,125518,008,25152000
1002,A120110,컠챵첉엇,20170725,66300,68500,66200,68200,220911,008,25152000
1003,A120110,컠챵첉엇,20170724,67000,67500,66000,66000,88375,008,25152000
1004,A120110,컠챵첉엇,20170721,67000,68300,66400,66600,112860,008,25152000
1005,A120110,컠챵첉엇,20170720,67600,67900,66400,67000,88857,008,25152000
1006,A120110,컠챵첉엇,20170719,67200,67600,66500,67500,71554,008,25152000
1007,A120110,컠챵첉엇,20170718,67100,67500,66400,66900,57252,008,25152000
1008,A120110,컠챵첉엇,20170717,66000,67100,66000,66900,102238,008,25152000
1009,A120110,컠챵첉엇,20170714,66200,66500,65400,65500,103953,008,25152000
1010,A120110,컠챵첉엇,20170713,66000,66700,65300,66200,107269,008,25152000
1011,A120110,컠챵첉엇,20170712,65900,66900,65500,66000,116757,008,25152000
1012,A120110,컠챵첉엇,20170711,66000,66900,65400,65500,137248,008,25152000
1013,A120110,컠챵첉엇,20170710,66600,67500,66100,66400,96987,008,25152000
1014,A120110,컠챵첉엇,20170707,66800,68000,66700,66800,86709,008,25152000
1015,A120110,컠챵첉엇,20170706,68200,68500,67100,67100,137077,008,25152000
1016,A120110,컠챵첉엇,20170705,68300,68700,67600,67900,130588,008,25152000
1017,A120110,컠챵첉엇,20170704,69900,69900,68100,68300,107083,008,25152000
1018,A120110,컠챵첉엇,20170703,69200,70400,68600,69500,110633,008,25152000
1019,A120110,컠챵첉엇,20170630,69100,69200,67900,68900,154617,008,25152000
1020,A120110,컠챵첉엇,20170629,70800,70900,69500,69700,124472,008,25152000
1021,A120110,컠챵첉엇,20170628,70600,71200,69800,70400,109912,008,25152000
1022,A120110,컠챵첉엇,20170627,71200,71400,70400,70900,122466,008,25152000
1023,A120110,컠챵첉엇,20170626,72700,73400,71000,71400,139384,008,25152000
1024,A120110,컠챵첉엇,20170623,72000,72700,71400,72200,104036,008,25152000
1025,A120110,컠챵첉엇,20170622,72100,72900,70800,71500,163469,008,25152000
1026,A120110,컠챵첉엇,20170621,73000,73000,71700,72000,153330,008,25152000
1027,A120110,컠챵첉엇,20170620,73900,73900,72400,73200,227893,008,25152000
1028,A120110,컠챵첉엇,20170619,69600,73400,68900,72900,568662,008,25152000
1029,A120110,컠챵첉엇,20170616,68100,70200,68000,69100,273093,008,25152000
1030,A120110,컠챵첉엇,20170615,68500,68800,67700,67900,73877,008,25152000
1031,A120110,컠챵첉엇,20170614,67600,69100,67300,68900,152159,008,25152000
1032,A120110,컠챵첉엇,20170613,68700,69000,67000,67900,175086,008,25152000
1033,A120110,컠챵첉엇,20170612,69100,69700,68500,68700,59654,008,25152000
1034,A120110,컠챵첉엇,20170609,69900,69900,68700,69200,112470,008,25152000
1035,A120110,컠챵첉엇,20170608,69100,69800,68300,69600,109753,008,25152000
1036,A120110,컠챵첉엇,20170607,70100,70100,68900,69200,111164,008,25152000
1037,A120110,컠챵첉엇,20170605,70600,71200,69700,70200,90882,008,25152000
1038,A120110,컠챵첉엇,20170602,70600,70700,69400,70600,125192,008,25152000
1039,A120110,컠챵첉엇,20170601,70500,71000,70000,70300,92230,008,25152000
1040,A120110,컠챵첉엇,20170531,70400,71200,69800,70500,155883,008,25152000
1041,A120110,컠챵첉엇,20170530,68900,70500,68400,70300,206732,008,25152000
1042,A120110,컠챵첉엇,20170529,69000,69200,68200,68500,99322,008,25152000
1043,A120110,컠챵첉엇,20170526,68200,69300,67900,68800,119196,008,25152000
1044,A120110,컠챵첉엇,20170525,66900,68700,66700,68100,185923,008,25152000
1045,A120110,컠챵첉엇,20170524,67300,67300,66400,66700,94711,008,25152000
1046,A120110,컠챵첉엇,20170523,67400,67400,66400,67000,133519,008,25152000
1047,A120110,컠챵첉엇,20170522,66300,67100,66200,66600,129711,008,25151000
1048,A120110,컠챵첉엇,20170519,66200,67500,65900,66200,159650,008,25151000
1049,A120110,컠챵첉엇,20170518,64800,66700,64100,66200,185156,008,25151000
1050,A120110,컠챵첉엇,20170517,68600,68600,65100,65300,410206,008,25151000
1051,A120110,컠챵첉엇,20170516,68800,69000,68200,68600,129673,008,25151000
1052,A120110,컠챵첉엇,20170515,69500,70300,68100,69000,392657,008,25151000
1053,A120110,컠챵첉엇,20170512,71200,71500,69800,71500,150146,008,25151000
1054,A120110,컠챵첉엇,20170511,68500,71200,68300,71100,332146,008,25151000
1055,A120110,컠챵첉엇,20170510,68900,69800,68200,68400,113157,008,25151000
1056,A120110,컠챵첉엇,20170508,68600,69100,68000,69000,159210,008,25151000
1057,A120110,컠챵첉엇,20170504,68300,69300,68300,68600,65919,008,25151000
1058,A120110,컠챵첉엇,20170502,68000,69400,67800,68900,77714,008,25151000
1059,A120110,컠챵첉엇,20170428,68700,69100,67800,68400,92571,008,25151000
1060,A120110,컠챵첉엇,20170427,69500,69900,68400,69300,90860,008,25151000
1061,A120110,컠챵첉엇,20170426,67300,69700,67300,69500,210358,008,25151000
1062,A120110,컠챵첉엇,20170425,67400,68000,67200,67300,77981,008,25151000
1063,A120110,컠챵첉엇,20170424,68200,68500,67100,67600,96214,008,25151000
1064,A120110,컠챵첉엇,20170421,68000,68500,67700,68200,83519,008,25151000
1065,A120110,컠챵첉엇,20170420,67700,68000,67300,67800,95077,008,25151000
1066,A120110,컠챵첉엇,20170419,67900,68600,67600,67700,73000,008,25151000
1067,A120110,컠챵첉엇,20170418,68200,68500,67800,68000,96139,008,25151000
1068,A120110,컠챵첉엇,20170417,68500,68700,67800,68200,93679,008,25151000
1069,A120110,컠챵첉엇,20170414,68500,68900,67800,68200,84353,008,25151000
1070,A120110,컠챵첉엇,20170413,69000,69000,68300,69000,67651,008,25151000
1071,A120110,컠챵첉엇,20170412,68200,69200,68200,68700,56966,008,25151000
1072,A120110,컠챵첉엇,20170411,67800,68800,67300,68400,54771,008,25151000
1073,A120110,컠챵첉엇,20170410,68000,68700,67100,68100,140546,008,25151000
1074,A120110,컠챵첉엇,20170407,68500,68800,67200,68300,157442,008,25151000
1075,A120110,컠챵첉엇,20170406,71000,71000,67800,68500,513443,008,25151000
1076,A120110,컠챵첉엇,20170405,71200,72200,70800,71700,91257,008,25151000
1077,A120110,컠챵첉엇,20170404,71700,71700,70800,71400,46884,008,25151000
1078,A120110,컠챵첉엇,20170403,71200,72400,70800,71900,90620,008,25151000
1079,A120110,컠챵첉엇,20170331,69900,71500,69900,70800,88698,008,25151000
1080,A120110,컠챵첉엇,20170330,71100,71300,69900,69900,81400,008,25151000
1081,A120110,컠챵첉엇,20170329,70700,71200,69600,71200,96161,008,25151000
1082,A120110,컠챵첉엇,20170328,69600,70900,69500,70700,106270,008,25151000
1083,A120110,컠챵첉엇,20170327,70700,70700,68900,69300,147862,008,25151000
1084,A120110,컠챵첉엇,20170324,71700,71900,70300,70500,114409,008,25151000
1085,A120110,컠챵첉엇,20170323,70500,71800,70500,71600,89952,008,25151000
1086,A120110,컠챵첉엇,20170322,70700,71600,70000,70300,103015,008,25151000
1087,A120110,컠챵첉엇,20170321,71700,71800,70500,70700,117430,008,25151000
1088,A120110,컠챵첉엇,20170320,71800,71800,71000,71200,79120,008,25151000
1089,A120110,컠챵첉엇,20170317,72500,72700,70800,71900,155312,008,25151000
1090,A120110,컠챵첉엇,20170316,72000,73500,71500,72500,108054,008,25151000
1091,A120110,컠챵첉엇,20170315,72800,73000,71500,71600,114419,008,25151000
1092,A120110,컠챵첉엇,20170314,74300,74500,72700,73100,127575,008,25151000
1093,A120110,컠챵첉엇,20170313,74700,75900,73500,74600,126084,008,25151000
1094,A120110,컠챵첉엇,20170310,75700,75800,74100,74800,112412,008,25151000
1095,A120110,컠챵첉엇,20170309,75200,77200,74500,75700,248219,008,25151000
1096,A120110,컠챵첉엇,20170308,73700,75000,73200,74700,148171,008,25151000
1097,A120110,컠챵첉엇,20170307,72400,74600,72200,74100,262059,008,25151000
1098,A120110,컠챵첉엇,20170306,71300,72500,69800,72100,140784,008,25151000
1099,A120110,컠챵첉엇,20170303,70500,71800,70300,71700,89073,008,25151000
1100,A120110,컠챵첉엇,20170302,71300,71800,70500,70600,97176,008,25151000
1101,A120110,컠챵첉엇,20170228,71800,71800,70800,71200,63789,008,25151000
1102,A120110,컠챵첉엇,20170227,70000,71800,69900,71500,83360,008,25151000
1103,A120110,컠챵첉엇,20170224,71200,71700,69800,70000,133756,008,25151000
1104,A120110,컠챵첉엇,20170223,72200,72300,71000,71500,84334,008,25151000
1105,A120110,컠챵첉엇,20170222,72000,72200,71200,71700,62723,008,25151000
1106,A120110,컠챵첉엇,20170221,71000,72700,71000,72100,112571,008,25151000
1107,A120110,컠챵첉엇,20170220,72000,72000,71000,71700,85615,008,25151000
1108,A120110,컠챵첉엇,20170217,70500,72500,70500,72000,85046,008,25151000
1109,A120110,컠챵첉엇,20170216,72600,72600,70500,70700,86464,008,25151000
1110,A120110,컠챵첉엇,20170215,72100,72500,71400,72000,80718,008,25151000
1111,A120110,컠챵첉엇,20170214,71700,72400,71000,71800,94428,008,25151000
1112,A120110,컠챵첉엇,20170213,70300,72000,69800,71700,109658,008,25151000
1113,A120110,컠챵첉엇,20170210,69300,71100,69300,69700,134244,008,25151000
1114,A120110,컠챵첉엇,20170209,70000,71000,69000,69000,233679,008,25151000
1115,A120110,컠챵첉엇,20170208,70500,71300,69100,70500,196430,008,25151000
1116,A120110,컠챵첉엇,20170207,70100,71100,69200,70600,132462,008,25151000
1117,A120110,컠챵첉엇,20170206,72600,72600,69600,70200,209470,008,25151000
1118,A120110,컠챵첉엇,20170203,74700,74700,71700,72000,142054,008,25151000
1119,A120110,컠챵첉엇,20170202,72600,76400,72500,74600,222915,008,25151000
1120,A120110,컠챵첉엇,20170201,74400,75000,72200,72500,177828,008,25151000
1121,A120110,컠챵첉엇,20170131,75000,75600,73700,74300,94295,008,25151000
1122,A120110,컠챵첉엇,20170126,74900,76000,73400,75500,157220,008,25151000
1123,A120110,컠챵첉엇,20170125,77300,77500,74100,74400,171676,008,25151000
1124,A120110,컠챵첉엇,20170124,77900,77900,76100,77100,99205,008,25151000
1125,A120110,컠챵첉엇,20170123,76400,78000,76100,78000,88383,008,25151000
1126,A120110,컠챵첉엇,20170120,77600,78000,76100,76700,103780,008,25151000
1127,A120110,컠챵첉엇,20170119,78600,79500,77500,77900,89920,008,25151000
1128,A120110,컠챵첉엇,20170118,78800,78900,77600,78600,69175,008,25151000
1129,A120110,컠챵첉엇,20170117,78600,80100,78600,79100,50423,008,25151000
1130,A120110,컠챵첉엇,20170116,81000,81200,78300,79100,126050,008,25151000
1131,A120110,컠챵첉엇,20170113,79500,81700,79500,80900,101898,008,25151000
1132,A120110,컠챵첉엇,20170112,81400,81600,79600,79900,96888,008,25151000
1133,A120110,컠챵첉엇,20170111,79400,81800,78800,81500,132062,008,25151000
1134,A120110,컠챵첉엇,20170110,79800,80100,78400,79300,107156,008,25151000
1135,A120110,컠챵첉엇,20170109,79700,81600,79300,80100,126130,008,25151000
1136,A120110,컠챵첉엇,20170106,79600,81900,79600,80000,106126,008,25151000
1137,A120110,컠챵첉엇,20170105,81400,81800,79300,79600,120265,008,25151000
1138,A120110,컠챵첉엇,20170104,79700,81600,79500,80400,190444,008,25151000
1139,A120110,컠챵첉엇,20170103,79200,79800,78600,79400,161176,008,25151000
1140,A120110,컠챵첉엇,20170102,74400,79800,74300,79200,330661,008,25151000
1141,A120110,컠챵첉엇,20161229,74700,74900,73800,74000,72408,008,25151000
1142,A120110,컠챵첉엇,20161228,75400,76500,73800,74700,125021,008,25151000
1143,A120110,컠챵첉엇,20161227,74300,76100,73900,75900,110226,008,25151000
1144,A120110,컠챵첉엇,20161226,74800,75800,73800,74300,115125,008,25151000
1145,A120110,컠챵첉엇,20161223,75700,75700,74600,74800,117078,008,25151000
1146,A120110,컠챵첉엇,20161222,75400,76000,74900,75700,78661,008,25151000
1147,A120110,컠챵첉엇,20161221,76800,77100,74900,75800,124501,008,25151000
1148,A120110,컠챵첉엇,20161220,76000,77700,75800,76200,131807,008,25151000
1149,A120110,컠챵첉엇,20161219,75900,76600,74700,75300,89304,008,25151000
1150,A120110,컠챵첉엇,20161216,75700,77100,75300,75900,183550,008,25151000
1151,A120110,컠챵첉엇,20161215,73500,76400,73400,75900,141686,008,25151000
1152,A120110,컠챵첉엇,20161214,73900,75400,73000,74200,162432,008,25151000
1153,A120110,컠챵첉엇,20161213,73000,74500,72500,74000,109091,008,25151000
1154,A120110,컠챵첉엇,20161212,73200,74000,72300,72900,122925,008,25151000
1155,A120110,컠챵첉엇,20161209,73500,73600,72000,72900,119469,008,25151000
1156,A120110,컠챵첉엇,20161208,69900,73600,69500,73600,233431,008,25151000
1157,A120110,컠챵첉엇,20161207,69500,70100,68200,69500,99146,008,25151000
1158,A120110,컠챵첉엇,20161206,68100,69800,67500,69500,100031,008,25151000
1159,A120110,컠챵첉엇,20161205,67000,68000,65500,67300,144086,008,25151000
1160,A120110,컠챵첉엇,20161202,68900,69200,67700,67700,98210,008,25151000
1161,A120110,컠챵첉엇,20161201,70000,70500,68200,69300,82085,008,25151000
1162,A120110,컠챵첉엇,20161130,70900,70900,68800,69900,137142,008,25151000
1163,A120110,컠챵첉엇,20161129,70600,71500,69900,70400,118482,008,25151000
1164,A120110,컠챵첉엇,20161128,71900,72200,70700,71500,97619,008,25151000
1165,A120110,컠챵첉엇,20161125,71000,72300,70500,71900,78706,008,25151000
1166,A120110,컠챵첉엇,20161124,71900,72100,70200,71500,114358,008,25151000
1167,A120110,컠챵첉엇,20161123,70200,72200,69600,70500,80698,008,25151000
1168,A120110,컠챵첉엇,20161122,70200,70700,67500,70000,212685,008,25151000
1169,A120110,컠챵첉엇,20161121,71900,72100,70000,70100,87939,008,25151000
1170,A120110,컠챵첉엇,20161118,73000,73100,71600,71900,62382,008,25151000
1171,A120110,컠챵첉엇,20161117,73700,73900,72200,73200,64875,008,25151000
1172,A120110,컠챵첉엇,20161116,72800,73900,72200,73700,88915,008,25151000
1173,A120110,컠챵첉엇,20161115,71400,73200,71100,72900,88060,008,25151000
1174,A120110,컠챵첉엇,20161114,70700,72200,70600,72000,108790,008,25151000
1175,A120110,컠챵첉엇,20161111,73800,74100,70600,70700,255919,008,25151000
1176,A120110,컠챵첉엇,20161110,74300,74700,71200,74500,203353,008,25151000
1177,A120110,컠챵첉엇,20161109,75000,76300,70200,73300,204967,008,25151000
1178,A120110,컠챵첉엇,20161108,75300,77000,74400,74500,186590,008,25151000
1179,A120110,컠챵첉엇,20161107,72500,75200,71800,74500,90632,008,25151000
1180,A120110,컠챵첉엇,20161104,72900,72900,71000,71500,63124,008,25151000
1181,A120110,컠챵첉엇,20161103,70300,72900,70300,72300,90738,008,25151000
1182,A120110,컠챵첉엇,20161102,73000,73000,70600,70800,133173,008,25151000
1183,A120110,컠챵첉엇,20161101,73700,74300,71600,73500,115570,008,25151000
1184,A120110,컠챵첉엇,20161031,74200,74700,73200,74400,72387,008,25136000
1185,A120110,컠챵첉엇,20161028,75000,75500,73300,74800,102524,008,25136000
1186,A120110,컠챵첉엇,20161027,76400,76400,75000,75200,72249,008,25136000
1187,A120110,컠챵첉엇,20161026,75500,76600,75000,76200,78531,008,25136000
1188,A120110,컠챵첉엇,20161025,77300,77700,75800,75900,87368,008,25136000
1189,A120110,컠챵첉엇,20161024,79100,79600,77300,77400,62234,008,25136000
1190,A120110,컠챵첉엇,20161021,79100,79800,78500,79100,75918,008,25136000
1191,A120110,컠챵첉엇,20161020,79000,79500,77300,79100,108780,008,25136000
1192,A120110,컠챵첉엇,20161019,74300,80500,73200,79200,471804,008,25136000
1193,A120110,컠챵첉엇,20161018,77400,77500,75600,75900,135117,008,25136000
1194,A120110,컠챵첉엇,20161017,77700,78600,77000,77200,56417,008,25134000
1195,A120110,컠챵첉엇,20161014,77000,78400,76800,77800,91815,008,25134000
1196,A120110,컠챵첉엇,20161013,79500,79700,77300,77400,97798,008,25134000
1197,A120110,컠챵첉엇,20161012,79300,80800,79000,80000,83733,008,25134000
1198,A120110,컠챵첉엇,20161011,80400,81900,79800,80300,96497,008,25134000
1199,A120110,컠챵첉엇,20161010,81100,82300,80800,80900,95939,008,25134000
1200,A120110,컠챵첉엇,20161007,83200,83800,80900,80900,107655,008,25134000
1201,A120110,컠챵첉엇,20161006,83800,84400,83000,83800,83456,008,25134000
1202,A120110,컠챵첉엇,20161005,82000,84300,81200,83800,110459,008,25134000
1203,A120110,컠챵첉엇,20161004,82900,84000,81000,82500,113882,008,25134000
1204,A120110,컠챵첉엇,20160930,82400,83200,82000,82900,96254,008,25134000
1205,A120110,컠챵첉엇,20160929,84300,84300,82800,83800,64102,008,25134000
1206,A120110,컠챵첉엇,20160928,82700,84800,82500,83600,197088,008,25134000
1207,A120110,컠챵첉엇,20160927,79500,83600,78500,82900,253764,008,25134000
1208,A120110,컠챵첉엇,20160926,79500,80800,78300,79100,94367,008,25134000
1209,A120110,컠챵첉엇,20160923,80000,80700,78800,79000,75316,008,25134000
1210,A120110,컠챵첉엇,20160922,78200,80300,77600,79200,118055,008,25134000
1211,A120110,컠챵첉엇,20160921,78500,78600,77200,77600,109710,008,25134000
1212,A120110,컠챵첉엇,20160920,77600,79100,77300,79000,67171,008,25134000
1213,A120110,컠챵첉엇,20160919,77400,78900,76600,78200,126089,008,25134000
1214,A120110,컠챵첉엇,20160913,80900,80900,77000,78400,252812,008,25134000
1215,A120110,컠챵첉엇,20160912,79300,80500,78500,80000,122733,008,25130000
1216,A120110,컠챵첉엇,20160909,81100,81600,78700,80900,170516,008,25130000
1217,A120110,컠챵첉엇,20160908,81500,82700,80300,81900,142888,008,25130000
1218,A120110,컠챵첉엇,20160907,82800,82900,81100,81300,100518,008,25130000
1219,A120110,컠챵첉엇,20160906,83800,84600,82400,82900,116068,008,25130000
1220,A120110,컠챵첉엇,20160905,81600,83800,81100,83600,141522,008,25130000
1221,A120110,컠챵첉엇,20160902,81100,81500,79800,81000,117547,008,25130000
1222,A120110,컠챵첉엇,20160901,81000,81800,79900,81100,179544,008,25130000
1223,A120110,컠챵첉엇,20160831,81400,82000,80600,82000,67351,008,25130000
1224,A120110,컠챵첉엇,20160830,81500,83200,80500,81000,182650,008,25130000
1225,A120110,컠챵첉엇,20160829,84800,84900,81400,81500,193574,008,25125000
1226,A120110,컠챵첉엇,20160826,85000,85700,84300,85600,101164,008,25125000
1227,A120110,컠챵첉엇,20160825,86000,86000,84500,84800,113509,008,25125000
1228,A120110,컠챵첉엇,20160824,83000,85900,82500,85100,278584,008,25125000
1229,A120110,컠챵첉엇,20160823,81600,83200,80000,82800,146526,008,25125000
1230,A120110,컠챵첉엇,20160822,80600,81400,79000,81000,131590,008,25125000
1231,A120110,컠챵첉엇,20160819,80800,82700,80200,80600,130789,008,25125000
1232,A120110,컠챵첉엇,20160818,82500,83900,80100,80900,145155,008,25125000
1233,A120110,컠챵첉엇,20160817,82100,83700,80900,83200,142740,008,25125000
1234,A120110,컠챵첉엇,20160816,83600,83700,81900,82200,132108,008,25125000
1235,A120110,컠챵첉엇,20160812,82200,86000,82200,83700,268261,008,25125000
1236,A120110,컠챵첉엇,20160811,82700,83700,81400,82000,269971,008,25125000
1237,A120110,컠챵첉엇,20160810,86000,87000,82900,83700,274985,008,25124000
1238,A120110,컠챵첉엇,20160809,84100,87100,82000,86500,425935,008,25124000
1239,A120110,컠챵첉엇,20160808,87900,88500,84000,84700,317934,008,25124000
1240,A120110,컠챵첉엇,20160805,87200,90200,86900,88100,243238,008,25124000
1241,A120110,컠챵첉엇,20160804,88000,89400,85700,87300,396444,008,25124000
1242,A120110,컠챵첉엇,20160803,93500,94800,87400,88700,630712,008,25124000
1243,A120110,컠챵첉엇,20160802,88400,92900,88000,91600,424658,008,25124000
1244,A120110,컠챵첉엇,20160801,87100,90600,85400,88200,322353,008,25124000
1245,A120110,컠챵첉엇,20160729,87200,87200,84200,87100,162144,008,25124000
1246,A120110,컠챵첉엇,20160728,87600,89900,85100,86200,222254,008,25120000
1247,A120110,컠챵첉엇,20160727,85600,87700,84500,87600,200748,008,25120000
1248,A120110,컠챵첉엇,20160726,82900,86200,82600,85400,133425,008,25120000
1249,A120110,컠챵첉엇,20160725,84200,85400,83300,83800,98816,008,25120000
1250,A120110,컠챵첉엇,20160722,82500,84300,82100,83800,123023,008,25120000
1251,A120110,컠챵첉엇,20160721,84400,84700,81800,82400,182006,008,25120000
1252,A120110,컠챵첉엇,20160720,83400,84400,82200,84300,148495,008,25120000
1253,A120110,컠챵첉엇,20160719,85800,85800,83100,83300,180740,008,25120000
1254,A120110,컠챵첉엇,20160718,83700,87100,83400,85500,182126,008,25120000
1255,A120110,컠챵첉엇,20160715,85700,87000,84100,84400,199050,008,25120000
1256,A120110,컠챵첉엇,20160714,83500,86400,83500,85800,220026,008,25120000
1257,A120110,컠챵첉엇,20160713,81100,86300,80500,84300,475067,008,25120000
1258,A120110,컠챵첉엇,20160712,78300,83200,78200,80300,486659,008,25120000
1259,A120110,컠챵첉엇,20160711,75800,77400,75700,76800,174733,008,25120000
1260,A120110,컠챵첉엇,20160708,76200,76600,74600,75200,127436,008,25120000
1261,A120110,컠챵첉엇,20160707,72900,77500,72900,76600,287493,008,25120000
1262,A120110,컠챵첉엇,20160706,73800,74400,72100,73500,137074,008,25120000
1263,A120110,컠챵첉엇,20160705,75300,75300,73300,73800,124806,008,25120000
1264,A120110,컠챵첉엇,20160704,76500,78000,73000,74500,436449,008,25120000
1265,A120110,컠챵첉엇,20160701,72300,72900,70700,70900,112283,008,25120000
1266,A120110,컠챵첉엇,20160630,72200,73300,71600,72300,86532,008,25120000
1267,A120110,컠챵첉엇,20160629,71900,72500,70800,72000,121920,008,25120000
1268,A120110,컠챵첉엇,20160628,70200,72000,69100,71800,82712,008,25120000
1269,A120110,컠챵첉엇,20160627,70200,72400,70200,71300,107529,008,25120000
1270,A120110,컠챵첉엇,20160624,74400,75300,70000,72000,175840,008,25120000
1271,A120110,컠챵첉엇,20160623,75700,75800,73200,74100,83889,008,25120000
1272,A120110,컠챵첉엇,20160622,75100,77300,74700,75900,134390,008,25120000
1273,A120110,컠챵첉엇,20160621,73500,75500,72700,75100,130334,008,25120000
1274,A120110,컠챵첉엇,20160620,74300,75800,73200,73800,63294,008,25120000
1275,A120110,컠챵첉엇,20160617,73900,74600,72600,73300,70443,008,25120000
1276,A120110,컠챵첉엇,20160616,72900,76200,72300,73700,156260,008,25120000
1277,A120110,컠챵첉엇,20160615,73400,74100,72200,72600,91683,008,25120000
1278,A120110,컠챵첉엇,20160614,74200,75500,73200,73700,75822,008,25120000
1279,A120110,컠챵첉엇,20160613,74800,76000,74100,74800,71857,008,25120000
1280,A120110,컠챵첉엇,20160610,75700,77000,74200,75600,102084,008,25120000
1281,A120110,컠챵첉엇,20160609,73700,78000,73300,76000,249218,008,25120000
1282,A120110,컠챵첉엇,20160608,73600,74400,72900,73800,110624,008,25120000
1283,A120110,컠챵첉엇,20160607,70900,74600,70700,73600,227117,008,25120000
1284,A120110,컠챵첉엇,20160603,70000,70300,68700,70100,129947,008,25120000
1285,A120110,컠챵첉엇,20160602,67700,70300,67400,69800,147072,008,25120000
1286,A120110,컠챵첉엇,20160601,68600,69300,67200,67500,164557,008,25120000
1287,A120110,컠챵첉엇,20160531,69800,69800,68900,69200,51512,008,25120000
1288,A120110,컠챵첉엇,20160530,69500,69900,67900,69800,122048,008,25120000
1289,A120110,컠챵첉엇,20160527,70300,70600,69200,70000,66495,008,25120000
1290,A120110,컠챵첉엇,20160526,68600,70200,68300,70000,81078,008,25120000
1291,A120110,컠챵첉엇,20160525,68400,69300,67300,68900,68736,008,25120000
1292,A120110,컠챵첉엇,20160524,69100,69200,67500,68000,71237,008,25120000
1293,A120110,컠챵첉엇,20160523,69500,70900,68700,69300,100766,008,25120000
1294,A120110,컠챵첉엇,20160520,69100,70000,67800,69700,96372,008,25120000
1295,A120110,컠챵첉엇,20160519,69900,70400,68500,68500,118378,008,25120000
1296,A120110,컠챵첉엇,20160518,69000,71700,68300,70600,184509,008,25120000
1297,A120110,컠챵첉엇,20160517,67500,69700,67200,69100,90002,008,25120000
1298,A120110,컠챵첉엇,20160516,68000,68100,66600,67500,110079,008,25120000
1299,A120110,컠챵첉엇,20160513,68700,69300,68000,68500,108370,008,25120000
1300,A120110,컠챵첉엇,20160512,70500,70500,68200,69200,109408,008,25120000
1301,A120110,컠챵첉엇,20160511,68100,69100,67400,69100,46584,008,25120000
1302,A120110,컠챵첉엇,20160510,67600,68300,66300,68000,89612,008,25120000
1303,A120110,컠챵첉엇,20160509,68900,69200,66800,67900,87163,008,25120000
1304,A120110,컠챵첉엇,20160504,68600,69700,68100,68500,96555,008,25120000
1305,A120110,컠챵첉엇,20160503,68700,69400,67900,69300,65717,008,25120000
1306,A120110,컠챵첉엇,20160502,70000,70600,68400,68800,48877,008,25120000
1307,A120110,컠챵첉엇,20160429,70900,71400,69700,69900,58193,008,25120000
1308,A120110,컠챵첉엇,20160428,71300,72100,70100,70900,73424,008,25120000
1309,A120110,컠챵첉엇,20160427,69700,71700,69700,70600,69199,008,25120000
1310,A120110,컠챵첉엇,20160426,71200,71300,69200,70200,98284,008,25120000
1311,A120110,컠챵첉엇,20160425,69000,72300,69000,71200,125782,008,25120000
1312,A120110,컠챵첉엇,20160422,69500,70000,68100,69600,192716,008,25120000
1313,A120110,컠챵첉엇,20160421,71500,72300,69700,70800,139509,008,25120000
1314,A120110,컠챵첉엇,20160420,73300,73600,70800,71000,110689,008,25120000
1315,A120110,컠챵첉엇,20160419,73700,74200,72000,73000,89908,008,25120000
1316,A120110,컠챵첉엇,20160418,72600,74300,72600,73900,74045,008,25120000
1317,A120110,컠챵첉엇,20160415,75300,76400,73200,73200,121096,008,25120000
1318,A120110,컠챵첉엇,20160414,74000,76000,73900,76000,97675,008,25120000
1319,A120110,컠챵첉엇,20160412,73700,75200,72900,74700,90999,008,25119000
1320,A120110,컠챵첉엇,20160411,74100,75200,73500,74100,44152,008,25119000
1321,A120110,컠챵첉엇,20160408,74900,75900,73400,74600,106680,008,25119000
1322,A120110,컠챵첉엇,20160407,75700,76800,74900,75900,138740,008,25119000
1323,A120110,컠챵첉엇,20160406,72100,75900,72000,75700,227325,008,25119000
1324,A120110,컠챵첉엇,20160405,71200,72800,71000,72300,79576,008,25119000
1325,A120110,컠챵첉엇,20160404,69800,72900,69800,71500,101850,008,25119000
1326,A120110,컠챵첉엇,20160401,72400,73200,69800,70300,133458,008,25119000
1327,A120110,컠챵첉엇,20160331,72700,73600,71200,72400,114814,008,25119000
1328,A120110,컠챵첉엇,20160330,72600,74400,72600,72700,125252,008,25119000
1329,A120110,컠챵첉엇,20160329,72300,73600,72200,72800,82594,008,25119000
1330,A120110,컠챵첉엇,20160328,71700,73200,71200,72700,114824,008,25119000
1331,A120110,컠챵첉엇,20160325,70100,73000,69700,71500,174599,008,25119000
1332,A120110,컠챵첉엇,20160324,69600,71300,69200,70100,117119,008,25119000
1333,A120110,컠챵첉엇,20160323,68000,71000,68000,70100,103270,008,25119000
1334,A120110,컠챵첉엇,20160322,69000,69700,67500,68400,131327,008,25119000
1335,A120110,컠챵첉엇,20160321,70000,71000,69200,69400,81659,008,25119000
1336,A120110,컠챵첉엇,20160318,70100,71000,69200,70400,85673,008,25119000
1337,A120110,컠챵첉엇,20160317,69000,70500,69000,70100,111326,008,25119000
1338,A120110,컠챵첉엇,20160316,71000,71200,69000,69100,79779,008,25119000
1339,A120110,컠챵첉엇,20160315,68500,71400,68200,71000,153472,008,25119000
1340,A120110,컠챵첉엇,20160314,70200,70400,67700,69000,146877,008,25119000
1341,A120110,컠챵첉엇,20160311,70300,70900,68800,69900,86299,008,25119000
1342,A120110,컠챵첉엇,20160310,69900,70700,69000,70300,93696,008,25119000
1343,A120110,컠챵첉엇,20160309,70800,70800,68800,69900,114443,008,25119000
1344,A120110,컠챵첉엇,20160308,68700,71500,68000,70800,141390,008,25119000
1345,A120110,컠챵첉엇,20160307,68700,69900,67900,69500,113244,008,25119000
1346,A120110,컠챵첉엇,20160304,69400,69900,67500,69000,155881,008,25119000
1347,A120110,컠챵첉엇,20160303,69400,70300,68200,68900,221379,008,25119000
1348,A120110,컠챵첉엇,20160302,67300,69400,66500,68900,271929,008,25119000
1349,A120110,컠챵첉엇,20160229,65500,68000,65300,67200,259060,008,25119000
1350,A120110,컠챵첉엇,20160226,64700,66800,63600,64700,256528,008,25119000
1351,A120110,컠챵첉엇,20160225,63900,65200,63200,64500,186655,008,25119000
1352,A120110,컠챵첉엇,20160224,62500,64600,62300,64300,146618,008,25119000
1353,A120110,컠챵첉엇,20160223,62700,63400,61600,63200,120929,008,25119000
1354,A120110,컠챵첉엇,20160222,61500,63500,61300,62700,116368,008,25119000
1355,A120110,컠챵첉엇,20160219,61200,62800,60600,62100,116710,008,25119000
1356,A120110,컠챵첉엇,20160218,60500,61800,60100,61000,137156,008,25119000
1357,A120110,컠챵첉엇,20160217,56600,61700,56400,60900,388962,008,25119000
1358,A120110,컠챵첉엇,20160216,57100,57400,55400,56000,110836,008,25119000
1359,A120110,컠챵첉엇,20160215,54600,56900,53700,56800,70549,008,25119000
1360,A120110,컠챵첉엇,20160212,56000,57600,53000,54300,202427,008,25119000
1361,A120110,컠챵첉엇,20160211,57000,58100,56400,56800,80379,008,25119000
1362,A120110,컠챵첉엇,20160205,58600,59300,58300,59100,73215,008,25119000
1363,A120110,컠챵첉엇,20160204,58400,59400,57000,58600,143256,008,25119000
1364,A120110,컠챵첉엇,20160203,57800,58400,56100,58100,112155,008,25119000
1365,A120110,컠챵첉엇,20160202,58000,58900,57200,57900,50123,008,25119000
1366,A120110,컠챵첉엇,20160201,59200,59800,58200,58500,35747,008,25119000
1367,A120110,컠챵첉엇,20160129,57600,59200,57600,59200,55943,008,25119000
1368,A120110,컠챵첉엇,20160128,57000,58300,57000,58100,90625,008,25119000
1369,A120110,컠챵첉엇,20160127,59300,59800,57200,57900,99851,008,25119000
1370,A120110,컠챵첉엇,20160126,58600,59300,57300,58700,56650,008,25119000
1371,A120110,컠챵첉엇,20160125,60000,60000,58700,59400,76435,008,25119000
1372,A120110,컠챵첉엇,20160122,58000,59000,57000,58700,84237,008,25119000
1373,A120110,컠챵첉엇,20160121,56900,58000,56000,57400,89960,008,25119000
1374,A120110,컠챵첉엇,20160120,58200,58500,54400,56800,179395,008,25119000
1375,A120110,컠챵첉엇,20160119,60100,60600,57600,58200,111898,008,25119000
1376,A120110,컠챵첉엇,20160118,61100,61600,59000,60600,155326,008,25119000
1377,A120110,컠챵첉엇,20160115,64500,64500,61000,61100,96409,008,25119000
1378,A120110,컠챵첉엇,20160114,62900,64100,62200,64100,52355,008,25119000
1379,A120110,컠챵첉엇,20160113,64000,64700,63500,63600,47340,008,25119000
1380,A120110,컠챵첉엇,20160112,64700,64700,63400,63500,42873,008,25119000
1381,A120110,컠챵첉엇,20160111,65400,65800,63600,64100,95987,008,25119000
1382,A120110,컠챵첉엇,20160108,64500,65800,64000,65400,58167,008,25119000
1383,A120110,컠챵첉엇,20160107,65100,66400,64400,65100,58906,008,25119000
1384,A120110,컠챵첉엇,20160106,64200,66700,63900,65400,188149,008,25119000
1385,A120110,컠챵첉엇,20160105,63400,64800,63200,64400,97161,008,25119000
1386,A120110,컠챵첉엇,20160104,62200,64100,62200,63400,76437,008,25119000
