,มพธ๑ฤฺตๅ,มพธ๑ธํ,ณฏยฅ,ฝรฐก,ฐํฐก,ภ๚ฐก,มพฐก,ฐลทกทฎ,ม๕ฑวภป๊พ๗มพฤฺตๅ,น฿วเมึฝฤผ๖
0,A002020,ฤฺฟภที,20210823,29250,29650,29000,29650,21931,021,12626000
1,A002020,ฤฺฟภที,20210820,30550,30850,29050,29200,104575,021,12626000
2,A002020,ฤฺฟภที,20210819,31100,31950,30350,30550,90008,021,12626000
3,A002020,ฤฺฟภที,20210818,29150,31800,29150,31550,142312,021,12626000
4,A002020,ฤฺฟภที,20210817,30400,30400,28950,29000,73855,021,12626000
5,A002020,ฤฺฟภที,20210813,30850,30850,29500,30400,71911,021,12626000
6,A002020,ฤฺฟภที,20210812,30500,31000,30500,30650,39885,021,12626000
7,A002020,ฤฺฟภที,20210811,30950,31050,30450,30500,40591,021,12626000
8,A002020,ฤฺฟภที,20210810,31450,31550,30600,30700,45555,021,12626000
9,A002020,ฤฺฟภที,20210809,31600,32000,31250,31450,40680,021,12626000
10,A002020,ฤฺฟภที,20210806,31950,31950,31450,31850,35416,021,12626000
11,A002020,ฤฺฟภที,20210805,31350,31750,31200,31750,43150,021,12626000
12,A002020,ฤฺฟภที,20210804,31750,32250,31400,31500,61656,021,12626000
13,A002020,ฤฺฟภที,20210803,30650,31600,30450,31450,62830,021,12626000
14,A002020,ฤฺฟภที,20210802,30600,30800,30500,30650,22177,021,12626000
15,A002020,ฤฺฟภที,20210730,30950,31050,30550,30550,22269,021,12626000
16,A002020,ฤฺฟภที,20210729,30700,31300,30700,30850,32134,021,12626000
17,A002020,ฤฺฟภที,20210728,30700,31050,30600,30650,40516,021,12626000
18,A002020,ฤฺฟภที,20210727,31300,31300,30700,30950,24633,021,12626000
19,A002020,ฤฺฟภที,20210726,30950,31500,30750,30900,28109,021,12626000
20,A002020,ฤฺฟภที,20210723,31150,31250,30700,30950,25839,021,12626000
21,A002020,ฤฺฟภที,20210722,30700,31250,30650,31150,27146,021,12626000
22,A002020,ฤฺฟภที,20210721,30900,30900,30500,30650,30369,021,12626000
23,A002020,ฤฺฟภที,20210720,30400,30850,30300,30650,50921,021,12626000
24,A002020,ฤฺฟภที,20210719,31000,31200,30750,30950,33962,021,12626000
25,A002020,ฤฺฟภที,20210716,31700,31900,30900,31300,45846,021,12626000
26,A002020,ฤฺฟภที,20210715,31600,32100,31450,31700,39084,021,12626000
27,A002020,ฤฺฟภที,20210714,31350,31850,30850,31800,43288,021,12626000
28,A002020,ฤฺฟภที,20210713,31200,31500,31200,31450,39864,021,12626000
29,A002020,ฤฺฟภที,20210712,30500,31450,30500,31200,43289,021,12626000
30,A002020,ฤฺฟภที,20210709,31200,31400,30250,30450,128803,021,12626000
31,A002020,ฤฺฟภที,20210708,32400,32450,31500,31700,85766,021,12626000
32,A002020,ฤฺฟภที,20210707,32750,32750,32150,32200,84174,021,12626000
33,A002020,ฤฺฟภที,20210706,32650,33000,32450,32850,53757,021,12626000
34,A002020,ฤฺฟภที,20210705,33500,33500,32500,32550,70324,021,12626000
35,A002020,ฤฺฟภที,20210702,33700,34500,33200,33300,62374,021,12626000
36,A002020,ฤฺฟภที,20210701,34500,34650,33500,33700,79941,021,12626000
37,A002020,ฤฺฟภที,20210630,34250,34700,33600,34400,103987,021,12626000
38,A002020,ฤฺฟภที,20210629,34250,34700,34000,34200,98486,021,12626000
39,A002020,ฤฺฟภที,20210628,33500,34300,33200,34250,113812,021,12626000
40,A002020,ฤฺฟภที,20210625,33850,34700,33200,33200,234577,021,12626000
41,A002020,ฤฺฟภที,20210624,32350,33450,31950,33300,145248,021,12626000
42,A002020,ฤฺฟภที,20210623,33400,33500,32200,32350,116817,021,12626000
43,A002020,ฤฺฟภที,20210622,31550,33500,31550,33300,235247,021,12626000
44,A002020,ฤฺฟภที,20210621,31700,31900,31300,31450,53818,021,12626000
45,A002020,ฤฺฟภที,20210618,31950,32400,31500,32000,83269,021,12626000
46,A002020,ฤฺฟภที,20210617,32700,32950,31650,31850,134725,021,12626000
47,A002020,ฤฺฟภที,20210616,30650,32450,30550,32300,209855,021,12626000
48,A002020,ฤฺฟภที,20210615,30550,30850,30400,30600,34494,021,12626000
49,A002020,ฤฺฟภที,20210614,30750,30800,30450,30600,38902,021,12626000
50,A002020,ฤฺฟภที,20210611,30700,30900,30550,30750,29687,021,12626000
51,A002020,ฤฺฟภที,20210610,30800,30800,30400,30700,25039,021,12626000
52,A002020,ฤฺฟภที,20210609,30700,31150,30600,30650,34003,021,12626000
53,A002020,ฤฺฟภที,20210608,31150,31150,30650,30700,39237,021,12626000
54,A002020,ฤฺฟภที,20210607,31100,31250,30850,30900,36321,021,12626000
55,A002020,ฤฺฟภที,20210604,31400,31500,30950,31050,35031,021,12626000
56,A002020,ฤฺฟภที,20210603,31100,31450,30950,31400,52648,021,12626000
57,A002020,ฤฺฟภที,20210602,31100,31500,30750,31100,58248,021,12626000
58,A002020,ฤฺฟภที,20210601,30850,31100,30600,30850,55707,021,12626000
59,A002020,ฤฺฟภที,20210531,30100,30950,29800,30850,69885,021,12626000
60,A002020,ฤฺฟภที,20210528,29850,30250,29800,30000,34273,021,12626000
61,A002020,ฤฺฟภที,20210527,30350,30400,29700,29800,61196,021,12626000
62,A002020,ฤฺฟภที,20210526,29600,30450,29600,30300,56426,021,12626000
63,A002020,ฤฺฟภที,20210525,30150,30700,30050,30150,40025,021,12626000
64,A002020,ฤฺฟภที,20210524,30400,30800,29950,30150,61833,021,12626000
65,A002020,ฤฺฟภที,20210521,31600,31750,30400,30750,96915,021,12626000
66,A002020,ฤฺฟภที,20210520,32100,32100,31250,31500,49334,021,12626000
67,A002020,ฤฺฟภที,20210518,31800,32250,31300,32100,56775,021,12626000
68,A002020,ฤฺฟภที,20210517,32800,32800,31200,31450,83920,021,12626000
69,A002020,ฤฺฟภที,20210514,32400,33100,32350,32800,56104,021,12626000
70,A002020,ฤฺฟภที,20210513,31900,32700,31550,32150,73191,021,12626000
71,A002020,ฤฺฟภที,20210512,34300,34300,32450,32650,119139,021,12626000
72,A002020,ฤฺฟภที,20210511,33250,34050,32850,34050,110020,021,12626000
73,A002020,ฤฺฟภที,20210510,33450,33900,33000,33650,106145,021,12626000
74,A002020,ฤฺฟภที,20210507,32150,34000,32050,33000,215460,021,12626000
75,A002020,ฤฺฟภที,20210506,31500,32200,31400,32050,58224,021,12626000
76,A002020,ฤฺฟภที,20210504,31700,32100,30500,31400,116467,021,12626000
77,A002020,ฤฺฟภที,20210503,31750,32400,31500,31650,67761,021,12626000
78,A002020,ฤฺฟภที,20210430,32500,32800,31650,31750,81129,021,12626000
79,A002020,ฤฺฟภที,20210429,31900,32650,31500,32350,81472,021,12626000
80,A002020,ฤฺฟภที,20210428,33200,33400,31700,31800,180746,021,12626000
81,A002020,ฤฺฟภที,20210427,33750,33750,32950,33300,109578,021,12626000
82,A002020,ฤฺฟภที,20210426,32150,33650,31950,33600,203431,021,12626000
83,A002020,ฤฺฟภที,20210423,31600,32800,31150,32100,143007,021,12626000
84,A002020,ฤฺฟภที,20210422,32950,33350,31750,31850,141169,021,12626000
85,A002020,ฤฺฟภที,20210421,32500,33150,32200,32650,102533,021,12626000
86,A002020,ฤฺฟภที,20210420,31850,33200,31700,32600,173375,021,12626000
87,A002020,ฤฺฟภที,20210419,32150,32450,31300,31850,139569,021,12626000
88,A002020,ฤฺฟภที,20210416,31550,32800,31300,32200,215994,021,12626000
89,A002020,ฤฺฟภที,20210415,32550,32550,31000,31550,258846,021,12626000
90,A002020,ฤฺฟภที,20210414,32450,33350,31800,32650,261446,021,12626000
91,A002020,ฤฺฟภที,20210413,34300,34400,32400,32400,441623,021,12626000
92,A002020,ฤฺฟภที,20210412,35500,37350,33950,33950,1414302,021,12626000
93,A002020,ฤฺฟภที,20210409,29650,38800,29450,35500,2718908,021,12626000
94,A002020,ฤฺฟภที,20210408,29650,30200,28500,29850,272153,021,12626000
95,A002020,ฤฺฟภที,20210407,28900,30350,28800,29650,495260,021,12626000
96,A002020,ฤฺฟภที,20210406,27100,29950,27050,29000,1133760,021,12626000
97,A002020,ฤฺฟภที,20210405,27400,27600,26800,27100,252243,021,12626000
98,A002020,ฤฺฟภที,20210402,26450,27750,26150,27150,776511,021,12626000
99,A002020,ฤฺฟภที,20210401,23450,26500,23300,25800,1242039,021,12626000
100,A002020,ฤฺฟภที,20210331,23250,23400,23000,23200,42540,021,12626000
101,A002020,ฤฺฟภที,20210330,23250,23350,22850,23150,60659,021,12626000
102,A002020,ฤฺฟภที,20210329,23650,23650,23100,23250,48188,021,12626000
103,A002020,ฤฺฟภที,20210326,23400,23650,23250,23550,84134,021,12626000
104,A002020,ฤฺฟภที,20210325,22900,23300,22900,23300,48505,021,12626000
105,A002020,ฤฺฟภที,20210324,23250,23900,22700,23150,147886,021,12626000
106,A002020,ฤฺฟภที,20210323,22850,22850,22250,22400,58103,021,12626000
107,A002020,ฤฺฟภที,20210322,22250,22700,22200,22700,88684,021,12626000
108,A002020,ฤฺฟภที,20210319,21950,22250,21750,22050,61627,021,12626000
109,A002020,ฤฺฟภที,20210318,22000,22200,21900,22150,74364,021,12626000
110,A002020,ฤฺฟภที,20210317,22300,22400,21850,21950,50307,021,12626000
111,A002020,ฤฺฟภที,20210316,22250,22600,22150,22300,67432,021,12626000
112,A002020,ฤฺฟภที,20210315,22350,22350,21900,22250,41600,021,12626000
113,A002020,ฤฺฟภที,20210312,21750,22200,21700,22150,37927,021,12626000
114,A002020,ฤฺฟภที,20210311,21250,21700,21250,21650,26696,021,12626000
115,A002020,ฤฺฟภที,20210310,21650,21650,21100,21300,42895,021,12626000
116,A002020,ฤฺฟภที,20210309,21700,21700,21000,21400,78061,021,12626000
117,A002020,ฤฺฟภที,20210308,22000,22200,21800,21800,48611,021,12626000
118,A002020,ฤฺฟภที,20210305,21900,21950,21550,21900,56107,021,12626000
119,A002020,ฤฺฟภที,20210304,22350,22550,22000,22200,64488,021,12626000
120,A002020,ฤฺฟภที,20210303,22200,22350,22000,22350,53077,021,12626000
121,A002020,ฤฺฟภที,20210302,22900,23050,22150,22350,104748,021,12626000
122,A002020,ฤฺฟภที,20210226,22650,23000,22250,22700,106243,021,12626000
123,A002020,ฤฺฟภที,20210225,23500,23500,22800,23200,168990,021,12626000
124,A002020,ฤฺฟภที,20210224,22800,23500,22150,22350,173298,021,12626000
125,A002020,ฤฺฟภที,20210223,22750,23100,22600,22700,129410,021,12626000
126,A002020,ฤฺฟภที,20210222,22850,23600,22600,23100,293121,021,12626000
127,A002020,ฤฺฟภที,20210219,23700,30400,23100,23350,3533405,021,12626000
128,A002020,ฤฺฟภที,20210218,24100,24150,23550,23800,86513,021,12626000
129,A002020,ฤฺฟภที,20210217,23950,24250,23400,24100,81017,021,12626000
130,A002020,ฤฺฟภที,20210216,23900,24000,23400,23900,58019,021,12626000
131,A002020,ฤฺฟภที,20210215,23200,23750,23200,23600,67176,021,12626000
132,A002020,ฤฺฟภที,20210210,23000,23150,22650,23150,64263,021,12626000
133,A002020,ฤฺฟภที,20210209,24150,24300,22500,23000,183027,021,12626000
134,A002020,ฤฺฟภที,20210208,23350,24550,23350,24150,245366,021,12626000
135,A002020,ฤฺฟภที,20210205,22400,23650,22400,23150,190774,021,12626000
136,A002020,ฤฺฟภที,20210204,22250,22450,21850,22300,66006,021,12626000
137,A002020,ฤฺฟภที,20210203,22000,22600,21750,22250,143428,021,12626000
138,A002020,ฤฺฟภที,20210202,21500,22650,20900,21850,443373,021,12626000
139,A002020,ฤฺฟภที,20210201,20100,20750,19900,20700,41194,021,12626000
140,A002020,ฤฺฟภที,20210129,21900,22000,20050,20250,177505,021,12626000
141,A002020,ฤฺฟภที,20210128,22050,22300,21650,21750,62525,021,12626000
142,A002020,ฤฺฟภที,20210127,23000,23050,22550,22700,40089,021,12626000
143,A002020,ฤฺฟภที,20210126,22950,23500,22800,22850,65988,021,12626000
144,A002020,ฤฺฟภที,20210125,22650,23100,22550,22950,37614,021,12626000
145,A002020,ฤฺฟภที,20210122,23200,23250,22550,22600,91739,021,12626000
146,A002020,ฤฺฟภที,20210121,22000,23200,22000,23100,130529,021,12626000
147,A002020,ฤฺฟภที,20210120,21700,22150,21600,22000,38045,021,12626000
148,A002020,ฤฺฟภที,20210119,21150,21850,20900,21550,72714,021,12626000
149,A002020,ฤฺฟภที,20210118,22000,22250,21000,21150,128203,021,12626000
150,A002020,ฤฺฟภที,20210115,22800,23050,22250,22250,60622,021,12626000
151,A002020,ฤฺฟภที,20210114,22700,23100,22600,22800,59901,021,12626000
152,A002020,ฤฺฟภที,20210113,22800,23300,22700,22800,97337,021,12626000
153,A002020,ฤฺฟภที,20210112,22850,23700,22400,22800,139177,021,12626000
154,A002020,ฤฺฟภที,20210111,24600,24700,22450,22950,192638,021,12626000
155,A002020,ฤฺฟภที,20210108,22800,24500,22650,24000,272829,021,12626000
156,A002020,ฤฺฟภที,20210107,22600,22950,22200,22800,142637,021,12626000
157,A002020,ฤฺฟภที,20210106,21750,22500,21650,22400,199065,021,12626000
158,A002020,ฤฺฟภที,20210105,21550,21850,21200,21650,52951,021,12626000
159,A002020,ฤฺฟภที,20210104,21850,21900,21400,21650,66373,021,12626000
160,A002020,ฤฺฟภที,20201230,21600,21850,21500,21800,40981,021,12626000
161,A002020,ฤฺฟภที,20201229,21750,21850,21400,21700,44083,021,12626000
162,A002020,ฤฺฟภที,20201228,21900,22050,21750,21900,47640,021,12626000
163,A002020,ฤฺฟภที,20201224,21350,22100,21350,21800,58770,021,12626000
164,A002020,ฤฺฟภที,20201223,21450,21700,20850,21500,76557,021,12626000
165,A002020,ฤฺฟภที,20201222,21900,21900,21300,21500,95016,021,12626000
166,A002020,ฤฺฟภที,20201221,22300,22500,21800,21950,103511,021,12626000
167,A002020,ฤฺฟภที,20201218,23400,23400,22300,22300,193521,021,12626000
168,A002020,ฤฺฟภที,20201217,22250,22350,22000,22300,48761,021,12626000
169,A002020,ฤฺฟภที,20201216,22100,22400,21950,22200,60684,021,12626000
170,A002020,ฤฺฟภที,20201215,22200,22200,21750,21950,48023,021,12626000
171,A002020,ฤฺฟภที,20201214,22400,22400,21850,21950,61365,021,12626000
172,A002020,ฤฺฟภที,20201211,21950,22500,21650,22300,100025,021,12626000
173,A002020,ฤฺฟภที,20201210,21550,23350,21500,21800,257860,021,12626000
174,A002020,ฤฺฟภที,20201209,21500,21800,21450,21700,55068,021,12626000
175,A002020,ฤฺฟภที,20201208,22050,22050,21350,21500,56203,021,12626000
176,A002020,ฤฺฟภที,20201207,22100,22100,21300,21800,58548,021,12626000
177,A002020,ฤฺฟภที,20201204,22300,22350,21800,21800,64630,021,12626000
178,A002020,ฤฺฟภที,20201203,21650,22350,21550,22250,88150,021,12626000
179,A002020,ฤฺฟภที,20201202,21550,21750,21300,21600,54578,021,12626000
180,A002020,ฤฺฟภที,20201201,21400,21550,21300,21550,25254,021,12626000
181,A002020,ฤฺฟภที,20201130,21800,21800,21250,21250,32053,021,12626000
182,A002020,ฤฺฟภที,20201127,21450,21650,21250,21550,25613,021,12626000
183,A002020,ฤฺฟภที,20201126,21500,21750,21250,21400,22045,021,12626000
184,A002020,ฤฺฟภที,20201125,22150,22250,21200,21500,74676,021,12626000
185,A002020,ฤฺฟภที,20201124,21900,22050,21700,21950,59810,021,12626000
186,A002020,ฤฺฟภที,20201123,21450,21900,21300,21600,53535,021,12626000
187,A002020,ฤฺฟภที,20201120,21250,21600,20900,21400,28575,021,12626000
188,A002020,ฤฺฟภที,20201119,21400,21400,20800,21250,44380,021,12626000
189,A002020,ฤฺฟภที,20201118,21250,21650,21050,21550,39019,021,12626000
190,A002020,ฤฺฟภที,20201117,20900,21800,20900,21300,76008,021,12626000
191,A002020,ฤฺฟภที,20201116,20750,21150,20650,20800,41853,021,12626000
192,A002020,ฤฺฟภที,20201113,20800,20800,20300,20700,25248,021,12626000
193,A002020,ฤฺฟภที,20201112,20850,20850,20500,20600,35953,021,12626000
194,A002020,ฤฺฟภที,20201111,20600,20800,20150,20800,40215,021,12626000
195,A002020,ฤฺฟภที,20201110,20450,20750,20350,20550,42137,021,12626000
196,A002020,ฤฺฟภที,20201109,19950,20450,19800,20400,60255,021,12626000
197,A002020,ฤฺฟภที,20201106,20150,20200,19900,19950,42254,021,12626000
198,A002020,ฤฺฟภที,20201105,19200,20350,19200,20100,210765,021,12626000
199,A002020,ฤฺฟภที,20201104,21000,21300,20600,21000,27393,021,12626000
200,A002020,ฤฺฟภที,20201103,20250,21000,20200,21000,47317,021,12626000
201,A002020,ฤฺฟภที,20201102,20150,20600,20150,20250,19923,021,12626000
202,A002020,ฤฺฟภที,20201030,20100,20550,19850,20250,28022,021,12626000
203,A002020,ฤฺฟภที,20201029,19700,20300,19700,20250,28683,021,12626000
204,A002020,ฤฺฟภที,20201028,20150,20400,19900,20250,23941,021,12626000
205,A002020,ฤฺฟภที,20201027,19650,20250,19500,20050,36204,021,12626000
206,A002020,ฤฺฟภที,20201026,20450,20700,19900,19900,36018,021,12626000
207,A002020,ฤฺฟภที,20201023,20300,20450,20150,20400,23591,021,12626000
208,A002020,ฤฺฟภที,20201022,20650,20900,20300,20300,26747,021,12626000
209,A002020,ฤฺฟภที,20201021,21100,21100,20650,20750,41322,021,12626000
210,A002020,ฤฺฟภที,20201020,20700,21100,20450,21000,22847,021,12626000
211,A002020,ฤฺฟภที,20201019,21300,21400,20750,21000,23940,021,12626000
212,A002020,ฤฺฟภที,20201016,21400,21500,20600,21150,43225,021,12626000
213,A002020,ฤฺฟภที,20201015,21750,21800,21050,21400,41482,021,12626000
214,A002020,ฤฺฟภที,20201014,21900,22000,21500,21700,23434,021,12626000
215,A002020,ฤฺฟภที,20201013,22000,22400,21300,21800,72875,021,12626000
216,A002020,ฤฺฟภที,20201012,22250,22250,21500,21750,33855,021,12626000
217,A002020,ฤฺฟภที,20201008,22000,22200,21750,22000,25707,021,12626000
218,A002020,ฤฺฟภที,20201007,21600,21950,21500,21950,28431,021,12626000
219,A002020,ฤฺฟภที,20201006,21950,22450,21700,21800,49576,021,12626000
220,A002020,ฤฺฟภที,20201005,21150,22050,21100,22000,62646,021,12626000
221,A002020,ฤฺฟภที,20200929,21150,21300,20850,21000,36533,021,12626000
222,A002020,ฤฺฟภที,20200928,20150,20900,20150,20900,42246,021,12626000
223,A002020,ฤฺฟภที,20200925,20650,20650,19900,20100,60613,021,12626000
224,A002020,ฤฺฟภที,20200924,20900,21400,20050,20500,80485,021,12626000
225,A002020,ฤฺฟภที,20200923,21650,21800,20700,21700,66351,021,12626000
226,A002020,ฤฺฟภที,20200922,22150,22400,21150,21450,127950,021,12626000
227,A002020,ฤฺฟภที,20200921,22800,23150,22050,22450,98010,021,12626000
228,A002020,ฤฺฟภที,20200918,23200,23400,22500,22850,77330,021,12626000
229,A002020,ฤฺฟภที,20200917,23500,23750,22700,23300,80488,021,12626000
230,A002020,ฤฺฟภที,20200916,24100,24100,23300,23450,86094,021,12626000
231,A002020,ฤฺฟภที,20200915,24200,24350,23500,24100,91399,021,12626000
232,A002020,ฤฺฟภที,20200914,23400,25050,23350,24000,307295,021,12626000
233,A002020,ฤฺฟภที,20200911,22500,23300,22150,23150,115554,021,12626000
234,A002020,ฤฺฟภที,20200910,22100,22750,21950,22650,120365,021,12626000
235,A002020,ฤฺฟภที,20200909,21700,22300,21400,21850,64896,021,12626000
236,A002020,ฤฺฟภที,20200908,22950,22950,21800,22000,101829,021,12626000
237,A002020,ฤฺฟภที,20200907,22150,22900,21900,22650,136305,021,12626000
238,A002020,ฤฺฟภที,20200904,20950,22100,20850,22000,133479,021,12626000
239,A002020,ฤฺฟภที,20200903,23000,23100,21800,22300,117036,021,12626000
240,A002020,ฤฺฟภที,20200902,22600,23050,22050,22850,146956,021,12626000
241,A002020,ฤฺฟภที,20200901,21650,22800,21650,22400,184177,021,12626000
242,A002020,ฤฺฟภที,20200831,22550,22700,21450,21450,275127,021,12626000
243,A002020,ฤฺฟภที,20200828,21650,24450,21650,23000,923864,021,12626000
244,A002020,ฤฺฟภที,20200827,20450,22000,20100,21400,408066,021,12626000
245,A002020,ฤฺฟภที,20200826,20800,20800,20250,20350,60922,021,12626000
246,A002020,ฤฺฟภที,20200825,20750,21150,20500,20900,93197,021,12626000
247,A002020,ฤฺฟภที,20200824,19150,20600,19150,20600,155895,021,12626000
248,A002020,ฤฺฟภที,20200821,19150,20900,18950,19350,166086,021,12626000
249,A002020,ฤฺฟภที,20200820,20000,20000,18800,19150,106482,021,12626000
250,A002020,ฤฺฟภที,20200819,19900,20150,19600,20100,41549,021,12626000
251,A002020,ฤฺฟภที,20200818,21050,21100,19300,19900,132054,021,12626000
252,A002020,ฤฺฟภที,20200814,20500,20700,19800,20300,79591,021,12626000
253,A002020,ฤฺฟภที,20200813,21250,21350,20500,20500,78969,021,12626000
254,A002020,ฤฺฟภที,20200812,21500,21500,20600,20800,91541,021,12626000
255,A002020,ฤฺฟภที,20200811,21200,21600,20800,21300,99989,021,12626000
256,A002020,ฤฺฟภที,20200810,20200,22700,20100,21200,481638,021,12626000
257,A002020,ฤฺฟภที,20200807,20000,20050,19550,20000,74622,021,12626000
258,A002020,ฤฺฟภที,20200806,19350,20400,19300,19850,148293,021,12626000
259,A002020,ฤฺฟภที,20200805,18900,19550,18850,19300,80231,021,12626000
260,A002020,ฤฺฟภที,20200804,18550,19150,18450,19000,47802,021,12626000
261,A002020,ฤฺฟภที,20200803,18750,18900,18400,18550,37929,021,12626000
262,A002020,ฤฺฟภที,20200731,19050,19200,18750,18800,45249,021,12626000
263,A002020,ฤฺฟภที,20200730,19300,19450,19000,19200,47119,021,12626000
264,A002020,ฤฺฟภที,20200729,18900,19950,18700,19150,78024,021,12626000
265,A002020,ฤฺฟภที,20200728,19250,19300,18900,18900,41666,021,12626000
266,A002020,ฤฺฟภที,20200727,18800,19400,18800,19250,57490,021,12626000
267,A002020,ฤฺฟภที,20200724,19200,19400,18800,18900,52411,021,12626000
268,A002020,ฤฺฟภที,20200723,19550,19550,19050,19300,54989,021,12626000
269,A002020,ฤฺฟภที,20200722,19200,19700,18850,19400,90551,021,12626000
270,A002020,ฤฺฟภที,20200721,18400,19550,18400,19200,145835,021,12626000
271,A002020,ฤฺฟภที,20200720,18600,18800,18150,18350,56696,021,12626000
272,A002020,ฤฺฟภที,20200717,18900,19000,18500,18700,61542,021,12626000
273,A002020,ฤฺฟภที,20200716,18850,19500,18850,19000,64278,021,12626000
274,A002020,ฤฺฟภที,20200715,19000,19200,18850,18950,41743,021,12626000
275,A002020,ฤฺฟภที,20200714,18950,19100,18750,18900,31564,021,12626000
276,A002020,ฤฺฟภที,20200713,19100,19250,18800,19000,59486,021,12626000
277,A002020,ฤฺฟภที,20200710,18950,20000,18550,19050,151614,021,12626000
278,A002020,ฤฺฟภที,20200709,19300,19400,19000,19050,37549,021,12626000
279,A002020,ฤฺฟภที,20200708,19000,19450,18800,19300,88978,021,12626000
280,A002020,ฤฺฟภที,20200707,19000,19300,18850,19000,77255,021,12626000
281,A002020,ฤฺฟภที,20200706,18500,18950,18400,18800,73923,021,12626000
282,A002020,ฤฺฟภที,20200703,18500,18600,18200,18450,58539,021,12626000
283,A002020,ฤฺฟภที,20200702,18350,18500,17950,18450,99811,021,12626000
284,A002020,ฤฺฟภที,20200701,18500,22200,18000,18050,1465884,021,12626000
285,A002020,ฤฺฟภที,20200630,17500,18500,17400,17800,73908,021,12626000
286,A002020,ฤฺฟภที,20200629,17050,17650,17000,17550,49213,021,12626000
287,A002020,ฤฺฟภที,20200626,17400,17800,17100,17400,79654,021,12626000
288,A002020,ฤฺฟภที,20200625,17850,18050,17300,17550,150229,021,12626000
289,A002020,ฤฺฟภที,20200624,18150,18650,18150,18250,53105,021,12626000
290,A002020,ฤฺฟภที,20200623,18400,18500,17750,18150,95461,021,12626000
291,A002020,ฤฺฟภที,20200622,18950,19000,18150,18200,124934,021,12626000
292,A002020,ฤฺฟภที,20200619,20200,20500,18850,19050,213345,021,12626000
293,A002020,ฤฺฟภที,20200618,19800,20700,19750,20150,152090,021,12626000
294,A002020,ฤฺฟภที,20200617,20250,20550,19450,19850,177371,021,12626000
295,A002020,ฤฺฟภที,20200616,19700,20550,19550,20550,231173,021,12626000
296,A002020,ฤฺฟภที,20200615,19250,21350,18900,18900,617620,021,12626000
297,A002020,ฤฺฟภที,20200612,19000,19400,18500,19150,291469,021,12626000
298,A002020,ฤฺฟภที,20200611,18900,22950,18500,20000,1751242,021,12626000
299,A002020,ฤฺฟภที,20200610,18400,18550,18250,18450,67062,021,12626000
300,A002020,ฤฺฟภที,20200609,18550,18600,18250,18250,73658,021,12626000
301,A002020,ฤฺฟภที,20200608,18700,18750,18250,18400,122462,021,12626000
302,A002020,ฤฺฟภที,20200605,18450,18600,18250,18400,80129,021,12626000
303,A002020,ฤฺฟภที,20200604,18350,18600,18150,18450,85279,021,12626000
304,A002020,ฤฺฟภที,20200603,18200,18500,18100,18300,94606,021,12626000
305,A002020,ฤฺฟภที,20200602,17750,18200,17700,18200,62682,021,12626000
306,A002020,ฤฺฟภที,20200601,17650,17850,17550,17700,51423,021,12626000
307,A002020,ฤฺฟภที,20200529,17650,18300,17400,17400,157097,021,12626000
308,A002020,ฤฺฟภที,20200528,18400,18600,17650,17900,76254,021,12626000
309,A002020,ฤฺฟภที,20200527,18800,18800,18300,18300,53759,021,12626000
310,A002020,ฤฺฟภที,20200526,18000,18750,17900,18700,106914,021,12626000
311,A002020,ฤฺฟภที,20200525,18100,18150,17850,18000,32015,021,12626000
312,A002020,ฤฺฟภที,20200522,18250,18350,17850,18050,63362,021,12626000
313,A002020,ฤฺฟภที,20200521,18600,18650,18050,18050,93785,021,12626000
314,A002020,ฤฺฟภที,20200520,18050,18600,18000,18500,65372,021,12626000
315,A002020,ฤฺฟภที,20200519,18000,18350,17950,18050,86496,021,12626000
316,A002020,ฤฺฟภที,20200518,18500,18550,17700,17900,62244,021,12626000
317,A002020,ฤฺฟภที,20200515,17850,18000,17450,17550,50295,021,12626000
318,A002020,ฤฺฟภที,20200514,18200,18200,17700,17700,38507,021,12626000
319,A002020,ฤฺฟภที,20200513,17500,18950,17500,18250,81103,021,12626000
320,A002020,ฤฺฟภที,20200512,18850,18850,17950,18150,51371,021,12626000
321,A002020,ฤฺฟภที,20200511,18700,19000,18350,18750,65535,021,12626000
322,A002020,ฤฺฟภที,20200508,18550,18950,18400,18650,46707,021,12626000
323,A002020,ฤฺฟภที,20200507,18850,18850,18200,18550,80873,021,12626000
324,A002020,ฤฺฟภที,20200506,17400,18650,17400,18500,116810,021,12626000
325,A002020,ฤฺฟภที,20200504,17000,17950,16700,17400,87118,021,12626000
326,A002020,ฤฺฟภที,20200429,17750,17950,17300,17400,80390,021,12626000
327,A002020,ฤฺฟภที,20200428,18500,18550,17700,17800,81758,021,12626000
328,A002020,ฤฺฟภที,20200427,18300,19200,18100,18400,116015,021,12626000
329,A002020,ฤฺฟภที,20200424,18850,19250,18100,18200,117032,021,12626000
330,A002020,ฤฺฟภที,20200423,19150,20150,18850,19200,254142,021,12626000
331,A002020,ฤฺฟภที,20200422,19050,19200,18600,19150,159439,021,12626000
332,A002020,ฤฺฟภที,20200421,19850,20550,18200,19500,518618,021,12626000
333,A002020,ฤฺฟภที,20200420,21350,21400,19800,20700,422957,021,12626000
334,A002020,ฤฺฟภที,20200417,24200,24400,20950,21050,1129774,021,12626000
335,A002020,ฤฺฟภที,20200416,25300,28950,23700,25500,5456254,021,12626000
336,A002020,ฤฺฟภที,20200414,23200,23500,23150,23500,698843,021,12626000
337,A002020,ฤฺฟภที,20200413,18100,18100,18100,18100,73011,021,12626000
338,A002020,ฤฺฟภที,20200410,14050,14350,13700,13950,39350,021,12626000
339,A002020,ฤฺฟภที,20200409,14250,14250,13900,14000,19872,021,12626000
340,A002020,ฤฺฟภที,20200408,14000,14150,13500,13900,50747,021,12626000
341,A002020,ฤฺฟภที,20200407,12950,14900,12800,13500,170254,021,12626000
342,A002020,ฤฺฟภที,20200406,12200,12700,12150,12700,31630,021,12626000
343,A002020,ฤฺฟภที,20200403,12300,12650,12050,12200,20193,021,12626000
344,A002020,ฤฺฟภที,20200402,12050,12500,11800,12300,36432,021,12626000
345,A002020,ฤฺฟภที,20200401,12300,13150,12000,12000,75355,021,12626000
346,A002020,ฤฺฟภที,20200331,11500,12350,11500,12300,48110,021,12626000
347,A002020,ฤฺฟภที,20200330,10500,11350,10250,11250,23629,021,12626000
348,A002020,ฤฺฟภที,20200327,11400,11400,10550,10750,22207,021,12626000
349,A002020,ฤฺฟภที,20200326,10650,11200,10400,10650,39638,021,12626000
350,A002020,ฤฺฟภที,20200325,10050,10700,9910,10650,59550,021,12626000
351,A002020,ฤฺฟภที,20200324,9200,9730,9200,9550,25545,021,12626000
352,A002020,ฤฺฟภที,20200323,8940,9450,8940,9150,36183,021,12626000
353,A002020,ฤฺฟภที,20200320,8680,9790,8680,9790,88666,021,12626000
354,A002020,ฤฺฟภที,20200319,10200,10500,8840,8920,128813,021,12626000
355,A002020,ฤฺฟภที,20200318,11200,11300,10200,10350,37790,021,12626000
356,A002020,ฤฺฟภที,20200317,10550,11400,10500,11000,52847,021,12626000
357,A002020,ฤฺฟภที,20200316,11750,12250,11350,11350,45410,021,12626000
358,A002020,ฤฺฟภที,20200313,11150,11700,11000,11550,101046,021,12626000
359,A002020,ฤฺฟภที,20200312,12800,13950,12250,12350,110862,021,12626000
360,A002020,ฤฺฟภที,20200311,13250,13700,13000,13050,41772,021,12626000
361,A002020,ฤฺฟภที,20200310,13250,13500,13100,13250,47726,021,12626000
362,A002020,ฤฺฟภที,20200309,14100,14100,13550,13550,31422,021,12626000
363,A002020,ฤฺฟภที,20200306,14350,14450,14100,14150,14611,021,12626000
364,A002020,ฤฺฟภที,20200305,14300,14650,14300,14500,20346,021,12626000
365,A002020,ฤฺฟภที,20200304,14000,14350,14000,14300,12219,021,12626000
366,A002020,ฤฺฟภที,20200303,14000,14500,14000,14050,23726,021,12626000
367,A002020,ฤฺฟภที,20200302,14000,14200,13700,13800,34374,021,12626000
368,A002020,ฤฺฟภที,20200228,14050,14500,13850,14150,62579,021,12626000
369,A002020,ฤฺฟภที,20200227,14750,14950,14500,14500,21527,021,12626000
370,A002020,ฤฺฟภที,20200226,14500,14800,14350,14800,24975,021,12626000
371,A002020,ฤฺฟภที,20200225,14550,14800,14300,14700,12426,021,12626000
372,A002020,ฤฺฟภที,20200224,14700,15200,14450,14500,60929,021,12626000
373,A002020,ฤฺฟภที,20200221,15550,15700,15050,15050,46788,021,12626000
374,A002020,ฤฺฟภที,20200220,15900,16100,15600,15700,21264,021,12626000
375,A002020,ฤฺฟภที,20200219,15850,16400,15600,15950,49984,021,12626000
376,A002020,ฤฺฟภที,20200218,15950,16150,15700,15750,19151,021,12626000
377,A002020,ฤฺฟภที,20200217,15950,16050,15800,16050,15746,021,12626000
378,A002020,ฤฺฟภที,20200214,16100,16150,15750,16000,13566,021,12626000
379,A002020,ฤฺฟภที,20200213,16150,16350,15950,16000,18565,021,12626000
380,A002020,ฤฺฟภที,20200212,16000,16150,15950,16150,14262,021,12626000
381,A002020,ฤฺฟภที,20200211,16050,16150,15700,16000,14994,021,12626000
382,A002020,ฤฺฟภที,20200210,16000,16000,15750,15900,7502,021,12626000
383,A002020,ฤฺฟภที,20200207,15900,16000,15700,15900,10252,021,12626000
384,A002020,ฤฺฟภที,20200206,15500,15950,15500,15900,15094,021,12626000
385,A002020,ฤฺฟภที,20200205,15450,15650,15250,15500,11079,021,12626000
386,A002020,ฤฺฟภที,20200204,15050,15400,15050,15300,11244,021,12626000
387,A002020,ฤฺฟภที,20200203,14900,15250,14650,15050,40818,021,12626000
388,A002020,ฤฺฟภที,20200131,15700,15900,15350,15350,14772,021,12626000
389,A002020,ฤฺฟภที,20200130,15850,16100,15600,15700,20826,021,12626000
390,A002020,ฤฺฟภที,20200129,16100,16200,15800,15900,19022,021,12626000
391,A002020,ฤฺฟภที,20200128,16350,16500,15700,16000,49123,021,12626000
392,A002020,ฤฺฟภที,20200123,16800,17000,16650,16750,17753,021,12626000
393,A002020,ฤฺฟภที,20200122,16750,16800,16600,16800,16224,021,12626000
394,A002020,ฤฺฟภที,20200121,16900,17050,16650,16700,17097,021,12626000
395,A002020,ฤฺฟภที,20200120,16950,16950,16650,16800,16315,021,12626000
396,A002020,ฤฺฟภที,20200117,17100,17250,16700,16850,48007,021,12626000
397,A002020,ฤฺฟภที,20200116,17200,17350,17000,17200,13330,021,12626000
398,A002020,ฤฺฟภที,20200115,17000,17350,17000,17200,18404,021,12626000
399,A002020,ฤฺฟภที,20200114,16800,17150,16800,17100,30163,021,12626000
400,A002020,ฤฺฟภที,20200113,16700,17000,16600,16800,19534,021,12626000
401,A002020,ฤฺฟภที,20200110,16850,16950,16600,16800,17565,021,12626000
402,A002020,ฤฺฟภที,20200109,17000,17150,16650,16700,26903,021,12626000
403,A002020,ฤฺฟภที,20200108,17650,17650,16650,16650,51099,021,12626000
404,A002020,ฤฺฟภที,20200107,17250,18150,17100,17650,46562,021,12626000
405,A002020,ฤฺฟภที,20200106,17550,17750,17250,17300,32409,021,12626000
406,A002020,ฤฺฟภที,20200103,17850,18350,17800,18000,45013,021,12626000
407,A002020,ฤฺฟภที,20200102,17500,17950,17400,17850,23307,021,12626000
408,A002020,ฤฺฟภที,20191230,17600,17850,17400,17550,18979,021,12626000
409,A002020,ฤฺฟภที,20191227,17450,17700,17300,17550,18626,021,12626000
410,A002020,ฤฺฟภที,20191226,17250,17600,17250,17550,18290,021,12626000
411,A002020,ฤฺฟภที,20191224,17300,17500,17200,17350,31524,021,12626000
412,A002020,ฤฺฟภที,20191223,17350,17350,17150,17250,8844,021,12626000
413,A002020,ฤฺฟภที,20191220,17250,17300,17050,17300,20150,021,12626000
414,A002020,ฤฺฟภที,20191219,17300,17300,16950,17150,17240,021,12626000
415,A002020,ฤฺฟภที,20191218,17250,17350,17150,17250,14102,021,12626000
416,A002020,ฤฺฟภที,20191217,17150,17400,17100,17300,10789,021,12626000
417,A002020,ฤฺฟภที,20191216,17250,17350,16900,17250,22987,021,12626000
418,A002020,ฤฺฟภที,20191213,17250,17500,17200,17300,10967,021,12626000
419,A002020,ฤฺฟภที,20191212,17050,17350,17050,17050,17172,021,12626000
420,A002020,ฤฺฟภที,20191211,17100,17200,17000,17100,7148,021,12626000
421,A002020,ฤฺฟภที,20191210,16950,17200,16800,17050,11433,021,12626000
422,A002020,ฤฺฟภที,20191209,17450,17450,16700,16800,54020,021,12626000
423,A002020,ฤฺฟภที,20191206,17150,17550,17150,17400,12341,021,12626000
424,A002020,ฤฺฟภที,20191205,17450,17800,17250,17250,27661,021,12626000
425,A002020,ฤฺฟภที,20191204,17650,17750,17450,17550,14534,021,12626000
426,A002020,ฤฺฟภที,20191203,17900,18000,17700,17750,19958,021,12626000
427,A002020,ฤฺฟภที,20191202,18050,18400,18000,18100,25070,021,12626000
428,A002020,ฤฺฟภที,20191129,18150,18400,17850,18000,48689,021,12626000
429,A002020,ฤฺฟภที,20191128,18000,18650,18000,18150,31123,021,12626000
430,A002020,ฤฺฟภที,20191127,18500,18600,18100,18100,32520,021,12626000
431,A002020,ฤฺฟภที,20191126,17450,18500,17400,18500,40040,021,12626000
432,A002020,ฤฺฟภที,20191125,17300,17550,17300,17450,12663,021,12626000
433,A002020,ฤฺฟภที,20191122,17500,17550,17200,17300,24352,021,12626000
434,A002020,ฤฺฟภที,20191121,18000,18000,17350,17400,30208,021,12626000
435,A002020,ฤฺฟภที,20191120,18300,18300,17750,17900,24295,021,12626000
436,A002020,ฤฺฟภที,20191119,18100,18200,17900,18050,24413,021,12626000
437,A002020,ฤฺฟภที,20191118,18400,18450,18000,18300,16774,021,12626000
438,A002020,ฤฺฟภที,20191115,18200,18200,17750,18200,38993,021,12626000
439,A002020,ฤฺฟภที,20191114,18350,18500,18000,18100,25624,021,12626000
440,A002020,ฤฺฟภที,20191113,18200,18300,17950,18200,27415,021,12626000
441,A002020,ฤฺฟภที,20191112,17950,18350,17900,18200,27170,021,12626000
442,A002020,ฤฺฟภที,20191111,18300,18400,17850,18150,18023,021,12626000
443,A002020,ฤฺฟภที,20191108,18300,18550,18150,18200,48784,021,12626000
444,A002020,ฤฺฟภที,20191107,17800,18300,17600,18200,62489,021,12626000
445,A002020,ฤฺฟภที,20191106,17450,17750,17300,17700,29225,021,12626000
446,A002020,ฤฺฟภที,20191105,17550,17700,17300,17450,32890,021,12626000
447,A002020,ฤฺฟภที,20191104,17350,17550,17250,17250,34819,021,12626000
448,A002020,ฤฺฟภที,20191101,17450,17500,17250,17350,11690,021,12626000
449,A002020,ฤฺฟภที,20191031,17350,17550,17300,17350,27216,021,12626000
450,A002020,ฤฺฟภที,20191030,17700,18100,17450,17500,30588,021,12626000
451,A002020,ฤฺฟภที,20191029,17900,18250,17650,17650,31712,021,12626000
452,A002020,ฤฺฟภที,20191028,17750,18050,17550,17900,42931,021,12626000
453,A002020,ฤฺฟภที,20191025,17800,17900,17400,17650,56753,021,12626000
454,A002020,ฤฺฟภที,20191024,17650,17800,17350,17700,47189,021,12626000
455,A002020,ฤฺฟภที,20191023,17350,17850,17200,17700,67960,021,12626000
456,A002020,ฤฺฟภที,20191022,17200,17650,17050,17350,72878,021,12626000
457,A002020,ฤฺฟภที,20191021,17450,17600,17200,17200,60248,021,12626000
458,A002020,ฤฺฟภที,20191018,17500,17600,17250,17550,70794,021,12626000
459,A002020,ฤฺฟภที,20191017,17750,17900,17350,17500,97129,021,12626000
460,A002020,ฤฺฟภที,20191016,18050,18200,17650,17850,140643,021,12626000
461,A002020,ฤฺฟภที,20191015,19450,19700,18000,18050,550571,021,12626000
462,A002020,ฤฺฟภที,20191014,18450,20750,18450,19750,1737133,021,12626000
463,A002020,ฤฺฟภที,20191011,16550,17550,16400,16800,206538,021,12626000
464,A002020,ฤฺฟภที,20191010,16100,18300,16000,16800,463766,021,12626000
465,A002020,ฤฺฟภที,20191008,15800,16000,15550,16000,16708,021,12626000
466,A002020,ฤฺฟภที,20191007,15900,16300,15500,15750,23474,021,12626000
467,A002020,ฤฺฟภที,20191004,16000,16350,15850,15900,12501,021,12626000
468,A002020,ฤฺฟภที,20191002,16450,16500,16250,16250,10945,021,12626000
469,A002020,ฤฺฟภที,20191001,15900,16550,15900,16450,21970,021,12626000
470,A002020,ฤฺฟภที,20190930,16300,16500,15700,16100,35305,021,12626000
471,A002020,ฤฺฟภที,20190927,16700,16750,16100,16300,17787,021,12626000
472,A002020,ฤฺฟภที,20190926,17100,17200,16600,16650,33454,021,12626000
473,A002020,ฤฺฟภที,20190925,16700,17300,16550,17100,68994,021,12626000
474,A002020,ฤฺฟภที,20190924,16600,16950,16600,16800,18411,021,12626000
475,A002020,ฤฺฟภที,20190923,17050,17450,16550,16750,82723,021,12626000
476,A002020,ฤฺฟภที,20190920,16600,17100,16350,17100,53927,021,12626000
477,A002020,ฤฺฟภที,20190919,16900,17050,16650,16700,36662,021,12626000
478,A002020,ฤฺฟภที,20190918,17050,17500,16750,16900,187951,021,12626000
479,A002020,ฤฺฟภที,20190917,16900,17100,16700,16900,31708,021,12626000
480,A002020,ฤฺฟภที,20190916,16500,17100,16300,16900,66510,021,12626000
481,A002020,ฤฺฟภที,20190911,16100,16450,15950,16400,40874,021,12626000
482,A002020,ฤฺฟภที,20190910,15800,16300,15800,16100,40040,021,12626000
483,A002020,ฤฺฟภที,20190909,16100,16400,15750,15800,41196,021,12626000
484,A002020,ฤฺฟภที,20190906,15450,16300,15400,15900,79875,021,12626000
485,A002020,ฤฺฟภที,20190905,15700,15750,15350,15400,42734,021,12626000
486,A002020,ฤฺฟภที,20190904,15400,15650,15300,15600,36432,021,12626000
487,A002020,ฤฺฟภที,20190903,15050,15800,15050,15450,59014,021,12626000
488,A002020,ฤฺฟภที,20190902,15050,15250,14900,15250,34986,021,12626000
489,A002020,ฤฺฟภที,20190830,15200,15250,14900,15150,54297,021,12626000
490,A002020,ฤฺฟภที,20190829,14900,15250,14900,15050,41129,021,12626000
491,A002020,ฤฺฟภที,20190828,14850,15200,14700,14950,88652,021,12626000
492,A002020,ฤฺฟภที,20190827,15200,15850,14800,14850,317244,021,12626000
493,A002020,ฤฺฟภที,20190826,15450,16700,15050,15700,695827,021,12626000
494,A002020,ฤฺฟภที,20190823,17100,18800,16000,16050,1093861,021,12626000
495,A002020,ฤฺฟภที,20190822,15650,19200,15400,17550,2640014,021,12626000
496,A002020,ฤฺฟภที,20190821,15200,16200,15200,15650,72179,021,12626000
497,A002020,ฤฺฟภที,20190820,14550,15450,14550,15350,33654,021,12626000
498,A002020,ฤฺฟภที,20190819,14700,14800,14450,14600,16426,021,12626000
499,A002020,ฤฺฟภที,20190816,14400,14900,14150,14400,43272,021,12626000
500,A002020,ฤฺฟภที,20190814,14850,14950,14300,14650,43149,021,12626000
501,A002020,ฤฺฟภที,20190813,14650,14900,14450,14700,21011,021,12626000
502,A002020,ฤฺฟภที,20190812,14600,14900,14550,14850,10254,021,12626000
503,A002020,ฤฺฟภที,20190809,14700,15150,14650,14850,19422,021,12626000
504,A002020,ฤฺฟภที,20190808,14200,14850,14200,14750,38335,021,12626000
505,A002020,ฤฺฟภที,20190807,14300,14750,13900,14150,38884,021,12626000
506,A002020,ฤฺฟภที,20190806,14000,15250,13700,14450,74238,021,12626000
507,A002020,ฤฺฟภที,20190805,15650,15750,14450,14700,64170,021,12626000
508,A002020,ฤฺฟภที,20190802,15950,16300,15600,15750,26089,021,12626000
509,A002020,ฤฺฟภที,20190801,16200,16450,16050,16050,16401,021,12626000
510,A002020,ฤฺฟภที,20190731,16150,16400,15900,16400,16552,021,12626000
511,A002020,ฤฺฟภที,20190730,15550,16300,15550,16100,19404,021,12626000
512,A002020,ฤฺฟภที,20190729,16800,17000,15850,15850,54120,021,12626000
513,A002020,ฤฺฟภที,20190726,16800,16850,16450,16750,19619,021,12626000
514,A002020,ฤฺฟภที,20190725,17000,17200,16500,16800,41502,021,12626000
515,A002020,ฤฺฟภที,20190724,17000,17300,17000,17150,18949,021,12626000
516,A002020,ฤฺฟภที,20190723,17600,17700,17250,17300,22518,021,12626000
517,A002020,ฤฺฟภที,20190722,17250,17600,17250,17550,12078,021,12626000
518,A002020,ฤฺฟภที,20190719,17200,17550,17200,17400,15759,021,12626000
519,A002020,ฤฺฟภที,20190718,17300,17500,17150,17300,27190,021,12626000
520,A002020,ฤฺฟภที,20190717,17150,17500,17150,17350,25555,021,12626000
521,A002020,ฤฺฟภที,20190716,17250,17750,17250,17500,27240,021,12626000
522,A002020,ฤฺฟภที,20190715,17750,17850,17150,17250,49622,021,12626000
523,A002020,ฤฺฟภที,20190712,17800,18400,17600,17750,41573,021,12626000
524,A002020,ฤฺฟภที,20190711,17550,18100,17550,17800,46971,021,12626000
525,A002020,ฤฺฟภที,20190710,17200,17750,17200,17650,34981,021,12626000
526,A002020,ฤฺฟภที,20190709,18150,18300,17100,17250,113752,021,12626000
527,A002020,ฤฺฟภที,20190708,18850,19100,18000,18150,282522,021,12626000
528,A002020,ฤฺฟภที,20190705,17950,22700,17800,19800,1277286,021,12626000
529,A002020,ฤฺฟภที,20190704,18200,18300,17450,17950,51078,021,12626000
530,A002020,ฤฺฟภที,20190703,18100,18800,18100,18300,55204,021,12626000
531,A002020,ฤฺฟภที,20190702,18450,18500,18100,18150,22428,021,12626000
532,A002020,ฤฺฟภที,20190701,17950,18450,17900,18450,24761,021,12626000
533,A002020,ฤฺฟภที,20190628,18300,18500,17950,18050,27388,021,12626000
534,A002020,ฤฺฟภที,20190627,18250,18600,18200,18450,19152,021,12626000
535,A002020,ฤฺฟภที,20190626,18350,18850,18350,18400,20710,021,12626000
536,A002020,ฤฺฟภที,20190625,18500,18850,18450,18550,14130,021,12626000
537,A002020,ฤฺฟภที,20190624,18850,19100,18550,18600,24866,021,12626000
538,A002020,ฤฺฟภที,20190621,18950,19150,18750,18850,27772,021,12626000
539,A002020,ฤฺฟภที,20190620,18950,19250,18800,19050,29120,021,12626000
540,A002020,ฤฺฟภที,20190619,18400,19200,18400,18700,61008,021,12626000
541,A002020,ฤฺฟภที,20190618,18100,18600,18100,18350,43418,021,12626000
542,A002020,ฤฺฟภที,20190617,18600,18650,18100,18100,64872,021,12626000
543,A002020,ฤฺฟภที,20190614,19050,19350,18800,18950,33305,021,12626000
544,A002020,ฤฺฟภที,20190613,19750,19750,18850,19250,57248,021,12626000
545,A002020,ฤฺฟภที,20190612,19250,20000,19150,19550,63933,021,12626000
546,A002020,ฤฺฟภที,20190611,18550,19350,18550,19250,59688,021,12626000
547,A002020,ฤฺฟภที,20190610,18800,18900,18500,18550,44514,021,12626000
548,A002020,ฤฺฟภที,20190607,18600,19000,18200,18800,60617,021,12626000
549,A002020,ฤฺฟภที,20190605,18500,18550,18000,18250,63865,021,12626000
550,A002020,ฤฺฟภที,20190604,18250,19100,18200,18400,159516,021,12626000
551,A002020,ฤฺฟภที,20190603,17450,18600,17400,18350,90601,021,12626000
552,A002020,ฤฺฟภที,20190531,17300,18350,17300,17750,156912,021,12626000
553,A002020,ฤฺฟภที,20190530,16400,17700,16300,17550,231438,021,12626000
554,A002020,ฤฺฟภที,20190529,16600,17150,16000,16400,375043,021,12626000
555,A002020,ฤฺฟภที,20190528,18950,19500,17050,17200,596756,021,12626000
556,A002020,ฤฺฟภที,20190527,18650,19350,18500,19050,61855,021,12626000
557,A002020,ฤฺฟภที,20190524,18550,19450,18450,18800,127948,021,12626000
558,A002020,ฤฺฟภที,20190523,19800,19800,18400,18600,157204,021,12626000
559,A002020,ฤฺฟภที,20190522,20050,20150,19600,19650,73942,021,12626000
560,A002020,ฤฺฟภที,20190521,19950,20350,19650,20050,135573,021,12626000
561,A002020,ฤฺฟภที,20190520,20600,20750,20000,20050,65129,021,12626000
562,A002020,ฤฺฟภที,20190517,20650,21800,20550,20700,63393,021,12626000
563,A002020,ฤฺฟภที,20190516,21200,21300,20350,20650,87198,021,12626000
564,A002020,ฤฺฟภที,20190515,21050,21700,20950,21100,114188,021,12626000
565,A002020,ฤฺฟภที,20190514,21050,21800,21000,21700,36393,021,12626000
566,A002020,ฤฺฟภที,20190513,22000,22200,21350,21350,43097,021,12626000
567,A002020,ฤฺฟภที,20190510,21700,22200,21700,22050,55633,021,12626000
568,A002020,ฤฺฟภที,20190509,22200,22650,21800,21950,118507,021,12626000
569,A002020,ฤฺฟภที,20190508,22300,22900,22000,22150,190976,021,12626000
570,A002020,ฤฺฟภที,20190507,25000,25450,22050,22300,384096,021,12626000
571,A002020,ฤฺฟภที,20190503,26950,27100,26600,26600,24849,021,12626000
572,A002020,ฤฺฟภที,20190502,27050,27350,26850,26950,27177,021,12626000
573,A002020,ฤฺฟภที,20190430,26600,27300,26450,27300,44687,021,12626000
574,A002020,ฤฺฟภที,20190429,26650,26650,26300,26600,45758,021,12626000
575,A002020,ฤฺฟภที,20190426,26800,26900,26600,26700,21476,021,12626000
576,A002020,ฤฺฟภที,20190425,27000,27100,26800,26800,27900,021,12626000
577,A002020,ฤฺฟภที,20190424,27100,27350,26950,27000,33563,021,12626000
578,A002020,ฤฺฟภที,20190423,27200,27400,26950,27100,28637,021,12626000
579,A002020,ฤฺฟภที,20190422,27450,27450,27000,27250,42552,021,12626000
580,A002020,ฤฺฟภที,20190419,27300,27500,27200,27250,36287,021,12626000
581,A002020,ฤฺฟภที,20190418,27450,27750,27200,27250,56344,021,12626000
582,A002020,ฤฺฟภที,20190417,27250,27550,27250,27450,67526,021,12626000
583,A002020,ฤฺฟภที,20190416,27500,27650,27000,27350,125257,021,12626000
584,A002020,ฤฺฟภที,20190415,27700,30150,27500,28000,755986,021,12626000
585,A002020,ฤฺฟภที,20190412,27900,28000,27400,27700,68877,021,12626000
586,A002020,ฤฺฟภที,20190411,27450,28750,27350,27800,254313,021,12626000
587,A002020,ฤฺฟภที,20190410,26900,27500,26700,27250,87212,021,12626000
588,A002020,ฤฺฟภที,20190409,27650,27700,26800,27000,136119,021,12626000
589,A002020,ฤฺฟภที,20190408,27550,27850,27350,27750,82139,021,12626000
590,A002020,ฤฺฟภที,20190405,27400,27650,27050,27450,86387,021,12626000
591,A002020,ฤฺฟภที,20190404,27500,27700,27250,27400,122826,021,12626000
592,A002020,ฤฺฟภที,20190403,27550,28050,27550,28000,194868,021,12626000
593,A002020,ฤฺฟภที,20190402,27800,28150,27250,27450,289670,021,12626000
594,A002020,ฤฺฟภที,20190401,29200,29600,26950,27050,738365,021,12626000
595,A002020,ฤฺฟภที,20190329,34450,34450,33600,33600,16948,021,12626000
596,A002020,ฤฺฟภที,20190328,34900,34950,33850,34250,21519,021,12626000
597,A002020,ฤฺฟภที,20190327,34900,35250,34400,34900,9889,021,12626000
598,A002020,ฤฺฟภที,20190326,34850,35250,34700,34950,16736,021,12626000
599,A002020,ฤฺฟภที,20190325,35150,35150,34150,34600,19195,021,12626000
600,A002020,ฤฺฟภที,20190322,34750,35500,34600,35200,27809,021,12626000
601,A002020,ฤฺฟภที,20190321,34800,35100,34700,34950,9917,021,12626000
602,A002020,ฤฺฟภที,20190320,35100,35100,34250,34800,11070,021,12626000
603,A002020,ฤฺฟภที,20190319,35100,35500,34900,34900,10127,021,12626000
604,A002020,ฤฺฟภที,20190318,35800,35850,35000,35050,17274,021,12626000
605,A002020,ฤฺฟภที,20190315,34700,35900,34700,35900,42416,021,12626000
606,A002020,ฤฺฟภที,20190314,33350,34800,33350,34700,32796,021,12626000
607,A002020,ฤฺฟภที,20190313,33600,33750,33100,33350,20668,021,12626000
608,A002020,ฤฺฟภที,20190312,33000,33600,33000,33400,9224,021,12626000
609,A002020,ฤฺฟภที,20190311,33400,33500,32600,33300,13391,021,12626000
610,A002020,ฤฺฟภที,20190308,33950,34450,33250,33450,20967,021,12626000
611,A002020,ฤฺฟภที,20190307,34850,34900,34150,34550,12930,021,12626000
612,A002020,ฤฺฟภที,20190306,34900,35100,34300,34850,17808,021,12626000
613,A002020,ฤฺฟภที,20190305,34750,35550,34750,34900,18171,021,12626000
614,A002020,ฤฺฟภที,20190304,35050,35550,35000,35450,30800,021,12626000
615,A002020,ฤฺฟภที,20190228,35950,36350,34350,34850,53528,021,12626000
616,A002020,ฤฺฟภที,20190227,34650,35850,34400,35650,50373,021,12626000
617,A002020,ฤฺฟภที,20190226,33600,34900,33500,34350,65877,021,12626000
618,A002020,ฤฺฟภที,20190225,33750,33750,33300,33600,13141,021,12626000
619,A002020,ฤฺฟภที,20190222,33400,33900,33200,33550,17016,021,12626000
620,A002020,ฤฺฟภที,20190221,33500,33950,33000,33300,21007,021,12626000
621,A002020,ฤฺฟภที,20190220,33600,33650,33050,33400,20438,021,12626000
622,A002020,ฤฺฟภที,20190219,34100,34150,33600,33600,12955,021,12626000
623,A002020,ฤฺฟภที,20190218,34000,34100,33750,34100,12197,021,12626000
624,A002020,ฤฺฟภที,20190215,34000,34250,33400,33850,9750,021,12626000
625,A002020,ฤฺฟภที,20190214,33550,34050,33500,33800,19309,021,12626000
626,A002020,ฤฺฟภที,20190213,33700,33950,32900,33650,15609,021,12626000
627,A002020,ฤฺฟภที,20190212,33700,34150,33300,33700,9041,021,12626000
628,A002020,ฤฺฟภที,20190211,33700,33900,33450,33650,8062,021,12626000
629,A002020,ฤฺฟภที,20190208,33900,34300,33550,33900,11253,021,12626000
630,A002020,ฤฺฟภที,20190207,33600,34050,33150,33950,17443,021,12626000
631,A002020,ฤฺฟภที,20190201,33550,33550,33050,33350,15341,021,12626000
632,A002020,ฤฺฟภที,20190131,33100,33500,33000,33300,19461,021,12626000
633,A002020,ฤฺฟภที,20190130,33400,33400,32900,33100,12444,021,12626000
634,A002020,ฤฺฟภที,20190129,32900,33250,32700,32950,11076,021,12626000
635,A002020,ฤฺฟภที,20190128,33500,33550,32800,32900,16517,021,12626000
636,A002020,ฤฺฟภที,20190125,33200,33500,33150,33500,13717,021,12626000
637,A002020,ฤฺฟภที,20190124,32350,33500,32050,33300,29378,021,12626000
638,A002020,ฤฺฟภที,20190123,31750,32600,31600,32450,23561,021,12626000
639,A002020,ฤฺฟภที,20190122,32300,32550,31550,31650,15892,021,12626000
640,A002020,ฤฺฟภที,20190121,32250,32650,32150,32250,9054,021,12626000
641,A002020,ฤฺฟภที,20190118,32200,32600,32100,32500,18534,021,12626000
642,A002020,ฤฺฟภที,20190117,32300,32300,31850,32100,8941,021,12626000
643,A002020,ฤฺฟภที,20190116,32300,32400,31750,31950,12619,021,12626000
644,A002020,ฤฺฟภที,20190115,31850,32300,31750,32100,11647,021,12626000
645,A002020,ฤฺฟภที,20190114,32100,32350,31500,32100,15803,021,12626000
646,A002020,ฤฺฟภที,20190111,30950,32700,30950,31750,21363,021,12626000
647,A002020,ฤฺฟภที,20190110,31200,31300,30900,31150,10705,021,12626000
648,A002020,ฤฺฟภที,20190109,30850,31400,30650,31150,12881,021,12626000
649,A002020,ฤฺฟภที,20190108,31150,31300,30800,30850,6590,021,12626000
650,A002020,ฤฺฟภที,20190107,31150,31600,30750,31350,21016,021,12626000
651,A002020,ฤฺฟภที,20190104,30750,31100,30200,30900,10881,021,12626000
652,A002020,ฤฺฟภที,20190103,30400,31550,30400,30900,28032,021,12626000
653,A002020,ฤฺฟภที,20190102,30950,31250,30400,30450,12867,021,12626000
654,A002020,ฤฺฟภที,20181228,30100,30950,30100,30900,13921,021,12626000
655,A002020,ฤฺฟภที,20181227,30050,30450,29900,30100,9928,021,12626000
656,A002020,ฤฺฟภที,20181226,30000,30250,29700,29850,21781,021,12626000
657,A002020,ฤฺฟภที,20181224,30700,30750,30200,30300,16859,021,12626000
658,A002020,ฤฺฟภที,20181221,30750,31300,30600,30700,15266,021,12626000
659,A002020,ฤฺฟภที,20181220,31100,31250,30600,30850,14953,021,12626000
660,A002020,ฤฺฟภที,20181219,31400,31450,30900,31100,10055,021,12626000
661,A002020,ฤฺฟภที,20181218,31150,31750,30650,31350,17374,021,12626000
662,A002020,ฤฺฟภที,20181217,31600,31600,31050,31350,7654,021,12626000
663,A002020,ฤฺฟภที,20181214,31600,31600,31150,31300,13433,021,12626000
664,A002020,ฤฺฟภที,20181213,31500,31650,31150,31200,16266,021,12626000
665,A002020,ฤฺฟภที,20181212,30750,31300,30700,31300,20569,021,12626000
666,A002020,ฤฺฟภที,20181211,31200,31200,30100,30800,37167,021,12626000
667,A002020,ฤฺฟภที,20181210,33350,33500,30850,31000,42362,021,12626000
668,A002020,ฤฺฟภที,20181207,34300,34300,33000,33350,14590,021,12626000
669,A002020,ฤฺฟภที,20181206,34100,34550,33300,33750,13006,021,12626000
670,A002020,ฤฺฟภที,20181205,34800,34900,33900,34100,24285,021,12626000
671,A002020,ฤฺฟภที,20181204,35850,35850,35300,35500,9191,021,12626000
672,A002020,ฤฺฟภที,20181203,35550,36150,35500,35700,18021,021,12626000
673,A002020,ฤฺฟภที,20181130,36350,36350,35550,35650,19515,021,12626000
674,A002020,ฤฺฟภที,20181129,37000,37000,36000,36150,10144,021,12626000
675,A002020,ฤฺฟภที,20181128,37300,37400,35850,36300,24235,021,12626000
676,A002020,ฤฺฟภที,20181127,35850,36850,35500,36350,30931,021,12626000
677,A002020,ฤฺฟภที,20181126,36000,36500,35450,35700,22607,021,12626000
678,A002020,ฤฺฟภที,20181123,36900,37250,36000,36100,24028,021,12626000
679,A002020,ฤฺฟภที,20181122,35950,36850,34700,36400,45821,021,12626000
680,A002020,ฤฺฟภที,20181121,35700,36950,35450,36300,38929,021,12626000
681,A002020,ฤฺฟภที,20181120,35400,37000,35400,36450,80763,021,12626000
682,A002020,ฤฺฟภที,20181119,31900,39400,31900,36700,361967,021,12626000
683,A002020,ฤฺฟภที,20181116,31300,32200,31200,31900,19428,021,12626000
684,A002020,ฤฺฟภที,20181115,31000,31400,30500,31000,12055,021,12626000
685,A002020,ฤฺฟภที,20181114,31550,31600,30600,31350,10625,021,12626000
686,A002020,ฤฺฟภที,20181113,31750,31950,30450,31200,19359,021,12626000
687,A002020,ฤฺฟภที,20181112,32300,32800,31400,31950,28905,021,12626000
688,A002020,ฤฺฟภที,20181109,32000,33200,32000,32950,15744,021,12626000
689,A002020,ฤฺฟภที,20181108,31600,32450,31550,32000,15191,021,12626000
690,A002020,ฤฺฟภที,20181107,32200,32450,31100,31250,11239,021,12626000
691,A002020,ฤฺฟภที,20181106,31900,32450,31550,32000,7435,021,12626000
692,A002020,ฤฺฟภที,20181105,31150,32500,31150,32150,12494,021,12626000
693,A002020,ฤฺฟภที,20181102,31250,32000,31000,31900,15014,021,12626000
694,A002020,ฤฺฟภที,20181101,30400,31350,30400,30650,14593,021,12626000
695,A002020,ฤฺฟภที,20181031,30200,30800,30000,30600,5996,021,12626000
696,A002020,ฤฺฟภที,20181030,28550,30350,28550,30150,26396,021,12626000
697,A002020,ฤฺฟภที,20181029,30100,31400,29250,29800,21757,021,12626000
698,A002020,ฤฺฟภที,20181026,31700,32500,30400,30600,26229,021,12626000
699,A002020,ฤฺฟภที,20181025,31850,32350,31300,31650,17199,021,12626000
700,A002020,ฤฺฟภที,20181024,33300,33650,32700,32700,15571,021,12626000
701,A002020,ฤฺฟภที,20181023,35250,35250,32900,32900,47574,021,12626000
702,A002020,ฤฺฟภที,20181022,34700,35600,34150,35200,10990,021,12626000
703,A002020,ฤฺฟภที,20181019,34400,34950,33600,34700,9317,021,12626000
704,A002020,ฤฺฟภที,20181018,35000,35000,34350,34550,5751,021,12626000
705,A002020,ฤฺฟภที,20181017,35050,35150,34600,35000,7585,021,12626000
706,A002020,ฤฺฟภที,20181016,34050,35000,34050,34650,5581,021,12626000
707,A002020,ฤฺฟภที,20181015,34050,35000,33750,34450,22087,021,12626000
708,A002020,ฤฺฟภที,20181012,33550,34750,33550,34650,23914,021,12626000
709,A002020,ฤฺฟภที,20181011,36200,36350,34250,34250,44273,021,12061000
710,A002020,ฤฺฟภที,20181010,36900,37650,36900,37350,24679,021,12061000
711,A002020,ฤฺฟภที,20181008,37150,38100,37150,37550,6424,021,12061000
712,A002020,ฤฺฟภที,20181005,37200,37900,37200,37600,7777,021,12061000
713,A002020,ฤฺฟภที,20181004,38950,38950,37800,38000,12255,021,12061000
714,A002020,ฤฺฟภที,20181002,39400,39400,38300,38850,15717,021,12061000
715,A002020,ฤฺฟภที,20181001,39550,39700,38700,39000,12624,021,12061000
716,A002020,ฤฺฟภที,20180928,39400,39750,39200,39550,11870,021,12061000
717,A002020,ฤฺฟภที,20180927,39150,39600,38950,39400,13378,021,12061000
718,A002020,ฤฺฟภที,20180921,38750,39450,38700,39100,15046,021,12061000
719,A002020,ฤฺฟภที,20180920,38700,39750,38700,38950,22563,021,12061000
720,A002020,ฤฺฟภที,20180919,40250,40250,38900,38900,22637,021,12061000
721,A002020,ฤฺฟภที,20180918,40050,40150,39750,40000,15529,021,12061000
722,A002020,ฤฺฟภที,20180917,40000,40450,40000,40050,10986,021,12061000
723,A002020,ฤฺฟภที,20180914,40650,40800,40250,40250,13814,021,12061000
724,A002020,ฤฺฟภที,20180913,40450,40850,40100,40550,18614,021,12061000
725,A002020,ฤฺฟภที,20180912,40150,40800,40100,40450,8797,021,12061000
726,A002020,ฤฺฟภที,20180911,40300,40950,40200,40300,7977,021,12061000
727,A002020,ฤฺฟภที,20180910,40100,40850,40000,40700,16056,021,12061000
728,A002020,ฤฺฟภที,20180907,40250,40550,39650,40200,36179,021,12061000
729,A002020,ฤฺฟภที,20180906,41150,41500,40200,40650,34319,021,12061000
730,A002020,ฤฺฟภที,20180905,40300,42000,40100,41100,75248,021,12061000
731,A002020,ฤฺฟภที,20180904,39250,40300,39250,40200,20009,021,12061000
732,A002020,ฤฺฟภที,20180903,40000,40250,39250,39400,17059,021,12061000
733,A002020,ฤฺฟภที,20180831,39300,39950,38700,39950,29038,021,12061000
734,A002020,ฤฺฟภที,20180830,38900,39400,38600,38750,15674,021,12061000
735,A002020,ฤฺฟภที,20180829,38900,39250,38450,39200,18088,021,12061000
736,A002020,ฤฺฟภที,20180828,38500,39500,38500,38850,47612,021,12061000
737,A002020,ฤฺฟภที,20180827,37550,38650,37450,38300,57683,021,12061000
738,A002020,ฤฺฟภที,20180824,37100,37300,36650,37250,24639,021,12061000
739,A002020,ฤฺฟภที,20180823,38050,38100,36600,37000,77299,021,12061000
740,A002020,ฤฺฟภที,20180822,38150,38250,37500,38000,22630,021,12061000
741,A002020,ฤฺฟภที,20180821,37500,38200,37500,38100,22349,021,12061000
742,A002020,ฤฺฟภที,20180820,38000,38300,37650,37700,26804,021,12061000
743,A002020,ฤฺฟภที,20180817,38100,38150,37800,37900,17320,021,12061000
744,A002020,ฤฺฟภที,20180816,38200,38600,37400,38100,40791,021,12061000
745,A002020,ฤฺฟภที,20180814,38650,39150,38600,39000,17686,021,12061000
746,A002020,ฤฺฟภที,20180813,40600,40600,38550,38650,25801,021,12061000
747,A002020,ฤฺฟภที,20180810,40350,40800,40150,40650,19590,021,12061000
748,A002020,ฤฺฟภที,20180809,40900,41250,40550,40900,10438,021,12061000
749,A002020,ฤฺฟภที,20180808,41600,41600,40650,40800,12788,021,12061000
750,A002020,ฤฺฟภที,20180807,41700,41750,41150,41600,7332,021,12061000
751,A002020,ฤฺฟภที,20180806,41300,41800,40650,41500,10902,021,12061000
752,A002020,ฤฺฟภที,20180803,41300,41350,40800,41300,9543,021,12061000
753,A002020,ฤฺฟภที,20180802,41650,41700,40750,40800,9861,021,12061000
754,A002020,ฤฺฟภที,20180801,41200,41850,40900,41650,19413,021,12061000
755,A002020,ฤฺฟภที,20180731,40400,41000,40300,40950,16387,021,12061000
756,A002020,ฤฺฟภที,20180730,40700,41000,40350,40650,16205,021,12061000
757,A002020,ฤฺฟภที,20180727,39850,40700,39550,40600,17302,021,12061000
758,A002020,ฤฺฟภที,20180726,39750,39900,39250,39850,15387,021,12061000
759,A002020,ฤฺฟภที,20180725,39950,40500,39350,39500,19876,021,12061000
760,A002020,ฤฺฟภที,20180724,40000,40650,39550,40000,22405,021,12061000
761,A002020,ฤฺฟภที,20180723,40500,40950,40150,40200,12241,021,12061000
762,A002020,ฤฺฟภที,20180720,40600,41000,40000,40950,19292,021,12061000
763,A002020,ฤฺฟภที,20180719,42400,42400,40450,40600,21759,021,12061000
764,A002020,ฤฺฟภที,20180718,42000,43300,41850,41900,98820,021,12061000
765,A002020,ฤฺฟภที,20180717,40350,41150,40350,40950,8528,021,12061000
766,A002020,ฤฺฟภที,20180716,40550,41600,40250,40750,11751,021,12061000
767,A002020,ฤฺฟภที,20180713,41100,41400,40300,40800,14905,021,12061000
768,A002020,ฤฺฟภที,20180712,40700,41150,40200,40600,12013,021,12061000
769,A002020,ฤฺฟภที,20180711,41450,41650,40250,40600,19299,021,12061000
770,A002020,ฤฺฟภที,20180710,41000,41800,40350,41200,26216,021,12061000
771,A002020,ฤฺฟภที,20180709,40000,40900,40000,40500,18938,021,12061000
772,A002020,ฤฺฟภที,20180706,38400,40750,38400,40500,47418,021,12061000
773,A002020,ฤฺฟภที,20180705,38550,38950,38550,38650,15329,021,12061000
774,A002020,ฤฺฟภที,20180704,38050,39250,38050,38750,25923,021,12061000
775,A002020,ฤฺฟภที,20180703,40400,40600,37250,38450,105131,021,12061000
776,A002020,ฤฺฟภที,20180702,41800,42100,40050,40300,27233,021,12061000
777,A002020,ฤฺฟภที,20180629,42100,42400,41350,42100,22488,021,12061000
778,A002020,ฤฺฟภที,20180628,43500,43500,42050,42300,26770,021,12061000
779,A002020,ฤฺฟภที,20180627,42900,43550,42900,43450,18713,021,12061000
780,A002020,ฤฺฟภที,20180626,42700,43400,42650,43300,18519,021,12061000
781,A002020,ฤฺฟภที,20180625,44300,44350,43100,43650,24731,021,12061000
782,A002020,ฤฺฟภที,20180622,43500,44350,42200,44300,74609,021,12061000
783,A002020,ฤฺฟภที,20180621,44800,45800,43500,43500,51135,021,12061000
784,A002020,ฤฺฟภที,20180620,43700,44700,43700,44400,30119,021,12061000
785,A002020,ฤฺฟภที,20180619,46200,46350,44200,44500,38780,021,12061000
786,A002020,ฤฺฟภที,20180618,47800,47800,46200,46250,33053,021,12061000
787,A002020,ฤฺฟภที,20180615,46600,47800,46250,47800,41442,021,12061000
788,A002020,ฤฺฟภที,20180614,47900,47950,46700,46700,46531,021,12061000
789,A002020,ฤฺฟภที,20180612,48000,48250,47600,47900,20731,021,12061000
790,A002020,ฤฺฟภที,20180611,48000,48500,47600,47750,17375,021,12061000
791,A002020,ฤฺฟภที,20180608,48300,49450,47800,48000,53441,021,12061000
792,A002020,ฤฺฟภที,20180607,47500,48500,47500,48300,35934,021,12061000
793,A002020,ฤฺฟภที,20180605,47350,47650,47000,47350,27374,021,12061000
794,A002020,ฤฺฟภที,20180604,48600,49000,47150,47350,36709,021,12061000
795,A002020,ฤฺฟภที,20180601,47300,49600,46500,48700,69468,021,12061000
796,A002020,ฤฺฟภที,20180531,46300,47000,46200,47000,32255,021,12061000
797,A002020,ฤฺฟภที,20180530,47700,47700,46200,46300,45006,021,12061000
798,A002020,ฤฺฟภที,20180529,48100,48200,47400,47700,16874,021,12061000
799,A002020,ฤฺฟภที,20180528,46850,48450,46850,47950,30782,021,12061000
800,A002020,ฤฺฟภที,20180525,48550,48550,47450,47450,43431,021,12061000
801,A002020,ฤฺฟภที,20180524,49500,49700,48450,48700,35603,021,12061000
802,A002020,ฤฺฟภที,20180523,49250,49650,49100,49550,19541,021,12061000
803,A002020,ฤฺฟภที,20180521,49450,49700,49150,49250,13448,021,12061000
804,A002020,ฤฺฟภที,20180518,49500,49750,49150,49450,15229,021,12061000
805,A002020,ฤฺฟภที,20180517,49600,49900,49200,49500,15741,021,12061000
806,A002020,ฤฺฟภที,20180516,50000,50300,49100,49600,23892,021,12061000
807,A002020,ฤฺฟภที,20180515,50100,50600,49950,50300,22696,021,12061000
808,A002020,ฤฺฟภที,20180514,50800,51200,49800,50100,44121,021,12061000
809,A002020,ฤฺฟภที,20180511,50500,50800,50200,50700,16351,021,12061000
810,A002020,ฤฺฟภที,20180510,49800,50500,49750,50200,24320,021,12061000
811,A002020,ฤฺฟภที,20180509,50700,51600,49700,50100,41465,021,12061000
812,A002020,ฤฺฟภที,20180508,52400,52600,50800,51100,30445,021,12061000
813,A002020,ฤฺฟภที,20180504,53000,53200,51700,51700,41175,021,12061000
814,A002020,ฤฺฟภที,20180503,51900,53000,51900,53000,35523,021,12061000
815,A002020,ฤฺฟภที,20180502,51500,52400,51500,52400,35592,021,12061000
816,A002020,ฤฺฟภที,20180430,51300,51900,50800,51900,22045,021,12061000
817,A002020,ฤฺฟภที,20180427,51600,52500,51100,51600,34321,021,12061000
818,A002020,ฤฺฟภที,20180426,51300,52400,51100,51400,36061,021,12061000
819,A002020,ฤฺฟภที,20180425,50700,51700,50700,51000,26019,021,12061000
820,A002020,ฤฺฟภที,20180424,50700,52000,50700,51000,18892,021,12061000
821,A002020,ฤฺฟภที,20180423,51400,51500,50700,51100,18770,021,12061000
822,A002020,ฤฺฟภที,20180420,50600,51600,50600,51400,17346,021,12061000
823,A002020,ฤฺฟภที,20180419,51700,51700,50500,51000,21749,021,12061000
824,A002020,ฤฺฟภที,20180418,51200,52000,51200,51400,32172,021,12061000
825,A002020,ฤฺฟภที,20180417,50800,51600,50600,51200,17811,021,12061000
826,A002020,ฤฺฟภที,20180416,51500,51600,50400,51000,12445,021,12061000
827,A002020,ฤฺฟภที,20180413,51400,51800,50900,51400,16238,021,12061000
828,A002020,ฤฺฟภที,20180412,52000,52000,50500,51300,43782,021,12061000
829,A002020,ฤฺฟภที,20180411,49400,51800,49150,51700,81323,021,12061000
830,A002020,ฤฺฟภที,20180410,50000,50100,48400,48900,30759,021,12061000
831,A002020,ฤฺฟภที,20180409,49000,49950,48500,49600,22666,021,12061000
832,A002020,ฤฺฟภที,20180406,49250,49250,48500,49000,25977,021,12061000
833,A002020,ฤฺฟภที,20180405,49150,49550,48800,49200,10085,021,12061000
834,A002020,ฤฺฟภที,20180404,49550,50400,48200,48900,38118,021,12061000
835,A002020,ฤฺฟภที,20180403,48950,50200,48750,49800,26836,021,12061000
836,A002020,ฤฺฟภที,20180402,50400,50800,49050,49300,29134,021,12061000
837,A002020,ฤฺฟภที,20180330,49500,50400,49500,50200,17786,021,12061000
838,A002020,ฤฺฟภที,20180329,48750,49600,48750,49500,18819,021,12061000
839,A002020,ฤฺฟภที,20180328,48800,49650,48250,48850,43128,021,12061000
840,A002020,ฤฺฟภที,20180327,49000,50200,48450,49950,44068,021,12061000
841,A002020,ฤฺฟภที,20180326,49100,49100,47150,48500,57469,021,12061000
842,A002020,ฤฺฟภที,20180323,50500,50600,48550,48900,78618,021,12061000
843,A002020,ฤฺฟภที,20180322,51900,52300,50600,50900,43970,021,12061000
844,A002020,ฤฺฟภที,20180321,52100,52600,51700,51700,24212,021,12061000
845,A002020,ฤฺฟภที,20180320,51800,52400,51700,52100,24696,021,12061000
846,A002020,ฤฺฟภที,20180319,52400,53300,52000,52200,29874,021,12061000
847,A002020,ฤฺฟภที,20180316,52500,53000,52200,52500,13485,021,12061000
848,A002020,ฤฺฟภที,20180315,52300,52800,51500,52800,48995,021,12061000
849,A002020,ฤฺฟภที,20180314,54000,54200,52000,52500,51745,021,12061000
850,A002020,ฤฺฟภที,20180313,52600,54300,52100,53900,68105,021,12061000
851,A002020,ฤฺฟภที,20180312,53000,53200,52100,52600,38446,021,12061000
852,A002020,ฤฺฟภที,20180309,51500,53000,51400,52300,40863,021,12061000
853,A002020,ฤฺฟภที,20180308,50700,51800,50700,51100,36243,021,12061000
854,A002020,ฤฺฟภที,20180307,53700,54000,50500,50800,85539,021,12061000
855,A002020,ฤฺฟภที,20180306,54900,55400,53100,53500,52671,021,12061000
856,A002020,ฤฺฟภที,20180305,55900,56100,53500,54800,22838,021,12061000
857,A002020,ฤฺฟภที,20180302,55000,56500,55000,56300,20109,021,12061000
858,A002020,ฤฺฟภที,20180228,55200,56000,55000,55600,38485,021,12061000
859,A002020,ฤฺฟภที,20180227,55600,55800,55000,55200,30103,021,12061000
860,A002020,ฤฺฟภที,20180226,56200,56400,55300,55600,22428,021,12061000
861,A002020,ฤฺฟภที,20180223,55200,56500,55200,56000,35124,021,12061000
862,A002020,ฤฺฟภที,20180222,56000,56200,55200,55200,36799,021,12061000
863,A002020,ฤฺฟภที,20180221,55900,56700,55600,56000,24041,021,12061000
864,A002020,ฤฺฟภที,20180220,55500,57300,55500,56200,44037,021,12061000
865,A002020,ฤฺฟภที,20180219,55400,56700,55200,55800,37116,021,12061000
866,A002020,ฤฺฟภที,20180214,54900,55400,54500,55300,19421,021,12061000
867,A002020,ฤฺฟภที,20180213,55300,55700,54600,55000,26883,021,12061000
868,A002020,ฤฺฟภที,20180212,55000,55800,54700,55100,22881,021,12061000
869,A002020,ฤฺฟภที,20180209,55000,55900,54500,54900,42724,021,12061000
870,A002020,ฤฺฟภที,20180208,55800,56400,55100,56200,55653,021,12061000
871,A002020,ฤฺฟภที,20180207,57100,58000,55100,55800,68983,021,12061000
872,A002020,ฤฺฟภที,20180206,55600,57000,54300,56700,94112,021,12061000
873,A002020,ฤฺฟภที,20180205,57700,59000,57000,57400,55560,021,12061000
874,A002020,ฤฺฟภที,20180202,61100,61300,58700,59100,109067,021,12061000
875,A002020,ฤฺฟภที,20180201,61400,61900,61000,61100,54171,021,12061000
876,A002020,ฤฺฟภที,20180131,61600,62900,60900,61400,45590,021,12061000
877,A002020,ฤฺฟภที,20180130,63600,63900,62000,62400,48953,021,12061000
878,A002020,ฤฺฟภที,20180129,63300,64800,63100,63600,49384,021,12061000
879,A002020,ฤฺฟภที,20180126,63600,63600,62800,63300,32256,021,12061000
880,A002020,ฤฺฟภที,20180125,64400,64400,62800,63600,48230,021,12061000
881,A002020,ฤฺฟภที,20180124,62000,64700,62000,63800,125133,021,12061000
882,A002020,ฤฺฟภที,20180123,61000,62200,61000,62000,59580,021,12061000
883,A002020,ฤฺฟภที,20180122,60700,60800,60200,60800,31217,021,12061000
884,A002020,ฤฺฟภที,20180119,60800,61100,60200,60400,44486,021,12061000
885,A002020,ฤฺฟภที,20180118,61000,61300,60400,60600,47343,021,12061000
886,A002020,ฤฺฟภที,20180117,61700,61700,60500,60800,64583,021,12061000
887,A002020,ฤฺฟภที,20180116,61400,62100,61000,61400,41475,021,12061000
888,A002020,ฤฺฟภที,20180115,61300,62300,60000,61400,77759,021,12061000
889,A002020,ฤฺฟภที,20180112,62100,62100,60600,61100,76414,021,12061000
890,A002020,ฤฺฟภที,20180111,62900,62900,60600,62100,75515,021,12061000
891,A002020,ฤฺฟภที,20180110,63500,63500,62000,62700,73369,021,12061000
892,A002020,ฤฺฟภที,20180109,61200,63500,61000,62900,91294,021,12061000
893,A002020,ฤฺฟภที,20180108,62000,62100,60700,61100,46432,021,12061000
894,A002020,ฤฺฟภที,20180105,60500,62000,60000,61800,86187,021,12061000
895,A002020,ฤฺฟภที,20180104,61500,61900,59800,60300,79695,021,12061000
896,A002020,ฤฺฟภที,20180103,61700,61700,60500,60900,56758,021,12061000
897,A002020,ฤฺฟภที,20180102,62300,62300,60900,61500,60402,021,12061000
898,A002020,ฤฺฟภที,20171228,60400,62700,59400,61400,78732,021,12061000
899,A002020,ฤฺฟภที,20171227,58500,60900,58500,59800,82189,021,12061000
900,A002020,ฤฺฟภที,20171226,57000,59500,57000,58500,73104,021,12061000
901,A002020,ฤฺฟภที,20171222,56800,57900,56000,57500,77770,021,12061000
902,A002020,ฤฺฟภที,20171221,57600,59000,56300,56500,140248,021,12061000
903,A002020,ฤฺฟภที,20171220,58500,61200,54500,57200,584471,021,12061000
904,A002020,ฤฺฟภที,20171219,65500,65500,64000,64400,52032,021,12061000
905,A002020,ฤฺฟภที,20171218,66200,66800,65100,65200,43184,021,12061000
906,A002020,ฤฺฟภที,20171215,66200,66900,65500,66200,39533,021,12061000
907,A002020,ฤฺฟภที,20171214,66300,66800,65800,66100,33230,021,12061000
908,A002020,ฤฺฟภที,20171213,66600,67900,66100,66200,89630,021,12061000
909,A002020,ฤฺฟภที,20171212,64700,66000,63900,66000,90779,021,12061000
910,A002020,ฤฺฟภที,20171211,63500,64700,63200,64000,52290,021,12061000
911,A002020,ฤฺฟภที,20171208,63400,64600,63300,63400,48134,021,12061000
912,A002020,ฤฺฟภที,20171207,65100,65400,62500,63600,80214,021,12061000
913,A002020,ฤฺฟภที,20171206,64600,66500,64400,65100,107278,021,12061000
914,A002020,ฤฺฟภที,20171205,66900,66900,64100,64300,192670,021,12061000
915,A002020,ฤฺฟภที,20171204,68900,69800,66300,66700,147880,021,12061000
916,A002020,ฤฺฟภที,20171201,69200,69200,68200,68800,41609,021,12061000
917,A002020,ฤฺฟภที,20171130,70000,70100,68300,68300,71473,021,12061000
918,A002020,ฤฺฟภที,20171129,69600,70900,68900,70000,62222,021,12061000
919,A002020,ฤฺฟภที,20171128,72300,72800,69200,69400,130403,021,12061000
920,A002020,ฤฺฟภที,20171127,73800,74900,71500,71800,101503,021,12061000
921,A002020,ฤฺฟภที,20171124,76600,76900,73800,73800,130941,021,12061000
922,A002020,ฤฺฟภที,20171123,74000,76600,73000,76000,225028,021,12061000
923,A002020,ฤฺฟภที,20171122,75400,77000,72000,73600,571436,021,12061000
924,A002020,ฤฺฟภที,20171121,67800,72500,66600,71300,474874,021,12061000
925,A002020,ฤฺฟภที,20171120,68500,69400,67400,67400,102488,021,12061000
926,A002020,ฤฺฟภที,20171117,68400,69000,67400,68500,91446,021,12061000
927,A002020,ฤฺฟภที,20171116,67900,69200,65900,68700,150678,021,12061000
928,A002020,ฤฺฟภที,20171115,67400,68900,66600,67400,169350,021,12061000
929,A002020,ฤฺฟภที,20171114,69500,69500,67200,67700,130389,021,12061000
930,A002020,ฤฺฟภที,20171113,66800,69600,66300,68900,252428,021,12061000
931,A002020,ฤฺฟภที,20171110,68700,68700,65200,66300,317949,021,12061000
932,A002020,ฤฺฟภที,20171109,72000,72400,68500,68700,291986,021,12061000
933,A002020,ฤฺฟภที,20171108,75500,75500,71100,71300,440523,021,12061000
934,A002020,ฤฺฟภที,20171107,70900,76500,70500,76100,492768,021,12061000
935,A002020,ฤฺฟภที,20171106,79700,79700,70800,71000,568136,021,12061000
936,A002020,ฤฺฟภที,20171103,79100,79400,75200,78000,319732,021,12061000
937,A002020,ฤฺฟภที,20171102,78300,80500,76800,78400,356811,021,12061000
938,A002020,ฤฺฟภที,20171101,77100,78700,76400,76900,110153,021,12061000
939,A002020,ฤฺฟภที,20171031,79400,80000,76500,76900,191200,021,12061000
940,A002020,ฤฺฟภที,20171030,81300,81300,78800,79900,185163,021,12061000
941,A002020,ฤฺฟภที,20171027,78300,82800,78000,81000,318286,021,12061000
942,A002020,ฤฺฟภที,20171026,77800,78500,76200,77900,118357,021,12061000
943,A002020,ฤฺฟภที,20171025,78100,78300,76000,77600,138134,021,12061000
944,A002020,ฤฺฟภที,20171024,76700,78300,74600,77700,232798,021,12061000
945,A002020,ฤฺฟภที,20171023,80300,81300,76500,76700,234735,021,12061000
946,A002020,ฤฺฟภที,20171020,80500,81000,76500,78900,236498,021,12061000
947,A002020,ฤฺฟภที,20171019,80900,81000,76200,78600,324706,021,12061000
948,A002020,ฤฺฟภที,20171018,75900,79900,75700,79500,542969,021,12061000
949,A002020,ฤฺฟภที,20171017,68800,74900,68800,74900,358565,021,12061000
950,A002020,ฤฺฟภที,20171016,68700,69200,67700,68800,54954,021,12061000
951,A002020,ฤฺฟภที,20171013,68600,70200,67100,68000,84189,021,12061000
952,A002020,ฤฺฟภที,20171012,69100,69100,67900,68900,59803,021,12061000
953,A002020,ฤฺฟภที,20171011,65700,68900,65600,68200,137452,021,12061000
954,A002020,ฤฺฟภที,20171010,66700,66700,65000,65400,52055,021,12061000
955,A002020,ฤฺฟภที,20170929,63900,65700,63100,65400,67688,021,12061000
956,A002020,ฤฺฟภที,20170928,63900,64200,62800,63000,35212,021,12061000
957,A002020,ฤฺฟภที,20170927,63200,64300,63100,63600,32125,021,12061000
958,A002020,ฤฺฟภที,20170926,62500,63800,62100,62700,41767,021,12061000
959,A002020,ฤฺฟภที,20170925,64700,64900,62700,62800,91726,021,12061000
960,A002020,ฤฺฟภที,20170922,66100,66600,63900,65300,93097,021,12061000
961,A002020,ฤฺฟภที,20170921,65700,67800,65700,66100,144688,021,12061000
962,A002020,ฤฺฟภที,20170920,66100,66500,64600,64800,123997,021,12061000
963,A002020,ฤฺฟภที,20170919,67300,67800,65300,65900,112064,021,12061000
964,A002020,ฤฺฟภที,20170918,68500,68500,67200,67300,64056,021,12061000
965,A002020,ฤฺฟภที,20170915,69000,70200,68100,68500,84406,021,12061000
966,A002020,ฤฺฟภที,20170914,71500,71600,69000,69600,111158,021,12061000
967,A002020,ฤฺฟภที,20170913,69300,71000,68700,70900,200270,021,12061000
968,A002020,ฤฺฟภที,20170912,69000,69500,66900,68900,126748,021,12061000
969,A002020,ฤฺฟภที,20170911,68700,69600,67900,68500,52695,021,12061000
970,A002020,ฤฺฟภที,20170908,69200,69200,68100,68200,41348,021,12061000
971,A002020,ฤฺฟภที,20170907,69300,69400,68400,68500,50461,021,12061000
972,A002020,ฤฺฟภที,20170906,67100,68900,67000,68600,77969,021,12061000
973,A002020,ฤฺฟภที,20170905,69000,69100,66800,67500,88597,021,12061000
974,A002020,ฤฺฟภที,20170904,67600,69400,67600,68300,107259,021,12061000
975,A002020,ฤฺฟภที,20170901,68500,70000,67000,69900,311734,021,12061000
976,A002020,ฤฺฟภที,20170831,66800,67300,65500,66400,50840,021,12061000
977,A002020,ฤฺฟภที,20170830,68500,68900,66800,66800,74743,021,12061000
978,A002020,ฤฺฟภที,20170829,67100,67700,65500,67600,102464,021,12061000
979,A002020,ฤฺฟภที,20170828,67000,68500,66900,67500,105054,021,12061000
980,A002020,ฤฺฟภที,20170825,63900,67300,63900,66700,199369,021,12061000
981,A002020,ฤฺฟภที,20170824,62500,64400,62200,64300,107495,021,12061000
982,A002020,ฤฺฟภที,20170823,65200,65200,62300,62500,150680,021,12061000
983,A002020,ฤฺฟภที,20170822,65600,65800,64700,64800,42317,021,12061000
984,A002020,ฤฺฟภที,20170821,65600,65800,64800,65500,42526,021,12061000
985,A002020,ฤฺฟภที,20170818,64800,66000,64400,65500,64731,021,12061000
986,A002020,ฤฺฟภที,20170817,64200,65900,64000,65600,102774,021,12061000
987,A002020,ฤฺฟภที,20170816,64000,64500,63400,64200,55456,021,12061000
988,A002020,ฤฺฟภที,20170814,62500,64200,62200,63900,47420,021,12061000
989,A002020,ฤฺฟภที,20170811,62600,63100,62000,62000,58100,021,12061000
990,A002020,ฤฺฟภที,20170810,63400,64900,63300,63700,87114,021,12061000
991,A002020,ฤฺฟภที,20170809,64200,65200,63300,63400,65196,021,12061000
992,A002020,ฤฺฟภที,20170808,63200,64900,62600,64700,89640,021,12061000
993,A002020,ฤฺฟภที,20170807,63000,63700,62600,62800,39918,021,12061000
994,A002020,ฤฺฟภที,20170804,61600,63200,61300,63000,47901,021,12061000
995,A002020,ฤฺฟภที,20170803,63300,63400,61100,61300,64991,021,12061000
996,A002020,ฤฺฟภที,20170802,63300,64400,62800,63300,51673,021,12061000
997,A002020,ฤฺฟภที,20170801,62800,64300,62300,63600,70333,021,12061000
998,A002020,ฤฺฟภที,20170731,61300,62000,60000,62000,70446,021,12061000
999,A002020,ฤฺฟภที,20170728,64000,64000,61200,61400,143898,021,12061000
1000,A002020,ฤฺฟภที,20170727,63000,64900,62800,64200,89257,021,12061000
1001,A002020,ฤฺฟภที,20170726,63600,64000,62500,62700,139891,021,12061000
1002,A002020,ฤฺฟภที,20170725,64200,65200,63500,63500,105517,021,12061000
1003,A002020,ฤฺฟภที,20170724,64800,65200,64000,64600,84264,021,12061000
1004,A002020,ฤฺฟภที,20170721,64800,65400,63500,64000,128776,021,12061000
1005,A002020,ฤฺฟภที,20170720,66000,66300,64400,64900,119213,021,12061000
1006,A002020,ฤฺฟภที,20170719,67200,67400,65200,65600,126320,021,12061000
1007,A002020,ฤฺฟภที,20170718,67300,68000,65400,67000,137418,021,12061000
1008,A002020,ฤฺฟภที,20170717,69100,70000,66400,66600,178123,021,12061000
1009,A002020,ฤฺฟภที,20170714,67200,69500,66700,68400,246853,021,12061000
1010,A002020,ฤฺฟภที,20170713,67900,68300,64400,66600,535435,021,12061000
1011,A002020,ฤฺฟภที,20170712,73700,74400,66600,67200,743998,021,12061000
1012,A002020,ฤฺฟภที,20170711,75700,76300,73000,74500,136748,021,12061000
1013,A002020,ฤฺฟภที,20170710,80000,80500,75000,75100,187132,021,12061000
1014,A002020,ฤฺฟภที,20170707,78300,78900,77200,78100,53991,021,12061000
1015,A002020,ฤฺฟภที,20170706,80000,80600,78000,78500,100990,021,12061000
1016,A002020,ฤฺฟภที,20170705,81100,81500,79600,80000,58316,021,12061000
1017,A002020,ฤฺฟภที,20170704,79600,82500,78800,81000,105883,021,12061000
1018,A002020,ฤฺฟภที,20170703,82100,83000,79000,79600,108483,021,12061000
1019,A002020,ฤฺฟภที,20170630,80900,82400,79800,82000,95599,021,12061000
1020,A002020,ฤฺฟภที,20170629,81200,82300,80800,81400,84437,021,12061000
1021,A002020,ฤฺฟภที,20170628,80800,81700,80000,80500,107166,021,12061000
1022,A002020,ฤฺฟภที,20170627,78100,81800,78100,81700,118685,021,12061000
1023,A002020,ฤฺฟภที,20170626,79100,79200,77400,78300,77583,021,12061000
1024,A002020,ฤฺฟภที,20170623,78900,80600,77700,79100,109953,021,12061000
1025,A002020,ฤฺฟภที,20170622,76400,79200,75900,78300,141375,021,12061000
1026,A002020,ฤฺฟภที,20170621,77200,77800,74900,75900,122721,021,12061000
1027,A002020,ฤฺฟภที,20170620,77000,79600,76400,78000,221274,021,12061000
1028,A002020,ฤฺฟภที,20170619,77400,78600,75800,75900,112758,021,12061000
1029,A002020,ฤฺฟภที,20170616,80000,80200,76000,77200,227521,021,12061000
1030,A002020,ฤฺฟภที,20170615,81500,81600,78100,79600,132927,021,12061000
1031,A002020,ฤฺฟภที,20170614,79500,82300,79000,81400,155036,021,12061000
1032,A002020,ฤฺฟภที,20170613,77800,79600,77500,78600,83993,021,12061000
1033,A002020,ฤฺฟภที,20170612,78700,79400,76500,77800,116933,021,12061000
1034,A002020,ฤฺฟภที,20170609,80000,81200,78100,79900,102094,021,12061000
1035,A002020,ฤฺฟภที,20170608,78400,80900,77300,79500,146078,021,12061000
1036,A002020,ฤฺฟภที,20170607,78100,79500,77800,77900,158839,021,12061000
1037,A002020,ฤฺฟภที,20170605,76000,79300,75900,77300,163362,021,12061000
1038,A002020,ฤฺฟภที,20170602,76500,77000,75000,76400,209009,021,12061000
1039,A002020,ฤฺฟภที,20170601,72000,76700,70800,76100,299303,021,12061000
1040,A002020,ฤฺฟภที,20170531,68900,72700,68900,70800,185208,021,12061000
1041,A002020,ฤฺฟภที,20170530,68700,70500,68600,69300,97082,021,12061000
1042,A002020,ฤฺฟภที,20170529,69900,70800,68100,68700,83414,021,12061000
1043,A002020,ฤฺฟภที,20170526,71300,71300,69400,69900,107788,021,12061000
1044,A002020,ฤฺฟภที,20170525,71300,72000,70200,71200,81135,021,12061000
1045,A002020,ฤฺฟภที,20170524,69900,71900,69900,70700,149481,021,12061000
1046,A002020,ฤฺฟภที,20170523,66400,70300,66100,69500,219023,021,12061000
1047,A002020,ฤฺฟภที,20170522,65700,66900,64700,66400,72505,021,12061000
1048,A002020,ฤฺฟภที,20170519,63300,65800,62600,65800,78279,021,12061000
1049,A002020,ฤฺฟภที,20170518,62200,63700,62100,63500,43869,021,12061000
1050,A002020,ฤฺฟภที,20170517,63000,63600,62300,63200,46396,021,12061000
1051,A002020,ฤฺฟภที,20170516,65900,66200,63000,63200,110413,021,12061000
1052,A002020,ฤฺฟภที,20170515,65600,67300,65300,66200,58016,021,12061000
1053,A002020,ฤฺฟภที,20170512,66200,66600,64900,65600,57637,021,12061000
1054,A002020,ฤฺฟภที,20170511,65700,66600,65400,66500,65612,021,12061000
1055,A002020,ฤฺฟภที,20170510,67200,67400,65400,65700,85831,021,12061000
1056,A002020,ฤฺฟภที,20170508,63600,67500,62900,67500,175849,021,12061000
1057,A002020,ฤฺฟภที,20170504,62200,63400,62200,63300,33153,021,12061000
1058,A002020,ฤฺฟภที,20170502,62200,63000,61600,62500,48831,021,12061000
1059,A002020,ฤฺฟภที,20170428,64200,64200,62100,62500,91207,021,12061000
1060,A002020,ฤฺฟภที,20170427,65000,65500,63900,64000,34885,021,12061000
1061,A002020,ฤฺฟภที,20170426,64300,65600,64200,65300,58638,021,12061000
1062,A002020,ฤฺฟภที,20170425,63900,65400,63800,64300,46084,021,12061000
1063,A002020,ฤฺฟภที,20170424,66200,66200,63800,63900,63593,021,12061000
1064,A002020,ฤฺฟภที,20170421,65500,65900,64200,65700,53178,021,12061000
1065,A002020,ฤฺฟภที,20170420,66300,66900,65500,65600,60955,021,12061000
1066,A002020,ฤฺฟภที,20170419,67100,67300,65700,66600,62415,021,12061000
1067,A002020,ฤฺฟภที,20170418,65000,67200,65000,67100,120870,021,12061000
1068,A002020,ฤฺฟภที,20170417,64800,65500,64500,64800,32997,021,12061000
1069,A002020,ฤฺฟภที,20170414,64800,65800,64600,64900,51255,021,12061000
1070,A002020,ฤฺฟภที,20170413,65000,65500,64300,64800,49218,021,12061000
1071,A002020,ฤฺฟภที,20170412,65600,65900,64200,64800,70236,021,12061000
1072,A002020,ฤฺฟภที,20170411,65000,66200,63600,65200,76730,021,12061000
1073,A002020,ฤฺฟภที,20170410,65800,66500,63400,64900,135216,021,12061000
1074,A002020,ฤฺฟภที,20170407,66700,68100,64800,64900,194528,021,12061000
1075,A002020,ฤฺฟภที,20170406,64900,67900,64100,66200,285747,021,12061000
1076,A002020,ฤฺฟภที,20170405,63400,64800,63000,64700,70232,021,12061000
1077,A002020,ฤฺฟภที,20170404,63100,63900,62300,63300,79788,021,12061000
1078,A002020,ฤฺฟภที,20170403,63000,65400,62700,63000,237152,021,12061000
1079,A002020,ฤฺฟภที,20170331,58300,62500,57900,62500,304975,021,12061000
1080,A002020,ฤฺฟภที,20170330,57500,58000,56900,57800,63824,021,12061000
1081,A002020,ฤฺฟภที,20170329,56400,57400,56100,56800,57787,021,12061000
1082,A002020,ฤฺฟภที,20170328,57800,58100,55900,56300,90826,021,12061000
1083,A002020,ฤฺฟภที,20170327,58100,58800,57500,57800,59481,021,12061000
1084,A002020,ฤฺฟภที,20170324,57400,57900,56900,57800,39490,021,12061000
1085,A002020,ฤฺฟภที,20170323,56900,57600,56500,57400,51143,021,12061000
1086,A002020,ฤฺฟภที,20170322,57100,57700,56500,56700,62163,021,12061000
1087,A002020,ฤฺฟภที,20170321,57600,58300,57400,57700,81001,021,12061000
1088,A002020,ฤฺฟภที,20170320,56700,57600,56300,57300,90575,021,12061000
1089,A002020,ฤฺฟภที,20170317,55200,56300,54900,56000,80429,021,12061000
1090,A002020,ฤฺฟภที,20170316,53600,54800,53600,54600,53756,021,12061000
1091,A002020,ฤฺฟภที,20170315,54100,54200,53000,53300,46605,021,12061000
1092,A002020,ฤฺฟภที,20170314,54600,54800,53600,53900,45923,021,12061000
1093,A002020,ฤฺฟภที,20170313,54800,55400,54200,54500,70387,021,12061000
1094,A002020,ฤฺฟภที,20170310,54100,54500,53100,54300,68727,021,12061000
1095,A002020,ฤฺฟภที,20170309,53700,55000,53500,54000,75393,021,12061000
1096,A002020,ฤฺฟภที,20170308,54500,54500,53400,53700,69168,021,12061000
1097,A002020,ฤฺฟภที,20170307,54400,54900,53800,54500,63081,021,12061000
1098,A002020,ฤฺฟภที,20170306,53400,54600,53300,54000,53946,021,12061000
1099,A002020,ฤฺฟภที,20170303,54900,54900,53400,54000,60251,021,12061000
1100,A002020,ฤฺฟภที,20170302,56800,57100,54600,54900,85858,021,12061000
1101,A002020,ฤฺฟภที,20170228,57600,58200,56300,56300,67386,021,12061000
1102,A002020,ฤฺฟภที,20170227,59100,60300,57200,57300,90292,021,12061000
1103,A002020,ฤฺฟภที,20170224,59500,59600,58300,58900,60881,021,12061000
1104,A002020,ฤฺฟภที,20170223,59900,60200,58300,58400,65672,021,12061000
1105,A002020,ฤฺฟภที,20170222,59700,60500,58900,59000,88334,021,12061000
1106,A002020,ฤฺฟภที,20170221,57400,59200,57400,58900,65232,021,12061000
1107,A002020,ฤฺฟภที,20170220,57000,57700,56300,57300,32813,021,12061000
1108,A002020,ฤฺฟภที,20170217,57900,59000,56800,57400,44552,021,12061000
1109,A002020,ฤฺฟภที,20170216,58900,59400,57600,58200,38638,021,12061000
1110,A002020,ฤฺฟภที,20170215,55500,58400,55300,58300,81850,021,12061000
1111,A002020,ฤฺฟภที,20170214,56200,56300,55100,55500,41203,021,12061000
1112,A002020,ฤฺฟภที,20170213,56000,56300,55100,56200,39973,021,12061000
1113,A002020,ฤฺฟภที,20170210,54000,56000,53600,55700,38916,021,12061000
1114,A002020,ฤฺฟภที,20170209,52500,53600,52300,53500,24005,021,12061000
1115,A002020,ฤฺฟภที,20170208,53200,53400,52100,52500,32220,021,12061000
1116,A002020,ฤฺฟภที,20170207,53000,53700,52400,53200,32956,021,12061000
1117,A002020,ฤฺฟภที,20170206,54800,54800,53000,53000,45229,021,12061000
1118,A002020,ฤฺฟภที,20170203,55700,56200,54300,54700,34294,021,12061000
1119,A002020,ฤฺฟภที,20170202,56000,56200,55500,56100,29458,021,12061000
1120,A002020,ฤฺฟภที,20170201,55500,56000,55000,56000,24672,021,12061000
1121,A002020,ฤฺฟภที,20170131,55200,55800,54800,55600,21087,021,12061000
1122,A002020,ฤฺฟภที,20170126,54600,55200,53500,54700,16354,021,12061000
1123,A002020,ฤฺฟภที,20170125,55600,56100,53900,54400,42133,021,12061000
1124,A002020,ฤฺฟภที,20170124,56000,56500,53900,55400,60971,021,12061000
1125,A002020,ฤฺฟภที,20170123,57600,58000,55700,56300,63723,021,12061000
1126,A002020,ฤฺฟภที,20170120,58400,59000,57500,57600,25990,021,12061000
1127,A002020,ฤฺฟภที,20170119,59400,60000,58500,58500,22325,021,12061000
1128,A002020,ฤฺฟภที,20170118,58900,59600,58100,59400,24747,021,12061000
1129,A002020,ฤฺฟภที,20170117,59600,60000,58500,58900,34808,021,12061000
1130,A002020,ฤฺฟภที,20170116,59600,60800,59300,59500,22979,021,12061000
1131,A002020,ฤฺฟภที,20170113,58500,60700,58500,59900,28004,021,12061000
1132,A002020,ฤฺฟภที,20170112,59600,59600,58400,58900,37467,021,12061000
1133,A002020,ฤฺฟภที,20170111,60600,61300,59100,59200,59016,021,12061000
1134,A002020,ฤฺฟภที,20170110,61300,61300,60100,60400,30138,021,12061000
1135,A002020,ฤฺฟภที,20170109,60900,61300,58600,61300,61585,021,12061000
1136,A002020,ฤฺฟภที,20170106,60500,61200,59800,60000,49076,021,12061000
1137,A002020,ฤฺฟภที,20170105,59900,62000,59500,60400,118862,021,12061000
1138,A002020,ฤฺฟภที,20170104,58600,59600,58000,59100,30499,021,12061000
1139,A002020,ฤฺฟภที,20170103,59800,59800,58300,58700,43021,021,12061000
1140,A002020,ฤฺฟภที,20170102,58500,59600,57600,59400,45998,021,12061000
1141,A002020,ฤฺฟภที,20161229,58000,58900,57500,58600,43530,021,12061000
1142,A002020,ฤฺฟภที,20161228,56300,58800,56200,58800,51410,021,12061000
1143,A002020,ฤฺฟภที,20161227,56400,57600,55600,56300,46978,021,12061000
1144,A002020,ฤฺฟภที,20161226,56300,57200,55500,56400,30528,021,12061000
1145,A002020,ฤฺฟภที,20161223,55500,56900,55300,55900,37720,021,12061000
1146,A002020,ฤฺฟภที,20161222,57000,57400,55300,55500,43940,021,12061000
1147,A002020,ฤฺฟภที,20161221,58000,58000,56900,57000,29042,021,12061000
1148,A002020,ฤฺฟภที,20161220,57400,58200,56200,57400,50853,021,12061000
1149,A002020,ฤฺฟภที,20161219,58300,58400,57200,57600,50650,021,12061000
1150,A002020,ฤฺฟภที,20161216,56600,58200,56100,57800,139423,021,12061000
1151,A002020,ฤฺฟภที,20161215,53700,56300,53200,56000,72582,021,12061000
1152,A002020,ฤฺฟภที,20161214,54200,55500,53100,53800,63470,021,12061000
1153,A002020,ฤฺฟภที,20161213,52400,54400,52300,53900,60799,021,12061000
1154,A002020,ฤฺฟภที,20161212,49900,52500,49850,52400,95094,021,12061000
1155,A002020,ฤฺฟภที,20161209,49950,50500,49300,50000,72712,021,12061000
1156,A002020,ฤฺฟภที,20161208,49750,50900,49750,49800,49879,021,12061000
1157,A002020,ฤฺฟภที,20161207,50900,50900,49300,49750,55560,021,12061000
1158,A002020,ฤฺฟภที,20161206,50700,51300,50300,50800,27893,021,12061000
1159,A002020,ฤฺฟภที,20161205,50500,50600,49550,50300,44570,021,12061000
1160,A002020,ฤฺฟภที,20161202,51100,51500,50500,51000,26581,021,12061000
1161,A002020,ฤฺฟภที,20161201,51600,52300,50600,51100,23706,021,12061000
1162,A002020,ฤฺฟภที,20161130,52400,52400,50000,51400,47993,021,12061000
1163,A002020,ฤฺฟภที,20161129,49700,51700,49700,51300,25740,021,12061000
1164,A002020,ฤฺฟภที,20161128,51500,52000,50400,50500,30484,021,12061000
1165,A002020,ฤฺฟภที,20161125,51100,52100,50700,51900,19078,021,12061000
1166,A002020,ฤฺฟภที,20161124,51500,52700,51300,51400,32426,021,12061000
1167,A002020,ฤฺฟภที,20161123,53900,53900,52200,52200,44319,021,12061000
1168,A002020,ฤฺฟภที,20161122,54500,54500,52500,53500,42581,021,12061000
1169,A002020,ฤฺฟภที,20161121,55500,55500,53500,54000,56703,021,12061000
1170,A002020,ฤฺฟภที,20161118,57700,58000,55400,55700,54537,021,12061000
1171,A002020,ฤฺฟภที,20161117,58500,58500,57300,58100,33675,021,12061000
1172,A002020,ฤฺฟภที,20161116,56000,58800,55300,58600,78087,021,12061000
1173,A002020,ฤฺฟภที,20161115,56000,56400,55100,55800,31122,021,12061000
1174,A002020,ฤฺฟภที,20161114,57300,57300,55500,55800,54674,021,12061000
1175,A002020,ฤฺฟภที,20161111,58000,58200,56100,56900,58306,021,12061000
1176,A002020,ฤฺฟภที,20161110,57500,60000,57500,58200,141766,021,12061000
1177,A002020,ฤฺฟภที,20161109,57100,58400,53300,55600,109631,021,12061000
1178,A002020,ฤฺฟภที,20161108,59000,59700,57300,57700,43416,021,12061000
1179,A002020,ฤฺฟภที,20161107,59000,59700,58100,59000,62307,021,12061000
1180,A002020,ฤฺฟภที,20161104,58900,59400,57100,59000,82956,021,12061000
1181,A002020,ฤฺฟภที,20161103,57300,59300,56900,58400,177949,021,12061000
1182,A002020,ฤฺฟภที,20161102,56800,58600,54800,56500,246752,021,12061000
1183,A002020,ฤฺฟภที,20161101,50400,58300,50200,55800,306806,021,12061000
1184,A002020,ฤฺฟภที,20161031,49900,50900,48750,50900,77712,021,12061000
1185,A002020,ฤฺฟภที,20161028,51100,51400,49950,50500,39570,021,12061000
1186,A002020,ฤฺฟภที,20161027,50500,52000,50500,51400,25151,021,12061000
1187,A002020,ฤฺฟภที,20161026,50700,51400,50400,50500,18018,021,12061000
1188,A002020,ฤฺฟภที,20161025,52500,53200,50800,51000,36998,021,12061000
1189,A002020,ฤฺฟภที,20161024,52800,52900,51700,52900,21771,021,12061000
1190,A002020,ฤฺฟภที,20161021,52400,53400,52300,52300,25346,021,12061000
1191,A002020,ฤฺฟภที,20161020,52400,53900,52100,52800,51767,021,12061000
1192,A002020,ฤฺฟภที,20161019,50800,53200,50300,52500,78368,021,12061000
1193,A002020,ฤฺฟภที,20161018,49900,51700,49600,50300,69860,021,12061000
1194,A002020,ฤฺฟภที,20161017,50000,50800,49800,49900,35535,021,12061000
1195,A002020,ฤฺฟภที,20161014,51500,52000,50100,50200,67142,021,12061000
1196,A002020,ฤฺฟภที,20161013,52400,52400,51000,51500,41144,021,12061000
1197,A002020,ฤฺฟภที,20161012,51800,52400,51700,52400,28170,021,12061000
1198,A002020,ฤฺฟภที,20161011,52500,53200,51800,52200,38772,021,12061000
1199,A002020,ฤฺฟภที,20161010,52100,53400,52100,52500,36708,021,12061000
1200,A002020,ฤฺฟภที,20161007,54700,55500,52300,52700,53115,021,12061000
1201,A002020,ฤฺฟภที,20161006,55100,56000,54700,54900,26180,021,12061000
1202,A002020,ฤฺฟภที,20161005,54800,55600,54700,55500,21422,021,12061000
1203,A002020,ฤฺฟภที,20161004,54700,55500,53800,55200,40785,021,12061000
1204,A002020,ฤฺฟภที,20160930,57100,57100,54100,55100,76966,021,12061000
1205,A002020,ฤฺฟภที,20160929,57100,57700,56500,57100,38388,021,12061000
1206,A002020,ฤฺฟภที,20160928,57000,57900,56700,56800,37229,021,12061000
1207,A002020,ฤฺฟภที,20160927,55200,57600,54400,56800,76253,021,12061000
1208,A002020,ฤฺฟภที,20160926,55000,56100,54700,55500,44164,021,12061000
1209,A002020,ฤฺฟภที,20160923,55000,56000,54700,55400,86643,021,12061000
1210,A002020,ฤฺฟภที,20160922,54600,55300,53800,54800,72040,021,12061000
1211,A002020,ฤฺฟภที,20160921,56200,57300,53600,54000,104346,021,12061000
1212,A002020,ฤฺฟภที,20160920,52500,56900,52500,56200,94794,021,12061000
1213,A002020,ฤฺฟภที,20160919,52200,53000,51800,53000,35557,021,12061000
1214,A002020,ฤฺฟภที,20160913,53800,54700,52000,52800,71584,021,12061000
1215,A002020,ฤฺฟภที,20160912,54600,55000,53300,53800,61143,021,12061000
1216,A002020,ฤฺฟภที,20160909,55700,56000,54000,55300,66909,021,12061000
1217,A002020,ฤฺฟภที,20160908,56900,56900,55100,55300,65902,021,12061000
1218,A002020,ฤฺฟภที,20160907,56800,57400,55200,56900,56564,021,12061000
1219,A002020,ฤฺฟภที,20160906,57600,58400,56500,56600,51703,021,12061000
1220,A002020,ฤฺฟภที,20160905,56100,58000,56000,57400,55776,021,12061000
1221,A002020,ฤฺฟภที,20160902,55600,56100,54600,55700,28160,021,12061000
1222,A002020,ฤฺฟภที,20160901,55600,55600,54200,55300,51507,021,12061000
1223,A002020,ฤฺฟภที,20160831,56600,56600,55000,55400,69364,021,12061000
1224,A002020,ฤฺฟภที,20160830,56500,57600,55600,56700,71941,021,12061000
1225,A002020,ฤฺฟภที,20160829,58400,58400,56500,56500,41013,021,12061000
1226,A002020,ฤฺฟภที,20160826,58100,58600,57200,58500,25540,021,12061000
1227,A002020,ฤฺฟภที,20160825,59800,59800,58000,58000,43294,021,12061000
1228,A002020,ฤฺฟภที,20160824,57600,60000,57600,59400,65971,021,12061000
1229,A002020,ฤฺฟภที,20160823,57100,58500,57100,58200,72552,021,12061000
1230,A002020,ฤฺฟภที,20160822,59000,59200,56400,57000,101659,021,12061000
1231,A002020,ฤฺฟภที,20160819,62000,62000,58800,59300,106922,021,12061000
1232,A002020,ฤฺฟภที,20160818,62800,63700,60400,61600,81880,021,12061000
1233,A002020,ฤฺฟภที,20160817,64400,64400,62400,63300,47911,021,12061000
1234,A002020,ฤฺฟภที,20160816,65700,65700,64000,64000,29354,021,12061000
1235,A002020,ฤฺฟภที,20160812,64700,66600,64500,65300,60462,021,12061000
1236,A002020,ฤฺฟภที,20160811,65000,65100,63700,64400,46618,021,12061000
1237,A002020,ฤฺฟภที,20160810,65400,66600,64900,65100,41569,021,12061000
1238,A002020,ฤฺฟภที,20160809,65800,66500,64300,65400,53663,021,12061000
1239,A002020,ฤฺฟภที,20160808,66000,66100,64400,64900,33665,021,12061000
1240,A002020,ฤฺฟภที,20160805,67100,67100,63400,66400,134427,021,12061000
1241,A002020,ฤฺฟภที,20160804,68300,68600,66800,67000,63765,021,12061000
1242,A002020,ฤฺฟภที,20160803,68500,69600,67600,68300,87630,021,12061000
1243,A002020,ฤฺฟภที,20160802,66800,69000,66500,68500,112741,021,12061000
1244,A002020,ฤฺฟภที,20160801,66300,66800,63900,66600,82859,021,12061000
1245,A002020,ฤฺฟภที,20160729,66900,68300,65300,65900,79057,021,12061000
1246,A002020,ฤฺฟภที,20160728,68100,69000,66600,67300,47635,021,12061000
1247,A002020,ฤฺฟภที,20160727,68100,68700,67400,68600,51415,021,12061000
1248,A002020,ฤฺฟภที,20160726,68500,68900,67100,67500,68242,021,12061000
1249,A002020,ฤฺฟภที,20160725,70500,70500,68400,68500,37933,021,12061000
1250,A002020,ฤฺฟภที,20160722,69300,70700,68300,70000,57569,021,12061000
1251,A002020,ฤฺฟภที,20160721,71000,71600,68500,69200,73456,021,12061000
1252,A002020,ฤฺฟภที,20160720,72000,72700,69300,70300,122260,021,12061000
1253,A002020,ฤฺฟภที,20160719,69900,73000,68500,72500,129276,021,12061000
1254,A002020,ฤฺฟภที,20160718,69100,71200,67400,69900,111187,021,12061000
1255,A002020,ฤฺฟภที,20160715,69500,73000,68400,68600,197074,021,12061000
1256,A002020,ฤฺฟภที,20160714,68300,69600,67300,68700,102650,021,12061000
1257,A002020,ฤฺฟภที,20160713,69200,69900,67800,68700,225263,021,12061000
1258,A002020,ฤฺฟภที,20160712,60800,68300,60800,67000,405004,021,12061000
1259,A002020,ฤฺฟภที,20160711,61200,61900,59900,60100,74393,021,12061000
1260,A002020,ฤฺฟภที,20160708,59700,60500,58800,60000,77492,021,12061000
1261,A002020,ฤฺฟภที,20160707,58500,60200,58000,59600,78581,021,12061000
1262,A002020,ฤฺฟภที,20160706,58200,58800,56600,57800,55774,021,12061000
1263,A002020,ฤฺฟภที,20160705,58000,59000,56900,58900,66416,021,12061000
1264,A002020,ฤฺฟภที,20160704,56300,58400,55900,57500,120619,021,12061000
1265,A002020,ฤฺฟภที,20160701,55800,56600,55100,55500,90340,021,12061000
1266,A002020,ฤฺฟภที,20160630,56500,57000,54100,55500,105277,021,12061000
1267,A002020,ฤฺฟภที,20160629,56300,56900,55200,56000,87055,021,12061000
1268,A002020,ฤฺฟภที,20160628,53500,55600,53200,55600,58046,021,12061000
1269,A002020,ฤฺฟภที,20160627,54000,55300,53300,54400,89486,021,12061000
1270,A002020,ฤฺฟภที,20160624,61000,61100,53600,55200,204815,021,12061000
1271,A002020,ฤฺฟภที,20160623,61300,61400,59200,60300,51272,021,12061000
1272,A002020,ฤฺฟภที,20160622,61500,62400,60800,61500,32808,021,12061000
1273,A002020,ฤฺฟภที,20160621,61900,62200,60400,61600,33387,021,12061000
1274,A002020,ฤฺฟภที,20160620,61600,62800,61200,61900,33110,021,12061000
1275,A002020,ฤฺฟภที,20160617,61800,63300,60500,61500,44981,021,12061000
1276,A002020,ฤฺฟภที,20160616,63000,63800,60700,61400,46365,021,12061000
1277,A002020,ฤฺฟภที,20160615,63000,64100,61400,62700,57581,021,12061000
1278,A002020,ฤฺฟภที,20160614,62500,63800,61900,62700,40552,021,12061000
1279,A002020,ฤฺฟภที,20160613,65800,65800,63000,63000,60449,021,12061000
1280,A002020,ฤฺฟภที,20160610,66100,66600,64100,65900,86103,021,12061000
1281,A002020,ฤฺฟภที,20160609,66600,67000,64400,65500,119412,021,12061000
1282,A002020,ฤฺฟภที,20160608,60400,66700,59600,66000,248289,021,12061000
1283,A002020,ฤฺฟภที,20160607,57700,59200,57200,59100,40657,021,12061000
1284,A002020,ฤฺฟภที,20160603,58300,58500,56700,58200,56310,021,12061000
1285,A002020,ฤฺฟภที,20160602,58600,59000,57100,58200,55163,021,12061000
1286,A002020,ฤฺฟภที,20160601,58500,59700,57500,58900,117311,021,12061000
1287,A002020,ฤฺฟภที,20160531,56900,59100,55600,58900,72176,021,12061000
1288,A002020,ฤฺฟภที,20160530,54000,57100,53800,56500,65805,021,12061000
1289,A002020,ฤฺฟภที,20160527,52300,54900,52200,54000,66377,021,12061000
1290,A002020,ฤฺฟภที,20160526,53700,54000,51600,52000,86288,021,12061000
1291,A002020,ฤฺฟภที,20160525,55000,55100,53500,53900,43555,021,12061000
1292,A002020,ฤฺฟภที,20160524,55000,55300,54100,54500,37339,021,12061000
1293,A002020,ฤฺฟภที,20160523,54900,55600,54200,54800,42637,021,12061000
1294,A002020,ฤฺฟภที,20160520,54400,55100,54200,54400,42740,021,12061000
1295,A002020,ฤฺฟภที,20160519,57100,57700,54100,54400,67302,021,12061000
1296,A002020,ฤฺฟภที,20160518,59000,59300,56700,56900,50451,021,12061000
1297,A002020,ฤฺฟภที,20160517,59000,60100,58000,59400,40278,021,12061000
1298,A002020,ฤฺฟภที,20160516,58300,60300,57800,58700,98483,021,12061000
1299,A002020,ฤฺฟภที,20160513,56500,57700,56300,56800,32288,021,12061000
1300,A002020,ฤฺฟภที,20160512,57400,58200,56500,56800,34715,021,12061000
1301,A002020,ฤฺฟภที,20160511,57000,58000,56400,58000,37389,021,12061000
1302,A002020,ฤฺฟภที,20160510,56700,57400,55900,56400,31733,021,12061000
1303,A002020,ฤฺฟภที,20160509,55800,57200,55800,56700,30740,021,12061000
1304,A002020,ฤฺฟภที,20160504,56000,56600,55100,56000,44713,021,12061000
1305,A002020,ฤฺฟภที,20160503,56500,58400,55800,56400,52613,021,12061000
1306,A002020,ฤฺฟภที,20160502,58700,58700,56300,56400,72802,021,12061000
1307,A002020,ฤฺฟภที,20160429,59800,59900,58600,58800,50465,021,12061000
1308,A002020,ฤฺฟภที,20160428,58700,60300,58200,60100,49050,021,12061000
1309,A002020,ฤฺฟภที,20160427,59200,59400,58000,58100,35687,021,12061000
1310,A002020,ฤฺฟภที,20160426,59700,59700,58300,59200,47218,021,12061000
1311,A002020,ฤฺฟภที,20160425,58400,60200,57900,59600,50061,021,12061000
1312,A002020,ฤฺฟภที,20160422,59700,60000,58500,58500,38836,021,12061000
1313,A002020,ฤฺฟภที,20160421,59700,60200,58600,59600,60096,021,12061000
1314,A002020,ฤฺฟภที,20160420,60000,60000,59100,59600,47549,021,12061000
1315,A002020,ฤฺฟภที,20160419,60100,60400,59400,59600,45257,021,12061000
1316,A002020,ฤฺฟภที,20160418,60300,60300,59100,59800,53337,021,12061000
1317,A002020,ฤฺฟภที,20160415,62200,62400,59600,60300,103741,021,12061000
1318,A002020,ฤฺฟภที,20160414,62400,62400,60200,60500,76157,021,12061000
1319,A002020,ฤฺฟภที,20160412,63400,63400,61400,62100,55289,021,12061000
1320,A002020,ฤฺฟภที,20160411,63300,63900,62800,63000,24442,021,12061000
1321,A002020,ฤฺฟภที,20160408,64500,64500,62500,63300,41055,021,12061000
1322,A002020,ฤฺฟภที,20160407,65000,66100,63600,64800,66330,021,12061000
1323,A002020,ฤฺฟภที,20160406,65000,65300,63300,65000,49937,021,12061000
1324,A002020,ฤฺฟภที,20160405,64800,66100,63500,65000,56452,021,12061000
1325,A002020,ฤฺฟภที,20160404,62900,65300,62100,64700,53809,021,12061000
1326,A002020,ฤฺฟภที,20160401,61000,63100,60500,62900,50439,021,12061000
1327,A002020,ฤฺฟภที,20160331,63900,64200,61100,61600,69336,021,12061000
1328,A002020,ฤฺฟภที,20160330,63000,64000,62800,63600,52624,021,12061000
1329,A002020,ฤฺฟภที,20160329,63600,64300,63400,63800,24888,021,12061000
1330,A002020,ฤฺฟภที,20160328,64100,64400,63000,63200,30807,021,12061000
1331,A002020,ฤฺฟภที,20160325,64800,65800,63700,64400,50775,021,12061000
1332,A002020,ฤฺฟภที,20160324,65700,65800,64400,64700,21819,021,12061000
1333,A002020,ฤฺฟภที,20160323,64600,66000,64400,65700,27774,021,12061000
1334,A002020,ฤฺฟภที,20160322,64100,66100,64100,65000,27596,021,12061000
1335,A002020,ฤฺฟภที,20160321,64200,65200,63800,64300,24605,021,12061000
1336,A002020,ฤฺฟภที,20160318,66800,66800,64000,64000,49356,021,12061000
1337,A002020,ฤฺฟภที,20160317,66500,67000,65600,66200,40039,021,12061000
1338,A002020,ฤฺฟภที,20160316,67000,67000,65700,66800,32712,021,12061000
1339,A002020,ฤฺฟภที,20160315,67300,67800,65800,66300,30456,021,12061000
1340,A002020,ฤฺฟภที,20160314,66100,67900,66100,67200,70301,021,12061000
1341,A002020,ฤฺฟภที,20160311,65500,67100,64200,66300,68220,021,12061000
1342,A002020,ฤฺฟภที,20160310,65100,66200,64800,65400,45333,021,12061000
1343,A002020,ฤฺฟภที,20160309,62700,65500,62100,65100,59505,021,12061000
1344,A002020,ฤฺฟภที,20160308,63900,64600,61000,62700,77587,021,12061000
1345,A002020,ฤฺฟภที,20160307,64500,65100,63700,64200,36196,021,12061000
1346,A002020,ฤฺฟภที,20160304,65200,65300,64200,64600,45639,021,12061000
1347,A002020,ฤฺฟภที,20160303,64900,65500,63800,65200,65436,021,12061000
1348,A002020,ฤฺฟภที,20160302,63900,65400,63300,64500,108762,021,12061000
1349,A002020,ฤฺฟภที,20160229,63800,63800,61600,62600,60927,021,12061000
1350,A002020,ฤฺฟภที,20160226,60500,61500,60100,60400,43700,021,12061000
1351,A002020,ฤฺฟภที,20160225,60000,61200,59900,60300,52002,021,12061000
1352,A002020,ฤฺฟภที,20160224,60800,61900,59900,60700,47195,021,12061000
1353,A002020,ฤฺฟภที,20160223,62700,63800,60100,60300,89570,021,12061000
1354,A002020,ฤฺฟภที,20160222,61100,63100,60800,62200,71384,021,12061000
1355,A002020,ฤฺฟภที,20160219,58900,61900,58300,61000,64284,021,12061000
1356,A002020,ฤฺฟภที,20160218,60800,60800,57900,58700,114366,021,12061000
1357,A002020,ฤฺฟภที,20160217,62600,62600,58100,58200,94441,021,12061000
1358,A002020,ฤฺฟภที,20160216,60300,63400,60100,62300,108991,021,12061000
1359,A002020,ฤฺฟภที,20160215,58300,60700,57900,59100,95792,021,12061000
1360,A002020,ฤฺฟภที,20160212,61800,62500,55700,57400,209941,021,12061000
1361,A002020,ฤฺฟภที,20160211,65800,67700,62500,62800,108163,021,12061000
1362,A002020,ฤฺฟภที,20160205,68600,69600,67000,68600,70473,021,12061000
1363,A002020,ฤฺฟภที,20160204,71000,71400,68600,68600,98224,021,12061000
1364,A002020,ฤฺฟภที,20160203,71800,71900,70500,70600,44170,021,12061000
1365,A002020,ฤฺฟภที,20160202,73000,74500,71500,71500,50505,021,12061000
1366,A002020,ฤฺฟภที,20160201,73500,73900,72400,73100,37888,021,12061000
1367,A002020,ฤฺฟภที,20160129,71800,74100,70100,73800,77995,021,12061000
1368,A002020,ฤฺฟภที,20160128,72100,73000,71500,72000,30540,021,12061000
1369,A002020,ฤฺฟภที,20160127,75000,75300,71600,72400,87332,021,12061000
1370,A002020,ฤฺฟภที,20160126,76100,76100,74200,74400,37783,021,12061000
1371,A002020,ฤฺฟภที,20160125,75000,76500,74900,76200,51938,021,12061000
1372,A002020,ฤฺฟภที,20160122,76900,77000,73200,74800,48889,021,12061000
1373,A002020,ฤฺฟภที,20160121,74600,77400,73100,76200,55197,021,12061000
1374,A002020,ฤฺฟภที,20160120,73800,76700,73400,74100,93669,021,12061000
1375,A002020,ฤฺฟภที,20160119,73200,74200,72300,73200,41699,021,12061000
1376,A002020,ฤฺฟภที,20160118,71300,73700,71300,73000,38712,021,12061000
1377,A002020,ฤฺฟภที,20160115,73400,75500,72500,72600,79239,021,12061000
1378,A002020,ฤฺฟภที,20160114,74500,75200,71500,73000,98276,021,12061000
1379,A002020,ฤฺฟภที,20160113,75100,76300,73900,75300,74402,021,12061000
1380,A002020,ฤฺฟภที,20160112,77700,77900,74900,74900,52957,021,12061000
1381,A002020,ฤฺฟภที,20160111,78100,79400,76300,76300,59380,021,12061000
1382,A002020,ฤฺฟภที,20160108,75700,78400,74700,78400,53834,021,12061000
1383,A002020,ฤฺฟภที,20160107,79500,80200,76100,76700,40562,021,12061000
1384,A002020,ฤฺฟภที,20160106,76400,81300,75400,78800,193002,021,12061000
1385,A002020,ฤฺฟภที,20160105,75500,76100,72800,75700,102422,021,12061000
1386,A002020,ฤฺฟภที,20160104,77000,78200,75500,75500,53485,021,12061000
