,ڵ,,¥,ð,,,,ŷ,ڵ,ֽļ
0,A192400,Ȧ,20210823,128000,134000,128000,131500,6814,021,7112000
1,A192400,Ȧ,20210820,127500,130000,127000,127500,5945,021,7112000
2,A192400,Ȧ,20210819,132000,132000,126500,127500,10935,021,7112000
3,A192400,Ȧ,20210818,129500,133500,128000,132500,7025,021,7112000
4,A192400,Ȧ,20210817,130500,134000,129000,131000,9125,021,7112000
5,A192400,Ȧ,20210813,133000,133000,128500,130500,6556,021,7112000
6,A192400,Ȧ,20210812,132000,134000,131000,133000,4500,021,7112000
7,A192400,Ȧ,20210811,132000,133000,131000,132500,5859,021,7112000
8,A192400,Ȧ,20210810,131500,132000,129500,132000,4381,021,7112000
9,A192400,Ȧ,20210809,131000,132000,128500,131500,5855,021,7112000
10,A192400,Ȧ,20210806,131500,132000,130000,132000,4263,021,7112000
11,A192400,Ȧ,20210805,128500,132500,128500,131500,13485,021,7112000
12,A192400,Ȧ,20210804,127000,129000,126000,129000,4599,021,7112000
13,A192400,Ȧ,20210803,126000,129500,125000,127500,6273,021,7112000
14,A192400,Ȧ,20210802,129000,129000,126500,127500,4537,021,7112000
15,A192400,Ȧ,20210730,130000,130000,126000,128000,7130,021,7112000
16,A192400,Ȧ,20210729,128000,129500,127000,129500,4498,021,7112000
17,A192400,Ȧ,20210728,125000,128500,125000,128000,7428,021,7112000
18,A192400,Ȧ,20210727,124500,127500,124500,125000,7755,021,7112000
19,A192400,Ȧ,20210726,128500,128500,124000,124000,8858,021,7112000
20,A192400,Ȧ,20210723,124000,126500,124000,126500,9317,021,7112000
21,A192400,Ȧ,20210722,123000,126000,122000,123500,9570,021,7112000
22,A192400,Ȧ,20210721,126000,127000,122000,123000,15771,021,7112000
23,A192400,Ȧ,20210720,122000,125500,121500,125000,14619,021,7112000
24,A192400,Ȧ,20210719,118500,122000,118000,122000,6966,021,7112000
25,A192400,Ȧ,20210716,121000,121000,118500,118500,8448,021,7112000
26,A192400,Ȧ,20210715,121000,122500,120000,121000,14986,021,7112000
27,A192400,Ȧ,20210714,121000,121500,120000,121000,7967,021,7112000
28,A192400,Ȧ,20210713,120000,121000,119000,121000,7794,021,7112000
29,A192400,Ȧ,20210712,121500,121500,119000,120000,8804,021,7112000
30,A192400,Ȧ,20210709,119000,121500,115500,121500,9787,021,7112000
31,A192400,Ȧ,20210708,120500,122500,119000,120000,8132,021,7112000
32,A192400,Ȧ,20210707,123000,123500,120500,121000,8179,021,7112000
33,A192400,Ȧ,20210706,125000,125000,123000,124000,4736,021,7112000
34,A192400,Ȧ,20210705,126000,127500,124000,124500,6952,021,7112000
35,A192400,Ȧ,20210702,125000,127500,123500,125000,29431,021,7112000
36,A192400,Ȧ,20210701,123500,123500,119000,122500,14897,021,7112000
37,A192400,Ȧ,20210630,126000,126000,122500,123000,15259,021,7112000
38,A192400,Ȧ,20210629,126500,126500,122500,126000,19874,021,7112000
39,A192400,Ȧ,20210628,126500,127000,125000,125500,5806,021,7112000
40,A192400,Ȧ,20210625,127500,129000,126000,126000,7588,021,7112000
41,A192400,Ȧ,20210624,127500,129500,126000,127000,9057,021,7112000
42,A192400,Ȧ,20210623,127000,130000,126000,127500,9266,021,7112000
43,A192400,Ȧ,20210622,132500,132500,124500,126500,182119,021,7112000
44,A192400,Ȧ,20210621,134000,135000,130000,132500,6519,021,7112000
45,A192400,Ȧ,20210618,130000,134500,128500,134500,10373,021,7112000
46,A192400,Ȧ,20210617,132000,132000,127000,128500,12783,021,7112000
47,A192400,Ȧ,20210616,131000,133500,129500,131000,6032,021,7112000
48,A192400,Ȧ,20210615,131500,134500,130000,131000,5704,021,7112000
49,A192400,Ȧ,20210614,135500,135500,131500,132000,7519,021,7112000
50,A192400,Ȧ,20210611,137000,138000,132500,135000,10144,021,7112000
51,A192400,Ȧ,20210610,136000,138500,135000,137000,7095,021,7112000
52,A192400,Ȧ,20210609,138000,140500,136000,136500,6469,021,7112000
53,A192400,Ȧ,20210608,139500,140500,136500,138000,6388,021,7112000
54,A192400,Ȧ,20210607,140000,142500,138000,138500,6499,021,7112000
55,A192400,Ȧ,20210604,137500,142000,135000,138500,6373,021,7112000
56,A192400,Ȧ,20210603,139000,139500,137000,137500,3025,021,7112000
57,A192400,Ȧ,20210602,138500,144000,138000,139000,5731,021,7112000
58,A192400,Ȧ,20210601,139500,141500,138000,139500,7227,021,7112000
59,A192400,Ȧ,20210531,139500,139500,136500,139500,3344,021,7112000
60,A192400,Ȧ,20210528,140500,142000,139000,140000,3290,021,7112000
61,A192400,Ȧ,20210527,139000,140500,138500,140500,2525,021,7112000
62,A192400,Ȧ,20210526,138000,141000,137000,139000,4487,021,7112000
63,A192400,Ȧ,20210525,137000,140000,136000,138000,3488,021,7112000
64,A192400,Ȧ,20210524,137500,139000,137500,138000,2065,021,7112000
65,A192400,Ȧ,20210521,141000,142500,138500,138500,5682,021,7112000
66,A192400,Ȧ,20210520,137000,143000,136000,142500,8038,021,7112000
67,A192400,Ȧ,20210518,140000,143500,136000,139000,12510,021,7112000
68,A192400,Ȧ,20210517,133500,138000,132500,135000,3718,021,7112000
69,A192400,Ȧ,20210514,133500,136500,132000,134500,5312,021,7112000
70,A192400,Ȧ,20210513,136000,137000,132000,133500,7979,021,7112000
71,A192400,Ȧ,20210512,134500,136000,131000,135500,6905,021,7112000
72,A192400,Ȧ,20210511,141000,141000,134500,134500,5445,021,7112000
73,A192400,Ȧ,20210510,140500,141000,137500,140000,3191,021,7112000
74,A192400,Ȧ,20210507,142500,142500,138500,138500,2983,021,7112000
75,A192400,Ȧ,20210506,138500,141000,135000,139500,3250,021,7112000
76,A192400,Ȧ,20210504,138500,139000,133000,137000,5830,021,7112000
77,A192400,Ȧ,20210503,141500,142000,138500,139000,4367,021,7112000
78,A192400,Ȧ,20210430,142000,142000,139000,140500,5466,021,7112000
79,A192400,Ȧ,20210429,140500,143500,140000,143500,3679,021,7112000
80,A192400,Ȧ,20210428,142000,143500,138000,142000,5091,021,7112000
81,A192400,Ȧ,20210427,143500,144500,141000,143500,2234,021,7112000
82,A192400,Ȧ,20210426,137000,143500,136500,143500,5670,021,7112000
83,A192400,Ȧ,20210423,137000,138500,135000,137000,2854,021,7112000
84,A192400,Ȧ,20210422,137500,138000,134000,137000,5737,021,7112000
85,A192400,Ȧ,20210421,136000,139000,132000,137500,6453,021,7112000
86,A192400,Ȧ,20210420,131500,137500,131500,137000,5776,021,7112000
87,A192400,Ȧ,20210419,132000,134000,128000,133500,4618,021,7112000
88,A192400,Ȧ,20210416,130500,133000,129500,131500,5620,021,7112000
89,A192400,Ȧ,20210415,130000,132000,128500,132000,4024,021,7112000
90,A192400,Ȧ,20210414,128500,132500,128000,131500,9249,021,7112000
91,A192400,Ȧ,20210413,131000,131500,126500,130500,10634,021,7112000
92,A192400,Ȧ,20210412,134000,134000,129500,131500,5310,021,7112000
93,A192400,Ȧ,20210409,128500,132000,128000,132000,4788,021,7112000
94,A192400,Ȧ,20210408,129000,132000,127000,129500,5880,021,7112000
95,A192400,Ȧ,20210407,125500,129000,125500,129000,6578,021,7112000
96,A192400,Ȧ,20210406,127000,127500,123000,126000,5792,021,7112000
97,A192400,Ȧ,20210405,125500,130000,125500,127500,4070,021,7112000
98,A192400,Ȧ,20210402,121500,125500,120500,125500,4631,021,7112000
99,A192400,Ȧ,20210401,128000,128000,120000,121500,14740,021,7112000
100,A192400,Ȧ,20210331,128000,130000,125500,127500,3227,021,7112000
101,A192400,Ȧ,20210330,126500,129500,125500,128000,2070,021,7112000
102,A192400,Ȧ,20210329,123000,126500,121500,126500,4479,021,7112000
103,A192400,Ȧ,20210326,121500,125000,120500,122500,5518,021,7112000
104,A192400,Ȧ,20210325,125000,125000,120000,121500,7145,021,7112000
105,A192400,Ȧ,20210324,126500,128500,123500,125000,5596,021,7112000
106,A192400,Ȧ,20210323,134000,134000,126500,127000,7965,021,7112000
107,A192400,Ȧ,20210322,136500,138000,133000,133500,6833,021,7112000
108,A192400,Ȧ,20210319,134500,139500,130500,136500,7769,021,7112000
109,A192400,Ȧ,20210318,138000,140500,133000,136500,10484,021,7112000
110,A192400,Ȧ,20210317,138000,140000,135000,138000,7718,021,7112000
111,A192400,Ȧ,20210316,133000,138500,133000,136500,15560,021,7112000
112,A192400,Ȧ,20210315,136500,137500,132000,133000,4547,021,7112000
113,A192400,Ȧ,20210312,135500,138000,133500,138000,6369,021,7112000
114,A192400,Ȧ,20210311,134000,138000,132000,135500,4989,021,7112000
115,A192400,Ȧ,20210310,134500,136500,132000,134500,5202,021,7112000
116,A192400,Ȧ,20210309,135500,139500,133500,135000,6808,021,7112000
117,A192400,Ȧ,20210308,135000,135500,131500,135000,3959,021,7112000
118,A192400,Ȧ,20210305,133000,135500,130000,135000,5221,021,7112000
119,A192400,Ȧ,20210304,129500,134500,128000,133000,7066,021,7112000
120,A192400,Ȧ,20210303,130500,132500,129500,130500,5523,021,7112000
121,A192400,Ȧ,20210302,127500,130500,126500,130500,14626,021,7112000
122,A192400,Ȧ,20210226,121500,127000,115500,127000,14544,021,7112000
123,A192400,Ȧ,20210225,117500,124000,117500,124000,11887,021,7112000
124,A192400,Ȧ,20210224,121500,121500,115500,117500,10090,021,7112000
125,A192400,Ȧ,20210223,120500,123000,119000,122000,6161,021,7112000
126,A192400,Ȧ,20210222,123000,124500,121000,123000,4435,021,7112000
127,A192400,Ȧ,20210219,115500,125000,115500,123000,12162,021,7112000
128,A192400,Ȧ,20210218,116500,119000,116500,118000,9101,021,7112000
129,A192400,Ȧ,20210217,117000,119000,113000,118000,8582,021,7112000
130,A192400,Ȧ,20210216,116500,118500,116000,118000,9414,021,7112000
131,A192400,Ȧ,20210215,118500,118500,115500,116500,8303,021,7112000
132,A192400,Ȧ,20210210,115000,118000,114500,117500,14152,021,7112000
133,A192400,Ȧ,20210209,112500,116000,112000,115000,17068,021,7112000
134,A192400,Ȧ,20210208,110500,116500,110500,112500,10450,021,7112000
135,A192400,Ȧ,20210205,109000,113500,107500,113000,13815,021,7112000
136,A192400,Ȧ,20210204,107500,110000,106000,109500,23867,021,7112000
137,A192400,Ȧ,20210203,105500,108500,104000,107000,17591,021,7112000
138,A192400,Ȧ,20210202,98800,106000,97900,105000,25651,021,7112000
139,A192400,Ȧ,20210201,96200,98700,96100,98700,4683,021,7112000
140,A192400,Ȧ,20210129,97900,99000,96000,96500,9968,021,7112000
141,A192400,Ȧ,20210128,96400,98400,95900,97900,6345,021,7112000
142,A192400,Ȧ,20210127,99400,99700,97500,97600,7587,021,7112000
143,A192400,Ȧ,20210126,103000,104500,98500,98900,20213,021,7112000
144,A192400,Ȧ,20210125,101500,105500,101500,103000,18195,021,7112000
145,A192400,Ȧ,20210122,98700,104000,97100,101000,24331,021,7112000
146,A192400,Ȧ,20210121,95600,99000,95500,97800,10553,021,7112000
147,A192400,Ȧ,20210120,95400,95900,94700,95400,6721,021,7112000
148,A192400,Ȧ,20210119,95400,96000,94600,94900,7931,021,7112000
149,A192400,Ȧ,20210118,96000,96000,94500,94900,4783,021,7112000
150,A192400,Ȧ,20210115,95400,96200,95100,95400,8258,021,7112000
151,A192400,Ȧ,20210114,95100,96100,94800,95400,7788,021,7112000
152,A192400,Ȧ,20210113,96300,97300,95300,95400,10451,021,7112000
153,A192400,Ȧ,20210112,97300,97300,94500,96300,9459,021,7112000
154,A192400,Ȧ,20210111,97900,98000,95400,96000,12393,021,7112000
155,A192400,Ȧ,20210108,97100,98700,96200,98300,16044,021,7112000
156,A192400,Ȧ,20210107,97100,97500,96400,96800,10082,021,7112000
157,A192400,Ȧ,20210106,97900,98200,96700,96900,14226,021,7112000
158,A192400,Ȧ,20210105,97200,99000,96700,97900,12486,021,7112000
159,A192400,Ȧ,20210104,99900,99900,98100,98300,6662,021,7112000
160,A192400,Ȧ,20201230,99100,100500,98400,99900,4583,021,7112000
161,A192400,Ȧ,20201229,99600,100500,97800,99300,8117,021,7112000
162,A192400,Ȧ,20201228,101000,101500,99400,101000,5536,021,7112000
163,A192400,Ȧ,20201224,99900,101000,99100,101000,5342,021,7112000
164,A192400,Ȧ,20201223,98800,99600,98300,99000,7214,021,7112000
165,A192400,Ȧ,20201222,100000,100000,98600,99100,5651,021,7112000
166,A192400,Ȧ,20201221,97700,101500,97600,100000,9333,021,7112000
167,A192400,Ȧ,20201218,99000,99000,97500,97500,6022,021,7112000
168,A192400,Ȧ,20201217,99000,99400,98100,99000,5267,021,7112000
169,A192400,Ȧ,20201216,98200,98800,98100,98500,3302,021,7112000
170,A192400,Ȧ,20201215,96400,99100,96400,98100,9510,021,7112000
171,A192400,Ȧ,20201214,97500,97900,96400,96600,9068,021,7112000
172,A192400,Ȧ,20201211,96300,97500,96200,97400,7795,021,7112000
173,A192400,Ȧ,20201210,96600,97000,95900,96400,7230,021,7112000
174,A192400,Ȧ,20201209,96500,97000,96000,96600,4664,021,7112000
175,A192400,Ȧ,20201208,95400,96600,94800,96300,7484,021,7112000
176,A192400,Ȧ,20201207,96200,96200,94900,95200,5133,021,7112000
177,A192400,Ȧ,20201204,96400,96800,95700,96100,5436,021,7112000
178,A192400,Ȧ,20201203,96200,97200,95700,96200,6233,021,7112000
179,A192400,Ȧ,20201202,96100,97500,95800,96800,9160,021,7112000
180,A192400,Ȧ,20201201,96600,96600,95500,96400,5790,021,7112000
181,A192400,Ȧ,20201130,97000,97000,94700,95800,11925,021,7112000
182,A192400,Ȧ,20201127,94000,96500,93200,96300,6758,021,7112000
183,A192400,Ȧ,20201126,95800,96300,93100,93800,19898,021,7112000
184,A192400,Ȧ,20201125,96200,97800,94100,95800,17908,021,7112000
185,A192400,Ȧ,20201124,96600,97500,95900,96100,12130,021,7112000
186,A192400,Ȧ,20201123,97300,99000,96400,96600,17362,021,7112000
187,A192400,Ȧ,20201120,95800,97000,94700,96300,8676,021,7112000
188,A192400,Ȧ,20201119,97700,97700,95600,95600,4801,021,7112000
189,A192400,Ȧ,20201118,98000,99200,96600,96900,6349,021,7112000
190,A192400,Ȧ,20201117,97500,98900,95200,98000,10407,021,7112000
191,A192400,Ȧ,20201116,95400,97500,95300,97500,6468,021,7112000
192,A192400,Ȧ,20201113,97700,97700,96000,96000,6358,021,7112000
193,A192400,Ȧ,20201112,96500,97500,95900,97100,5211,021,7112000
194,A192400,Ȧ,20201111,94100,97700,94100,96500,11929,021,7112000
195,A192400,Ȧ,20201110,95200,95200,93500,94000,8385,021,7112000
196,A192400,Ȧ,20201109,92500,94400,92500,94200,11081,021,7112000
197,A192400,Ȧ,20201106,94500,95200,92300,93500,10168,021,7112000
198,A192400,Ȧ,20201105,94000,95600,93600,94800,6589,021,7112000
199,A192400,Ȧ,20201104,94900,95100,93200,94000,5806,021,7112000
200,A192400,Ȧ,20201103,93700,95300,93100,93800,6480,021,7112000
201,A192400,Ȧ,20201102,91700,93900,91700,93600,6255,021,7112000
202,A192400,Ȧ,20201030,92200,92700,90500,91200,6663,021,7112000
203,A192400,Ȧ,20201029,92800,92900,90700,92200,7118,021,7112000
204,A192400,Ȧ,20201028,94000,94500,91000,93300,19046,021,7112000
205,A192400,Ȧ,20201027,96400,98100,94200,94700,10892,021,7112000
206,A192400,Ȧ,20201026,97100,99000,96700,97500,3772,021,7112000
207,A192400,Ȧ,20201023,99900,99900,97900,97900,5683,021,7112000
208,A192400,Ȧ,20201022,99300,99800,97300,99300,3784,021,7112000
209,A192400,Ȧ,20201021,99100,99800,97500,99300,6960,021,7112000
210,A192400,Ȧ,20201020,99300,99700,96000,99600,9421,021,7112000
211,A192400,Ȧ,20201019,101000,102000,98900,99300,6595,021,7112000
212,A192400,Ȧ,20201016,99900,100500,97800,99600,7618,021,7112000
213,A192400,Ȧ,20201015,98800,99900,98200,99900,4045,021,7112000
214,A192400,Ȧ,20201014,100500,102500,99200,99300,6095,021,7112000
215,A192400,Ȧ,20201013,100500,102000,99200,101500,8970,021,7112000
216,A192400,Ȧ,20201012,101500,102500,99500,101500,6195,021,7112000
217,A192400,Ȧ,20201008,99700,102500,99000,100500,6870,021,7112000
218,A192400,Ȧ,20201007,100500,101000,98000,99700,7316,021,7112000
219,A192400,Ȧ,20201006,102000,102000,99800,101000,5335,021,7112000
220,A192400,Ȧ,20201005,100500,102500,96700,102500,11887,021,7112000
221,A192400,Ȧ,20200929,96100,99200,94500,99000,9710,021,7112000
222,A192400,Ȧ,20200928,95200,97800,94100,95000,9168,021,7112000
223,A192400,Ȧ,20200925,95400,95900,93600,95400,4413,021,7112000
224,A192400,Ȧ,20200924,94500,95000,91600,94900,6302,021,7112000
225,A192400,Ȧ,20200923,93200,95500,92600,95000,4785,021,7112000
226,A192400,Ȧ,20200922,96200,96200,92800,93800,5042,021,7112000
227,A192400,Ȧ,20200921,97100,97900,94200,96500,6981,021,7112000
228,A192400,Ȧ,20200918,96100,97800,95100,97200,7152,021,7112000
229,A192400,Ȧ,20200917,95500,96100,93500,96000,7319,021,7112000
230,A192400,Ȧ,20200916,93000,96500,93000,95500,7385,021,7112000
231,A192400,Ȧ,20200915,92800,93900,92800,93300,6901,021,7112000
232,A192400,Ȧ,20200914,92300,93300,90600,93100,5742,021,7112000
233,A192400,Ȧ,20200911,90100,92500,90100,92000,3660,021,7112000
234,A192400,Ȧ,20200910,91200,92300,90600,90900,6883,021,7112000
235,A192400,Ȧ,20200909,92900,94000,91000,91400,8507,021,7112000
236,A192400,Ȧ,20200908,94900,94900,92400,93000,4604,021,7112000
237,A192400,Ȧ,20200907,93300,94200,92500,93500,4525,021,7112000
238,A192400,Ȧ,20200904,90700,94400,90500,93700,11829,021,7112000
239,A192400,Ȧ,20200903,92100,93600,91600,92500,5658,021,7112000
240,A192400,Ȧ,20200902,91400,93000,89800,92900,8098,021,7112000
241,A192400,Ȧ,20200901,90900,92200,90100,91300,5619,021,7112000
242,A192400,Ȧ,20200831,91700,93500,91300,91300,7840,021,7112000
243,A192400,Ȧ,20200828,93000,93600,90800,91800,7827,021,7112000
244,A192400,Ȧ,20200827,94200,94500,90800,93000,12098,021,7112000
245,A192400,Ȧ,20200826,96300,96300,92100,94100,6527,021,7112000
246,A192400,Ȧ,20200825,92200,95500,91200,93800,9860,021,7112000
247,A192400,Ȧ,20200824,92400,93900,90000,93000,10540,021,7112000
248,A192400,Ȧ,20200821,92400,94700,90800,92300,10634,021,7112000
249,A192400,Ȧ,20200820,97700,97700,92100,92400,10903,021,7112000
250,A192400,Ȧ,20200819,90800,96900,90400,95700,16418,021,7112000
251,A192400,Ȧ,20200818,97500,97900,90300,90300,32933,021,7112000
252,A192400,Ȧ,20200814,88700,89300,87100,88500,8476,021,7112000
253,A192400,Ȧ,20200813,87200,89500,85500,87400,11145,021,7112000
254,A192400,Ȧ,20200812,84500,87500,83900,87200,14523,021,7112000
255,A192400,Ȧ,20200811,84200,84700,83200,84500,10021,021,7112000
256,A192400,Ȧ,20200810,84400,84500,81800,84000,6583,021,7112000
257,A192400,Ȧ,20200807,83300,85000,82600,84200,9652,021,7112000
258,A192400,Ȧ,20200806,79700,83700,79600,83300,15214,021,7112000
259,A192400,Ȧ,20200805,80300,80900,79600,79800,8583,021,7112000
260,A192400,Ȧ,20200804,80300,82600,79200,80500,6422,021,7112000
261,A192400,Ȧ,20200803,79900,81000,78600,80300,10189,021,7112000
262,A192400,Ȧ,20200731,79700,80600,79100,80300,8826,021,7112000
263,A192400,Ȧ,20200730,79700,80400,79700,79900,10141,021,7112000
264,A192400,Ȧ,20200729,79800,81300,79300,80100,8726,021,7112000
265,A192400,Ȧ,20200728,80400,82000,80000,80500,7570,021,7112000
266,A192400,Ȧ,20200727,81100,82500,80300,80900,5015,021,7112000
267,A192400,Ȧ,20200724,80200,82100,79700,82100,7930,021,7112000
268,A192400,Ȧ,20200723,82300,82300,80500,81100,5986,021,7112000
269,A192400,Ȧ,20200722,83200,84400,82400,82800,5088,021,7112000
270,A192400,Ȧ,20200721,82900,84800,82600,84000,10568,021,7112000
271,A192400,Ȧ,20200720,82800,84100,81800,83200,5986,021,7112000
272,A192400,Ȧ,20200717,83200,83800,81600,83200,4666,021,7112000
273,A192400,Ȧ,20200716,82100,83000,80600,82500,6646,021,7112000
274,A192400,Ȧ,20200715,82500,84500,80500,82100,7402,021,7112000
275,A192400,Ȧ,20200714,82800,83000,81000,82700,2590,021,7112000
276,A192400,Ȧ,20200713,80200,83500,80200,82500,5485,021,7112000
277,A192400,Ȧ,20200710,81800,83600,79800,80800,5365,021,7112000
278,A192400,Ȧ,20200709,81900,84000,80900,81800,10078,021,7112000
279,A192400,Ȧ,20200708,82500,82500,79900,80500,3242,021,7112000
280,A192400,Ȧ,20200707,81400,82900,80500,81700,2568,021,7112000
281,A192400,Ȧ,20200706,81400,82900,79200,81700,6672,021,7112000
282,A192400,Ȧ,20200703,79400,81200,79400,80900,5035,021,7112000
283,A192400,Ȧ,20200702,78900,81200,78900,80100,5744,021,7112000
284,A192400,Ȧ,20200701,79500,79500,78000,79000,7566,021,7112000
285,A192400,Ȧ,20200630,76100,86300,76100,78800,19327,021,7112000
286,A192400,Ȧ,20200629,75600,77500,75600,77200,5591,021,7112000
287,A192400,Ȧ,20200626,75700,77200,74900,76600,6518,021,7112000
288,A192400,Ȧ,20200625,77700,78900,75900,76100,7973,021,7112000
289,A192400,Ȧ,20200624,78700,79700,78500,78900,4322,021,7112000
290,A192400,Ȧ,20200623,79100,80000,77900,78600,4023,021,7112000
291,A192400,Ȧ,20200622,78400,79800,78400,79100,4720,021,7112000
292,A192400,Ȧ,20200619,80000,80800,78600,78600,5572,021,7112000
293,A192400,Ȧ,20200618,79800,80900,79100,79300,5443,021,7112000
294,A192400,Ȧ,20200617,81900,83600,79500,80100,4837,021,7112000
295,A192400,Ȧ,20200616,78000,82900,78000,82100,6144,021,7112000
296,A192400,Ȧ,20200615,84200,84200,77200,77300,14585,021,7112000
297,A192400,Ȧ,20200612,84100,85300,82600,84100,8767,021,7112000
298,A192400,Ȧ,20200611,89200,89800,85900,86100,16543,021,7112000
299,A192400,Ȧ,20200610,89900,89900,88300,89900,6083,021,7112000
300,A192400,Ȧ,20200609,89300,90000,88600,89300,4241,021,7112000
301,A192400,Ȧ,20200608,90000,90500,89200,89300,6159,021,7112000
302,A192400,Ȧ,20200605,88900,89700,87800,89200,5442,021,7112000
303,A192400,Ȧ,20200604,89000,89600,88500,88800,5599,021,7112000
304,A192400,Ȧ,20200603,88100,93100,88100,88900,12225,021,7112000
305,A192400,Ȧ,20200602,87600,88900,87600,88000,4118,021,7112000
306,A192400,Ȧ,20200601,85800,88700,85600,88600,3850,021,7112000
307,A192400,Ȧ,20200529,87800,88400,86000,86500,5631,021,7112000
308,A192400,Ȧ,20200528,89000,90300,87100,87700,5158,021,7112000
309,A192400,Ȧ,20200527,88200,90500,87600,89400,4746,021,7112000
310,A192400,Ȧ,20200526,87700,89400,87700,89000,4674,021,7112000
311,A192400,Ȧ,20200525,88400,89900,87300,87700,3741,021,7112000
312,A192400,Ȧ,20200522,90200,90200,88300,88400,4252,021,7112000
313,A192400,Ȧ,20200521,89500,90300,88600,88800,6302,021,7112000
314,A192400,Ȧ,20200520,90700,91200,89700,89900,2466,021,7112000
315,A192400,Ȧ,20200519,89000,91700,89000,90700,6262,021,7112000
316,A192400,Ȧ,20200518,89600,89600,86600,88800,2767,021,7112000
317,A192400,Ȧ,20200515,87600,88800,85700,88500,4606,021,7112000
318,A192400,Ȧ,20200514,88000,88500,84700,85300,5393,021,7112000
319,A192400,Ȧ,20200513,88100,88700,87100,88500,3531,021,7112000
320,A192400,Ȧ,20200512,93700,93700,88300,88800,6033,021,7112000
321,A192400,Ȧ,20200511,89000,92500,88400,91600,8021,021,7112000
322,A192400,Ȧ,20200508,88700,89400,87700,89000,5513,021,7112000
323,A192400,Ȧ,20200507,87100,88800,86500,87700,4973,021,7112000
324,A192400,Ȧ,20200506,86900,87600,86100,87300,4311,021,7112000
325,A192400,Ȧ,20200504,87300,87500,85800,85800,9748,021,7112000
326,A192400,Ȧ,20200429,88100,91000,87600,89600,4145,021,7112000
327,A192400,Ȧ,20200428,86200,89000,86100,88100,9796,021,7112000
328,A192400,Ȧ,20200427,83400,87500,83400,87000,4978,021,7112000
329,A192400,Ȧ,20200424,84600,85700,82300,84300,6014,021,7112000
330,A192400,Ȧ,20200423,82600,85000,82000,84600,5568,021,7112000
331,A192400,Ȧ,20200422,84100,84900,81200,82800,8159,021,7112000
332,A192400,Ȧ,20200421,86900,87900,83500,84600,7239,021,7112000
333,A192400,Ȧ,20200420,88000,88800,86500,86900,6638,021,7112000
334,A192400,Ȧ,20200417,86800,90900,86800,88300,6725,021,7112000
335,A192400,Ȧ,20200416,85400,88900,84200,88200,8193,021,7112000
336,A192400,Ȧ,20200414,84200,89200,83500,87500,5497,021,7112000
337,A192400,Ȧ,20200413,86200,86800,84000,84000,5336,021,7112000
338,A192400,Ȧ,20200410,86200,87200,84200,86200,6517,021,7112000
339,A192400,Ȧ,20200409,87100,88300,85000,86400,6947,021,7112000
340,A192400,Ȧ,20200408,85000,89600,83100,86000,9529,021,7112000
341,A192400,Ȧ,20200407,81600,85500,80600,85500,12023,021,7112000
342,A192400,Ȧ,20200406,77800,81500,77600,81500,6062,021,7112000
343,A192400,Ȧ,20200403,75500,77700,75100,77000,6519,021,7112000
344,A192400,Ȧ,20200402,73100,76600,73100,76000,8107,021,7112000
345,A192400,Ȧ,20200401,74600,76100,72700,74000,10521,021,7112000
346,A192400,Ȧ,20200331,78500,78500,73600,74600,17243,021,7112000
347,A192400,Ȧ,20200330,75000,78000,74000,76100,7164,021,7112000
348,A192400,Ȧ,20200327,81600,81600,74600,78200,10948,021,7112000
349,A192400,Ȧ,20200326,77200,79500,75200,77800,9833,021,7112000
350,A192400,Ȧ,20200325,75000,77600,71300,77600,10701,021,7112000
351,A192400,Ȧ,20200324,66500,71000,66500,71000,8025,021,7112000
352,A192400,Ȧ,20200323,65300,69800,64900,65800,9987,021,7112000
353,A192400,Ȧ,20200320,66500,74000,65300,70900,15146,021,7112000
354,A192400,Ȧ,20200319,73300,74700,58900,67800,31735,021,7112000
355,A192400,Ȧ,20200318,79400,80400,74100,74100,11565,021,7112000
356,A192400,Ȧ,20200317,77800,83000,76800,80500,10695,021,7112000
357,A192400,Ȧ,20200316,84600,85400,80400,83400,7000,021,7112000
358,A192400,Ȧ,20200313,83000,86300,79200,84600,15555,021,7112000
359,A192400,Ȧ,20200312,98100,98100,87100,89000,11896,021,7112000
360,A192400,Ȧ,20200311,91700,95300,90200,94700,10948,021,7112000
361,A192400,Ȧ,20200310,95000,95600,93300,93400,7106,021,7112000
362,A192400,Ȧ,20200309,95500,96300,92300,95200,6996,021,7112000
363,A192400,Ȧ,20200306,95000,96000,93500,95400,9260,021,7112000
364,A192400,Ȧ,20200305,93600,95400,92600,95000,6135,021,7112000
365,A192400,Ȧ,20200304,93800,95900,91800,94300,8103,021,7112000
366,A192400,Ȧ,20200303,93500,94500,92400,93000,6692,021,7112000
367,A192400,Ȧ,20200302,99800,99800,93300,93500,9069,021,7112000
368,A192400,Ȧ,20200228,89000,99400,88700,96800,32826,021,7112000
369,A192400,Ȧ,20200227,87700,88900,87600,88200,4042,021,7112000
370,A192400,Ȧ,20200226,88500,88700,87100,87900,5191,021,7112000
371,A192400,Ȧ,20200225,88600,90200,87200,88800,5140,021,7112000
372,A192400,Ȧ,20200224,89900,90000,87100,89000,7014,021,7112000
373,A192400,Ȧ,20200221,93100,93300,91500,91600,5876,021,7112000
374,A192400,Ȧ,20200220,98600,98600,94300,94500,11797,021,7112000
375,A192400,Ȧ,20200219,100500,100500,98200,98400,12231,021,7112000
376,A192400,Ȧ,20200218,101000,101500,100000,100000,8055,021,7112000
377,A192400,Ȧ,20200217,101500,102000,100500,101500,2914,021,7112000
378,A192400,Ȧ,20200214,100500,102000,100500,101000,2844,021,7112000
379,A192400,Ȧ,20200213,103000,103000,100500,101000,9709,021,7112000
380,A192400,Ȧ,20200212,101000,104500,100500,104000,9545,021,7112000
381,A192400,Ȧ,20200211,101500,102500,100000,101000,9969,021,7112000
382,A192400,Ȧ,20200210,101000,102000,100500,102000,5437,021,7112000
383,A192400,Ȧ,20200207,105000,105000,101500,102000,11982,021,7112000
384,A192400,Ȧ,20200206,104500,105500,103000,105000,6679,021,7112000
385,A192400,Ȧ,20200205,105000,106000,103000,103500,6089,021,7112000
386,A192400,Ȧ,20200204,106500,107000,104500,105000,4895,021,7112000
387,A192400,Ȧ,20200203,104500,108000,104500,107000,5610,021,7112000
388,A192400,Ȧ,20200131,105000,109000,104000,106500,11972,021,7112000
389,A192400,Ȧ,20200130,106000,107000,104500,105000,8857,021,7112000
390,A192400,Ȧ,20200129,106500,108000,104500,107000,4588,021,7112000
391,A192400,Ȧ,20200128,107500,107500,103500,105500,16262,021,7112000
392,A192400,Ȧ,20200123,114000,115000,111000,111000,9084,021,7112000
393,A192400,Ȧ,20200122,117000,118000,114000,114500,5335,021,7112000
394,A192400,Ȧ,20200121,113500,116500,113500,116000,5658,021,7112000
395,A192400,Ȧ,20200120,116000,119500,114500,114500,8075,021,7112000
396,A192400,Ȧ,20200117,114500,120000,114500,116500,13452,021,7112000
397,A192400,Ȧ,20200116,118000,118500,114500,115000,9270,021,7112000
398,A192400,Ȧ,20200115,114500,119500,113500,117500,11231,021,7112000
399,A192400,Ȧ,20200114,112000,119500,112000,114000,28080,021,7112000
400,A192400,Ȧ,20200113,105500,113000,105500,112000,15967,021,7112000
401,A192400,Ȧ,20200110,105000,106500,104500,105500,4239,021,7112000
402,A192400,Ȧ,20200109,103000,106500,103000,106000,7276,021,7112000
403,A192400,Ȧ,20200108,102500,104000,101000,103500,9755,021,7112000
404,A192400,Ȧ,20200107,104000,104500,103000,103000,2055,021,7112000
405,A192400,Ȧ,20200106,103000,105000,101000,102500,8295,021,7112000
406,A192400,Ȧ,20200103,103000,105500,103000,104500,9253,021,7112000
407,A192400,Ȧ,20200102,104500,105500,102500,103500,5233,021,7112000
408,A192400,Ȧ,20191230,105500,107000,104000,105000,4019,021,7112000
409,A192400,Ȧ,20191227,105000,106000,104000,105500,7356,021,7112000
410,A192400,Ȧ,20191226,105500,109000,105500,106500,10339,021,7112000
411,A192400,Ȧ,20191224,103000,108000,103000,106000,17179,021,7112000
412,A192400,Ȧ,20191223,104500,105000,103000,103500,5870,021,7112000
413,A192400,Ȧ,20191220,103000,104000,102000,103500,2161,021,7112000
414,A192400,Ȧ,20191219,104000,105000,102000,102500,3130,021,7112000
415,A192400,Ȧ,20191218,103500,106000,103000,104000,5778,021,7112000
416,A192400,Ȧ,20191217,102500,104500,102000,104000,3375,021,7112000
417,A192400,Ȧ,20191216,104000,105000,102000,103000,3222,021,7112000
418,A192400,Ȧ,20191213,101000,104500,101000,104000,24987,021,7112000
419,A192400,Ȧ,20191212,101500,102000,100500,101000,11732,021,7112000
420,A192400,Ȧ,20191211,101500,101500,100500,101000,2448,021,7112000
421,A192400,Ȧ,20191210,99900,102000,99600,101500,3549,021,7112000
422,A192400,Ȧ,20191209,102000,103500,99500,100000,9771,021,7112000
423,A192400,Ȧ,20191206,101500,103000,101500,103000,3086,021,7112000
424,A192400,Ȧ,20191205,102500,103000,100500,102000,3713,021,7112000
425,A192400,Ȧ,20191204,105000,105000,101000,102500,5167,021,7112000
426,A192400,Ȧ,20191203,108000,108000,104000,105000,3468,021,7112000
427,A192400,Ȧ,20191202,108500,108500,106000,107000,3528,021,7112000
428,A192400,Ȧ,20191129,108000,110000,107000,107500,10333,021,7112000
429,A192400,Ȧ,20191128,106000,108500,105500,107000,7354,021,7112000
430,A192400,Ȧ,20191127,109000,109000,106500,107000,5463,021,7112000
431,A192400,Ȧ,20191126,106000,109000,106000,109000,15745,021,7112000
432,A192400,Ȧ,20191125,101000,107500,101000,107000,26232,021,7112000
433,A192400,Ȧ,20191122,101000,102500,99800,101000,5995,021,7112000
434,A192400,Ȧ,20191121,102000,102000,99600,100500,10047,021,7112000
435,A192400,Ȧ,20191120,103000,103500,101000,102000,7721,021,7112000
436,A192400,Ȧ,20191119,102000,104000,100500,103500,18763,021,7112000
437,A192400,Ȧ,20191118,102000,104000,101500,101500,5715,021,7112000
438,A192400,Ȧ,20191115,101000,103500,100000,103000,23044,021,7112000
439,A192400,Ȧ,20191114,100500,101000,99800,101000,5894,021,7112000
440,A192400,Ȧ,20191113,99600,101000,99400,100500,5747,021,7112000
441,A192400,Ȧ,20191112,101500,101500,99700,99800,12391,021,7112000
442,A192400,Ȧ,20191111,103000,103500,99200,100500,19843,021,7112000
443,A192400,Ȧ,20191108,106000,106000,102500,103500,146630,021,7112000
444,A192400,Ȧ,20191107,103500,107000,103500,106000,7302,021,7112000
445,A192400,Ȧ,20191106,103500,106000,102500,103500,15096,021,7112000
446,A192400,Ȧ,20191105,106500,106500,103500,103500,3175,021,7112000
447,A192400,Ȧ,20191104,105500,106500,105000,105000,3930,021,7112000
448,A192400,Ȧ,20191101,103500,105500,103500,104500,2547,021,7112000
449,A192400,Ȧ,20191031,103000,105500,103000,104000,3512,021,7112000
450,A192400,Ȧ,20191030,102000,104000,102000,102500,4563,021,7112000
451,A192400,Ȧ,20191029,104000,104500,102000,102500,6665,021,7112000
452,A192400,Ȧ,20191028,104500,105000,103500,104000,3782,021,7112000
453,A192400,Ȧ,20191025,104000,105500,103000,103500,3672,021,7112000
454,A192400,Ȧ,20191024,103000,105500,102500,105500,3709,021,7112000
455,A192400,Ȧ,20191023,104500,106000,104000,104000,2229,021,7112000
456,A192400,Ȧ,20191022,105000,106500,104500,105000,3835,021,7112000
457,A192400,Ȧ,20191021,112500,112500,104500,104500,10103,021,7112000
458,A192400,Ȧ,20191018,114500,114500,110000,112000,3290,021,7112000
459,A192400,Ȧ,20191017,114500,116500,111500,112000,4378,021,7112000
460,A192400,Ȧ,20191016,113000,115000,111500,114000,4161,021,7112000
461,A192400,Ȧ,20191015,111500,114500,111000,112500,2542,021,7112000
462,A192400,Ȧ,20191014,110500,112500,110500,111000,2764,021,7112000
463,A192400,Ȧ,20191011,113000,113500,110000,110000,2998,021,7112000
464,A192400,Ȧ,20191010,111500,114000,109500,111000,4498,021,7112000
465,A192400,Ȧ,20191008,115500,116500,111000,113000,4620,021,7112000
466,A192400,Ȧ,20191007,114500,116000,113500,114500,2585,021,7112000
467,A192400,Ȧ,20191004,118500,119000,113500,114500,5313,021,7112000
468,A192400,Ȧ,20191002,118500,120000,117000,118000,6024,021,7112000
469,A192400,Ȧ,20191001,116500,120500,116000,120000,5689,021,7112000
470,A192400,Ȧ,20190930,117000,118500,116000,117000,1500,021,7112000
471,A192400,Ȧ,20190927,119000,120500,116000,117500,5400,021,7112000
472,A192400,Ȧ,20190926,114500,119000,114500,116500,5201,021,7112000
473,A192400,Ȧ,20190925,117000,118000,113500,115500,6087,021,7112000
474,A192400,Ȧ,20190924,112500,116000,112500,116000,5361,021,7112000
475,A192400,Ȧ,20190923,109500,113500,109000,112500,7638,021,7112000
476,A192400,Ȧ,20190920,107500,110500,107000,108500,6132,021,7112000
477,A192400,Ȧ,20190919,109000,109500,107500,108000,3124,021,7112000
478,A192400,Ȧ,20190918,106000,110500,106000,108500,8732,021,7112000
479,A192400,Ȧ,20190917,103500,106000,103500,105000,4008,021,7112000
480,A192400,Ȧ,20190916,106000,106000,104000,104000,3946,021,7112000
481,A192400,Ȧ,20190911,104500,105500,103000,104500,6964,021,7112000
482,A192400,Ȧ,20190910,101500,104500,101500,103000,3078,021,7112000
483,A192400,Ȧ,20190909,102500,104500,100500,101000,6969,021,7112000
484,A192400,Ȧ,20190906,105500,106000,102500,102500,8377,021,7112000
485,A192400,Ȧ,20190905,110000,111000,105500,106500,13606,021,7112000
486,A192400,Ȧ,20190904,108500,112000,108500,111000,4769,021,7112000
487,A192400,Ȧ,20190903,103500,112000,103500,109000,11188,021,7112000
488,A192400,Ȧ,20190902,104000,105500,103000,104500,2756,021,7112000
489,A192400,Ȧ,20190830,107000,109500,104500,105000,9440,021,7112000
490,A192400,Ȧ,20190829,100000,113000,99800,107000,24067,021,7112000
491,A192400,Ȧ,20190828,101500,103000,99100,100000,13265,021,7112000
492,A192400,Ȧ,20190827,104000,105000,100500,101500,6875,021,7112000
493,A192400,Ȧ,20190826,104500,106000,101500,103500,4954,021,7112000
494,A192400,Ȧ,20190823,106500,108000,106500,107500,2286,021,7112000
495,A192400,Ȧ,20190822,111500,111500,107500,108500,7740,021,7112000
496,A192400,Ȧ,20190821,113500,114000,110500,111500,7010,021,7112000
497,A192400,Ȧ,20190820,113500,115500,112500,113500,6523,021,7112000
498,A192400,Ȧ,20190819,115000,116000,112500,114500,4064,021,7112000
499,A192400,Ȧ,20190816,119000,119500,114500,114500,6342,021,7112000
500,A192400,Ȧ,20190814,120500,123000,119000,121000,4423,021,7112000
501,A192400,Ȧ,20190813,118000,122500,117500,119000,2404,021,7112000
502,A192400,Ȧ,20190812,117500,120500,115500,119000,2170,021,7112000
503,A192400,Ȧ,20190809,123500,124500,117000,117500,6230,021,7112000
504,A192400,Ȧ,20190808,115000,125000,114500,123500,10487,021,7112000
505,A192400,Ȧ,20190807,115500,118000,108000,114500,12102,021,7112000
506,A192400,Ȧ,20190806,109500,119500,109500,115500,4564,021,7112000
507,A192400,Ȧ,20190805,117000,120500,114000,116000,4111,021,7112000
508,A192400,Ȧ,20190802,117000,119000,116500,118000,1960,021,7112000
509,A192400,Ȧ,20190801,118500,121000,116000,119500,3079,021,7112000
510,A192400,Ȧ,20190731,119000,121000,118500,119500,2489,021,7112000
511,A192400,Ȧ,20190730,115500,119000,115000,117500,1878,021,7112000
512,A192400,Ȧ,20190729,123000,123000,116000,117000,3880,021,7112000
513,A192400,Ȧ,20190726,121500,124500,121500,122000,2928,021,7112000
514,A192400,Ȧ,20190725,122000,122500,120000,121500,4361,021,7112000
515,A192400,Ȧ,20190724,125500,127000,121500,122500,6787,021,7112000
516,A192400,Ȧ,20190723,125000,128000,125000,125000,5189,021,7112000
517,A192400,Ȧ,20190722,129500,129500,126000,126000,5041,021,7112000
518,A192400,Ȧ,20190719,131500,131500,128500,131000,2764,021,7112000
519,A192400,Ȧ,20190718,126000,130000,125000,130000,13939,021,7112000
520,A192400,Ȧ,20190717,125500,127000,125500,126000,2389,021,7112000
521,A192400,Ȧ,20190716,125500,128000,125000,125500,6169,021,7112000
522,A192400,Ȧ,20190715,128000,128500,123000,125500,3354,021,7112000
523,A192400,Ȧ,20190712,129500,129500,127000,127500,3182,021,7112000
524,A192400,Ȧ,20190711,128000,131000,127000,130500,2516,021,7112000
525,A192400,Ȧ,20190710,128500,130000,126500,128000,5816,021,7112000
526,A192400,Ȧ,20190709,131000,133000,128000,131000,7448,021,7112000
527,A192400,Ȧ,20190708,136000,137000,131500,132000,2484,021,7112000
528,A192400,Ȧ,20190705,137500,139000,135500,136500,2241,021,7112000
529,A192400,Ȧ,20190704,135500,137000,133000,136000,2377,021,7112000
530,A192400,Ȧ,20190703,137000,137500,133000,135000,3369,021,7112000
531,A192400,Ȧ,20190702,137500,137500,135500,135500,2801,021,7112000
532,A192400,Ȧ,20190701,139500,141500,138000,138000,2019,021,7112000
533,A192400,Ȧ,20190628,142000,142500,137500,138000,4084,021,7112000
534,A192400,Ȧ,20190627,141500,144000,140500,142500,2775,021,7112000
535,A192400,Ȧ,20190626,146000,147000,141000,141500,7543,021,7112000
536,A192400,Ȧ,20190625,147000,149000,145500,146000,2605,021,7112000
537,A192400,Ȧ,20190624,149500,150500,147500,149000,2016,021,7112000
538,A192400,Ȧ,20190621,149000,151000,147000,148000,3703,021,7112000
539,A192400,Ȧ,20190620,148500,150000,147500,149500,1932,021,7112000
540,A192400,Ȧ,20190619,147500,149000,147000,147000,1867,021,7112000
541,A192400,Ȧ,20190618,146500,152500,146500,147500,5996,021,7112000
542,A192400,Ȧ,20190617,153000,154000,147500,149000,6617,021,7112000
543,A192400,Ȧ,20190614,153500,159000,150500,153000,26548,021,7112000
544,A192400,Ȧ,20190613,145500,170000,141500,170000,9726,021,7112000
545,A192400,Ȧ,20190612,144500,146500,143000,145500,4925,021,7112000
546,A192400,Ȧ,20190611,141500,144500,140000,143500,4079,021,7112000
547,A192400,Ȧ,20190610,141000,143000,139000,142000,8009,021,7112000
548,A192400,Ȧ,20190607,139500,140500,138500,139000,1908,021,7112000
549,A192400,Ȧ,20190605,135500,139500,135000,138500,2134,021,7112000
550,A192400,Ȧ,20190604,134000,137500,131500,136000,3774,021,7112000
551,A192400,Ȧ,20190603,131000,135000,128000,134000,7281,021,7112000
552,A192400,Ȧ,20190531,136000,137000,130500,131500,12076,021,7112000
553,A192400,Ȧ,20190530,140000,140500,134000,136500,6454,021,7112000
554,A192400,Ȧ,20190529,145500,148000,139000,139500,7616,021,7112000
555,A192400,Ȧ,20190528,139000,149000,139000,149000,5112,021,7112000
556,A192400,Ȧ,20190527,141500,143500,139500,140000,1473,021,7112000
557,A192400,Ȧ,20190524,138500,142000,138500,142000,3283,021,7112000
558,A192400,Ȧ,20190523,139000,140500,136000,138000,2586,021,7112000
559,A192400,Ȧ,20190522,138000,139500,136000,138000,2439,021,7112000
560,A192400,Ȧ,20190521,138000,141000,137000,137500,3754,021,7112000
561,A192400,Ȧ,20190520,140000,144500,139000,140000,5387,021,7112000
562,A192400,Ȧ,20190517,147000,148500,138500,141000,13980,021,7112000
563,A192400,Ȧ,20190516,149000,161000,146000,148000,33689,021,7112000
564,A192400,Ȧ,20190515,138500,144500,136500,144500,4997,021,7112000
565,A192400,Ȧ,20190514,143500,143500,136500,139500,5464,021,7112000
566,A192400,Ȧ,20190513,139000,141500,138500,140500,3956,021,7112000
567,A192400,Ȧ,20190510,148000,149500,139000,141000,10008,021,7112000
568,A192400,Ȧ,20190509,150000,150000,144500,146000,8087,021,7112000
569,A192400,Ȧ,20190508,142000,148500,141000,146000,5386,021,7112000
570,A192400,Ȧ,20190507,139500,145000,138000,144000,5288,021,7112000
571,A192400,Ȧ,20190503,144000,144000,139000,141500,7568,021,7112000
572,A192400,Ȧ,20190502,144000,146000,143000,145000,2898,021,7112000
573,A192400,Ȧ,20190430,147000,147500,143500,145500,3326,021,7112000
574,A192400,Ȧ,20190429,147500,149500,145000,147500,2902,021,7112000
575,A192400,Ȧ,20190426,150500,151000,146000,147500,3955,021,7112000
576,A192400,Ȧ,20190425,148000,151500,146000,150500,3387,021,7112000
577,A192400,Ȧ,20190424,151500,151500,147000,147000,1600,021,7112000
578,A192400,Ȧ,20190423,153500,155500,149500,151000,2671,021,7112000
579,A192400,Ȧ,20190422,153500,157000,152000,153000,5421,021,7112000
580,A192400,Ȧ,20190419,157000,157500,154500,155000,2793,021,7112000
581,A192400,Ȧ,20190418,161000,161000,154000,155000,3814,021,7112000
582,A192400,Ȧ,20190417,154500,161000,154500,159000,6253,021,7112000
583,A192400,Ȧ,20190416,153500,157500,148500,155500,6769,021,7112000
584,A192400,Ȧ,20190415,154500,158000,154000,155000,4984,021,7112000
585,A192400,Ȧ,20190412,153000,160000,150500,155500,11514,021,7112000
586,A192400,Ȧ,20190411,148500,157500,148500,154000,12347,021,7112000
587,A192400,Ȧ,20190410,147000,150000,146000,148000,5027,021,7112000
588,A192400,Ȧ,20190409,145500,152000,143500,146500,8132,021,7112000
589,A192400,Ȧ,20190408,141500,147000,141500,145000,12208,021,7112000
590,A192400,Ȧ,20190405,140500,143500,139500,142000,8552,021,7112000
591,A192400,Ȧ,20190404,142000,143000,139000,140500,4960,021,7112000
592,A192400,Ȧ,20190403,139000,141500,137000,140500,3349,021,7112000
593,A192400,Ȧ,20190402,141000,141500,137500,139000,6665,021,7112000
594,A192400,Ȧ,20190401,140500,143500,138000,141000,4729,021,7112000
595,A192400,Ȧ,20190329,138000,142000,137000,140500,3472,021,7112000
596,A192400,Ȧ,20190328,140500,141500,138000,138500,4246,021,7112000
597,A192400,Ȧ,20190327,141500,145000,140000,141500,4410,021,7112000
598,A192400,Ȧ,20190326,139500,144000,139500,141500,5333,021,7112000
599,A192400,Ȧ,20190325,139500,142500,138000,139000,5548,021,7112000
600,A192400,Ȧ,20190322,144000,146500,141000,141500,5185,021,7112000
601,A192400,Ȧ,20190321,150000,154000,144000,144000,8382,021,7112000
602,A192400,Ȧ,20190320,152500,154000,147500,151000,9295,021,7112000
603,A192400,Ȧ,20190319,158000,158000,153000,153500,7019,021,7112000
604,A192400,Ȧ,20190318,152500,160500,152500,159500,8280,021,7112000
605,A192400,Ȧ,20190315,158000,159000,151500,151500,8966,021,7112000
606,A192400,Ȧ,20190314,157000,160000,153500,159500,9116,021,7112000
607,A192400,Ȧ,20190313,161500,164500,155500,156500,10024,021,7112000
608,A192400,Ȧ,20190312,157500,160500,155500,160500,5652,021,7112000
609,A192400,Ȧ,20190311,151000,157500,151000,157500,6478,021,7112000
610,A192400,Ȧ,20190308,151500,156000,149500,153500,11876,021,7112000
611,A192400,Ȧ,20190307,141000,156000,138500,151500,20213,021,7112000
612,A192400,Ȧ,20190306,148000,152000,140000,140500,11508,021,7112000
613,A192400,Ȧ,20190305,145500,149500,145500,148500,5103,021,7112000
614,A192400,Ȧ,20190304,141000,150000,140000,148500,11450,021,7112000
615,A192400,Ȧ,20190228,138500,149000,135500,141500,19058,021,7112000
616,A192400,Ȧ,20190227,141000,141000,135000,138000,15956,021,7112000
617,A192400,Ȧ,20190226,139500,142000,136500,141500,9622,021,7112000
618,A192400,Ȧ,20190225,140000,142500,133500,141500,9969,021,7112000
619,A192400,Ȧ,20190222,141500,142000,137000,137000,3671,021,7112000
620,A192400,Ȧ,20190221,138500,145000,137500,140000,5361,021,7112000
621,A192400,Ȧ,20190220,139000,142000,137000,139000,3755,021,7112000
622,A192400,Ȧ,20190219,135500,138500,133500,138500,5215,021,7112000
623,A192400,Ȧ,20190218,137500,139500,136000,136500,3590,021,7112000
624,A192400,Ȧ,20190215,135000,141000,135000,138500,4119,021,7112000
625,A192400,Ȧ,20190214,135000,139000,134000,137500,6621,021,7112000
626,A192400,Ȧ,20190213,126000,137500,125500,136000,17050,021,7112000
627,A192400,Ȧ,20190212,123500,127500,123500,125000,3775,021,7112000
628,A192400,Ȧ,20190211,124000,125000,122500,124000,8434,021,7112000
629,A192400,Ȧ,20190208,123000,124500,121500,123000,6067,021,7112000
630,A192400,Ȧ,20190207,126000,126000,122000,123000,7036,021,7112000
631,A192400,Ȧ,20190201,125000,127000,124000,124500,6743,021,7112000
632,A192400,Ȧ,20190131,129500,129500,123000,125000,8117,021,7112000
633,A192400,Ȧ,20190130,127000,129000,126500,127000,4082,021,7112000
634,A192400,Ȧ,20190129,126000,129500,125000,127000,7020,021,7112000
635,A192400,Ȧ,20190128,132000,132000,125000,126500,5199,021,7112000
636,A192400,Ȧ,20190125,126500,131000,124500,129000,6022,021,7112000
637,A192400,Ȧ,20190124,127000,129000,126000,126500,2908,021,7112000
638,A192400,Ȧ,20190123,123500,130000,122500,129000,5141,021,7112000
639,A192400,Ȧ,20190122,123500,125000,122000,122500,2423,021,7112000
640,A192400,Ȧ,20190121,124500,124500,122000,124000,3254,021,7112000
641,A192400,Ȧ,20190118,123000,124000,123000,123000,1811,021,7112000
642,A192400,Ȧ,20190117,125000,125500,121000,122000,4592,021,7112000
643,A192400,Ȧ,20190116,129000,130000,123000,123500,5317,021,7112000
644,A192400,Ȧ,20190115,130000,134000,128000,128000,6922,021,7112000
645,A192400,Ȧ,20190114,131000,134000,128500,129000,4431,021,7112000
646,A192400,Ȧ,20190111,124000,133000,123500,130000,12272,021,7112000
647,A192400,Ȧ,20190110,128000,130500,122000,123500,5497,021,7112000
648,A192400,Ȧ,20190109,122500,130000,121500,129000,8207,021,7112000
649,A192400,Ȧ,20190108,123000,124500,121500,123000,5708,021,7112000
650,A192400,Ȧ,20190107,124000,124000,120500,123000,6213,021,7112000
651,A192400,Ȧ,20190104,115000,124000,115000,122000,9522,021,7112000
652,A192400,Ȧ,20190103,118000,119500,114000,116500,4570,021,7112000
653,A192400,Ȧ,20190102,119500,121000,117000,118000,4363,021,7112000
654,A192400,Ȧ,20181228,120000,122000,116000,118500,5452,021,7112000
655,A192400,Ȧ,20181227,120000,125000,118000,119500,5595,021,7112000
656,A192400,Ȧ,20181226,119500,121000,116500,120000,5354,021,7112000
657,A192400,Ȧ,20181224,122500,125000,120000,121500,3717,021,7112000
658,A192400,Ȧ,20181221,123000,123500,120500,122000,2236,021,7112000
659,A192400,Ȧ,20181220,126000,126000,118000,121500,6975,021,7112000
660,A192400,Ȧ,20181219,123000,126500,122500,125000,3919,021,7112000
661,A192400,Ȧ,20181218,124000,125500,122000,123000,3367,021,7112000
662,A192400,Ȧ,20181217,124000,125000,121500,123000,2678,021,7112000
663,A192400,Ȧ,20181214,122000,128000,121000,122500,7264,021,7112000
664,A192400,Ȧ,20181213,124000,127500,121000,122000,13497,021,7112000
665,A192400,Ȧ,20181212,116500,126000,115000,125000,14045,021,7112000
666,A192400,Ȧ,20181211,116000,117000,114500,116000,6114,021,7112000
667,A192400,Ȧ,20181210,118000,119500,115500,116000,10216,021,7112000
668,A192400,Ȧ,20181207,121500,123000,117500,120000,6746,021,7112000
669,A192400,Ȧ,20181206,127000,128500,120000,121000,9668,021,7112000
670,A192400,Ȧ,20181205,125000,129000,124500,126000,9799,021,7112000
671,A192400,Ȧ,20181204,134000,134000,125500,127000,14904,021,7112000
672,A192400,Ȧ,20181203,138000,139500,131000,133000,14806,021,7112000
673,A192400,Ȧ,20181130,138000,143000,135500,137000,6147,021,7112000
674,A192400,Ȧ,20181129,141000,143500,138500,138500,3463,021,7112000
675,A192400,Ȧ,20181128,140500,142000,137500,140000,3749,021,7112000
676,A192400,Ȧ,20181127,142000,145000,137500,138500,8717,021,7112000
677,A192400,Ȧ,20181126,149500,149500,142000,142500,2780,021,7112000
678,A192400,Ȧ,20181123,145500,148500,144000,146500,3159,021,7112000
679,A192400,Ȧ,20181122,143500,147000,140500,145500,4746,021,7112000
680,A192400,Ȧ,20181121,146500,147000,141000,145500,4475,021,7112000
681,A192400,Ȧ,20181120,138500,146500,138500,144500,7678,021,7112000
682,A192400,Ȧ,20181119,141000,146000,137500,140000,5086,021,7112000
683,A192400,Ȧ,20181116,130000,144500,130000,142500,10588,021,7112000
684,A192400,Ȧ,20181115,126000,134000,125500,130000,8635,021,7112000
685,A192400,Ȧ,20181114,126000,127500,123000,126000,2606,021,7112000
686,A192400,Ȧ,20181113,128000,130000,125000,126000,4954,021,7112000
687,A192400,Ȧ,20181112,131000,136500,128500,129500,4010,021,7112000
688,A192400,Ȧ,20181109,129500,139500,128500,131500,8857,021,7112000
689,A192400,Ȧ,20181108,121500,152500,121500,130000,33714,021,7112000
690,A192400,Ȧ,20181107,126500,130000,119500,120500,6634,021,7112000
691,A192400,Ȧ,20181106,122000,130000,119000,128500,8178,021,7112000
692,A192400,Ȧ,20181105,124000,124500,118500,120000,4934,021,7112000
693,A192400,Ȧ,20181102,121500,129000,121500,124000,5175,021,7112000
694,A192400,Ȧ,20181101,121500,129000,119500,121000,3961,021,7112000
695,A192400,Ȧ,20181031,123500,127500,118000,121500,8113,021,7112000
696,A192400,Ȧ,20181030,125000,128500,122000,124000,6015,021,7112000
697,A192400,Ȧ,20181029,128000,128000,121000,122500,3376,021,7112000
698,A192400,Ȧ,20181026,125000,127000,120500,124500,4022,021,7112000
699,A192400,Ȧ,20181025,126500,133000,122500,124500,5446,021,7112000
700,A192400,Ȧ,20181024,125500,129500,124000,128500,9797,021,7112000
701,A192400,Ȧ,20181023,135000,135000,119000,124500,28228,021,7112000
702,A192400,Ȧ,20181022,127500,136500,123500,135000,7905,021,7112000
703,A192400,Ȧ,20181019,130000,130000,126000,127000,9283,021,7112000
704,A192400,Ȧ,20181018,134000,135500,130500,130500,3429,021,7112000
705,A192400,Ȧ,20181017,138000,141000,134000,135500,5016,021,7112000
706,A192400,Ȧ,20181016,144000,145000,137000,137000,9275,021,7112000
707,A192400,Ȧ,20181015,143000,146000,143000,145500,6739,021,7112000
708,A192400,Ȧ,20181012,148000,149000,142000,145000,4700,021,7112000
709,A192400,Ȧ,20181011,155000,159000,143500,143500,8268,021,7112000
710,A192400,Ȧ,20181010,155000,160000,154500,155500,4423,021,7112000
711,A192400,Ȧ,20181008,158500,159500,153500,158500,2180,021,7112000
712,A192400,Ȧ,20181005,156500,162000,154000,157500,8493,021,7112000
713,A192400,Ȧ,20181004,159500,162500,154500,156500,6043,021,7112000
714,A192400,Ȧ,20181002,157500,159500,156500,158000,2193,021,7112000
715,A192400,Ȧ,20181001,159500,163000,155000,159000,2797,021,7112000
716,A192400,Ȧ,20180928,161500,161500,158000,161000,3060,021,7112000
717,A192400,Ȧ,20180927,163000,165500,160000,160000,3736,021,7112000
718,A192400,Ȧ,20180921,166500,166500,162000,165000,2834,021,7112000
719,A192400,Ȧ,20180920,170000,170500,164500,165000,4805,021,7112000
720,A192400,Ȧ,20180919,174000,175500,170500,172000,3062,021,7112000
721,A192400,Ȧ,20180918,167500,177000,166000,174000,8597,021,7112000
722,A192400,Ȧ,20180917,162500,170000,160000,169500,7451,021,7112000
723,A192400,Ȧ,20180914,164500,166000,162500,164000,5975,021,7112000
724,A192400,Ȧ,20180913,167500,167500,163500,165500,4755,021,7112000
725,A192400,Ȧ,20180912,163500,167500,160500,167500,6614,021,7112000
726,A192400,Ȧ,20180911,165000,167000,162500,163500,9539,021,7112000
727,A192400,Ȧ,20180910,165000,170500,164500,165000,4986,021,7112000
728,A192400,Ȧ,20180907,174000,174000,166500,167000,8000,021,7112000
729,A192400,Ȧ,20180906,172000,176000,170000,173000,5409,021,7112000
730,A192400,Ȧ,20180905,171000,175500,170500,171000,6097,021,7112000
731,A192400,Ȧ,20180904,175500,175500,170000,172000,4737,021,7112000
732,A192400,Ȧ,20180903,176000,176000,168500,174500,6010,021,7112000
733,A192400,Ȧ,20180831,173000,176000,170500,176000,6793,021,7112000
734,A192400,Ȧ,20180830,170500,177500,170500,172500,9158,021,7112000
735,A192400,Ȧ,20180829,173500,177500,170500,170500,6402,021,7112000
736,A192400,Ȧ,20180828,175000,181500,171500,171500,10542,021,7112000
737,A192400,Ȧ,20180827,168500,177000,168500,173000,7370,021,7112000
738,A192400,Ȧ,20180824,171000,177000,166000,172000,6326,021,7112000
739,A192400,Ȧ,20180823,169500,175000,167000,171000,8300,021,7112000
740,A192400,Ȧ,20180822,164500,172500,164500,167500,12152,021,7112000
741,A192400,Ȧ,20180821,173000,177500,171000,173000,29240,021,7112000
742,A192400,Ȧ,20180820,170500,176000,169500,174000,8094,021,7112000
743,A192400,Ȧ,20180817,160000,177000,158000,166500,11490,021,7112000
744,A192400,Ȧ,20180816,154500,166000,152000,161000,9905,021,7112000
745,A192400,Ȧ,20180814,149500,156000,148500,152000,6900,021,7112000
746,A192400,Ȧ,20180813,148500,154000,148000,149500,3365,021,7112000
747,A192400,Ȧ,20180810,149000,154000,148000,149500,6495,021,7112000
748,A192400,Ȧ,20180809,147000,150000,144500,150000,3668,021,7112000
749,A192400,Ȧ,20180808,151000,154000,148000,148000,8145,021,7112000
750,A192400,Ȧ,20180807,155500,157000,149500,152500,6865,021,7112000
751,A192400,Ȧ,20180806,158500,163500,155000,156500,5653,021,7112000
752,A192400,Ȧ,20180803,155000,160000,154500,158500,3460,021,7112000
753,A192400,Ȧ,20180802,159500,162500,156000,156000,4977,021,7112000
754,A192400,Ȧ,20180801,160500,165000,157500,160000,6254,021,7112000
755,A192400,Ȧ,20180731,155500,160500,154000,160500,3925,021,7112000
756,A192400,Ȧ,20180730,160000,161000,153000,155500,3425,021,7112000
757,A192400,Ȧ,20180727,161500,163500,158000,160500,5720,021,7112000
758,A192400,Ȧ,20180726,166000,167000,160500,160500,4268,021,7112000
759,A192400,Ȧ,20180725,165500,166000,162000,164500,2586,021,7112000
760,A192400,Ȧ,20180724,163500,167000,160500,165500,4068,021,7112000
761,A192400,Ȧ,20180723,166000,168000,163500,163500,3401,021,7112000
762,A192400,Ȧ,20180720,162500,167500,160500,165000,4066,021,7112000
763,A192400,Ȧ,20180719,165000,170000,161500,164000,7178,021,7112000
764,A192400,Ȧ,20180718,168000,169500,162500,166000,5960,021,7112000
765,A192400,Ȧ,20180717,176000,176000,163500,168000,13193,021,7112000
766,A192400,Ȧ,20180716,184000,186000,176000,176500,6710,021,7112000
767,A192400,Ȧ,20180713,167000,185000,167000,184000,16762,021,7112000
768,A192400,Ȧ,20180712,170500,172000,165000,167000,11417,021,7112000
769,A192400,Ȧ,20180711,169500,173500,166500,168000,5158,021,7112000
770,A192400,Ȧ,20180710,171500,178500,169500,170500,6315,021,7112000
771,A192400,Ȧ,20180709,177000,180500,171500,173000,7172,021,7112000
772,A192400,Ȧ,20180706,174000,179000,174000,178000,2265,021,7112000
773,A192400,Ȧ,20180705,173000,177500,169500,175000,6111,021,7112000
774,A192400,Ȧ,20180704,178000,178000,169500,173500,8625,021,7112000
775,A192400,Ȧ,20180703,181000,189000,179500,180000,4609,021,7112000
776,A192400,Ȧ,20180702,177500,185000,170000,182500,8271,021,7112000
777,A192400,Ȧ,20180629,181500,186500,173500,177500,14801,021,7112000
778,A192400,Ȧ,20180628,173000,183000,171000,180500,18351,021,7112000
779,A192400,Ȧ,20180627,166000,172000,165000,171000,8124,021,7112000
780,A192400,Ȧ,20180626,159500,168500,159500,167000,6076,021,7112000
781,A192400,Ȧ,20180625,168500,168500,158500,160500,7336,021,7112000
782,A192400,Ȧ,20180622,169000,170500,164000,166500,5382,021,7112000
783,A192400,Ȧ,20180621,161500,173000,161500,169000,16267,021,7112000
784,A192400,Ȧ,20180620,159000,167000,156000,163500,8806,021,7112000
785,A192400,Ȧ,20180619,156500,163000,155500,160500,6641,021,7112000
786,A192400,Ȧ,20180618,165500,165500,154000,158500,5730,021,7112000
787,A192400,Ȧ,20180615,150000,160000,150000,159000,8679,021,7112000
788,A192400,Ȧ,20180614,158000,159000,151000,151500,23932,021,7112000
789,A192400,Ȧ,20180612,158000,162000,156500,159000,6643,021,7112000
790,A192400,Ȧ,20180611,161000,165500,158000,159500,9472,021,7112000
791,A192400,Ȧ,20180608,163000,168000,158500,161000,24625,021,7112000
792,A192400,Ȧ,20180607,157500,164000,157500,163000,5909,021,7112000
793,A192400,Ȧ,20180605,159000,163000,157000,158500,7280,021,7112000
794,A192400,Ȧ,20180604,161500,165000,156000,160500,8770,021,7112000
795,A192400,Ȧ,20180601,164500,165000,159000,161500,10988,021,7112000
796,A192400,Ȧ,20180531,168000,171000,163500,164000,17910,021,5315000
797,A192400,Ȧ,20180530,165000,167000,161500,167000,10791,021,5315000
798,A192400,Ȧ,20180529,159500,163000,157000,160500,4347,021,5315000
799,A192400,Ȧ,20180528,161000,167000,156000,159500,12412,021,5315000
800,A192400,Ȧ,20180525,151500,164000,146000,160500,19018,021,5315000
801,A192400,Ȧ,20180524,151500,158000,150000,154500,11901,021,5315000
802,A192400,Ȧ,20180523,153000,155000,150000,153000,10181,021,5315000
803,A192400,Ȧ,20180521,153500,157000,151500,155500,31751,021,5315000
804,A192400,Ȧ,20180518,149000,155500,148000,153000,16116,021,5315000
805,A192400,Ȧ,20180517,137000,149500,136000,149000,25542,021,5315000
806,A192400,Ȧ,20180516,127000,141000,125000,138000,36640,021,5315000
807,A192400,Ȧ,20180515,129000,129000,127000,127500,3966,021,5315000
808,A192400,Ȧ,20180514,129000,130500,126500,129000,6820,021,5315000
809,A192400,Ȧ,20180511,126000,129500,126000,128500,10359,021,5315000
810,A192400,Ȧ,20180510,127000,129500,125500,127000,7122,021,5315000
811,A192400,Ȧ,20180509,126000,127000,125500,127000,20722,021,5315000
812,A192400,Ȧ,20180508,127000,128500,125000,126500,22318,021,5315000
813,A192400,Ȧ,20180504,119500,130000,117000,126500,29813,021,5315000
814,A192400,Ȧ,20180503,121000,123500,119000,120500,6339,021,5315000
815,A192400,Ȧ,20180502,118000,121000,118000,121000,17501,021,5315000
816,A192400,Ȧ,20180430,122500,124500,118500,119000,13450,021,5315000
817,A192400,Ȧ,20180427,120500,125000,119500,122500,13197,021,5315000
818,A192400,Ȧ,20180426,122000,123000,118500,120500,7635,021,5315000
819,A192400,Ȧ,20180425,117000,123500,116000,121500,16250,021,5315000
820,A192400,Ȧ,20180424,112000,122500,112000,117000,16761,021,5315000
821,A192400,Ȧ,20180423,114000,115500,110500,113000,22091,021,5315000
822,A192400,Ȧ,20180420,123500,124500,115000,115500,30405,021,5315000
823,A192400,Ȧ,20180419,116500,130500,116000,121500,51467,021,5315000
824,A192400,Ȧ,20180418,109500,117500,107500,116500,28051,021,5315000
825,A192400,Ȧ,20180417,105000,108500,105000,108500,10435,021,5315000
826,A192400,Ȧ,20180416,107000,107000,103500,106000,8043,021,5315000
827,A192400,Ȧ,20180413,104000,106000,102500,106000,11365,021,5315000
828,A192400,Ȧ,20180412,105000,105500,102500,105000,12596,021,5315000
829,A192400,Ȧ,20180411,101500,105000,101500,104500,14751,021,5315000
830,A192400,Ȧ,20180410,100000,104000,99100,103500,25288,021,5315000
831,A192400,Ȧ,20180409,98500,102000,98000,100000,14772,021,5315000
832,A192400,Ȧ,20180406,95900,100500,95100,98500,25078,021,5315000
833,A192400,Ȧ,20180405,94700,101500,94700,95900,63701,021,5315000
834,A192400,Ȧ,20180404,94700,96500,94200,94900,23112,021,5315000
835,A192400,Ȧ,20180403,94100,95900,92500,94700,12556,021,5315000
836,A192400,Ȧ,20180402,86800,94500,86800,93800,27638,021,5315000
837,A192400,Ȧ,20180330,86500,87900,86100,86400,10528,021,5315000
838,A192400,Ȧ,20180329,86200,87100,85800,86100,8982,021,5315000
839,A192400,Ȧ,20180328,88700,88700,86100,86500,6815,021,5315000
840,A192400,Ȧ,20180327,89300,90500,87900,88000,10072,021,5315000
841,A192400,Ȧ,20180326,90300,91500,88000,89300,12291,021,5315000
842,A192400,Ȧ,20180323,93900,94000,92000,92000,8849,021,5315000
843,A192400,Ȧ,20180322,96000,96000,94400,94500,8220,021,5315000
844,A192400,Ȧ,20180321,96500,98300,95800,95800,7261,021,5315000
845,A192400,Ȧ,20180320,97400,97900,96500,96700,37770,021,5315000
846,A192400,Ȧ,20180319,98800,98800,96500,98000,11019,021,5315000
847,A192400,Ȧ,20180316,98200,99000,98000,98200,11541,021,5315000
848,A192400,Ȧ,20180315,98400,99000,96800,98200,7279,021,5315000
849,A192400,Ȧ,20180314,97500,98900,97400,98400,9863,021,5315000
850,A192400,Ȧ,20180313,96000,98800,96000,98000,11578,021,5315000
851,A192400,Ȧ,20180312,96000,98200,95700,96000,22881,021,5315000
852,A192400,Ȧ,20180309,94800,98800,94800,95000,28234,021,5315000
853,A192400,Ȧ,20180308,94100,95200,94000,94700,9434,021,5315000
854,A192400,Ȧ,20180307,94300,95500,94100,94400,10113,021,5315000
855,A192400,Ȧ,20180306,94400,95200,93800,94900,15010,021,5315000
856,A192400,Ȧ,20180305,96500,96800,93600,93900,18971,021,5315000
857,A192400,Ȧ,20180302,97100,97800,95400,96200,10100,021,5315000
858,A192400,Ȧ,20180228,96800,98100,96600,97900,16047,021,5315000
859,A192400,Ȧ,20180227,97500,97600,96600,97000,4813,021,5315000
860,A192400,Ȧ,20180226,95100,97300,95100,97200,8541,021,5315000
861,A192400,Ȧ,20180223,95100,95800,94400,95100,9897,021,5315000
862,A192400,Ȧ,20180222,95100,95200,94000,94100,3855,021,5315000
863,A192400,Ȧ,20180221,95000,95300,93500,95100,4710,021,5315000
864,A192400,Ȧ,20180220,93600,95200,92900,95000,5872,021,5315000
865,A192400,Ȧ,20180219,92500,94000,92400,93700,26374,021,5315000
866,A192400,Ȧ,20180214,94200,94200,92500,92500,8176,021,5315000
867,A192400,Ȧ,20180213,95500,97000,93600,93600,13877,021,5315000
868,A192400,Ȧ,20180212,98900,98900,95000,95400,16055,021,5315000
869,A192400,Ȧ,20180209,94300,98100,94200,98100,48618,021,5315000
870,A192400,Ȧ,20180208,94900,96300,94900,95000,64211,021,5315000
871,A192400,Ȧ,20180207,95600,96500,95400,95500,10617,021,5315000
872,A192400,Ȧ,20180206,94300,96000,94000,95500,18230,021,5315000
873,A192400,Ȧ,20180205,96800,99200,95900,96300,13959,021,5315000
874,A192400,Ȧ,20180202,97000,97800,96800,97100,10322,021,5315000
875,A192400,Ȧ,20180201,97900,98500,96300,97200,18337,021,5315000
876,A192400,Ȧ,20180131,96200,98400,95200,98400,14640,021,5315000
877,A192400,Ȧ,20180130,98300,98900,96200,96200,23539,021,5315000
878,A192400,Ȧ,20180129,97700,98900,97600,98300,13114,021,5315000
879,A192400,Ȧ,20180126,97500,98400,97000,97400,12466,021,5315000
880,A192400,Ȧ,20180125,99700,99900,96900,97500,27982,021,5315000
881,A192400,Ȧ,20180124,99700,101500,99500,99900,15345,021,5315000
882,A192400,Ȧ,20180123,99000,99800,97900,99700,20261,021,5315000
883,A192400,Ȧ,20180122,95500,100500,95000,97700,50368,021,5315000
884,A192400,Ȧ,20180119,94800,97200,94300,95800,37066,021,5315000
885,A192400,Ȧ,20180118,96500,96500,94500,94900,26556,021,5315000
886,A192400,Ȧ,20180117,98400,98600,95400,95500,47208,021,5315000
887,A192400,Ȧ,20180116,100000,101500,98000,98200,40983,021,5315000
888,A192400,Ȧ,20180115,100000,103000,99200,101000,43098,021,5315000
889,A192400,Ȧ,20180112,103000,105000,95700,99200,93426,021,5315000
890,A192400,Ȧ,20180111,127500,132000,97300,104500,171740,021,5315000
891,A192400,Ȧ,20180110,127500,127500,127500,127500,0,021,12686000
892,A192400,Ȧ,20180109,127500,127500,127500,127500,0,021,12686000
893,A192400,Ȧ,20180108,127500,127500,127500,127500,0,021,12686000
894,A192400,Ȧ,20180105,127500,127500,127500,127500,0,021,12686000
895,A192400,Ȧ,20180104,127500,127500,127500,127500,0,021,12686000
896,A192400,Ȧ,20180103,127500,127500,127500,127500,0,021,12686000
897,A192400,Ȧ,20180102,127500,127500,127500,127500,0,021,12686000
898,A192400,Ȧ,20171228,127500,127500,127500,127500,0,021,12686000
899,A192400,Ȧ,20171227,127500,127500,127500,127500,0,021,12686000
900,A192400,Ȧ,20171226,127500,127500,127500,127500,0,021,12686000
901,A192400,Ȧ,20171222,127500,127500,127500,127500,0,021,12686000
902,A192400,Ȧ,20171221,127500,127500,127500,127500,0,021,12686000
903,A192400,Ȧ,20171220,127500,127500,127500,127500,0,021,12686000
904,A192400,Ȧ,20171219,127500,127500,127500,127500,0,021,12686000
905,A192400,Ȧ,20171218,127500,127500,127500,127500,0,021,12686000
906,A192400,Ȧ,20171215,127500,127500,127500,127500,0,021,12686000
907,A192400,Ȧ,20171214,127500,127500,127500,127500,0,021,12686000
908,A192400,Ȧ,20171213,127500,127500,127500,127500,0,021,12686000
909,A192400,Ȧ,20171212,127500,127500,127500,127500,0,021,12686000
910,A192400,Ȧ,20171211,127500,127500,127500,127500,0,021,12686000
911,A192400,Ȧ,20171208,127500,127500,127500,127500,0,021,12686000
912,A192400,Ȧ,20171207,127500,127500,127500,127500,0,021,12686000
913,A192400,Ȧ,20171206,127500,127500,127500,127500,0,021,12686000
914,A192400,Ȧ,20171205,127500,127500,127500,127500,0,021,12686000
915,A192400,Ȧ,20171204,127500,127500,127500,127500,0,021,12686000
916,A192400,Ȧ,20171201,127500,127500,127500,127500,0,021,12686000
917,A192400,Ȧ,20171130,127500,127500,127500,127500,0,021,12686000
918,A192400,Ȧ,20171129,127500,127500,127500,127500,0,021,12686000
919,A192400,Ȧ,20171128,130205,134068,124795,127500,100896,021,12686000
920,A192400,Ȧ,20171127,127500,131364,127500,130205,37094,021,12686000
921,A192400,Ȧ,20171124,128273,128273,123636,127500,63561,021,12686000
922,A192400,Ȧ,20171123,130205,130205,125568,128273,25820,021,12686000
923,A192400,Ȧ,20171122,127886,130591,123636,129432,49173,021,12686000
924,A192400,Ȧ,20171121,133682,133682,127500,127886,24546,021,12686000
925,A192400,Ȧ,20171120,127500,132136,127114,131750,36706,021,12686000
926,A192400,Ȧ,20171117,133295,133295,127500,127500,34274,021,12686000
927,A192400,Ȧ,20171116,130591,133682,130205,133295,61347,021,12686000
928,A192400,Ȧ,20171115,123250,132523,122864,130591,143653,021,12686000
929,A192400,Ȧ,20171114,121318,122091,118614,121704,22348,021,12686000
930,A192400,Ȧ,20171113,119773,121704,117841,121318,25730,021,12686000
931,A192400,Ȧ,20171110,115909,119386,115909,119000,24328,021,12686000
932,A192400,Ȧ,20171109,117454,119000,115909,116295,19468,021,12686000
933,A192400,Ȧ,20171108,117068,117841,115136,115909,22646,021,12686000
934,A192400,Ȧ,20171107,119386,119773,116295,118227,18029,021,12686000
935,A192400,Ȧ,20171106,116682,119386,115136,118614,24788,021,12686000
936,A192400,Ȧ,20171103,116295,117068,115136,116682,20298,021,12686000
937,A192400,Ȧ,20171102,117068,117454,115136,115523,22258,021,12686000
938,A192400,Ȧ,20171101,115909,117068,115136,117068,36596,021,12686000
939,A192400,Ȧ,20171031,115909,119000,115523,116295,51693,021,12686000
940,A192400,Ȧ,20171030,117841,119386,114364,115909,70987,021,12686000
941,A192400,Ȧ,20171027,110114,124023,109727,115909,199393,021,12686000
942,A192400,Ȧ,20171026,102000,108568,102000,106636,48086,021,12686000
943,A192400,Ȧ,20171025,103932,103932,101613,102000,22065,021,12686000
944,A192400,Ȧ,20171024,100841,103932,100841,103932,13810,021,12686000
945,A192400,Ȧ,20171023,102773,103159,101613,101613,39440,021,12686000
946,A192400,Ȧ,20171020,100841,103545,99295,103545,32691,021,12686000
947,A192400,Ȧ,20171019,102773,103932,100068,100841,16559,021,12686000
948,A192400,Ȧ,20171018,101613,103545,100454,102773,17838,021,12686000
949,A192400,Ȧ,20171017,101613,101613,100068,100841,11574,021,12686000
950,A192400,Ȧ,20171016,99295,103159,97750,102000,27674,021,12686000
951,A192400,Ȧ,20171013,99682,100068,97363,99295,28058,021,12686000
952,A192400,Ȧ,20171012,99295,100068,98523,99682,20088,021,12686000
953,A192400,Ȧ,20171011,98523,100068,98136,99682,24629,021,12686000
954,A192400,Ȧ,20171010,98136,99682,97750,99295,26252,021,12686000
955,A192400,Ȧ,20170929,95818,100454,95432,98909,42028,021,12686000
956,A192400,Ȧ,20170928,95045,95818,95045,95432,10833,021,12686000
957,A192400,Ȧ,20170927,93886,95818,93886,95045,25550,021,12686000
958,A192400,Ȧ,20170926,93500,95045,92727,94659,36501,021,12686000
959,A192400,Ȧ,20170925,95045,95045,93500,94273,23156,021,12686000
960,A192400,Ȧ,20170922,93886,94659,93500,93886,29860,021,12686000
961,A192400,Ȧ,20170921,93886,94659,93113,93886,32361,021,12686000
962,A192400,Ȧ,20170920,94273,94659,93500,94659,14989,021,12686000
963,A192400,Ȧ,20170919,94659,94659,93113,93113,18111,021,12686000
964,A192400,Ȧ,20170918,95045,96977,93500,94273,22892,021,12686000
965,A192400,Ȧ,20170915,93500,96204,93500,94659,19136,021,12686000
966,A192400,Ȧ,20170914,94273,96204,93500,93500,26473,021,12686000
967,A192400,Ȧ,20170913,96591,96591,94273,94659,24705,021,12686000
968,A192400,Ȧ,20170912,97750,98136,95818,96591,25277,021,12686000
969,A192400,Ȧ,20170911,98909,100068,96977,97363,31370,021,12686000
970,A192400,Ȧ,20170908,98136,100841,98136,100454,26931,021,12686000
971,A192400,Ȧ,20170907,98909,99682,98136,98909,21468,021,12686000
972,A192400,Ȧ,20170906,100454,100454,98136,98523,23884,021,12686000
973,A192400,Ȧ,20170905,99682,100841,99295,100454,10787,021,12686000
974,A192400,Ȧ,20170904,100454,102386,98909,98909,16775,021,12686000
975,A192400,Ȧ,20170901,104704,104704,102386,102386,13524,021,12686000
976,A192400,Ȧ,20170831,103545,104704,103159,103545,9343,021,12686000
977,A192400,Ȧ,20170830,103159,103932,101613,103545,12204,021,12686000
978,A192400,Ȧ,20170829,102773,102773,100454,102386,9738,021,12686000
979,A192400,Ȧ,20170828,100454,103159,100068,102773,9141,021,12686000
980,A192400,Ȧ,20170825,100841,101227,100068,101227,16926,021,12686000
981,A192400,Ȧ,20170824,99682,102000,99682,101613,17014,021,12686000
982,A192400,Ȧ,20170823,98909,101613,98909,100454,13175,021,12686000
983,A192400,Ȧ,20170822,98136,99295,97750,98909,36864,021,12686000
984,A192400,Ȧ,20170821,98523,98909,97750,98136,15617,021,12686000
985,A192400,Ȧ,20170818,97750,98909,97363,98136,19528,021,12686000
986,A192400,Ȧ,20170817,100841,100841,97750,98523,24669,021,12686000
987,A192400,Ȧ,20170816,101613,103159,95818,101613,76111,021,12686000
988,A192400,Ȧ,20170814,106250,108182,103932,104318,13821,021,12686000
989,A192400,Ȧ,20170811,105091,106636,105091,106250,8171,021,12686000
990,A192400,Ȧ,20170810,107023,108568,106250,107023,8168,021,12686000
991,A192400,Ȧ,20170809,107023,108182,106250,107023,8664,021,12686000
992,A192400,Ȧ,20170808,108182,108182,106250,107409,14477,021,12686000
993,A192400,Ȧ,20170807,111273,111273,108182,108182,17483,021,12686000
994,A192400,Ȧ,20170804,107795,112045,107795,111273,15036,021,12686000
995,A192400,Ȧ,20170803,109341,110114,107795,108182,19891,021,12686000
996,A192400,Ȧ,20170802,111273,111273,109727,110500,10980,021,12686000
997,A192400,Ȧ,20170801,108954,112432,108568,111659,19552,021,12686000
998,A192400,Ȧ,20170731,112045,113977,108182,108568,23520,021,12686000
999,A192400,Ȧ,20170728,112818,114750,112432,112818,14992,021,12686000
1000,A192400,Ȧ,20170727,112045,114750,112045,113591,14906,021,12686000
1001,A192400,Ȧ,20170726,114750,114750,111659,113591,17841,021,12686000
1002,A192400,Ȧ,20170725,113204,113977,112432,113977,12675,021,12686000
1003,A192400,Ȧ,20170724,110886,112432,110114,112432,16902,021,12686000
1004,A192400,Ȧ,20170721,110114,110886,108568,110886,25459,021,12686000
1005,A192400,Ȧ,20170720,112432,113591,110500,111273,20792,021,12686000
1006,A192400,Ȧ,20170719,113204,113977,112045,113204,17813,021,12686000
1007,A192400,Ȧ,20170718,115136,115523,112432,113591,16377,021,12686000
1008,A192400,Ȧ,20170717,114750,117454,113591,114750,14561,021,12686000
1009,A192400,Ȧ,20170714,122091,123250,113977,114364,82431,021,12686000
1010,A192400,Ȧ,20170713,114364,115909,113204,114364,16206,021,12686000
1011,A192400,Ȧ,20170712,113977,115909,112818,112818,31101,021,12686000
1012,A192400,Ȧ,20170711,112432,115136,110886,112818,21955,021,12686000
1013,A192400,Ȧ,20170710,112432,112432,110500,110886,8877,021,12686000
1014,A192400,Ȧ,20170707,112432,113204,112045,112432,11199,021,12686000
1015,A192400,Ȧ,20170706,113591,114364,112432,112432,7970,021,12686000
1016,A192400,Ȧ,20170705,111273,114750,110886,113591,16841,021,12686000
1017,A192400,Ȧ,20170704,114364,114750,111273,111659,13273,021,12686000
1018,A192400,Ȧ,20170703,112432,114364,112045,113591,17819,021,12686000
1019,A192400,Ȧ,20170630,110114,112432,110114,112045,15120,021,12686000
1020,A192400,Ȧ,20170629,113591,113591,109727,110500,28356,021,12686000
1021,A192400,Ȧ,20170628,115136,115136,111659,112432,12272,021,12686000
1022,A192400,Ȧ,20170627,113204,115909,112818,113977,13973,021,12686000
1023,A192400,Ȧ,20170626,114750,115136,111273,113204,17390,021,12686000
1024,A192400,Ȧ,20170623,115136,117068,113977,114364,13568,021,12686000
1025,A192400,Ȧ,20170622,115909,116295,112045,114750,31265,021,12686000
1026,A192400,Ȧ,20170621,115136,117068,115136,116682,14151,021,12686000
1027,A192400,Ȧ,20170620,116682,117068,114750,115909,23228,021,12686000
1028,A192400,Ȧ,20170619,119773,119773,116682,117454,19918,021,12686000
1029,A192400,Ȧ,20170616,121318,122091,117841,119386,30847,021,12686000
1030,A192400,Ȧ,20170615,122864,125568,120545,121318,30324,021,12686000
1031,A192400,Ȧ,20170614,125568,125954,122864,123250,30071,021,12686000
1032,A192400,Ȧ,20170613,125182,128273,125182,127114,22646,021,12686000
1033,A192400,Ȧ,20170612,128273,128273,124409,125568,34937,021,12686000
1034,A192400,Ȧ,20170609,131364,132136,127886,128273,43575,021,12686000
1035,A192400,Ȧ,20170608,126727,131364,125954,130977,87137,021,12686000
1036,A192400,Ȧ,20170607,120932,126727,120932,125182,84474,021,12686000
1037,A192400,Ȧ,20170605,122477,123636,121318,121318,29069,021,12686000
1038,A192400,Ȧ,20170602,117068,124409,117068,123250,82748,021,12686000
1039,A192400,Ȧ,20170601,116295,118227,115909,117454,17466,021,12686000
1040,A192400,Ȧ,20170531,117068,118227,116682,116682,35303,021,12686000
1041,A192400,Ȧ,20170530,115136,119000,115136,117841,36845,021,12686000
1042,A192400,Ȧ,20170529,119000,120159,115523,115909,37555,021,12686000
1043,A192400,Ȧ,20170526,118614,120932,117454,119000,31431,021,12686000
1044,A192400,Ȧ,20170525,118614,119000,117068,119000,23423,021,12686000
1045,A192400,Ȧ,20170524,117841,119000,116682,118614,25886,021,12686000
1046,A192400,Ȧ,20170523,117068,118227,115136,117454,31699,021,12686000
1047,A192400,Ȧ,20170522,120932,120932,116295,117068,55650,021,12686000
1048,A192400,Ȧ,20170519,116682,121318,116682,120932,85498,021,12686000
1049,A192400,Ȧ,20170518,112432,115909,112432,115523,45704,021,12686000
1050,A192400,Ȧ,20170517,110500,115523,109341,114364,71045,021,12686000
1051,A192400,Ȧ,20170516,108568,111659,108568,110500,55818,021,12686000
1052,A192400,Ȧ,20170515,107409,108568,106250,107795,13599,021,12686000
1053,A192400,Ȧ,20170512,108568,108954,105864,107409,22605,021,12686000
1054,A192400,Ȧ,20170511,109727,110114,106636,109727,31122,021,12686000
1055,A192400,Ȧ,20170510,107409,111659,107409,108568,76128,021,12686000
1056,A192400,Ȧ,20170508,103159,106636,102773,106250,34893,021,12686000
1057,A192400,Ȧ,20170504,100068,103545,100068,103159,14422,021,12686000
1058,A192400,Ȧ,20170502,100841,101613,100068,100841,11795,021,12686000
1059,A192400,Ȧ,20170428,101227,102000,99682,100841,22991,021,12686000
1060,A192400,Ȧ,20170427,102000,102773,101227,102000,14614,021,12686000
1061,A192400,Ȧ,20170426,103159,103932,102000,102000,10069,021,12686000
1062,A192400,Ȧ,20170425,103159,103545,102386,102773,8627,021,12686000
1063,A192400,Ȧ,20170424,105477,105864,102386,103159,17852,021,12686000
1064,A192400,Ȧ,20170421,104704,107023,103932,105477,32024,021,12686000
1065,A192400,Ȧ,20170420,100454,103932,100454,103932,42845,021,12686000
1066,A192400,Ȧ,20170419,100841,102386,100068,100841,13091,021,12686000
1067,A192400,Ȧ,20170418,103159,103159,100841,100841,17264,021,12686000
1068,A192400,Ȧ,20170417,100841,103545,100841,102386,18429,021,12686000
1069,A192400,Ȧ,20170414,101227,102000,100068,100841,7021,021,12686000
1070,A192400,Ȧ,20170413,100841,101613,99682,100454,11309,021,12686000
1071,A192400,Ȧ,20170412,100454,101227,99682,100068,11762,021,12686000
1072,A192400,Ȧ,20170411,102000,102773,99682,100454,15025,021,12686000
1073,A192400,Ȧ,20170410,104704,104704,101227,101613,16454,021,12686000
1074,A192400,Ȧ,20170407,102386,104704,102000,104704,17642,021,12686000
1075,A192400,Ȧ,20170406,101227,102386,100841,102000,8040,021,12686000
1076,A192400,Ȧ,20170405,103932,103932,101227,101227,15555,021,12686000
1077,A192400,Ȧ,20170404,103159,103932,102000,103932,12140,021,12686000
1078,A192400,Ȧ,20170403,102386,104318,101227,103159,20478,021,12686000
1079,A192400,Ȧ,20170331,100454,102386,100068,102386,13089,021,12686000
1080,A192400,Ȧ,20170330,100454,100841,98523,100454,24936,021,12686000
1081,A192400,Ȧ,20170329,102773,102773,100068,100068,11304,021,12686000
1082,A192400,Ȧ,20170328,102773,105864,101613,102773,20258,021,12686000
1083,A192400,Ȧ,20170327,103159,105091,101613,103545,25591,021,12686000
1084,A192400,Ȧ,20170324,100068,102386,99682,102000,20082,021,12686000
1085,A192400,Ȧ,20170323,100068,100454,98909,100068,14732,021,12686000
1086,A192400,Ȧ,20170322,98523,100068,98136,100068,19915,021,12686000
1087,A192400,Ȧ,20170321,98909,98909,97750,98136,12058,021,12686000
1088,A192400,Ȧ,20170320,98909,98909,97363,98136,19045,021,12686000
1089,A192400,Ȧ,20170317,98523,99295,97750,98136,32662,021,12686000
1090,A192400,Ȧ,20170316,99682,100068,97750,98136,26865,021,12686000
1091,A192400,Ȧ,20170315,98136,101613,97750,98523,69399,021,12686000
1092,A192400,Ȧ,20170314,99682,100454,97750,98136,40196,021,12686000
1093,A192400,Ȧ,20170313,101227,102000,100068,100454,18905,021,12686000
1094,A192400,Ȧ,20170310,100454,101613,99295,101227,20699,021,12686000
1095,A192400,Ȧ,20170309,98909,101613,98909,100454,21625,021,12686000
1096,A192400,Ȧ,20170308,100841,100841,99682,99682,18281,021,12686000
1097,A192400,Ȧ,20170307,102000,104318,100068,100841,21710,021,12686000
1098,A192400,Ȧ,20170306,106250,106250,100841,101613,30248,021,12686000
1099,A192400,Ȧ,20170303,106636,108954,105091,106636,26764,021,12686000
1100,A192400,Ȧ,20170302,110500,110500,106636,108568,22025,021,12686000
1101,A192400,Ȧ,20170228,108182,109727,105477,108954,17212,021,12686000
1102,A192400,Ȧ,20170227,108954,110500,107795,108568,5172,021,12686000
1103,A192400,Ȧ,20170224,110114,110114,108182,108954,8432,021,12686000
1104,A192400,Ȧ,20170223,111273,111273,107409,109341,12448,021,12686000
1105,A192400,Ȧ,20170222,110114,110886,109341,109727,9593,021,12686000
1106,A192400,Ȧ,20170221,106636,110886,106636,110500,30366,021,12686000
1107,A192400,Ȧ,20170220,105477,107795,105091,106250,8392,021,12686000
1108,A192400,Ȧ,20170217,107795,108568,105477,107023,10426,021,12686000
1109,A192400,Ȧ,20170216,108568,109727,107023,107795,18126,021,12686000
1110,A192400,Ȧ,20170215,107023,110886,107023,108568,42697,021,12686000
1111,A192400,Ȧ,20170214,104704,107795,103932,106636,18763,021,12686000
1112,A192400,Ȧ,20170213,105864,105864,103545,103932,10901,021,12686000
1113,A192400,Ȧ,20170210,103932,105864,103545,104704,24513,021,12686000
1114,A192400,Ȧ,20170209,102773,103545,102386,103159,12318,021,12686000
1115,A192400,Ȧ,20170208,101613,103545,101227,102773,21196,021,12686000
1116,A192400,Ȧ,20170207,98909,102773,98523,102000,22905,021,12686000
1117,A192400,Ȧ,20170206,98909,100068,98136,98909,9423,021,12686000
1118,A192400,Ȧ,20170203,99682,99682,98523,98523,9736,021,12686000
1119,A192400,Ȧ,20170202,99682,101227,98136,98136,17381,021,12686000
1120,A192400,Ȧ,20170201,99682,103159,99682,100454,20195,021,12686000
1121,A192400,Ȧ,20170131,99295,99682,98136,99682,10025,021,12686000
1122,A192400,Ȧ,20170126,99682,100068,98136,99295,11628,021,12686000
1123,A192400,Ȧ,20170125,100068,100841,98136,98909,16897,021,12686000
1124,A192400,Ȧ,20170124,100841,101227,99295,99295,10743,021,12686000
1125,A192400,Ȧ,20170123,100454,102000,100454,100841,7841,021,12686000
1126,A192400,Ȧ,20170120,104318,105091,100841,101613,17496,021,12686000
1127,A192400,Ȧ,20170119,102000,105477,100454,104318,31710,021,12686000
1128,A192400,Ȧ,20170118,99682,101227,99682,100841,5489,021,12686000
1129,A192400,Ȧ,20170117,100068,101613,100068,100068,6059,021,12686000
1130,A192400,Ȧ,20170116,102386,103159,99682,100454,13482,021,12686000
1131,A192400,Ȧ,20170113,100454,103932,100454,102386,22156,021,12686000
1132,A192400,Ȧ,20170112,99295,100841,99295,100841,8906,021,12686000
1133,A192400,Ȧ,20170111,99295,100068,98523,99295,12090,021,12686000
1134,A192400,Ȧ,20170110,99682,100454,98523,100068,16668,021,12686000
1135,A192400,Ȧ,20170109,103159,103932,100068,100841,14598,021,12686000
1136,A192400,Ȧ,20170106,101613,103932,101613,103545,19863,021,12686000
1137,A192400,Ȧ,20170105,98136,102000,98136,101613,18126,021,12686000
1138,A192400,Ȧ,20170104,99295,99295,97750,98523,16920,021,12686000
1139,A192400,Ȧ,20170103,99682,99682,98136,98909,9626,021,12686000
1140,A192400,Ȧ,20170102,98909,100454,98136,99295,10932,021,12686000
1141,A192400,Ȧ,20161229,100454,102000,99682,99682,9089,021,12686000
1142,A192400,Ȧ,20161228,100454,101613,99682,100454,25733,021,12686000
1143,A192400,Ȧ,20161227,101227,102386,101227,101227,14444,021,12686000
1144,A192400,Ȧ,20161226,103545,104318,101227,102000,12228,021,12686000
1145,A192400,Ȧ,20161223,102386,104704,101227,103545,8225,021,12686000
1146,A192400,Ȧ,20161222,103159,103545,101227,102386,6979,021,12686000
1147,A192400,Ȧ,20161221,102773,103545,101227,103545,5506,021,12686000
1148,A192400,Ȧ,20161220,103932,103932,102000,102000,9010,021,12686000
1149,A192400,Ȧ,20161219,103932,104318,102773,103545,7271,021,12686000
1150,A192400,Ȧ,20161216,103545,104318,102386,103932,8416,021,12686000
1151,A192400,Ȧ,20161215,105477,105864,103159,103159,13287,021,12686000
1152,A192400,Ȧ,20161214,107409,108568,105864,105864,19418,021,12686000
1153,A192400,Ȧ,20161213,102000,107023,102000,106636,25593,021,12686000
1154,A192400,Ȧ,20161212,101613,103932,101227,102000,15713,021,12686000
1155,A192400,Ȧ,20161209,101227,102000,100454,100841,7500,021,12686000
1156,A192400,Ȧ,20161208,98909,101613,97363,101613,14337,021,12686000
1157,A192400,Ȧ,20161207,100068,101227,96591,98909,10228,021,12686000
1158,A192400,Ȧ,20161206,98523,101227,98523,99295,9159,021,12686000
1159,A192400,Ȧ,20161205,102773,102773,99682,100068,12644,021,12686000
1160,A192400,Ȧ,20161202,101227,103159,99682,103159,12058,021,12686000
1161,A192400,Ȧ,20161201,103159,104704,101227,101227,13572,021,12686000
1162,A192400,Ȧ,20161130,106250,106250,103932,103932,7535,021,12686000
1163,A192400,Ȧ,20161129,105091,106636,103932,105091,9771,021,12686000
1164,A192400,Ȧ,20161128,105864,107409,104318,105091,7670,021,12686000
1165,A192400,Ȧ,20161125,107409,107409,103932,105477,10857,021,12686000
1166,A192400,Ȧ,20161124,106636,107409,104704,106250,11803,021,12686000
1167,A192400,Ȧ,20161123,108182,108954,105091,106250,15327,021,12686000
1168,A192400,Ȧ,20161122,109341,111273,107023,107795,15436,021,12686000
1169,A192400,Ȧ,20161121,112045,112045,107409,109341,20692,021,12686000
1170,A192400,Ȧ,20161118,110500,111273,109341,111273,25447,021,12686000
1171,A192400,Ȧ,20161117,107409,110886,107409,109341,31502,021,12686000
1172,A192400,Ȧ,20161116,106636,108954,106250,107795,27031,021,12686000
1173,A192400,Ȧ,20161115,103545,107795,103545,107795,43614,021,12686000
1174,A192400,Ȧ,20161114,100841,103159,99682,102386,26027,021,12686000
1175,A192400,Ȧ,20161111,100454,101227,98909,99682,24533,021,12686000
1176,A192400,Ȧ,20161110,96977,100841,96591,100841,30174,021,12686000
1177,A192400,Ȧ,20161109,98909,98909,92341,96204,34925,021,12686000
1178,A192400,Ȧ,20161108,99295,99295,96977,98523,13779,021,12686000
1179,A192400,Ȧ,20161107,98136,98523,95818,98523,15771,021,12686000
1180,A192400,Ȧ,20161104,96204,96977,94659,96977,11841,021,12686000
1181,A192400,Ȧ,20161103,95045,97363,95045,96204,22932,021,12686000
1182,A192400,Ȧ,20161102,99682,101227,95818,96591,22922,021,12686000
1183,A192400,Ȧ,20161101,101613,102386,100841,101613,11861,021,12686000
1184,A192400,Ȧ,20161031,102000,103932,102000,102000,11001,021,12686000
1185,A192400,Ȧ,20161028,105091,105091,102386,103545,8447,021,12686000
1186,A192400,Ȧ,20161027,102000,105091,102000,104704,10061,021,12686000
1187,A192400,Ȧ,20161026,104318,104318,102386,102773,19846,021,12686000
1188,A192400,Ȧ,20161025,108182,108182,104318,105091,15322,021,12686000
1189,A192400,Ȧ,20161024,109341,109341,107409,108182,8877,021,12686000
1190,A192400,Ȧ,20161021,109341,109341,107795,107795,7399,021,12686000
1191,A192400,Ȧ,20161020,109341,109727,107795,108182,9853,021,12686000
1192,A192400,Ȧ,20161019,109341,110114,108182,109341,13331,021,12686000
1193,A192400,Ȧ,20161018,110114,110500,108954,109341,7883,021,12686000
1194,A192400,Ȧ,20161017,112045,113591,109727,110114,11495,021,12686000
1195,A192400,Ȧ,20161014,111659,112432,110886,111273,15591,021,12686000
1196,A192400,Ȧ,20161013,112818,113591,111273,111659,15293,021,12686000
1197,A192400,Ȧ,20161012,111273,113977,110114,113591,31312,021,12686000
1198,A192400,Ȧ,20161011,110500,111273,108954,110114,11913,021,12686000
1199,A192400,Ȧ,20161010,106250,111659,106250,109341,15179,021,12686000
1200,A192400,Ȧ,20161007,107409,107795,106250,106250,12431,021,12686000
1201,A192400,Ȧ,20161006,109727,109727,107409,107795,14103,021,12686000
1202,A192400,Ȧ,20161005,110114,110114,107795,109727,19673,021,12686000
1203,A192400,Ȧ,20161004,110114,111273,108568,109727,17400,021,12686000
1204,A192400,Ȧ,20160930,112432,112818,108954,110114,21086,021,12686000
1205,A192400,Ȧ,20160929,108182,113204,107795,112818,32066,021,12686000
1206,A192400,Ȧ,20160928,108954,109727,107409,107795,11916,021,12686000
1207,A192400,Ȧ,20160927,110500,110500,108182,108954,14721,021,12686000
1208,A192400,Ȧ,20160926,107023,110500,107023,110114,17879,021,12686000
1209,A192400,Ȧ,20160923,107795,107795,106250,107409,10800,021,12686000
1210,A192400,Ȧ,20160922,107023,107023,105477,106250,11483,021,12686000
1211,A192400,Ȧ,20160921,105477,106636,104704,106250,8090,021,12686000
1212,A192400,Ȧ,20160920,104318,105864,102386,105864,16553,021,12686000
1213,A192400,Ȧ,20160919,103545,104704,101613,104318,14356,021,12686000
1214,A192400,Ȧ,20160913,105091,105091,103159,103932,13805,021,12686000
1215,A192400,Ȧ,20160912,105864,105864,102773,103545,25530,021,12686000
1216,A192400,Ȧ,20160909,106636,107409,105477,105864,26825,021,12686000
1217,A192400,Ȧ,20160908,108568,108568,106636,107023,22191,021,12686000
1218,A192400,Ȧ,20160907,108954,109727,107409,107409,20417,021,12686000
1219,A192400,Ȧ,20160906,109727,110500,108954,108954,7184,021,12686000
1220,A192400,Ȧ,20160905,110500,110886,108954,109727,7940,021,12686000
1221,A192400,Ȧ,20160902,108182,110114,107795,110114,16871,021,12686000
1222,A192400,Ȧ,20160901,109341,109341,107023,108182,9713,021,12686000
1223,A192400,Ȧ,20160831,107023,109727,106250,108182,22548,021,12686000
1224,A192400,Ȧ,20160830,108182,109727,106636,107023,29102,021,12686000
1225,A192400,Ȧ,20160829,110500,111273,107795,107795,16415,021,12686000
1226,A192400,Ȧ,20160826,108568,111659,107409,110500,20898,021,12686000
1227,A192400,Ȧ,20160825,111273,111273,108182,108568,14782,021,12686000
1228,A192400,Ȧ,20160824,108568,110886,108568,110500,18051,021,12686000
1229,A192400,Ȧ,20160823,107795,108954,106250,108568,32289,021,12686000
1230,A192400,Ȧ,20160822,110114,110114,107023,107409,46498,021,12686000
1231,A192400,Ȧ,20160819,115136,115523,108954,110114,35655,021,12686000
1232,A192400,Ȧ,20160818,112818,116682,112818,113591,28532,021,12686000
1233,A192400,Ȧ,20160817,117068,117454,111659,112432,33131,021,12686000
1234,A192400,Ȧ,20160816,117454,118614,116682,116682,10499,021,12686000
1235,A192400,Ȧ,20160812,117841,117841,116682,117454,14846,021,12686000
1236,A192400,Ȧ,20160811,117068,118614,115523,117841,27496,021,12686000
1237,A192400,Ȧ,20160810,112432,117841,112432,117841,49882,021,12686000
1238,A192400,Ȧ,20160809,112818,113204,110500,112818,18668,021,12686000
1239,A192400,Ȧ,20160808,111273,113977,110114,112818,22459,021,12686000
1240,A192400,Ȧ,20160805,112432,114364,109727,110500,18903,021,12686000
1241,A192400,Ȧ,20160804,108182,112818,107023,111659,25081,021,12686000
1242,A192400,Ȧ,20160803,108568,109727,106636,107795,30692,021,12686000
1243,A192400,Ȧ,20160802,108182,110500,107023,110500,29752,021,12686000
1244,A192400,Ȧ,20160801,113977,113977,108568,108954,47339,021,12686000
1245,A192400,Ȧ,20160729,114364,115136,112432,115136,23304,021,12686000
1246,A192400,Ȧ,20160728,114364,114750,112045,113204,19079,021,12686000
1247,A192400,Ȧ,20160727,114750,115909,113977,115136,15766,021,12686000
1248,A192400,Ȧ,20160726,113591,114750,112818,113977,15482,021,12686000
1249,A192400,Ȧ,20160725,112432,115136,112045,112818,22609,021,12686000
1250,A192400,Ȧ,20160722,113591,114364,112818,113591,31041,021,12686000
1251,A192400,Ȧ,20160721,115523,115909,113591,114364,45029,021,12686000
1252,A192400,Ȧ,20160720,115136,117068,113591,115909,24976,021,12686000
1253,A192400,Ȧ,20160719,115909,116682,113977,115136,21581,021,12686000
1254,A192400,Ȧ,20160718,117068,119386,115136,115909,15904,021,12686000
1255,A192400,Ȧ,20160715,116682,118614,116295,117068,29909,021,12686000
1256,A192400,Ȧ,20160714,118227,119386,116682,116682,31278,021,12686000
1257,A192400,Ȧ,20160713,115909,118614,114364,117841,40563,021,12686000
1258,A192400,Ȧ,20160712,113204,116295,112045,114364,29694,021,12686000
1259,A192400,Ȧ,20160711,111659,114364,109727,113204,37516,021,12686000
1260,A192400,Ȧ,20160708,116682,117841,110500,110886,41372,021,12686000
1261,A192400,Ȧ,20160707,118614,118614,114750,116295,19146,021,12686000
1262,A192400,Ȧ,20160706,119000,119000,116295,117068,28157,021,12686000
1263,A192400,Ȧ,20160705,120932,121318,117068,117841,38869,021,12686000
1264,A192400,Ȧ,20160704,115136,120545,115136,119773,69065,021,12686000
1265,A192400,Ȧ,20160701,113204,118227,113204,114750,64367,021,12686000
1266,A192400,Ȧ,20160630,110886,113591,110886,112432,38910,021,12686000
1267,A192400,Ȧ,20160629,109341,111659,108954,110500,27628,021,12686000
1268,A192400,Ȧ,20160628,108182,110114,108182,108568,30664,021,12686000
1269,A192400,Ȧ,20160627,104704,109727,104318,109341,77107,021,12686000
1270,A192400,Ȧ,20160624,118614,119386,107409,108182,110360,021,12686000
1271,A192400,Ȧ,20160623,117454,118614,116682,117068,27885,021,12686000
1272,A192400,Ȧ,20160622,118614,120545,117454,117454,58958,021,12686000
1273,A192400,Ȧ,20160621,120159,121704,119000,119386,34093,021,12686000
1274,A192400,Ȧ,20160620,120545,122091,118614,120932,38178,021,12686000
1275,A192400,Ȧ,20160617,123636,125568,117068,119773,165119,021,12686000
1276,A192400,Ȧ,20160616,129045,130205,124409,125182,82036,021,12686000
1277,A192400,Ȧ,20160615,132523,134455,129045,129818,27488,021,12686000
1278,A192400,Ȧ,20160614,131364,134841,131364,133295,26920,021,12686000
1279,A192400,Ȧ,20160613,134068,134455,132523,132523,29139,021,12686000
1280,A192400,Ȧ,20160610,131750,134455,130205,134068,73110,021,12686000
1281,A192400,Ȧ,20160609,136386,137545,129818,129818,164665,021,12686000
1282,A192400,Ȧ,20160608,136773,138705,136000,136386,37657,021,12686000
1283,A192400,Ȧ,20160607,138705,139477,136773,137932,27571,021,12686000
1284,A192400,Ȧ,20160603,138705,139091,136386,138705,14145,021,12686000
1285,A192400,Ȧ,20160602,140250,140250,137159,138318,18469,021,12686000
1286,A192400,Ȧ,20160601,138318,139864,137545,138705,16565,021,12686000
1287,A192400,Ȧ,20160531,135614,139091,135227,138318,29935,021,12686000
1288,A192400,Ȧ,20160530,137545,138318,134841,136386,16488,021,12686000
1289,A192400,Ȧ,20160527,134068,137932,133682,137545,23629,021,12686000
1290,A192400,Ȧ,20160526,138705,138705,133295,134068,35087,021,12686000
1291,A192400,Ȧ,20160525,135614,137932,134068,136386,35958,021,12686000
1292,A192400,Ȧ,20160524,133295,135227,132909,134068,32174,021,12686000
1293,A192400,Ȧ,20160523,133682,134455,132523,133295,37889,021,12686000
1294,A192400,Ȧ,20160520,134068,137159,132523,132523,93041,021,12686000
1295,A192400,Ȧ,20160519,133682,137159,133682,134068,71987,021,12686000
1296,A192400,Ȧ,20160518,139477,141409,134068,134841,119154,021,12686000
1297,A192400,Ȧ,20160517,156864,156864,137932,139091,253624,021,12686000
1298,A192400,Ȧ,20160516,156091,160341,155318,157250,32070,021,12686000
1299,A192400,Ȧ,20160513,157636,161886,156864,157250,73624,021,12686000
1300,A192400,Ȧ,20160512,163046,163046,156864,157636,47497,021,12686000
1301,A192400,Ȧ,20160511,165364,165364,162273,163046,37190,021,12686000
1302,A192400,Ȧ,20160510,164591,166523,163046,166136,33467,021,12686000
1303,A192400,Ȧ,20160509,166136,166136,162273,166136,30082,021,12686000
1304,A192400,Ȧ,20160504,164205,164977,159955,164205,24483,021,12686000
1305,A192400,Ȧ,20160503,161886,164591,159955,164205,19909,021,12686000
1306,A192400,Ȧ,20160502,161114,162659,158409,161886,12884,021,12686000
1307,A192400,Ȧ,20160429,162273,162273,156477,161114,19886,021,12686000
1308,A192400,Ȧ,20160428,162273,163432,159568,161114,23088,021,12686000
1309,A192400,Ȧ,20160427,159955,163818,159955,163432,38048,021,12686000
1310,A192400,Ȧ,20160426,162659,162659,158023,159182,35866,021,12686000
1311,A192400,Ȧ,20160425,156864,161886,154932,161886,53446,021,12686000
1312,A192400,Ȧ,20160422,155705,157250,154159,154932,27327,021,12686000
1313,A192400,Ȧ,20160421,155318,156091,152614,154932,17304,021,12686000
1314,A192400,Ȧ,20160420,153773,156091,153386,154932,44944,021,12686000
1315,A192400,Ȧ,20160419,150682,154159,148750,152614,47905,021,12686000
1316,A192400,Ȧ,20160418,142182,149909,142182,149523,45770,021,12686000
1317,A192400,Ȧ,20160415,146045,146432,141795,142182,99355,021,12686000
1318,A192400,Ȧ,20160414,152227,154159,145273,146045,51670,021,12686000
1319,A192400,Ȧ,20160412,152614,154159,151455,152227,14711,021,12686000
1320,A192400,Ȧ,20160411,155318,156864,152614,153000,19045,021,12686000
1321,A192400,Ȧ,20160408,154546,154932,153773,154546,13344,021,12686000
1322,A192400,Ȧ,20160407,154159,155705,153386,154546,29316,021,12686000
1323,A192400,Ȧ,20160406,153773,154932,152614,154932,26737,021,12686000
1324,A192400,Ȧ,20160405,153773,154159,152227,153386,25220,021,12686000
1325,A192400,Ȧ,20160404,156477,156864,154159,154932,13457,021,12686000
1326,A192400,Ȧ,20160401,154932,156477,153773,155318,17417,021,12686000
1327,A192400,Ȧ,20160331,156477,158023,152614,154932,27911,021,12686000
1328,A192400,Ȧ,20160330,156864,156864,154932,156091,21787,021,12686000
1329,A192400,Ȧ,20160329,153386,157250,153000,156477,41401,021,12686000
1330,A192400,Ȧ,20160328,154932,155705,151841,152227,25222,021,12686000
1331,A192400,Ȧ,20160325,154932,156864,153000,154932,31709,021,12686000
1332,A192400,Ȧ,20160324,158023,158023,154932,154932,29888,021,12686000
1333,A192400,Ȧ,20160323,151841,158409,151841,158023,68367,021,12686000
1334,A192400,Ȧ,20160322,154159,154932,150682,150682,55813,021,12686000
1335,A192400,Ȧ,20160321,156091,156864,153000,154546,36666,021,12686000
1336,A192400,Ȧ,20160318,156091,158023,153000,155705,38153,021,12686000
1337,A192400,Ȧ,20160317,158409,159955,156477,156477,52678,021,12686000
1338,A192400,Ȧ,20160316,158409,160341,155318,159182,62861,021,12686000
1339,A192400,Ȧ,20160315,164591,164591,156477,158023,88912,021,12686000
1340,A192400,Ȧ,20160314,170000,170386,161500,163046,102545,021,12686000
1341,A192400,Ȧ,20160311,183137,183137,171159,173477,117108,021,12686000
1342,A192400,Ȧ,20160310,182750,187773,182750,186614,22157,021,12686000
1343,A192400,Ȧ,20160309,180818,183523,177727,183137,23946,021,12686000
1344,A192400,Ȧ,20160308,180432,182364,176568,180818,29446,021,12686000
1345,A192400,Ȧ,20160307,180046,180432,178500,180046,25662,021,12686000
1346,A192400,Ȧ,20160304,181977,181977,178114,179659,47525,021,12686000
1347,A192400,Ȧ,20160303,180046,182364,178114,181205,29774,021,12686000
1348,A192400,Ȧ,20160302,184682,184682,177341,181591,34611,021,12686000
1349,A192400,Ȧ,20160229,173091,181977,171159,181205,33846,021,12686000
1350,A192400,Ȧ,20160226,172318,176568,168841,171932,26089,021,12686000
1351,A192400,Ȧ,20160225,175023,175023,168455,172318,24960,021,12686000
1352,A192400,Ȧ,20160224,176955,179273,171159,173091,9923,021,12686000
1353,A192400,Ȧ,20160223,180432,180432,175796,178500,21530,021,12686000
1354,A192400,Ȧ,20160222,171546,179273,171159,177727,21869,021,12686000
1355,A192400,Ȧ,20160219,167296,174250,165750,170773,28084,021,12686000
1356,A192400,Ȧ,20160218,161886,168841,160727,166909,56565,021,12686000
1357,A192400,Ȧ,20160217,169227,170386,158796,159568,22143,021,12686000
1358,A192400,Ȧ,20160216,171546,173864,170000,170000,11518,021,12686000
1359,A192400,Ȧ,20160215,160727,173864,157636,172705,43213,021,12686000
1360,A192400,Ȧ,20160212,163046,163046,149909,160727,65856,021,12686000
1361,A192400,Ȧ,20160211,169614,170773,164205,166523,28285,021,12686000
1362,A192400,Ȧ,20160205,180432,183137,176568,176955,16135,021,12686000
1363,A192400,Ȧ,20160204,179273,181977,178114,179659,16615,021,12686000
1364,A192400,Ȧ,20160203,181977,184296,177727,179659,29769,021,12686000
1365,A192400,Ȧ,20160202,187773,188546,182364,184296,21869,021,12686000
1366,A192400,Ȧ,20160201,188159,189705,184682,188546,23872,021,12686000
1367,A192400,Ȧ,20160129,184296,187773,183137,184296,27978,021,12686000
1368,A192400,Ȧ,20160128,181591,184296,181205,182750,13153,021,12686000
1369,A192400,Ȧ,20160127,182750,188546,180046,182364,31097,021,12686000
1370,A192400,Ȧ,20160126,176955,180432,175796,180046,24944,021,12686000
1371,A192400,Ȧ,20160125,178500,179273,174636,176568,26420,021,12686000
1372,A192400,Ȧ,20160122,178500,181205,173477,176568,34378,021,12686000
1373,A192400,Ȧ,20160121,181205,181591,175409,176568,27518,021,12686000
1374,A192400,Ȧ,20160120,183523,187387,174250,181977,36105,021,12686000
1375,A192400,Ȧ,20160119,186614,189705,182750,183523,26861,021,12686000
1376,A192400,Ȧ,20160118,176955,192409,176955,186227,79357,021,12686000
1377,A192400,Ȧ,20160115,178114,189318,178114,178114,74493,021,12686000
1378,A192400,Ȧ,20160114,170773,176955,169614,176955,32712,021,12686000
1379,A192400,Ȧ,20160113,170386,175023,170000,173864,30007,021,12686000
1380,A192400,Ȧ,20160112,168455,170773,167296,169227,21594,021,12686000
1381,A192400,Ȧ,20160111,171159,172705,168068,170000,10055,021,12686000
1382,A192400,Ȧ,20160108,163818,173864,160727,172318,24161,021,12686000
1383,A192400,Ȧ,20160107,170000,173091,166909,167296,17263,021,12686000
1384,A192400,Ȧ,20160106,172705,173864,170000,171546,15817,021,12686000
1385,A192400,Ȧ,20160105,176568,176568,171932,172705,16547,021,12686000
1386,A192400,Ȧ,20160104,179273,179273,176955,176955,8574,021,12686000
