,Á¾¸ñÄÚµå,Á¾¸ñ¸í,³¯Â¥,½Ã°¡,°í°¡,Àú°¡,Á¾°¡,°Å·¡·®,Áõ±ÇÀü»ê¾÷Á¾ÄÚµå,¹ßÇàÁÖ½Ä¼ö
0,A225590,ÆÐ¼ÇÇÃ·§Æû,20210823,1680,1705,1620,1660,122381,258,26636000
1,A225590,ÆÐ¼ÇÇÃ·§Æû,20210820,1735,1735,1625,1710,492610,258,26636000
2,A225590,ÆÐ¼ÇÇÃ·§Æû,20210819,1715,1745,1655,1735,1240308,258,26636000
3,A225590,ÆÐ¼ÇÇÃ·§Æû,20210818,1515,1675,1510,1640,827257,258,26636000
4,A225590,ÆÐ¼ÇÇÃ·§Æû,20210817,1610,1620,1530,1530,357590,258,26636000
5,A225590,ÆÐ¼ÇÇÃ·§Æû,20210813,1680,1680,1615,1635,390654,258,26636000
6,A225590,ÆÐ¼ÇÇÃ·§Æû,20210812,1685,1685,1660,1680,153903,258,26636000
7,A225590,ÆÐ¼ÇÇÃ·§Æû,20210811,1670,1695,1670,1685,133347,258,26636000
8,A225590,ÆÐ¼ÇÇÃ·§Æû,20210810,1710,1725,1685,1685,116655,258,26636000
9,A225590,ÆÐ¼ÇÇÃ·§Æû,20210809,1735,1745,1710,1710,125601,258,26636000
10,A225590,ÆÐ¼ÇÇÃ·§Æû,20210806,1725,1735,1720,1730,233541,258,26636000
11,A225590,ÆÐ¼ÇÇÃ·§Æû,20210805,1710,1730,1705,1725,157900,258,26636000
12,A225590,ÆÐ¼ÇÇÃ·§Æû,20210804,1675,1705,1665,1705,146434,258,26636000
13,A225590,ÆÐ¼ÇÇÃ·§Æû,20210803,1665,1685,1655,1675,168810,258,26636000
14,A225590,ÆÐ¼ÇÇÃ·§Æû,20210802,1685,1690,1650,1665,261223,258,26636000
15,A225590,ÆÐ¼ÇÇÃ·§Æû,20210730,1730,1735,1680,1710,316792,258,26636000
16,A225590,ÆÐ¼ÇÇÃ·§Æû,20210729,1680,1725,1670,1720,322632,258,26636000
17,A225590,ÆÐ¼ÇÇÃ·§Æû,20210728,1685,1725,1670,1685,302574,258,26636000
18,A225590,ÆÐ¼ÇÇÃ·§Æû,20210727,1680,1705,1665,1705,207216,258,26636000
19,A225590,ÆÐ¼ÇÇÃ·§Æû,20210726,1745,1750,1685,1685,274633,258,26636000
20,A225590,ÆÐ¼ÇÇÃ·§Æû,20210723,1690,1740,1690,1740,179050,258,26636000
21,A225590,ÆÐ¼ÇÇÃ·§Æû,20210722,1705,1710,1670,1690,329399,258,26636000
22,A225590,ÆÐ¼ÇÇÃ·§Æû,20210721,1730,1735,1705,1720,306800,258,26636000
23,A225590,ÆÐ¼ÇÇÃ·§Æû,20210720,1665,1775,1665,1735,957409,258,26636000
24,A225590,ÆÐ¼ÇÇÃ·§Æû,20210719,1685,1705,1665,1665,175686,258,26636000
25,A225590,ÆÐ¼ÇÇÃ·§Æû,20210716,1690,1715,1685,1685,204765,258,26636000
26,A225590,ÆÐ¼ÇÇÃ·§Æû,20210715,1715,1715,1680,1685,504070,258,26636000
27,A225590,ÆÐ¼ÇÇÃ·§Æû,20210714,1695,1835,1695,1700,8527198,258,26636000
28,A225590,ÆÐ¼ÇÇÃ·§Æû,20210713,1670,1730,1670,1695,207409,258,26636000
29,A225590,ÆÐ¼ÇÇÃ·§Æû,20210712,1620,1675,1610,1665,311128,258,26636000
30,A225590,ÆÐ¼ÇÇÃ·§Æû,20210709,1680,1680,1590,1630,484763,258,26636000
31,A225590,ÆÐ¼ÇÇÃ·§Æû,20210708,1715,1750,1655,1695,352424,258,26636000
32,A225590,ÆÐ¼ÇÇÃ·§Æû,20210707,1750,1760,1710,1715,156754,258,26636000
33,A225590,ÆÐ¼ÇÇÃ·§Æû,20210706,1725,1765,1725,1750,175837,258,26636000
34,A225590,ÆÐ¼ÇÇÃ·§Æû,20210705,1750,1750,1715,1725,137168,258,26636000
35,A225590,ÆÐ¼ÇÇÃ·§Æû,20210702,1770,1785,1735,1735,285715,258,26636000
36,A225590,ÆÐ¼ÇÇÃ·§Æû,20210701,1780,1805,1740,1770,425998,258,26636000
37,A225590,ÆÐ¼ÇÇÃ·§Æû,20210630,1695,1800,1695,1770,753799,258,26636000
38,A225590,ÆÐ¼ÇÇÃ·§Æû,20210629,1730,1735,1675,1695,293804,258,26636000
39,A225590,ÆÐ¼ÇÇÃ·§Æû,20210628,1735,1745,1710,1730,162637,258,26636000
40,A225590,ÆÐ¼ÇÇÃ·§Æû,20210625,1710,1770,1710,1725,194108,258,26636000
41,A225590,ÆÐ¼ÇÇÃ·§Æû,20210624,1755,1755,1700,1710,253420,258,26636000
42,A225590,ÆÐ¼ÇÇÃ·§Æû,20210623,1760,1780,1720,1755,280084,258,26636000
43,A225590,ÆÐ¼ÇÇÃ·§Æû,20210622,1740,1770,1725,1760,219776,258,26636000
44,A225590,ÆÐ¼ÇÇÃ·§Æû,20210621,1800,1800,1715,1740,351620,258,26636000
45,A225590,ÆÐ¼ÇÇÃ·§Æû,20210618,1775,1845,1755,1800,350840,258,26636000
46,A225590,ÆÐ¼ÇÇÃ·§Æû,20210617,1805,1810,1755,1775,278326,258,26636000
47,A225590,ÆÐ¼ÇÇÃ·§Æû,20210616,1800,1820,1750,1805,550314,258,26636000
48,A225590,ÆÐ¼ÇÇÃ·§Æû,20210615,1750,1810,1700,1800,1099142,258,26636000
49,A225590,ÆÐ¼ÇÇÃ·§Æû,20210614,1770,1785,1715,1750,556172,258,26636000
50,A225590,ÆÐ¼ÇÇÃ·§Æû,20210611,1725,1770,1705,1770,875808,258,26636000
51,A225590,ÆÐ¼ÇÇÃ·§Æû,20210610,1655,1705,1625,1705,337242,258,26636000
52,A225590,ÆÐ¼ÇÇÃ·§Æû,20210609,1700,1715,1660,1660,282609,258,26636000
53,A225590,ÆÐ¼ÇÇÃ·§Æû,20210608,1700,1740,1685,1700,289756,258,26636000
54,A225590,ÆÐ¼ÇÇÃ·§Æû,20210607,1695,1725,1675,1700,285196,258,26636000
55,A225590,ÆÐ¼ÇÇÃ·§Æû,20210604,1695,1715,1675,1690,256442,258,26636000
56,A225590,ÆÐ¼ÇÇÃ·§Æû,20210603,1705,1710,1680,1695,341756,258,26636000
57,A225590,ÆÐ¼ÇÇÃ·§Æû,20210602,1620,1740,1620,1705,1990361,258,26636000
58,A225590,ÆÐ¼ÇÇÃ·§Æû,20210601,1615,1620,1590,1620,258476,258,26636000
59,A225590,ÆÐ¼ÇÇÃ·§Æû,20210531,1610,1620,1590,1615,248384,258,26636000
60,A225590,ÆÐ¼ÇÇÃ·§Æû,20210528,1575,1630,1570,1610,353411,258,26636000
61,A225590,ÆÐ¼ÇÇÃ·§Æû,20210527,1560,1580,1540,1575,189068,258,26636000
62,A225590,ÆÐ¼ÇÇÃ·§Æû,20210526,1525,1560,1520,1550,154145,258,26636000
63,A225590,ÆÐ¼ÇÇÃ·§Æû,20210525,1500,1550,1500,1515,212695,258,26636000
64,A225590,ÆÐ¼ÇÇÃ·§Æû,20210524,1535,1545,1505,1505,299933,258,26636000
65,A225590,ÆÐ¼ÇÇÃ·§Æû,20210521,1570,1585,1545,1550,276801,258,26636000
66,A225590,ÆÐ¼ÇÇÃ·§Æû,20210520,1565,1575,1550,1570,342019,258,26636000
67,A225590,ÆÐ¼ÇÇÃ·§Æû,20210518,1590,1625,1565,1570,482821,258,26636000
68,A225590,ÆÐ¼ÇÇÃ·§Æû,20210517,1650,1670,1585,1585,506614,258,26636000
69,A225590,ÆÐ¼ÇÇÃ·§Æû,20210514,1580,1665,1575,1650,402329,258,26636000
70,A225590,ÆÐ¼ÇÇÃ·§Æû,20210513,1560,1610,1555,1590,421085,258,26636000
71,A225590,ÆÐ¼ÇÇÃ·§Æû,20210512,1625,1630,1565,1590,444930,258,26636000
72,A225590,ÆÐ¼ÇÇÃ·§Æû,20210511,1630,1640,1595,1635,325622,258,26636000
73,A225590,ÆÐ¼ÇÇÃ·§Æû,20210510,1620,1650,1600,1635,489785,258,26636000
74,A225590,ÆÐ¼ÇÇÃ·§Æû,20210507,1595,1630,1585,1620,428018,258,26636000
75,A225590,ÆÐ¼ÇÇÃ·§Æû,20210506,1600,1610,1580,1595,374516,258,26636000
76,A225590,ÆÐ¼ÇÇÃ·§Æû,20210504,1560,1615,1555,1600,902386,258,26636000
77,A225590,ÆÐ¼ÇÇÃ·§Æû,20210503,1560,1595,1550,1560,457202,258,26636000
78,A225590,ÆÐ¼ÇÇÃ·§Æû,20210430,1555,1575,1530,1570,364334,258,26636000
79,A225590,ÆÐ¼ÇÇÃ·§Æû,20210429,1540,1570,1520,1565,659307,258,26636000
80,A225590,ÆÐ¼ÇÇÃ·§Æû,20210428,1585,1595,1540,1545,640502,258,26636000
81,A225590,ÆÐ¼ÇÇÃ·§Æû,20210427,1625,1625,1570,1595,997314,258,26636000
82,A225590,ÆÐ¼ÇÇÃ·§Æû,20210426,1635,1660,1605,1625,597522,258,26636000
83,A225590,ÆÐ¼ÇÇÃ·§Æû,20210423,1715,1715,1635,1635,996935,258,26636000
84,A225590,ÆÐ¼ÇÇÃ·§Æû,20210422,1775,1775,1695,1740,1286886,258,26636000
85,A225590,ÆÐ¼ÇÇÃ·§Æû,20210421,1665,1880,1665,1775,5107326,258,26636000
86,A225590,ÆÐ¼ÇÇÃ·§Æû,20210420,1595,1740,1580,1715,2626220,258,26636000
87,A225590,ÆÐ¼ÇÇÃ·§Æû,20210419,1575,1605,1550,1595,404588,258,26636000
88,A225590,ÆÐ¼ÇÇÃ·§Æû,20210416,1565,1585,1560,1575,239374,258,26636000
89,A225590,ÆÐ¼ÇÇÃ·§Æû,20210415,1670,1675,1575,1575,1213298,258,26636000
90,A225590,ÆÐ¼ÇÇÃ·§Æû,20210414,1600,1615,1580,1615,856503,258,26636000
91,A225590,ÆÐ¼ÇÇÃ·§Æû,20210413,1575,1620,1560,1620,807185,258,26636000
92,A225590,ÆÐ¼ÇÇÃ·§Æû,20210412,1580,1620,1560,1575,264504,258,26636000
93,A225590,ÆÐ¼ÇÇÃ·§Æû,20210409,1520,1640,1515,1580,416882,258,26636000
94,A225590,ÆÐ¼ÇÇÃ·§Æû,20210408,1540,1555,1520,1520,252696,258,26636000
95,A225590,ÆÐ¼ÇÇÃ·§Æû,20210407,1550,1565,1540,1540,309018,258,26636000
96,A225590,ÆÐ¼ÇÇÃ·§Æû,20210406,1535,1560,1525,1550,212946,258,26636000
97,A225590,ÆÐ¼ÇÇÃ·§Æû,20210405,1535,1555,1510,1535,447533,258,26636000
98,A225590,ÆÐ¼ÇÇÃ·§Æû,20210402,1565,1565,1510,1535,583124,258,26636000
99,A225590,ÆÐ¼ÇÇÃ·§Æû,20210401,1595,1600,1545,1565,313131,258,26636000
100,A225590,ÆÐ¼ÇÇÃ·§Æû,20210331,1570,1600,1550,1600,238902,258,26636000
101,A225590,ÆÐ¼ÇÇÃ·§Æû,20210330,1565,1580,1540,1570,183678,258,26636000
102,A225590,ÆÐ¼ÇÇÃ·§Æû,20210329,1590,1590,1525,1565,319412,258,26636000
103,A225590,ÆÐ¼ÇÇÃ·§Æû,20210326,1625,1650,1555,1590,583961,258,26636000
104,A225590,ÆÐ¼ÇÇÃ·§Æû,20210325,1575,1625,1560,1620,589626,258,26636000
105,A225590,ÆÐ¼ÇÇÃ·§Æû,20210324,1520,1750,1495,1575,3089242,258,26636000
106,A225590,ÆÐ¼ÇÇÃ·§Æû,20210323,1495,1615,1490,1520,1411755,258,26636000
107,A225590,ÆÐ¼ÇÇÃ·§Æû,20210322,1505,1510,1480,1495,158040,258,26636000
108,A225590,ÆÐ¼ÇÇÃ·§Æû,20210319,1505,1510,1480,1505,151068,258,26636000
109,A225590,ÆÐ¼ÇÇÃ·§Æû,20210318,1500,1520,1490,1505,97162,258,26636000
110,A225590,ÆÐ¼ÇÇÃ·§Æû,20210317,1505,1525,1490,1500,93203,258,26636000
111,A225590,ÆÐ¼ÇÇÃ·§Æû,20210316,1490,1520,1485,1505,121586,258,26636000
112,A225590,ÆÐ¼ÇÇÃ·§Æû,20210315,1520,1525,1480,1490,175189,258,26636000
113,A225590,ÆÐ¼ÇÇÃ·§Æû,20210312,1510,1530,1490,1520,297766,258,26636000
114,A225590,ÆÐ¼ÇÇÃ·§Æû,20210311,1460,1530,1430,1505,444321,258,26636000
115,A225590,ÆÐ¼ÇÇÃ·§Æû,20210310,1450,1475,1430,1460,206550,258,26636000
116,A225590,ÆÐ¼ÇÇÃ·§Æû,20210309,1410,1475,1360,1455,419720,258,26636000
117,A225590,ÆÐ¼ÇÇÃ·§Æû,20210308,1445,1455,1415,1415,191077,258,26636000
118,A225590,ÆÐ¼ÇÇÃ·§Æû,20210305,1465,1485,1410,1460,231766,258,26636000
119,A225590,ÆÐ¼ÇÇÃ·§Æû,20210304,1460,1480,1450,1475,302532,258,26636000
120,A225590,ÆÐ¼ÇÇÃ·§Æû,20210303,1400,1455,1395,1455,549896,258,26636000
121,A225590,ÆÐ¼ÇÇÃ·§Æû,20210302,1385,1410,1375,1390,777338,258,26636000
122,A225590,ÆÐ¼ÇÇÃ·§Æû,20210226,1425,1430,1345,1390,399558,258,26636000
123,A225590,ÆÐ¼ÇÇÃ·§Æû,20210225,1405,1435,1405,1430,296599,258,26636000
124,A225590,ÆÐ¼ÇÇÃ·§Æû,20210224,1470,1490,1365,1400,695086,258,26636000
125,A225590,ÆÐ¼ÇÇÃ·§Æû,20210223,1440,1475,1390,1470,562332,258,26636000
126,A225590,ÆÐ¼ÇÇÃ·§Æû,20210222,1435,1485,1430,1445,438589,258,26636000
127,A225590,ÆÐ¼ÇÇÃ·§Æû,20210219,1665,1670,1430,1445,4608905,258,26636000
128,A225590,ÆÐ¼ÇÇÃ·§Æû,20210218,1495,1540,1445,1480,567772,258,26636000
129,A225590,ÆÐ¼ÇÇÃ·§Æû,20210217,1480,1495,1455,1495,225263,258,26636000
130,A225590,ÆÐ¼ÇÇÃ·§Æû,20210216,1505,1515,1450,1480,282192,258,26636000
131,A225590,ÆÐ¼ÇÇÃ·§Æû,20210215,1500,1530,1475,1505,259198,258,26636000
132,A225590,ÆÐ¼ÇÇÃ·§Æû,20210210,1500,1500,1460,1500,153520,258,26636000
133,A225590,ÆÐ¼ÇÇÃ·§Æû,20210209,1415,1555,1415,1505,545288,258,26636000
134,A225590,ÆÐ¼ÇÇÃ·§Æû,20210208,1485,1485,1425,1430,213862,258,26636000
135,A225590,ÆÐ¼ÇÇÃ·§Æû,20210205,1510,1550,1445,1495,465254,258,26636000
136,A225590,ÆÐ¼ÇÇÃ·§Æû,20210204,1445,1510,1425,1510,706665,258,26636000
137,A225590,ÆÐ¼ÇÇÃ·§Æû,20210203,1435,1460,1425,1435,347129,258,26636000
138,A225590,ÆÐ¼ÇÇÃ·§Æû,20210202,1395,1440,1395,1430,188282,258,26636000
139,A225590,ÆÐ¼ÇÇÃ·§Æû,20210201,1325,1385,1310,1380,246338,258,26636000
140,A225590,ÆÐ¼ÇÇÃ·§Æû,20210129,1415,1420,1325,1330,359052,258,26636000
141,A225590,ÆÐ¼ÇÇÃ·§Æû,20210128,1430,1460,1380,1425,329291,258,26636000
142,A225590,ÆÐ¼ÇÇÃ·§Æû,20210127,1420,1460,1410,1430,163953,258,26636000
143,A225590,ÆÐ¼ÇÇÃ·§Æû,20210126,1445,1455,1410,1420,142411,258,26636000
144,A225590,ÆÐ¼ÇÇÃ·§Æû,20210125,1430,1475,1405,1440,412658,258,26636000
145,A225590,ÆÐ¼ÇÇÃ·§Æû,20210122,1415,1460,1395,1395,362901,258,26636000
146,A225590,ÆÐ¼ÇÇÃ·§Æû,20210121,1405,1430,1380,1410,352124,258,26636000
147,A225590,ÆÐ¼ÇÇÃ·§Æû,20210120,1350,1420,1350,1375,265246,258,26636000
148,A225590,ÆÐ¼ÇÇÃ·§Æû,20210119,1340,1355,1330,1345,325900,258,26636000
149,A225590,ÆÐ¼ÇÇÃ·§Æû,20210118,1395,1395,1325,1345,467760,258,26636000
150,A225590,ÆÐ¼ÇÇÃ·§Æû,20210115,1415,1450,1345,1405,610161,258,26636000
151,A225590,ÆÐ¼ÇÇÃ·§Æû,20210114,1360,1425,1350,1415,516896,258,26636000
152,A225590,ÆÐ¼ÇÇÃ·§Æû,20210113,1385,1580,1360,1360,4233607,258,26636000
153,A225590,ÆÐ¼ÇÇÃ·§Æû,20210112,1290,1385,1265,1370,325694,258,26636000
154,A225590,ÆÐ¼ÇÇÃ·§Æû,20210111,1315,1330,1270,1290,251689,258,26636000
155,A225590,ÆÐ¼ÇÇÃ·§Æû,20210108,1345,1350,1315,1315,243400,258,26636000
156,A225590,ÆÐ¼ÇÇÃ·§Æû,20210107,1350,1375,1295,1325,211520,258,26636000
157,A225590,ÆÐ¼ÇÇÃ·§Æû,20210106,1350,1365,1320,1350,157203,258,26636000
158,A225590,ÆÐ¼ÇÇÃ·§Æû,20210105,1360,1360,1335,1350,171156,258,26636000
159,A225590,ÆÐ¼ÇÇÃ·§Æû,20210104,1350,1365,1310,1360,183518,258,26636000
160,A225590,ÆÐ¼ÇÇÃ·§Æû,20201230,1320,1355,1310,1350,182937,258,26636000
161,A225590,ÆÐ¼ÇÇÃ·§Æû,20201229,1290,1325,1290,1310,106276,258,26636000
162,A225590,ÆÐ¼ÇÇÃ·§Æû,20201228,1295,1330,1260,1290,164818,258,26636000
163,A225590,ÆÐ¼ÇÇÃ·§Æû,20201224,1280,1310,1270,1295,95570,258,26636000
164,A225590,ÆÐ¼ÇÇÃ·§Æû,20201223,1270,1295,1235,1280,429686,258,26636000
165,A225590,ÆÐ¼ÇÇÃ·§Æû,20201222,1340,1350,1270,1280,253519,258,26636000
166,A225590,ÆÐ¼ÇÇÃ·§Æû,20201221,1365,1385,1330,1340,258718,258,26636000
167,A225590,ÆÐ¼ÇÇÃ·§Æû,20201218,1340,1380,1310,1365,269421,258,26636000
168,A225590,ÆÐ¼ÇÇÃ·§Æû,20201217,1325,1415,1310,1330,1272678,258,26636000
169,A225590,ÆÐ¼ÇÇÃ·§Æû,20201216,1340,1350,1280,1320,460038,258,26636000
170,A225590,ÆÐ¼ÇÇÃ·§Æû,20201215,1270,1395,1270,1340,2619802,258,26636000
171,A225590,ÆÐ¼ÇÇÃ·§Æû,20201214,1315,1320,1270,1270,216227,258,26636000
172,A225590,ÆÐ¼ÇÇÃ·§Æû,20201211,1280,1345,1275,1315,284224,258,26636000
173,A225590,ÆÐ¼ÇÇÃ·§Æû,20201210,1265,1280,1255,1275,58664,258,26636000
174,A225590,ÆÐ¼ÇÇÃ·§Æû,20201209,1275,1295,1265,1270,128401,258,26636000
175,A225590,ÆÐ¼ÇÇÃ·§Æû,20201208,1275,1290,1270,1275,119147,258,26636000
176,A225590,ÆÐ¼ÇÇÃ·§Æû,20201207,1255,1300,1255,1275,229076,258,26636000
177,A225590,ÆÐ¼ÇÇÃ·§Æû,20201204,1280,1295,1255,1255,241962,258,26636000
178,A225590,ÆÐ¼ÇÇÃ·§Æû,20201203,1310,1325,1280,1285,306101,258,26636000
179,A225590,ÆÐ¼ÇÇÃ·§Æû,20201202,1285,1315,1275,1310,426183,258,26636000
180,A225590,ÆÐ¼ÇÇÃ·§Æû,20201201,1280,1290,1260,1285,132285,258,26636000
181,A225590,ÆÐ¼ÇÇÃ·§Æû,20201130,1255,1275,1235,1275,163983,258,26636000
182,A225590,ÆÐ¼ÇÇÃ·§Æû,20201127,1255,1260,1225,1255,132000,258,26636000
183,A225590,ÆÐ¼ÇÇÃ·§Æû,20201126,1235,1275,1235,1255,130824,258,26636000
184,A225590,ÆÐ¼ÇÇÃ·§Æû,20201125,1265,1275,1235,1245,166300,258,26636000
185,A225590,ÆÐ¼ÇÇÃ·§Æû,20201124,1270,1280,1250,1260,205625,258,26636000
186,A225590,ÆÐ¼ÇÇÃ·§Æû,20201123,1250,1295,1245,1280,266563,258,26636000
187,A225590,ÆÐ¼ÇÇÃ·§Æû,20201120,1260,1285,1240,1260,205594,258,26636000
188,A225590,ÆÐ¼ÇÇÃ·§Æû,20201119,1270,1280,1245,1260,284516,258,26636000
189,A225590,ÆÐ¼ÇÇÃ·§Æû,20201118,1235,1295,1235,1270,672583,258,26636000
190,A225590,ÆÐ¼ÇÇÃ·§Æû,20201117,1215,1245,1215,1235,140398,258,26636000
191,A225590,ÆÐ¼ÇÇÃ·§Æû,20201116,1200,1225,1195,1210,106199,258,26636000
192,A225590,ÆÐ¼ÇÇÃ·§Æû,20201113,1225,1235,1195,1195,148670,258,26636000
193,A225590,ÆÐ¼ÇÇÃ·§Æû,20201112,1235,1255,1210,1225,263105,258,26636000
194,A225590,ÆÐ¼ÇÇÃ·§Æû,20201111,1240,1250,1210,1235,273504,258,26636000
195,A225590,ÆÐ¼ÇÇÃ·§Æû,20201110,1220,1260,1205,1245,403170,258,26636000
196,A225590,ÆÐ¼ÇÇÃ·§Æû,20201109,1210,1235,1205,1210,145319,258,26636000
197,A225590,ÆÐ¼ÇÇÃ·§Æû,20201106,1215,1230,1190,1210,249845,258,26636000
198,A225590,ÆÐ¼ÇÇÃ·§Æû,20201105,1185,1220,1180,1215,208731,258,26636000
199,A225590,ÆÐ¼ÇÇÃ·§Æû,20201104,1220,1225,1180,1190,231069,258,26636000
200,A225590,ÆÐ¼ÇÇÃ·§Æû,20201103,1175,1220,1175,1215,275750,258,26636000
201,A225590,ÆÐ¼ÇÇÃ·§Æû,20201102,1145,1195,1140,1175,182090,258,26636000
202,A225590,ÆÐ¼ÇÇÃ·§Æû,20201030,1205,1205,1125,1145,278380,258,26636000
203,A225590,ÆÐ¼ÇÇÃ·§Æû,20201029,1220,1230,1180,1205,403088,258,26636000
204,A225590,ÆÐ¼ÇÇÃ·§Æû,20201028,1215,1265,1210,1240,393599,258,26636000
205,A225590,ÆÐ¼ÇÇÃ·§Æû,20201027,1165,1285,1145,1220,887184,258,26636000
206,A225590,ÆÐ¼ÇÇÃ·§Æû,20201026,1265,1275,1170,1175,836536,258,26636000
207,A225590,ÆÐ¼ÇÇÃ·§Æû,20201023,1185,1300,1165,1300,1223318,258,26636000
208,A225590,ÆÐ¼ÇÇÃ·§Æû,20201022,1225,1235,1175,1195,729163,258,26636000
209,A225590,ÆÐ¼ÇÇÃ·§Æû,20201021,1470,1475,1215,1225,6460167,258,26636000
210,A225590,ÆÐ¼ÇÇÃ·§Æû,20201020,1160,1275,1135,1270,1070869,258,26636000
211,A225590,ÆÐ¼ÇÇÃ·§Æû,20201019,1140,1190,1135,1170,131225,258,26636000
212,A225590,ÆÐ¼ÇÇÃ·§Æû,20201016,1140,1175,1120,1140,125845,258,26636000
213,A225590,ÆÐ¼ÇÇÃ·§Æû,20201015,1170,1170,1120,1150,120527,258,26636000
214,A225590,ÆÐ¼ÇÇÃ·§Æû,20201014,1205,1225,1165,1175,112395,258,26636000
215,A225590,ÆÐ¼ÇÇÃ·§Æû,20201013,1185,1220,1165,1205,157045,258,26636000
216,A225590,ÆÐ¼ÇÇÃ·§Æû,20201012,1180,1195,1165,1180,109540,258,26636000
217,A225590,ÆÐ¼ÇÇÃ·§Æû,20201008,1190,1200,1165,1175,162399,258,26636000
218,A225590,ÆÐ¼ÇÇÃ·§Æû,20201007,1165,1205,1165,1190,92737,258,26636000
219,A225590,ÆÐ¼ÇÇÃ·§Æû,20201006,1155,1215,1155,1165,267668,258,26636000
220,A225590,ÆÐ¼ÇÇÃ·§Æû,20201005,1135,1200,1130,1155,119039,258,26636000
221,A225590,ÆÐ¼ÇÇÃ·§Æû,20200929,1135,1150,1125,1135,71168,258,26636000
222,A225590,ÆÐ¼ÇÇÃ·§Æû,20200928,1090,1175,1090,1130,204052,258,26636000
223,A225590,ÆÐ¼ÇÇÃ·§Æû,20200925,1070,1140,1055,1090,130218,258,26636000
224,A225590,ÆÐ¼ÇÇÃ·§Æû,20200924,1135,1135,1065,1070,181008,258,26636000
225,A225590,ÆÐ¼ÇÇÃ·§Æû,20200923,1115,1140,1080,1140,218323,258,26636000
226,A225590,ÆÐ¼ÇÇÃ·§Æû,20200922,1135,1145,1095,1120,224522,258,26636000
227,A225590,ÆÐ¼ÇÇÃ·§Æû,20200921,1205,1205,1140,1145,154972,258,26636000
228,A225590,ÆÐ¼ÇÇÃ·§Æû,20200918,1195,1230,1190,1205,132461,258,26636000
229,A225590,ÆÐ¼ÇÇÃ·§Æû,20200917,1225,1250,1200,1205,292142,258,26636000
230,A225590,ÆÐ¼ÇÇÃ·§Æû,20200916,1170,1270,1170,1230,796639,258,26636000
231,A225590,ÆÐ¼ÇÇÃ·§Æû,20200915,1170,1185,1150,1170,222906,258,26636000
232,A225590,ÆÐ¼ÇÇÃ·§Æû,20200914,1145,1180,1135,1170,357060,258,26636000
233,A225590,ÆÐ¼ÇÇÃ·§Æû,20200911,1145,1150,1130,1145,160201,258,26636000
234,A225590,ÆÐ¼ÇÇÃ·§Æû,20200910,1120,1150,1115,1150,358812,258,26636000
235,A225590,ÆÐ¼ÇÇÃ·§Æû,20200909,1135,1140,1110,1120,259525,258,26636000
236,A225590,ÆÐ¼ÇÇÃ·§Æû,20200908,1145,1150,1130,1140,243832,258,26636000
237,A225590,ÆÐ¼ÇÇÃ·§Æû,20200907,1135,1150,1110,1145,341697,258,26636000
238,A225590,ÆÐ¼ÇÇÃ·§Æû,20200904,1115,1155,1110,1135,763556,258,26636000
239,A225590,ÆÐ¼ÇÇÃ·§Æû,20200903,1335,1340,1170,1185,4571580,258,26636000
240,A225590,ÆÐ¼ÇÇÃ·§Æû,20200902,1170,1170,1140,1165,420316,258,26636000
241,A225590,ÆÐ¼ÇÇÃ·§Æû,20200901,1215,1215,1140,1180,643015,258,26636000
242,A225590,ÆÐ¼ÇÇÃ·§Æû,20200831,1175,1230,1135,1230,781025,258,26636000
243,A225590,ÆÐ¼ÇÇÃ·§Æû,20200828,1110,1260,1110,1170,1965819,258,26636000
244,A225590,ÆÐ¼ÇÇÃ·§Æû,20200827,1165,1165,1110,1110,181400,258,26636000
245,A225590,ÆÐ¼ÇÇÃ·§Æû,20200826,1065,1210,1060,1150,1439118,258,26636000
246,A225590,ÆÐ¼ÇÇÃ·§Æû,20200825,1040,1075,1040,1060,58650,258,26636000
247,A225590,ÆÐ¼ÇÇÃ·§Æû,20200824,1030,1075,1020,1035,64552,258,26636000
248,A225590,ÆÐ¼ÇÇÃ·§Æû,20200821,1030,1070,1020,1020,105327,258,26636000
249,A225590,ÆÐ¼ÇÇÃ·§Æû,20200820,1075,1105,1030,1030,134336,258,26636000
250,A225590,ÆÐ¼ÇÇÃ·§Æû,20200819,1065,1085,1055,1075,168697,258,26636000
251,A225590,ÆÐ¼ÇÇÃ·§Æû,20200818,1145,1145,1065,1065,233045,258,26636000
252,A225590,ÆÐ¼ÇÇÃ·§Æû,20200814,1175,1185,1125,1145,176263,258,26636000
253,A225590,ÆÐ¼ÇÇÃ·§Æû,20200813,1175,1200,1155,1175,146458,258,26636000
254,A225590,ÆÐ¼ÇÇÃ·§Æû,20200812,1180,1195,1135,1175,178497,258,26636000
255,A225590,ÆÐ¼ÇÇÃ·§Æû,20200811,1140,1190,1140,1190,277084,258,26636000
256,A225590,ÆÐ¼ÇÇÃ·§Æû,20200810,1120,1150,1100,1140,275457,258,26636000
257,A225590,ÆÐ¼ÇÇÃ·§Æû,20200807,1210,1210,1120,1120,1157227,258,26636000
258,A225590,ÆÐ¼ÇÇÃ·§Æû,20200806,1100,1135,1085,1135,1236577,258,26636000
259,A225590,ÆÐ¼ÇÇÃ·§Æû,20200805,1080,1110,1075,1100,80707,258,26636000
260,A225590,ÆÐ¼ÇÇÃ·§Æû,20200804,1095,1095,1060,1080,134891,258,26636000
261,A225590,ÆÐ¼ÇÇÃ·§Æû,20200803,1095,1105,1080,1095,67683,258,26636000
262,A225590,ÆÐ¼ÇÇÃ·§Æû,20200731,1110,1110,1075,1095,102892,258,26636000
263,A225590,ÆÐ¼ÇÇÃ·§Æû,20200730,1085,1125,1080,1110,134683,258,26636000
264,A225590,ÆÐ¼ÇÇÃ·§Æû,20200729,1090,1115,1080,1080,59496,258,26636000
265,A225590,ÆÐ¼ÇÇÃ·§Æû,20200728,1105,1130,1075,1090,148679,258,26636000
266,A225590,ÆÐ¼ÇÇÃ·§Æû,20200727,1065,1115,1055,1105,52773,258,26636000
267,A225590,ÆÐ¼ÇÇÃ·§Æû,20200724,1075,1090,1045,1065,112472,258,26636000
268,A225590,ÆÐ¼ÇÇÃ·§Æû,20200723,1095,1115,1075,1075,139565,258,26636000
269,A225590,ÆÐ¼ÇÇÃ·§Æû,20200722,1130,1140,1095,1095,122705,258,26636000
270,A225590,ÆÐ¼ÇÇÃ·§Æû,20200721,1150,1165,1115,1130,127918,258,26636000
271,A225590,ÆÐ¼ÇÇÃ·§Æû,20200720,1105,1160,1080,1150,495023,258,26636000
272,A225590,ÆÐ¼ÇÇÃ·§Æû,20200717,1070,1135,1060,1110,360475,258,26636000
273,A225590,ÆÐ¼ÇÇÃ·§Æû,20200716,1060,1115,1040,1070,568302,258,26636000
274,A225590,ÆÐ¼ÇÇÃ·§Æû,20200715,1035,1050,1030,1045,53303,258,26636000
275,A225590,ÆÐ¼ÇÇÃ·§Æû,20200714,1035,1050,1030,1035,39070,258,26636000
276,A225590,ÆÐ¼ÇÇÃ·§Æû,20200713,1030,1045,1025,1045,36815,258,26636000
277,A225590,ÆÐ¼ÇÇÃ·§Æû,20200710,1050,1050,1020,1030,53535,258,26636000
278,A225590,ÆÐ¼ÇÇÃ·§Æû,20200709,1040,1050,1030,1030,48500,258,26636000
279,A225590,ÆÐ¼ÇÇÃ·§Æû,20200708,1040,1060,1030,1040,33723,258,26636000
280,A225590,ÆÐ¼ÇÇÃ·§Æû,20200707,1060,1065,1035,1040,79772,258,26636000
281,A225590,ÆÐ¼ÇÇÃ·§Æû,20200706,1055,1070,1050,1065,38657,258,26636000
282,A225590,ÆÐ¼ÇÇÃ·§Æû,20200703,1050,1060,1040,1055,63595,258,26636000
283,A225590,ÆÐ¼ÇÇÃ·§Æû,20200702,1030,1060,1025,1040,46175,258,26636000
284,A225590,ÆÐ¼ÇÇÃ·§Æû,20200701,1020,1040,1015,1030,88730,258,26636000
285,A225590,ÆÐ¼ÇÇÃ·§Æû,20200630,1015,1030,1010,1015,127204,258,26636000
286,A225590,ÆÐ¼ÇÇÃ·§Æû,20200629,1045,1050,1010,1015,81290,258,26636000
287,A225590,ÆÐ¼ÇÇÃ·§Æû,20200626,1030,1070,1025,1045,83061,258,26636000
288,A225590,ÆÐ¼ÇÇÃ·§Æû,20200625,1035,1055,1020,1040,48277,258,26636000
289,A225590,ÆÐ¼ÇÇÃ·§Æû,20200624,1060,1065,1025,1035,111411,258,26636000
290,A225590,ÆÐ¼ÇÇÃ·§Æû,20200623,1080,1095,1045,1055,110038,258,26636000
291,A225590,ÆÐ¼ÇÇÃ·§Æû,20200622,1120,1120,1075,1080,146210,258,26636000
292,A225590,ÆÐ¼ÇÇÃ·§Æû,20200619,1070,1110,1050,1075,216550,258,26636000
293,A225590,ÆÐ¼ÇÇÃ·§Æû,20200618,1020,1070,1020,1070,235188,258,26636000
294,A225590,ÆÐ¼ÇÇÃ·§Æû,20200617,1015,1035,999,1020,117765,258,26636000
295,A225590,ÆÐ¼ÇÇÃ·§Æû,20200616,974,1025,974,1005,187067,258,26636000
296,A225590,ÆÐ¼ÇÇÃ·§Æû,20200615,1095,1100,965,971,318539,258,26636000
297,A225590,ÆÐ¼ÇÇÃ·§Æû,20200612,1055,1115,1045,1105,192565,258,26636000
298,A225590,ÆÐ¼ÇÇÃ·§Æû,20200611,1120,1150,1110,1115,180261,258,26636000
299,A225590,ÆÐ¼ÇÇÃ·§Æû,20200610,1150,1155,1085,1120,308611,258,26636000
300,A225590,ÆÐ¼ÇÇÃ·§Æû,20200609,1155,1160,1135,1150,104234,258,26636000
301,A225590,ÆÐ¼ÇÇÃ·§Æû,20200608,1160,1160,1125,1155,148834,258,26636000
302,A225590,ÆÐ¼ÇÇÃ·§Æû,20200605,1170,1180,1145,1160,109786,258,26636000
303,A225590,ÆÐ¼ÇÇÃ·§Æû,20200604,1145,1190,1125,1160,423359,258,26636000
304,A225590,ÆÐ¼ÇÇÃ·§Æû,20200603,1170,1185,1140,1140,219990,258,26636000
305,A225590,ÆÐ¼ÇÇÃ·§Æû,20200602,1155,1165,1130,1165,141800,258,26636000
306,A225590,ÆÐ¼ÇÇÃ·§Æû,20200601,1120,1160,1120,1155,158947,258,26636000
307,A225590,ÆÐ¼ÇÇÃ·§Æû,20200529,1145,1145,1115,1120,196040,258,26636000
308,A225590,ÆÐ¼ÇÇÃ·§Æû,20200528,1175,1185,1105,1145,636664,258,26636000
309,A225590,ÆÐ¼ÇÇÃ·§Æû,20200527,1175,1225,1170,1175,682528,258,26636000
310,A225590,ÆÐ¼ÇÇÃ·§Æû,20200526,1195,1210,1155,1185,587416,258,26636000
311,A225590,ÆÐ¼ÇÇÃ·§Æû,20200525,1160,1200,1155,1190,804032,258,26636000
312,A225590,ÆÐ¼ÇÇÃ·§Æû,20200522,1090,1325,1075,1170,10122097,258,26636000
313,A225590,ÆÐ¼ÇÇÃ·§Æû,20200521,1070,1095,1060,1090,149129,258,26636000
314,A225590,ÆÐ¼ÇÇÃ·§Æû,20200520,1060,1080,1045,1060,111785,258,26636000
315,A225590,ÆÐ¼ÇÇÃ·§Æû,20200519,1070,1090,1040,1070,171185,258,26636000
316,A225590,ÆÐ¼ÇÇÃ·§Æû,20200518,1030,1070,1020,1070,149331,258,26636000
317,A225590,ÆÐ¼ÇÇÃ·§Æû,20200515,1030,1045,1010,1030,88450,258,26636000
318,A225590,ÆÐ¼ÇÇÃ·§Æû,20200514,1050,1070,1030,1030,87066,258,26636000
319,A225590,ÆÐ¼ÇÇÃ·§Æû,20200513,1040,1070,1010,1070,127739,258,26636000
320,A225590,ÆÐ¼ÇÇÃ·§Æû,20200512,1070,1085,1015,1040,178898,258,26636000
321,A225590,ÆÐ¼ÇÇÃ·§Æû,20200511,1070,1085,1060,1060,94258,258,26636000
322,A225590,ÆÐ¼ÇÇÃ·§Æû,20200508,1080,1100,1065,1070,170126,258,26636000
323,A225590,ÆÐ¼ÇÇÃ·§Æû,20200507,1075,1110,1065,1080,262235,258,26636000
324,A225590,ÆÐ¼ÇÇÃ·§Æû,20200506,1070,1090,1050,1075,305125,258,26636000
325,A225590,ÆÐ¼ÇÇÃ·§Æû,20200504,1100,1200,1060,1065,3647613,258,26636000
326,A225590,ÆÐ¼ÇÇÃ·§Æû,20200429,1060,1090,999,1070,455855,258,26636000
327,A225590,ÆÐ¼ÇÇÃ·§Æû,20200428,977,1045,958,1020,195013,258,26636000
328,A225590,ÆÐ¼ÇÇÃ·§Æû,20200427,985,998,966,977,105765,258,26636000
329,A225590,ÆÐ¼ÇÇÃ·§Æû,20200424,1000,1000,963,992,109521,258,26636000
330,A225590,ÆÐ¼ÇÇÃ·§Æû,20200423,957,995,957,995,119994,258,26636000
331,A225590,ÆÐ¼ÇÇÃ·§Æû,20200422,928,957,900,957,99599,258,26636000
332,A225590,ÆÐ¼ÇÇÃ·§Æû,20200421,980,999,890,931,156661,258,26636000
333,A225590,ÆÐ¼ÇÇÃ·§Æû,20200420,997,1005,978,980,118133,258,26636000
334,A225590,ÆÐ¼ÇÇÃ·§Æû,20200417,946,985,946,978,132587,258,26636000
335,A225590,ÆÐ¼ÇÇÃ·§Æû,20200416,945,979,925,949,112003,258,26636000
336,A225590,ÆÐ¼ÇÇÃ·§Æû,20200414,892,946,892,945,139740,258,26636000
337,A225590,ÆÐ¼ÇÇÃ·§Æû,20200413,951,957,892,892,112387,258,26636000
338,A225590,ÆÐ¼ÇÇÃ·§Æû,20200410,956,979,920,951,170923,258,26636000
339,A225590,ÆÐ¼ÇÇÃ·§Æû,20200409,990,990,951,955,68596,258,26636000
340,A225590,ÆÐ¼ÇÇÃ·§Æû,20200408,959,988,939,946,164978,258,26636000
341,A225590,ÆÐ¼ÇÇÃ·§Æû,20200407,967,967,926,959,191892,258,26636000
342,A225590,ÆÐ¼ÇÇÃ·§Æû,20200406,876,932,873,927,170317,258,26636000
343,A225590,ÆÐ¼ÇÇÃ·§Æû,20200403,813,879,813,873,172108,258,26636000
344,A225590,ÆÐ¼ÇÇÃ·§Æû,20200402,800,831,791,813,230795,258,26636000
345,A225590,ÆÐ¼ÇÇÃ·§Æû,20200401,805,857,789,800,253506,258,26636000
346,A225590,ÆÐ¼ÇÇÃ·§Æû,20200331,788,795,751,789,224534,258,26636000
347,A225590,ÆÐ¼ÇÇÃ·§Æû,20200330,698,739,669,728,146871,258,26636000
348,A225590,ÆÐ¼ÇÇÃ·§Æû,20200327,729,770,678,709,291509,258,26636000
349,A225590,ÆÐ¼ÇÇÃ·§Æû,20200326,676,730,676,726,197557,258,26636000
350,A225590,ÆÐ¼ÇÇÃ·§Æû,20200325,636,698,636,673,175333,258,26636000
351,A225590,ÆÐ¼ÇÇÃ·§Æû,20200324,587,625,587,624,134537,258,26636000
352,A225590,ÆÐ¼ÇÇÃ·§Æû,20200323,606,620,571,579,198530,258,26636000
353,A225590,ÆÐ¼ÇÇÃ·§Æû,20200320,593,654,593,641,403574,258,26636000
354,A225590,ÆÐ¼ÇÇÃ·§Æû,20200319,714,766,582,607,294411,258,26636000
355,A225590,ÆÐ¼ÇÇÃ·§Æû,20200318,822,890,710,710,108009,258,26636000
356,A225590,ÆÐ¼ÇÇÃ·§Æû,20200317,801,850,760,830,161824,258,26636000
357,A225590,ÆÐ¼ÇÇÃ·§Æû,20200316,900,945,860,863,205768,258,26636000
358,A225590,ÆÐ¼ÇÇÃ·§Æû,20200313,831,970,820,926,398682,258,26636000
359,A225590,ÆÐ¼ÇÇÃ·§Æû,20200312,1115,1135,1000,1030,184303,258,26636000
360,A225590,ÆÐ¼ÇÇÃ·§Æû,20200311,1140,1160,1100,1135,97351,258,26636000
361,A225590,ÆÐ¼ÇÇÃ·§Æû,20200310,1100,1145,1075,1135,95394,258,26636000
362,A225590,ÆÐ¼ÇÇÃ·§Æû,20200309,1195,1195,1090,1115,119350,258,26636000
363,A225590,ÆÐ¼ÇÇÃ·§Æû,20200306,1220,1245,1180,1195,55083,258,26636000
364,A225590,ÆÐ¼ÇÇÃ·§Æû,20200305,1225,1235,1205,1220,59515,258,26636000
365,A225590,ÆÐ¼ÇÇÃ·§Æû,20200304,1175,1230,1175,1220,79305,258,26636000
366,A225590,ÆÐ¼ÇÇÃ·§Æû,20200303,1190,1215,1165,1190,96979,258,26636000
367,A225590,ÆÐ¼ÇÇÃ·§Æû,20200302,1135,1160,1105,1145,59404,258,26636000
368,A225590,ÆÐ¼ÇÇÃ·§Æû,20200228,1210,1255,1135,1135,286926,258,26636000
369,A225590,ÆÐ¼ÇÇÃ·§Æû,20200227,1300,1305,1235,1260,84443,258,26636000
370,A225590,ÆÐ¼ÇÇÃ·§Æû,20200226,1295,1300,1280,1300,38306,258,26636000
371,A225590,ÆÐ¼ÇÇÃ·§Æû,20200225,1245,1310,1245,1295,118858,258,26636000
372,A225590,ÆÐ¼ÇÇÃ·§Æû,20200224,1290,1290,1235,1265,155838,258,26636000
373,A225590,ÆÐ¼ÇÇÃ·§Æû,20200221,1315,1340,1285,1290,153272,258,26636000
374,A225590,ÆÐ¼ÇÇÃ·§Æû,20200220,1355,1355,1320,1330,93798,258,26636000
375,A225590,ÆÐ¼ÇÇÃ·§Æû,20200219,1390,1390,1330,1355,198879,258,26636000
376,A225590,ÆÐ¼ÇÇÃ·§Æû,20200218,1360,1390,1325,1380,519298,258,26636000
377,A225590,ÆÐ¼ÇÇÃ·§Æû,20200217,1295,1370,1295,1370,505318,258,26636000
378,A225590,ÆÐ¼ÇÇÃ·§Æû,20200214,1295,1310,1285,1295,111820,258,26636000
379,A225590,ÆÐ¼ÇÇÃ·§Æû,20200213,1350,1375,1285,1290,415871,258,26636000
380,A225590,ÆÐ¼ÇÇÃ·§Æû,20200212,1315,1320,1295,1305,41255,258,26636000
381,A225590,ÆÐ¼ÇÇÃ·§Æû,20200211,1300,1320,1285,1305,100885,258,26636000
382,A225590,ÆÐ¼ÇÇÃ·§Æû,20200210,1335,1395,1285,1300,633306,258,26636000
383,A225590,ÆÐ¼ÇÇÃ·§Æû,20200207,1290,1305,1280,1295,46466,258,26636000
384,A225590,ÆÐ¼ÇÇÃ·§Æû,20200206,1315,1315,1295,1305,44012,258,26636000
385,A225590,ÆÐ¼ÇÇÃ·§Æû,20200205,1310,1330,1290,1315,32333,258,26636000
386,A225590,ÆÐ¼ÇÇÃ·§Æû,20200204,1250,1305,1250,1305,61289,258,26636000
387,A225590,ÆÐ¼ÇÇÃ·§Æû,20200203,1260,1265,1210,1265,62282,258,26636000
388,A225590,ÆÐ¼ÇÇÃ·§Æû,20200131,1265,1305,1265,1280,91161,258,26636000
389,A225590,ÆÐ¼ÇÇÃ·§Æû,20200130,1290,1290,1260,1265,53083,258,26636000
390,A225590,ÆÐ¼ÇÇÃ·§Æû,20200129,1235,1290,1235,1290,38511,258,26636000
391,A225590,ÆÐ¼ÇÇÃ·§Æû,20200128,1275,1275,1225,1235,126454,258,26636000
392,A225590,ÆÐ¼ÇÇÃ·§Æû,20200123,1325,1345,1300,1305,26912,258,26636000
393,A225590,ÆÐ¼ÇÇÃ·§Æû,20200122,1315,1335,1315,1325,41501,258,26636000
394,A225590,ÆÐ¼ÇÇÃ·§Æû,20200121,1315,1325,1290,1315,59442,258,26636000
395,A225590,ÆÐ¼ÇÇÃ·§Æû,20200120,1350,1365,1320,1325,74024,258,26636000
396,A225590,ÆÐ¼ÇÇÃ·§Æû,20200117,1360,1360,1330,1350,149523,258,26636000
397,A225590,ÆÐ¼ÇÇÃ·§Æû,20200116,1310,1360,1310,1360,412699,258,26636000
398,A225590,ÆÐ¼ÇÇÃ·§Æû,20200115,1310,1325,1295,1310,186150,258,26636000
399,A225590,ÆÐ¼ÇÇÃ·§Æû,20200114,1275,1375,1265,1305,491334,258,26636000
400,A225590,ÆÐ¼ÇÇÃ·§Æû,20200113,1270,1285,1260,1270,62929,258,26636000
401,A225590,ÆÐ¼ÇÇÃ·§Æû,20200110,1250,1265,1245,1260,32681,258,26636000
402,A225590,ÆÐ¼ÇÇÃ·§Æû,20200109,1225,1250,1220,1250,37017,258,26636000
403,A225590,ÆÐ¼ÇÇÃ·§Æû,20200108,1265,1280,1215,1215,110784,258,26636000
404,A225590,ÆÐ¼ÇÇÃ·§Æû,20200107,1230,1290,1230,1265,35581,258,26636000
405,A225590,ÆÐ¼ÇÇÃ·§Æû,20200106,1260,1260,1230,1240,49237,258,26636000
406,A225590,ÆÐ¼ÇÇÃ·§Æû,20200103,1280,1285,1255,1265,67858,258,26636000
407,A225590,ÆÐ¼ÇÇÃ·§Æû,20200102,1265,1295,1255,1280,53073,258,26636000
408,A225590,ÆÐ¼ÇÇÃ·§Æû,20191230,1275,1310,1265,1275,41943,258,26636000
409,A225590,ÆÐ¼ÇÇÃ·§Æû,20191227,1275,1290,1260,1275,36945,258,26636000
410,A225590,ÆÐ¼ÇÇÃ·§Æû,20191226,1245,1280,1230,1275,69711,258,26636000
411,A225590,ÆÐ¼ÇÇÃ·§Æû,20191224,1245,1250,1230,1240,23735,258,26636000
412,A225590,ÆÐ¼ÇÇÃ·§Æû,20191223,1240,1250,1220,1245,56775,258,26636000
413,A225590,ÆÐ¼ÇÇÃ·§Æû,20191220,1240,1260,1205,1240,75637,258,26636000
414,A225590,ÆÐ¼ÇÇÃ·§Æû,20191219,1240,1260,1235,1240,26910,258,26636000
415,A225590,ÆÐ¼ÇÇÃ·§Æû,20191218,1265,1275,1235,1240,43526,258,26636000
416,A225590,ÆÐ¼ÇÇÃ·§Æû,20191217,1255,1290,1245,1265,61087,258,26636000
417,A225590,ÆÐ¼ÇÇÃ·§Æû,20191216,1270,1270,1250,1255,23561,258,26636000
418,A225590,ÆÐ¼ÇÇÃ·§Æû,20191213,1245,1260,1240,1250,22918,258,26636000
419,A225590,ÆÐ¼ÇÇÃ·§Æû,20191212,1210,1275,1205,1245,60248,258,26636000
420,A225590,ÆÐ¼ÇÇÃ·§Æû,20191211,1215,1225,1200,1210,21340,258,26636000
421,A225590,ÆÐ¼ÇÇÃ·§Æû,20191210,1225,1235,1195,1205,72737,258,26636000
422,A225590,ÆÐ¼ÇÇÃ·§Æû,20191209,1200,1225,1195,1200,41112,258,26636000
423,A225590,ÆÐ¼ÇÇÃ·§Æû,20191206,1200,1215,1180,1200,41209,258,26636000
424,A225590,ÆÐ¼ÇÇÃ·§Æû,20191205,1220,1225,1185,1200,70888,258,26636000
425,A225590,ÆÐ¼ÇÇÃ·§Æû,20191204,1240,1295,1215,1215,47617,258,26636000
426,A225590,ÆÐ¼ÇÇÃ·§Æû,20191203,1210,1270,1200,1245,89515,258,26636000
427,A225590,ÆÐ¼ÇÇÃ·§Æû,20191202,1235,1240,1205,1210,75055,258,26636000
428,A225590,ÆÐ¼ÇÇÃ·§Æû,20191129,1275,1275,1235,1235,85040,258,26636000
429,A225590,ÆÐ¼ÇÇÃ·§Æû,20191128,1275,1300,1260,1275,52257,258,26636000
430,A225590,ÆÐ¼ÇÇÃ·§Æû,20191127,1280,1295,1265,1275,43372,258,26636000
431,A225590,ÆÐ¼ÇÇÃ·§Æû,20191126,1270,1295,1260,1280,93231,258,26636000
432,A225590,ÆÐ¼ÇÇÃ·§Æû,20191125,1240,1270,1235,1270,79123,258,26636000
433,A225590,ÆÐ¼ÇÇÃ·§Æû,20191122,1250,1265,1235,1240,62029,258,26636000
434,A225590,ÆÐ¼ÇÇÃ·§Æû,20191121,1280,1280,1240,1255,123409,258,26636000
435,A225590,ÆÐ¼ÇÇÃ·§Æû,20191120,1320,1320,1275,1280,132104,258,26636000
436,A225590,ÆÐ¼ÇÇÃ·§Æû,20191119,1335,1335,1285,1320,213590,258,26636000
437,A225590,ÆÐ¼ÇÇÃ·§Æû,20191118,1345,1345,1325,1335,56414,258,26636000
438,A225590,ÆÐ¼ÇÇÃ·§Æû,20191115,1350,1360,1335,1345,66214,258,26636000
439,A225590,ÆÐ¼ÇÇÃ·§Æû,20191114,1360,1360,1335,1350,101715,258,26636000
440,A225590,ÆÐ¼ÇÇÃ·§Æû,20191113,1360,1365,1345,1360,46752,258,26636000
441,A225590,ÆÐ¼ÇÇÃ·§Æû,20191112,1355,1360,1340,1360,62267,258,26636000
442,A225590,ÆÐ¼ÇÇÃ·§Æû,20191111,1355,1360,1340,1355,146028,258,26636000
443,A225590,ÆÐ¼ÇÇÃ·§Æû,20191108,1360,1360,1340,1355,67910,258,26636000
444,A225590,ÆÐ¼ÇÇÃ·§Æû,20191107,1365,1370,1335,1360,90093,258,26636000
445,A225590,ÆÐ¼ÇÇÃ·§Æû,20191106,1350,1365,1330,1365,55843,258,26636000
446,A225590,ÆÐ¼ÇÇÃ·§Æû,20191105,1340,1360,1335,1350,47578,258,26636000
447,A225590,ÆÐ¼ÇÇÃ·§Æû,20191104,1345,1355,1325,1340,101532,258,26636000
448,A225590,ÆÐ¼ÇÇÃ·§Æû,20191101,1365,1370,1335,1345,67661,258,26636000
449,A225590,ÆÐ¼ÇÇÃ·§Æû,20191031,1365,1395,1335,1365,89720,258,26636000
450,A225590,ÆÐ¼ÇÇÃ·§Æû,20191030,1330,1390,1320,1365,154973,258,26636000
451,A225590,ÆÐ¼ÇÇÃ·§Æû,20191029,1320,1340,1315,1335,92012,258,26636000
452,A225590,ÆÐ¼ÇÇÃ·§Æû,20191028,1320,1340,1315,1320,81922,258,26636000
453,A225590,ÆÐ¼ÇÇÃ·§Æû,20191025,1330,1330,1300,1320,75305,258,26636000
454,A225590,ÆÐ¼ÇÇÃ·§Æû,20191024,1335,1340,1310,1330,66397,258,26636000
455,A225590,ÆÐ¼ÇÇÃ·§Æû,20191023,1320,1345,1310,1335,95747,258,26636000
456,A225590,ÆÐ¼ÇÇÃ·§Æû,20191022,1335,1360,1325,1345,77087,258,26636000
457,A225590,ÆÐ¼ÇÇÃ·§Æû,20191021,1360,1370,1325,1335,41264,258,26636000
458,A225590,ÆÐ¼ÇÇÃ·§Æû,20191018,1370,1385,1355,1355,73131,258,26636000
459,A225590,ÆÐ¼ÇÇÃ·§Æû,20191017,1335,1375,1330,1370,150690,258,26636000
460,A225590,ÆÐ¼ÇÇÃ·§Æû,20191016,1330,1345,1320,1345,53834,258,26636000
461,A225590,ÆÐ¼ÇÇÃ·§Æû,20191015,1315,1340,1315,1325,65309,258,26636000
462,A225590,ÆÐ¼ÇÇÃ·§Æû,20191014,1315,1340,1310,1315,66404,258,26636000
463,A225590,ÆÐ¼ÇÇÃ·§Æû,20191011,1350,1365,1305,1310,90150,258,26636000
464,A225590,ÆÐ¼ÇÇÃ·§Æû,20191010,1295,1325,1295,1310,64698,258,26636000
465,A225590,ÆÐ¼ÇÇÃ·§Æû,20191008,1300,1310,1290,1310,60265,258,26636000
466,A225590,ÆÐ¼ÇÇÃ·§Æû,20191007,1300,1315,1275,1300,83726,258,26636000
467,A225590,ÆÐ¼ÇÇÃ·§Æû,20191004,1315,1315,1280,1300,116890,258,26636000
468,A225590,ÆÐ¼ÇÇÃ·§Æû,20191002,1320,1325,1295,1315,87706,258,26636000
469,A225590,ÆÐ¼ÇÇÃ·§Æû,20191001,1310,1335,1300,1330,98313,258,26636000
470,A225590,ÆÐ¼ÇÇÃ·§Æû,20190930,1345,1345,1300,1310,52363,258,26636000
471,A225590,ÆÐ¼ÇÇÃ·§Æû,20190927,1315,1355,1290,1350,125040,258,26636000
472,A225590,ÆÐ¼ÇÇÃ·§Æû,20190926,1340,1360,1300,1315,143214,258,26636000
473,A225590,ÆÐ¼ÇÇÃ·§Æû,20190925,1400,1400,1335,1335,226043,258,26636000
474,A225590,ÆÐ¼ÇÇÃ·§Æû,20190924,1385,1405,1375,1400,106566,258,26636000
475,A225590,ÆÐ¼ÇÇÃ·§Æû,20190923,1400,1400,1380,1385,78860,258,26636000
476,A225590,ÆÐ¼ÇÇÃ·§Æû,20190920,1405,1405,1365,1400,213692,258,26636000
477,A225590,ÆÐ¼ÇÇÃ·§Æû,20190919,1400,1410,1385,1395,149024,258,26636000
478,A225590,ÆÐ¼ÇÇÃ·§Æû,20190918,1400,1415,1385,1400,143430,258,26636000
479,A225590,ÆÐ¼ÇÇÃ·§Æû,20190917,1405,1415,1380,1415,294272,258,26636000
480,A225590,ÆÐ¼ÇÇÃ·§Æû,20190916,1380,1420,1375,1420,229452,258,26636000
481,A225590,ÆÐ¼ÇÇÃ·§Æû,20190911,1365,1395,1365,1380,103936,258,26636000
482,A225590,ÆÐ¼ÇÇÃ·§Æû,20190910,1430,1440,1365,1370,534175,258,26636000
483,A225590,ÆÐ¼ÇÇÃ·§Æû,20190909,1365,1390,1355,1380,159477,258,26636000
484,A225590,ÆÐ¼ÇÇÃ·§Æû,20190906,1380,1385,1350,1365,115576,258,26636000
485,A225590,ÆÐ¼ÇÇÃ·§Æû,20190905,1380,1390,1360,1370,177196,258,26636000
486,A225590,ÆÐ¼ÇÇÃ·§Æû,20190904,1370,1395,1365,1380,186770,258,26636000
487,A225590,ÆÐ¼ÇÇÃ·§Æû,20190903,1365,1395,1340,1370,295404,258,26636000
488,A225590,ÆÐ¼ÇÇÃ·§Æû,20190902,1350,1365,1335,1360,147310,258,26636000
489,A225590,ÆÐ¼ÇÇÃ·§Æû,20190830,1340,1365,1330,1350,95610,258,26636000
490,A225590,ÆÐ¼ÇÇÃ·§Æû,20190829,1380,1380,1315,1330,134323,258,26636000
491,A225590,ÆÐ¼ÇÇÃ·§Æû,20190828,1325,1375,1310,1370,94196,258,26636000
492,A225590,ÆÐ¼ÇÇÃ·§Æû,20190827,1320,1345,1305,1310,139914,258,26636000
493,A225590,ÆÐ¼ÇÇÃ·§Æû,20190826,1380,1400,1295,1300,318841,258,26636000
494,A225590,ÆÐ¼ÇÇÃ·§Æû,20190823,1375,1415,1350,1405,278616,258,26636000
495,A225590,ÆÐ¼ÇÇÃ·§Æû,20190822,1425,1425,1355,1375,213008,258,26636000
496,A225590,ÆÐ¼ÇÇÃ·§Æû,20190821,1385,1415,1380,1410,150465,258,26636000
497,A225590,ÆÐ¼ÇÇÃ·§Æû,20190820,1370,1395,1350,1390,239543,258,26636000
498,A225590,ÆÐ¼ÇÇÃ·§Æû,20190819,1380,1390,1350,1370,254654,258,26636000
499,A225590,ÆÐ¼ÇÇÃ·§Æû,20190816,1430,1485,1355,1360,1387583,258,26636000
500,A225590,ÆÐ¼ÇÇÃ·§Æû,20190814,1325,1405,1315,1390,514549,258,26636000
501,A225590,ÆÐ¼ÇÇÃ·§Æû,20190813,1330,1355,1305,1320,178390,258,26636000
502,A225590,ÆÐ¼ÇÇÃ·§Æû,20190812,1335,1350,1320,1345,162595,258,26636000
503,A225590,ÆÐ¼ÇÇÃ·§Æû,20190809,1360,1380,1330,1340,384050,258,26636000
504,A225590,ÆÐ¼ÇÇÃ·§Æû,20190808,1360,1390,1310,1360,614489,258,26636000
505,A225590,ÆÐ¼ÇÇÃ·§Æû,20190807,1260,1440,1260,1340,2017593,258,26636000
506,A225590,ÆÐ¼ÇÇÃ·§Æû,20190806,1270,1350,1160,1240,1006986,258,26636000
507,A225590,ÆÐ¼ÇÇÃ·§Æû,20190805,1315,1400,1270,1310,1211182,258,26636000
508,A225590,ÆÐ¼ÇÇÃ·§Æû,20190802,1280,1335,1270,1310,288972,258,26636000
509,A225590,ÆÐ¼ÇÇÃ·§Æû,20190801,1320,1355,1305,1305,282866,258,26636000
510,A225590,ÆÐ¼ÇÇÃ·§Æû,20190731,1350,1365,1275,1340,789898,258,26636000
511,A225590,ÆÐ¼ÇÇÃ·§Æû,20190730,1300,1580,1300,1375,5751617,258,26636000
512,A225590,ÆÐ¼ÇÇÃ·§Æû,20190729,1425,1430,1295,1300,540642,258,26636000
513,A225590,ÆÐ¼ÇÇÃ·§Æû,20190726,1435,1455,1400,1440,185812,258,26636000
514,A225590,ÆÐ¼ÇÇÃ·§Æû,20190725,1480,1505,1390,1435,568515,258,26636000
515,A225590,ÆÐ¼ÇÇÃ·§Æû,20190724,1510,1530,1470,1490,402166,258,26636000
516,A225590,ÆÐ¼ÇÇÃ·§Æû,20190723,1620,1640,1515,1525,1079325,258,26636000
517,A225590,ÆÐ¼ÇÇÃ·§Æû,20190722,1675,1680,1635,1640,729271,258,26636000
518,A225590,ÆÐ¼ÇÇÃ·§Æû,20190719,1650,1670,1600,1670,901080,258,26636000
519,A225590,ÆÐ¼ÇÇÃ·§Æû,20190718,1655,1660,1585,1650,1062998,258,26636000
520,A225590,ÆÐ¼ÇÇÃ·§Æû,20190717,1575,1825,1540,1635,8134640,258,26636000
521,A225590,ÆÐ¼ÇÇÃ·§Æû,20190716,1510,1545,1500,1545,138942,258,26636000
522,A225590,ÆÐ¼ÇÇÃ·§Æû,20190715,1565,1570,1515,1530,85400,258,26636000
523,A225590,ÆÐ¼ÇÇÃ·§Æû,20190712,1565,1580,1530,1540,96831,258,26636000
524,A225590,ÆÐ¼ÇÇÃ·§Æû,20190711,1525,1575,1485,1565,182915,258,26636000
525,A225590,ÆÐ¼ÇÇÃ·§Æû,20190710,1530,1600,1510,1520,251677,258,26636000
526,A225590,ÆÐ¼ÇÇÃ·§Æû,20190709,1580,1585,1490,1530,356351,258,26636000
527,A225590,ÆÐ¼ÇÇÃ·§Æû,20190708,1625,1625,1515,1575,634690,258,26636000
528,A225590,ÆÐ¼ÇÇÃ·§Æû,20190705,1515,1630,1505,1630,1129448,258,26636000
529,A225590,ÆÐ¼ÇÇÃ·§Æû,20190704,1530,1560,1500,1515,271047,258,26636000
530,A225590,ÆÐ¼ÇÇÃ·§Æû,20190703,1500,1555,1470,1540,258189,258,26636000
531,A225590,ÆÐ¼ÇÇÃ·§Æû,20190702,1455,1520,1430,1500,78877,258,26636000
532,A225590,ÆÐ¼ÇÇÃ·§Æû,20190701,1455,1470,1440,1460,62995,258,26636000
533,A225590,ÆÐ¼ÇÇÃ·§Æû,20190628,1470,1480,1420,1440,113275,258,26636000
534,A225590,ÆÐ¼ÇÇÃ·§Æû,20190627,1495,1515,1470,1470,95639,258,26636000
535,A225590,ÆÐ¼ÇÇÃ·§Æû,20190626,1515,1525,1495,1520,51133,258,26636000
536,A225590,ÆÐ¼ÇÇÃ·§Æû,20190625,1515,1540,1500,1515,58536,258,26636000
537,A225590,ÆÐ¼ÇÇÃ·§Æû,20190624,1525,1570,1505,1515,102096,258,26636000
538,A225590,ÆÐ¼ÇÇÃ·§Æû,20190621,1515,1560,1460,1525,78233,258,26636000
539,A225590,ÆÐ¼ÇÇÃ·§Æû,20190620,1525,1525,1490,1515,58329,258,26636000
540,A225590,ÆÐ¼ÇÇÃ·§Æû,20190619,1500,1520,1495,1520,89768,258,26636000
541,A225590,ÆÐ¼ÇÇÃ·§Æû,20190618,1515,1530,1495,1495,52066,258,26636000
542,A225590,ÆÐ¼ÇÇÃ·§Æû,20190617,1520,1525,1495,1525,91092,258,26636000
543,A225590,ÆÐ¼ÇÇÃ·§Æû,20190614,1530,1550,1505,1530,104435,258,26636000
544,A225590,ÆÐ¼ÇÇÃ·§Æû,20190613,1490,1535,1465,1535,88641,258,26636000
545,A225590,ÆÐ¼ÇÇÃ·§Æû,20190612,1500,1500,1465,1490,42892,258,26636000
546,A225590,ÆÐ¼ÇÇÃ·§Æû,20190611,1475,1510,1475,1495,128015,258,26636000
547,A225590,ÆÐ¼ÇÇÃ·§Æû,20190610,1460,1510,1450,1490,192537,258,26636000
548,A225590,ÆÐ¼ÇÇÃ·§Æû,20190607,1450,1460,1440,1460,46770,258,26636000
549,A225590,ÆÐ¼ÇÇÃ·§Æû,20190605,1455,1490,1430,1450,73587,258,26636000
550,A225590,ÆÐ¼ÇÇÃ·§Æû,20190604,1425,1465,1425,1460,24933,258,26636000
551,A225590,ÆÐ¼ÇÇÃ·§Æû,20190603,1465,1465,1425,1425,37335,258,26636000
552,A225590,ÆÐ¼ÇÇÃ·§Æû,20190531,1460,1465,1430,1465,65043,258,26636000
553,A225590,ÆÐ¼ÇÇÃ·§Æû,20190530,1470,1505,1430,1475,63706,258,26636000
554,A225590,ÆÐ¼ÇÇÃ·§Æû,20190529,1495,1495,1440,1475,34443,258,26636000
555,A225590,ÆÐ¼ÇÇÃ·§Æû,20190528,1475,1490,1450,1475,50497,258,26636000
556,A225590,ÆÐ¼ÇÇÃ·§Æû,20190527,1405,1495,1405,1475,103715,258,26636000
557,A225590,ÆÐ¼ÇÇÃ·§Æû,20190524,1380,1515,1375,1420,448505,258,26636000
558,A225590,ÆÐ¼ÇÇÃ·§Æû,20190523,1475,1475,1385,1385,282966,258,26636000
559,A225590,ÆÐ¼ÇÇÃ·§Æû,20190522,1470,1475,1420,1475,166095,258,26636000
560,A225590,ÆÐ¼ÇÇÃ·§Æû,20190521,1485,1525,1430,1465,239116,258,26636000
561,A225590,ÆÐ¼ÇÇÃ·§Æû,20190520,1520,1555,1495,1500,87318,258,26636000
562,A225590,ÆÐ¼ÇÇÃ·§Æû,20190517,1545,1570,1505,1520,71448,258,26636000
563,A225590,ÆÐ¼ÇÇÃ·§Æû,20190516,1585,1600,1530,1535,190127,258,26636000
564,A225590,ÆÐ¼ÇÇÃ·§Æû,20190515,1580,1610,1575,1605,104306,258,26636000
565,A225590,ÆÐ¼ÇÇÃ·§Æû,20190514,1530,1600,1505,1580,220999,258,26636000
566,A225590,ÆÐ¼ÇÇÃ·§Æû,20190513,1605,1630,1560,1575,180979,258,26636000
567,A225590,ÆÐ¼ÇÇÃ·§Æû,20190510,1620,1645,1535,1600,508411,258,26636000
568,A225590,ÆÐ¼ÇÇÃ·§Æû,20190509,1720,1720,1585,1620,613565,258,26636000
569,A225590,ÆÐ¼ÇÇÃ·§Æû,20190508,1750,1755,1685,1715,430609,258,26636000
570,A225590,ÆÐ¼ÇÇÃ·§Æû,20190507,1650,1765,1650,1755,947230,258,26636000
571,A225590,ÆÐ¼ÇÇÃ·§Æû,20190503,1665,1695,1640,1685,175072,258,26636000
572,A225590,ÆÐ¼ÇÇÃ·§Æû,20190502,1630,1675,1630,1665,321879,258,26636000
573,A225590,ÆÐ¼ÇÇÃ·§Æû,20190430,1695,1695,1645,1645,267503,258,26636000
574,A225590,ÆÐ¼ÇÇÃ·§Æû,20190429,1680,1700,1650,1695,385600,258,26636000
575,A225590,ÆÐ¼ÇÇÃ·§Æû,20190426,1685,1690,1635,1670,325719,258,26636000
576,A225590,ÆÐ¼ÇÇÃ·§Æû,20190425,1670,1690,1625,1685,427627,258,26636000
577,A225590,ÆÐ¼ÇÇÃ·§Æû,20190424,1745,1745,1690,1700,635068,258,26636000
578,A225590,ÆÐ¼ÇÇÃ·§Æû,20190423,1650,1755,1630,1745,1518880,258,26636000
579,A225590,ÆÐ¼ÇÇÃ·§Æû,20190422,1680,1690,1650,1655,217322,258,26636000
580,A225590,ÆÐ¼ÇÇÃ·§Æû,20190419,1615,1660,1610,1660,152182,258,26636000
581,A225590,ÆÐ¼ÇÇÃ·§Æû,20190418,1660,1675,1600,1625,286377,258,25189000
582,A225590,ÆÐ¼ÇÇÃ·§Æû,20190417,1580,1665,1580,1665,445672,258,25189000
583,A225590,ÆÐ¼ÇÇÃ·§Æû,20190416,1565,1580,1545,1580,83317,258,25189000
584,A225590,ÆÐ¼ÇÇÃ·§Æû,20190415,1585,1600,1555,1560,146680,258,25189000
585,A225590,ÆÐ¼ÇÇÃ·§Æû,20190412,1600,1610,1560,1580,169078,258,25189000
586,A225590,ÆÐ¼ÇÇÃ·§Æû,20190411,1610,1640,1595,1600,69746,258,25189000
587,A225590,ÆÐ¼ÇÇÃ·§Æû,20190410,1610,1630,1580,1610,55101,258,25189000
588,A225590,ÆÐ¼ÇÇÃ·§Æû,20190409,1605,1630,1585,1590,41068,258,25189000
589,A225590,ÆÐ¼ÇÇÃ·§Æû,20190408,1640,1680,1600,1605,87578,258,25189000
590,A225590,ÆÐ¼ÇÇÃ·§Æû,20190405,1580,1640,1580,1640,115087,258,25189000
591,A225590,ÆÐ¼ÇÇÃ·§Æû,20190404,1605,1615,1545,1580,225434,258,25189000
592,A225590,ÆÐ¼ÇÇÃ·§Æû,20190403,1675,1680,1570,1605,270309,258,25189000
593,A225590,ÆÐ¼ÇÇÃ·§Æû,20190402,1690,1700,1655,1695,225254,258,25189000
594,A225590,ÆÐ¼ÇÇÃ·§Æû,20190401,1650,1695,1630,1690,205170,258,25189000
595,A225590,ÆÐ¼ÇÇÃ·§Æû,20190329,1560,1680,1560,1650,491627,258,25189000
596,A225590,ÆÐ¼ÇÇÃ·§Æû,20190328,1595,1595,1555,1565,80706,258,25189000
597,A225590,ÆÐ¼ÇÇÃ·§Æû,20190327,1610,1615,1570,1590,114098,258,25189000
598,A225590,ÆÐ¼ÇÇÃ·§Æû,20190326,1520,1615,1520,1610,218454,258,25189000
599,A225590,ÆÐ¼ÇÇÃ·§Æû,20190325,1555,1575,1515,1525,88171,258,25189000
600,A225590,ÆÐ¼ÇÇÃ·§Æû,20190322,1560,1590,1540,1555,211105,258,25189000
601,A225590,ÆÐ¼ÇÇÃ·§Æû,20190321,1720,1860,1565,1570,1555005,258,25189000
602,A225590,ÆÐ¼ÇÇÃ·§Æû,20190320,1570,1575,1505,1570,129700,258,25189000
603,A225590,ÆÐ¼ÇÇÃ·§Æû,20190319,1550,1580,1545,1570,150379,258,25189000
604,A225590,ÆÐ¼ÇÇÃ·§Æû,20190318,1590,1625,1540,1570,178749,258,25189000
605,A225590,ÆÐ¼ÇÇÃ·§Æû,20190315,1645,1655,1530,1595,371089,258,25189000
606,A225590,ÆÐ¼ÇÇÃ·§Æû,20190314,1655,1665,1595,1660,311959,258,25189000
607,A225590,ÆÐ¼ÇÇÃ·§Æû,20190313,1570,1670,1545,1630,673420,258,25189000
608,A225590,ÆÐ¼ÇÇÃ·§Æû,20190312,1520,1570,1510,1570,156049,258,25189000
609,A225590,ÆÐ¼ÇÇÃ·§Æû,20190311,1550,1575,1505,1520,125463,258,25189000
610,A225590,ÆÐ¼ÇÇÃ·§Æû,20190308,1580,1590,1540,1560,215552,258,25189000
611,A225590,ÆÐ¼ÇÇÃ·§Æû,20190307,1620,1625,1555,1610,513616,258,25189000
612,A225590,ÆÐ¼ÇÇÃ·§Æû,20190306,1600,1815,1600,1620,3741677,258,25189000
613,A225590,ÆÐ¼ÇÇÃ·§Æû,20190305,1520,1550,1505,1540,95201,258,25189000
614,A225590,ÆÐ¼ÇÇÃ·§Æû,20190304,1500,1540,1500,1520,171081,258,25189000
615,A225590,ÆÐ¼ÇÇÃ·§Æû,20190228,1580,1615,1475,1500,136716,258,25189000
616,A225590,ÆÐ¼ÇÇÃ·§Æû,20190227,1625,1625,1570,1600,60325,258,25189000
617,A225590,ÆÐ¼ÇÇÃ·§Æû,20190226,1630,1635,1590,1620,106036,258,25189000
618,A225590,ÆÐ¼ÇÇÃ·§Æû,20190225,1630,1640,1590,1630,56565,258,25189000
619,A225590,ÆÐ¼ÇÇÃ·§Æû,20190222,1645,1660,1575,1625,124263,258,25189000
620,A225590,ÆÐ¼ÇÇÃ·§Æû,20190221,1650,1670,1620,1665,108669,258,25189000
621,A225590,ÆÐ¼ÇÇÃ·§Æû,20190220,1680,1700,1640,1665,195891,258,25189000
622,A225590,ÆÐ¼ÇÇÃ·§Æû,20190219,1635,1705,1610,1675,570331,258,25189000
623,A225590,ÆÐ¼ÇÇÃ·§Æû,20190218,1555,1765,1555,1635,1528848,258,25189000
624,A225590,ÆÐ¼ÇÇÃ·§Æû,20190215,1580,1580,1540,1555,64214,258,25189000
625,A225590,ÆÐ¼ÇÇÃ·§Æû,20190214,1570,1590,1525,1565,121810,258,25189000
626,A225590,ÆÐ¼ÇÇÃ·§Æû,20190213,1570,1685,1505,1550,630391,258,25189000
627,A225590,ÆÐ¼ÇÇÃ·§Æû,20190212,1575,1575,1530,1570,34789,258,25189000
628,A225590,ÆÐ¼ÇÇÃ·§Æû,20190211,1545,1570,1525,1560,97354,258,25189000
629,A225590,ÆÐ¼ÇÇÃ·§Æû,20190208,1545,1580,1525,1550,62867,258,25189000
630,A225590,ÆÐ¼ÇÇÃ·§Æû,20190207,1495,1555,1475,1545,134406,258,25189000
631,A225590,ÆÐ¼ÇÇÃ·§Æû,20190201,1515,1515,1465,1485,55865,258,25189000
632,A225590,ÆÐ¼ÇÇÃ·§Æû,20190131,1485,1500,1465,1480,109418,258,25189000
633,A225590,ÆÐ¼ÇÇÃ·§Æû,20190130,1490,1490,1450,1485,48306,258,25189000
634,A225590,ÆÐ¼ÇÇÃ·§Æû,20190129,1490,1520,1450,1475,92182,258,25189000
635,A225590,ÆÐ¼ÇÇÃ·§Æû,20190128,1515,1570,1470,1505,89313,258,25189000
636,A225590,ÆÐ¼ÇÇÃ·§Æû,20190125,1540,1540,1485,1515,71795,258,25189000
637,A225590,ÆÐ¼ÇÇÃ·§Æû,20190124,1540,1570,1510,1515,71015,258,25189000
638,A225590,ÆÐ¼ÇÇÃ·§Æû,20190123,1545,1545,1500,1515,109987,258,25189000
639,A225590,ÆÐ¼ÇÇÃ·§Æû,20190122,1490,1565,1480,1545,227305,258,25189000
640,A225590,ÆÐ¼ÇÇÃ·§Æû,20190121,1460,1525,1440,1495,200398,258,25189000
641,A225590,ÆÐ¼ÇÇÃ·§Æû,20190118,1445,1475,1420,1455,105140,258,25189000
642,A225590,ÆÐ¼ÇÇÃ·§Æû,20190117,1535,1535,1430,1445,262201,258,25189000
643,A225590,ÆÐ¼ÇÇÃ·§Æû,20190116,1485,1535,1465,1480,596977,258,25189000
644,A225590,ÆÐ¼ÇÇÃ·§Æû,20190115,1405,1630,1400,1475,2055368,258,25189000
645,A225590,ÆÐ¼ÇÇÃ·§Æû,20190114,1420,1440,1410,1430,57188,258,25189000
646,A225590,ÆÐ¼ÇÇÃ·§Æû,20190111,1400,1470,1390,1410,104170,258,25189000
647,A225590,ÆÐ¼ÇÇÃ·§Æû,20190110,1385,1455,1360,1400,155322,258,25189000
648,A225590,ÆÐ¼ÇÇÃ·§Æû,20190109,1360,1430,1335,1385,100894,258,25189000
649,A225590,ÆÐ¼ÇÇÃ·§Æû,20190108,1350,1360,1330,1340,21948,258,25189000
650,A225590,ÆÐ¼ÇÇÃ·§Æû,20190107,1345,1360,1320,1350,35177,258,25189000
651,A225590,ÆÐ¼ÇÇÃ·§Æû,20190104,1280,1325,1260,1320,69713,258,25189000
652,A225590,ÆÐ¼ÇÇÃ·§Æû,20190103,1335,1370,1275,1280,43999,258,25189000
653,A225590,ÆÐ¼ÇÇÃ·§Æû,20190102,1370,1370,1315,1335,33039,258,25189000
654,A225590,ÆÐ¼ÇÇÃ·§Æû,20181228,1330,1360,1305,1340,33021,258,25189000
655,A225590,ÆÐ¼ÇÇÃ·§Æû,20181227,1315,1360,1295,1330,46428,258,25189000
656,A225590,ÆÐ¼ÇÇÃ·§Æû,20181226,1265,1330,1265,1295,38533,258,25189000
657,A225590,ÆÐ¼ÇÇÃ·§Æû,20181224,1305,1355,1295,1325,49494,258,25189000
658,A225590,ÆÐ¼ÇÇÃ·§Æû,20181221,1340,1350,1315,1315,39547,258,25189000
659,A225590,ÆÐ¼ÇÇÃ·§Æû,20181220,1350,1380,1300,1340,102821,258,25189000
660,A225590,ÆÐ¼ÇÇÃ·§Æû,20181219,1365,1390,1335,1370,130328,258,25189000
661,A225590,ÆÐ¼ÇÇÃ·§Æû,20181218,1450,1455,1355,1380,266896,258,25189000
662,A225590,ÆÐ¼ÇÇÃ·§Æû,20181217,1435,1465,1380,1450,99481,258,25189000
663,A225590,ÆÐ¼ÇÇÃ·§Æû,20181214,1525,1525,1440,1460,146446,258,25189000
664,A225590,ÆÐ¼ÇÇÃ·§Æû,20181213,1565,1565,1510,1525,115550,258,25189000
665,A225590,ÆÐ¼ÇÇÃ·§Æû,20181212,1530,1555,1500,1540,143736,258,25189000
666,A225590,ÆÐ¼ÇÇÃ·§Æû,20181211,1460,1560,1435,1530,294598,258,25189000
667,A225590,ÆÐ¼ÇÇÃ·§Æû,20181210,1495,1535,1420,1460,205347,258,25189000
668,A225590,ÆÐ¼ÇÇÃ·§Æû,20181207,1495,1580,1460,1515,499893,258,25189000
669,A225590,ÆÐ¼ÇÇÃ·§Æû,20181206,1525,1525,1440,1460,93168,258,25189000
670,A225590,ÆÐ¼ÇÇÃ·§Æû,20181205,1470,1505,1435,1495,92109,258,25189000
671,A225590,ÆÐ¼ÇÇÃ·§Æû,20181204,1470,1515,1455,1495,192931,258,25189000
672,A225590,ÆÐ¼ÇÇÃ·§Æû,20181203,1440,1495,1435,1465,237229,258,25189000
673,A225590,ÆÐ¼ÇÇÃ·§Æû,20181130,1390,1440,1390,1425,72463,258,25189000
674,A225590,ÆÐ¼ÇÇÃ·§Æû,20181129,1445,1455,1400,1400,134871,258,25189000
675,A225590,ÆÐ¼ÇÇÃ·§Æû,20181128,1460,1475,1385,1410,209560,258,25189000
676,A225590,ÆÐ¼ÇÇÃ·§Æû,20181127,1400,1535,1395,1450,357638,258,25189000
677,A225590,ÆÐ¼ÇÇÃ·§Æû,20181126,1405,1425,1335,1405,291074,258,25189000
678,A225590,ÆÐ¼ÇÇÃ·§Æû,20181123,1575,1575,1405,1405,541086,258,25189000
679,A225590,ÆÐ¼ÇÇÃ·§Æû,20181122,1630,1635,1525,1530,291799,258,25189000
680,A225590,ÆÐ¼ÇÇÃ·§Æû,20181121,1625,1670,1585,1625,397905,258,25189000
681,A225590,ÆÐ¼ÇÇÃ·§Æû,20181120,1625,1655,1555,1655,678411,258,25189000
682,A225590,ÆÐ¼ÇÇÃ·§Æû,20181119,1585,1640,1560,1640,548024,258,25189000
683,A225590,ÆÐ¼ÇÇÃ·§Æû,20181116,1575,1610,1540,1600,466179,258,25189000
684,A225590,ÆÐ¼ÇÇÃ·§Æû,20181115,1655,1710,1545,1590,1486756,258,25189000
685,A225590,ÆÐ¼ÇÇÃ·§Æû,20181114,1325,1720,1285,1655,6001627,258,25189000
686,A225590,ÆÐ¼ÇÇÃ·§Æû,20181113,1290,1390,1250,1325,106784,258,25189000
687,A225590,ÆÐ¼ÇÇÃ·§Æû,20181112,1405,1415,1290,1335,150755,258,25189000
688,A225590,ÆÐ¼ÇÇÃ·§Æû,20181109,1435,1495,1375,1420,89981,258,25189000
689,A225590,ÆÐ¼ÇÇÃ·§Æû,20181108,1450,1480,1385,1435,51452,258,25189000
690,A225590,ÆÐ¼ÇÇÃ·§Æû,20181107,1415,1450,1380,1410,86153,258,25189000
691,A225590,ÆÐ¼ÇÇÃ·§Æû,20181106,1415,1415,1360,1405,66634,258,25189000
692,A225590,ÆÐ¼ÇÇÃ·§Æû,20181105,1395,1410,1350,1385,44965,258,25189000
693,A225590,ÆÐ¼ÇÇÃ·§Æû,20181102,1320,1395,1320,1395,120561,258,25189000
694,A225590,ÆÐ¼ÇÇÃ·§Æû,20181101,1270,1325,1250,1310,156746,258,25189000
695,A225590,ÆÐ¼ÇÇÃ·§Æû,20181031,1330,1370,1170,1245,911747,258,25189000
696,A225590,ÆÐ¼ÇÇÃ·§Æû,20181030,1110,1285,1100,1285,565905,258,25189000
697,A225590,ÆÐ¼ÇÇÃ·§Æû,20181029,1300,1355,1125,1160,444702,258,25189000
698,A225590,ÆÐ¼ÇÇÃ·§Æû,20181026,1395,1430,1305,1370,140382,258,25189000
699,A225590,ÆÐ¼ÇÇÃ·§Æû,20181025,1500,1565,1390,1390,181317,258,25189000
700,A225590,ÆÐ¼ÇÇÃ·§Æû,20181024,1540,1600,1505,1540,92849,258,25189000
701,A225590,ÆÐ¼ÇÇÃ·§Æû,20181023,1545,1595,1520,1540,67705,258,25189000
702,A225590,ÆÐ¼ÇÇÃ·§Æû,20181022,1550,1605,1535,1580,51932,258,25189000
703,A225590,ÆÐ¼ÇÇÃ·§Æû,20181019,1520,1575,1505,1560,52773,258,25189000
704,A225590,ÆÐ¼ÇÇÃ·§Æû,20181018,1515,1550,1510,1535,56163,258,25189000
705,A225590,ÆÐ¼ÇÇÃ·§Æû,20181017,1540,1615,1510,1520,661420,258,25189000
706,A225590,ÆÐ¼ÇÇÃ·§Æû,20181016,1460,1535,1440,1490,128059,258,25189000
707,A225590,ÆÐ¼ÇÇÃ·§Æû,20181015,1420,1540,1395,1440,97202,258,25189000
708,A225590,ÆÐ¼ÇÇÃ·§Æû,20181012,1300,1420,1300,1420,57593,258,25189000
709,A225590,ÆÐ¼ÇÇÃ·§Æû,20181011,1320,1400,1320,1370,121240,258,25189000
710,A225590,ÆÐ¼ÇÇÃ·§Æû,20181010,1500,1545,1380,1380,144220,258,23294000
711,A225590,ÆÐ¼ÇÇÃ·§Æû,20181008,1490,1525,1485,1495,45947,258,23294000
712,A225590,ÆÐ¼ÇÇÃ·§Æû,20181005,1550,1550,1470,1485,101309,258,23294000
713,A225590,ÆÐ¼ÇÇÃ·§Æû,20181004,1555,1555,1510,1540,69850,258,23294000
714,A225590,ÆÐ¼ÇÇÃ·§Æû,20181002,1585,1610,1555,1555,89000,258,23294000
715,A225590,ÆÐ¼ÇÇÃ·§Æû,20181001,1555,1595,1520,1585,78041,258,23294000
716,A225590,ÆÐ¼ÇÇÃ·§Æû,20180928,1515,1580,1490,1555,122633,258,23294000
717,A225590,ÆÐ¼ÇÇÃ·§Æû,20180927,1625,1625,1520,1520,306898,258,23294000
718,A225590,ÆÐ¼ÇÇÃ·§Æû,20180921,1545,1785,1510,1630,2670226,258,23294000
719,A225590,ÆÐ¼ÇÇÃ·§Æû,20180920,1590,1595,1460,1525,449297,258,23294000
720,A225590,ÆÐ¼ÇÇÃ·§Æû,20180919,1615,1650,1565,1590,167081,258,23294000
721,A225590,ÆÐ¼ÇÇÃ·§Æû,20180918,1760,1760,1605,1610,454850,258,23294000
722,A225590,ÆÐ¼ÇÇÃ·§Æû,20180917,1800,1800,1755,1760,65346,258,23294000
723,A225590,ÆÐ¼ÇÇÃ·§Æû,20180914,1800,1805,1790,1800,62748,258,23294000
724,A225590,ÆÐ¼ÇÇÃ·§Æû,20180913,1755,1800,1750,1800,37881,258,23294000
725,A225590,ÆÐ¼ÇÇÃ·§Æû,20180912,1835,1835,1750,1780,135889,258,23294000
726,A225590,ÆÐ¼ÇÇÃ·§Æû,20180911,1820,1830,1790,1800,69082,258,23294000
727,A225590,ÆÐ¼ÇÇÃ·§Æû,20180910,1785,1850,1785,1810,80778,258,23294000
728,A225590,ÆÐ¼ÇÇÃ·§Æû,20180907,1845,1845,1800,1805,78845,258,23294000
729,A225590,ÆÐ¼ÇÇÃ·§Æû,20180906,1870,1870,1820,1840,94353,258,23294000
730,A225590,ÆÐ¼ÇÇÃ·§Æû,20180905,1890,1890,1835,1840,91712,258,23294000
731,A225590,ÆÐ¼ÇÇÃ·§Æû,20180904,1890,1900,1855,1875,108876,258,23294000
732,A225590,ÆÐ¼ÇÇÃ·§Æû,20180903,1935,1940,1895,1895,103385,258,23294000
733,A225590,ÆÐ¼ÇÇÃ·§Æû,20180831,1945,1950,1910,1940,87679,258,23294000
734,A225590,ÆÐ¼ÇÇÃ·§Æû,20180830,1905,1950,1900,1945,306295,258,23294000
735,A225590,ÆÐ¼ÇÇÃ·§Æû,20180829,1945,1965,1915,1925,59336,258,23294000
736,A225590,ÆÐ¼ÇÇÃ·§Æû,20180828,1970,1970,1940,1955,22721,258,22706000
737,A225590,ÆÐ¼ÇÇÃ·§Æû,20180827,1990,1990,1905,1955,23033,258,22706000
738,A225590,ÆÐ¼ÇÇÃ·§Æû,20180824,1945,1970,1940,1940,17614,258,22706000
739,A225590,ÆÐ¼ÇÇÃ·§Æû,20180823,1920,1990,1920,1950,67303,258,22706000
740,A225590,ÆÐ¼ÇÇÃ·§Æû,20180822,1875,1955,1855,1945,81984,258,22706000
741,A225590,ÆÐ¼ÇÇÃ·§Æû,20180821,1870,1895,1870,1890,51083,258,22706000
742,A225590,ÆÐ¼ÇÇÃ·§Æû,20180820,1920,1920,1870,1875,69893,258,22706000
743,A225590,ÆÐ¼ÇÇÃ·§Æû,20180817,1885,1910,1860,1880,31430,258,22706000
744,A225590,ÆÐ¼ÇÇÃ·§Æû,20180816,1860,1925,1860,1865,76068,258,22706000
745,A225590,ÆÐ¼ÇÇÃ·§Æû,20180814,2020,2020,1895,1925,77402,258,22706000
746,A225590,ÆÐ¼ÇÇÃ·§Æû,20180813,1980,2025,1940,1940,133591,258,22706000
747,A225590,ÆÐ¼ÇÇÃ·§Æû,20180810,2040,2055,2010,2015,52753,258,22706000
748,A225590,ÆÐ¼ÇÇÃ·§Æû,20180809,2040,2065,2005,2065,79039,258,22706000
749,A225590,ÆÐ¼ÇÇÃ·§Æû,20180808,2080,2120,2035,2035,214085,258,22706000
750,A225590,ÆÐ¼ÇÇÃ·§Æû,20180807,2160,2160,2100,2110,208205,258,22706000
751,A225590,ÆÐ¼ÇÇÃ·§Æû,20180806,2040,2380,2040,2165,1571214,258,22706000
752,A225590,ÆÐ¼ÇÇÃ·§Æû,20180803,2040,2080,2040,2040,20960,258,22706000
753,A225590,ÆÐ¼ÇÇÃ·§Æû,20180802,2065,2120,2055,2055,29650,258,22706000
754,A225590,ÆÐ¼ÇÇÃ·§Æû,20180801,2130,2130,2060,2095,60952,258,22706000
755,A225590,ÆÐ¼ÇÇÃ·§Æû,20180731,2020,2145,1990,2100,178034,258,22706000
756,A225590,ÆÐ¼ÇÇÃ·§Æû,20180730,2020,2020,1990,2015,17713,258,22706000
757,A225590,ÆÐ¼ÇÇÃ·§Æû,20180727,1985,2030,1955,2020,26765,258,22706000
758,A225590,ÆÐ¼ÇÇÃ·§Æû,20180726,1985,2040,1960,1985,16863,258,22706000
759,A225590,ÆÐ¼ÇÇÃ·§Æû,20180725,2005,2005,1955,1985,25909,258,22706000
760,A225590,ÆÐ¼ÇÇÃ·§Æû,20180724,1965,2020,1955,2005,19852,258,22706000
761,A225590,ÆÐ¼ÇÇÃ·§Æû,20180723,1955,2005,1935,1985,41661,258,22706000
762,A225590,ÆÐ¼ÇÇÃ·§Æû,20180720,1960,2030,1930,1995,60943,258,22706000
763,A225590,ÆÐ¼ÇÇÃ·§Æû,20180719,2000,2040,1955,1990,58712,258,22706000
764,A225590,ÆÐ¼ÇÇÃ·§Æû,20180718,2055,2060,1995,2030,71695,258,22706000
765,A225590,ÆÐ¼ÇÇÃ·§Æû,20180717,2060,2080,2035,2035,26412,258,22706000
766,A225590,ÆÐ¼ÇÇÃ·§Æû,20180716,2085,2085,2035,2040,38640,258,22706000
767,A225590,ÆÐ¼ÇÇÃ·§Æû,20180713,2065,2070,2040,2065,56341,258,22706000
768,A225590,ÆÐ¼ÇÇÃ·§Æû,20180712,2065,2090,2035,2050,69648,258,22706000
769,A225590,ÆÐ¼ÇÇÃ·§Æû,20180711,2105,2105,2045,2050,60202,258,22706000
770,A225590,ÆÐ¼ÇÇÃ·§Æû,20180710,2100,2110,2050,2085,59975,258,22706000
771,A225590,ÆÐ¼ÇÇÃ·§Æû,20180709,2065,2120,2055,2080,41486,258,22706000
772,A225590,ÆÐ¼ÇÇÃ·§Æû,20180706,2085,2110,2005,2095,184987,258,22706000
773,A225590,ÆÐ¼ÇÇÃ·§Æû,20180705,2210,2210,2075,2085,193297,258,22706000
774,A225590,ÆÐ¼ÇÇÃ·§Æû,20180704,2120,2220,2120,2190,248614,258,22706000
775,A225590,ÆÐ¼ÇÇÃ·§Æû,20180703,2155,2200,2085,2135,310844,258,22706000
776,A225590,ÆÐ¼ÇÇÃ·§Æû,20180702,2095,2220,2095,2125,437724,258,22706000
777,A225590,ÆÐ¼ÇÇÃ·§Æû,20180629,2175,2195,2110,2125,421881,258,22706000
778,A225590,ÆÐ¼ÇÇÃ·§Æû,20180628,2260,2315,2110,2130,1091270,258,22706000
779,A225590,ÆÐ¼ÇÇÃ·§Æû,20180627,2235,2620,2130,2130,5790705,258,22706000
780,A225590,ÆÐ¼ÇÇÃ·§Æû,20180626,2255,2255,2195,2235,111809,258,22706000
781,A225590,ÆÐ¼ÇÇÃ·§Æû,20180625,2080,2360,2050,2265,944764,258,22706000
782,A225590,ÆÐ¼ÇÇÃ·§Æû,20180622,2095,2155,2060,2080,18520,258,22706000
783,A225590,ÆÐ¼ÇÇÃ·§Æû,20180621,2100,2135,2060,2095,22125,258,22706000
784,A225590,ÆÐ¼ÇÇÃ·§Æû,20180620,2115,2115,2070,2100,28318,258,22706000
785,A225590,ÆÐ¼ÇÇÃ·§Æû,20180619,2160,2160,2070,2115,58951,258,22706000
786,A225590,ÆÐ¼ÇÇÃ·§Æû,20180618,2160,2195,2125,2160,41987,258,22706000
787,A225590,ÆÐ¼ÇÇÃ·§Æû,20180615,2140,2180,2065,2160,84510,258,22706000
788,A225590,ÆÐ¼ÇÇÃ·§Æû,20180614,2130,2155,2065,2140,86585,258,22706000
789,A225590,ÆÐ¼ÇÇÃ·§Æû,20180612,2200,2230,2115,2130,87003,258,22706000
790,A225590,ÆÐ¼ÇÇÃ·§Æû,20180611,2190,2215,2175,2200,41551,258,22706000
791,A225590,ÆÐ¼ÇÇÃ·§Æû,20180608,2200,2245,2190,2210,118783,258,22706000
792,A225590,ÆÐ¼ÇÇÃ·§Æû,20180607,2245,2290,2185,2230,78580,258,22706000
793,A225590,ÆÐ¼ÇÇÃ·§Æû,20180605,2235,2295,2220,2245,72235,258,22706000
794,A225590,ÆÐ¼ÇÇÃ·§Æû,20180604,2300,2330,2250,2280,89554,258,22706000
795,A225590,ÆÐ¼ÇÇÃ·§Æû,20180601,2325,2325,2230,2295,123069,258,22706000
796,A225590,ÆÐ¼ÇÇÃ·§Æû,20180531,2325,2325,2230,2280,96088,258,22706000
797,A225590,ÆÐ¼ÇÇÃ·§Æû,20180530,2340,2340,2195,2290,163139,258,22706000
798,A225590,ÆÐ¼ÇÇÃ·§Æû,20180529,2350,2350,2270,2300,76136,258,22706000
799,A225590,ÆÐ¼ÇÇÃ·§Æû,20180528,2305,2350,2185,2350,259814,258,22706000
800,A225590,ÆÐ¼ÇÇÃ·§Æû,20180525,2200,2360,2175,2300,223188,258,22706000
801,A225590,ÆÐ¼ÇÇÃ·§Æû,20180524,2295,2335,2200,2275,241723,258,22706000
802,A225590,ÆÐ¼ÇÇÃ·§Æû,20180523,2415,2415,2305,2335,149643,258,22706000
803,A225590,ÆÐ¼ÇÇÃ·§Æû,20180521,2280,2425,2260,2365,566130,258,22706000
804,A225590,ÆÐ¼ÇÇÃ·§Æû,20180518,2195,2350,2170,2255,530928,258,22706000
805,A225590,ÆÐ¼ÇÇÃ·§Æû,20180517,2150,2175,2100,2175,32036,258,22706000
806,A225590,ÆÐ¼ÇÇÃ·§Æû,20180516,2120,2170,2080,2120,115756,258,22706000
807,A225590,ÆÐ¼ÇÇÃ·§Æû,20180515,2220,2230,2140,2170,152811,258,22706000
808,A225590,ÆÐ¼ÇÇÃ·§Æû,20180514,2165,2230,2165,2200,139115,258,22706000
809,A225590,ÆÐ¼ÇÇÃ·§Æû,20180511,2110,2205,2110,2185,149881,258,22706000
810,A225590,ÆÐ¼ÇÇÃ·§Æû,20180510,2110,2135,2095,2110,93769,258,22706000
811,A225590,ÆÐ¼ÇÇÃ·§Æû,20180509,2175,2175,2070,2110,182465,258,22706000
812,A225590,ÆÐ¼ÇÇÃ·§Æû,20180508,2130,2205,2110,2175,220113,258,22706000
813,A225590,ÆÐ¼ÇÇÃ·§Æû,20180504,2045,2235,2045,2150,762547,258,22706000
814,A225590,ÆÐ¼ÇÇÃ·§Æû,20180503,2040,2060,2025,2045,16302,258,22706000
815,A225590,ÆÐ¼ÇÇÃ·§Æû,20180502,2045,2070,2010,2040,67081,258,22706000
816,A225590,ÆÐ¼ÇÇÃ·§Æû,20180430,2050,2095,2040,2060,24519,258,22706000
817,A225590,ÆÐ¼ÇÇÃ·§Æû,20180427,2095,2095,2040,2065,35180,258,22706000
818,A225590,ÆÐ¼ÇÇÃ·§Æû,20180426,2070,2135,2045,2070,133437,258,22706000
819,A225590,ÆÐ¼ÇÇÃ·§Æû,20180425,2070,2085,2045,2080,61503,258,22706000
820,A225590,ÆÐ¼ÇÇÃ·§Æû,20180424,2090,2090,2045,2070,99852,258,22706000
821,A225590,ÆÐ¼ÇÇÃ·§Æû,20180423,2020,2120,2020,2090,150537,258,22706000
822,A225590,ÆÐ¼ÇÇÃ·§Æû,20180420,2000,2100,1970,2020,257711,258,22706000
823,A225590,ÆÐ¼ÇÇÃ·§Æû,20180419,1950,1990,1950,1970,37669,258,22706000
824,A225590,ÆÐ¼ÇÇÃ·§Æû,20180418,2010,2010,1960,1975,44012,258,22706000
825,A225590,ÆÐ¼ÇÇÃ·§Æû,20180417,1995,2000,1965,1995,37433,258,22706000
826,A225590,ÆÐ¼ÇÇÃ·§Æû,20180416,1965,2005,1950,1995,50066,258,22706000
827,A225590,ÆÐ¼ÇÇÃ·§Æû,20180413,1975,1975,1935,1965,48250,258,22706000
828,A225590,ÆÐ¼ÇÇÃ·§Æû,20180412,1895,1970,1895,1935,24677,258,22706000
829,A225590,ÆÐ¼ÇÇÃ·§Æû,20180411,1900,1945,1900,1910,22649,258,22706000
830,A225590,ÆÐ¼ÇÇÃ·§Æû,20180410,1920,1940,1890,1915,70147,258,22706000
831,A225590,ÆÐ¼ÇÇÃ·§Æû,20180409,1855,1920,1855,1920,60240,258,22706000
832,A225590,ÆÐ¼ÇÇÃ·§Æû,20180406,1835,1890,1835,1865,97356,258,22706000
833,A225590,ÆÐ¼ÇÇÃ·§Æû,20180405,1885,1930,1820,1865,167294,258,22706000
834,A225590,ÆÐ¼ÇÇÃ·§Æû,20180404,1990,1990,1880,1910,158865,258,22706000
835,A225590,ÆÐ¼ÇÇÃ·§Æû,20180403,1990,1995,1900,1985,47370,258,22706000
836,A225590,ÆÐ¼ÇÇÃ·§Æû,20180402,1970,2010,1955,1995,57027,258,22706000
837,A225590,ÆÐ¼ÇÇÃ·§Æû,20180330,2020,2020,1925,1960,38293,258,22706000
838,A225590,ÆÐ¼ÇÇÃ·§Æû,20180329,1990,1995,1915,1940,42699,258,22706000
839,A225590,ÆÐ¼ÇÇÃ·§Æû,20180328,1940,1995,1905,1940,125976,258,22706000
840,A225590,ÆÐ¼ÇÇÃ·§Æû,20180327,1960,2010,1960,1980,34480,258,22706000
841,A225590,ÆÐ¼ÇÇÃ·§Æû,20180326,2005,2005,1910,1980,73596,258,22706000
842,A225590,ÆÐ¼ÇÇÃ·§Æû,20180323,2010,2045,1985,2010,181830,258,22706000
843,A225590,ÆÐ¼ÇÇÃ·§Æû,20180322,2060,2095,2040,2060,60638,258,22706000
844,A225590,ÆÐ¼ÇÇÃ·§Æû,20180321,2070,2105,2055,2060,65132,258,22706000
845,A225590,ÆÐ¼ÇÇÃ·§Æû,20180320,2065,2105,2055,2080,36194,258,22706000
846,A225590,ÆÐ¼ÇÇÃ·§Æû,20180319,2100,2125,2055,2055,55900,258,22706000
847,A225590,ÆÐ¼ÇÇÃ·§Æû,20180316,2085,2110,2080,2090,46744,258,22706000
848,A225590,ÆÐ¼ÇÇÃ·§Æû,20180315,2115,2130,2070,2090,74202,258,22706000
849,A225590,ÆÐ¼ÇÇÃ·§Æû,20180314,2130,2140,2085,2105,80106,258,22706000
850,A225590,ÆÐ¼ÇÇÃ·§Æû,20180313,2085,2145,2065,2130,141178,258,22706000
851,A225590,ÆÐ¼ÇÇÃ·§Æû,20180312,2065,2080,2040,2065,68149,258,22706000
852,A225590,ÆÐ¼ÇÇÃ·§Æû,20180309,2050,2070,2020,2055,85793,258,22706000
853,A225590,ÆÐ¼ÇÇÃ·§Æû,20180308,2070,2110,2045,2050,126435,258,22706000
854,A225590,ÆÐ¼ÇÇÃ·§Æû,20180307,2095,2120,2075,2075,63159,258,22706000
855,A225590,ÆÐ¼ÇÇÃ·§Æû,20180306,2080,2195,2065,2100,236465,258,22706000
856,A225590,ÆÐ¼ÇÇÃ·§Æû,20180305,2135,2170,2060,2080,160009,258,22706000
857,A225590,ÆÐ¼ÇÇÃ·§Æû,20180302,2035,2250,2035,2125,1256461,258,22706000
858,A225590,ÆÐ¼ÇÇÃ·§Æû,20180228,2010,2035,1990,2015,99192,258,22706000
859,A225590,ÆÐ¼ÇÇÃ·§Æû,20180227,2000,2020,1980,2000,84743,258,22706000
860,A225590,ÆÐ¼ÇÇÃ·§Æû,20180226,2030,2030,1975,2000,101391,258,22706000
861,A225590,ÆÐ¼ÇÇÃ·§Æû,20180223,2030,2055,2000,2000,112703,258,22706000
862,A225590,ÆÐ¼ÇÇÃ·§Æû,20180222,2130,2130,2020,2020,200625,258,22706000
863,A225590,ÆÐ¼ÇÇÃ·§Æû,20180221,2140,2150,2070,2110,106368,258,22706000
864,A225590,ÆÐ¼ÇÇÃ·§Æû,20180220,2130,2235,2100,2120,943353,258,22706000
865,A225590,ÆÐ¼ÇÇÃ·§Æû,20180219,2170,2190,2060,2105,402609,258,22706000
866,A225590,ÆÐ¼ÇÇÃ·§Æû,20180214,1960,2285,1940,2080,2181847,258,22706000
867,A225590,ÆÐ¼ÇÇÃ·§Æû,20180213,2145,2180,1930,1940,823673,258,22706000
868,A225590,ÆÐ¼ÇÇÃ·§Æû,20180212,2265,2300,2135,2150,186647,258,5105000
869,A225590,ÆÐ¼ÇÇÃ·§Æû,20180209,2310,2345,2225,2260,146143,258,5105000
870,A225590,ÆÐ¼ÇÇÃ·§Æû,20180208,2395,2420,2300,2350,141156,258,5105000
871,A225590,ÆÐ¼ÇÇÃ·§Æû,20180207,2325,2410,2300,2350,157253,258,5105000
872,A225590,ÆÐ¼ÇÇÃ·§Æû,20180206,2300,2340,2240,2320,147874,258,5105000
873,A225590,ÆÐ¼ÇÇÃ·§Æû,20180205,2230,2400,2230,2335,236830,258,5105000
874,A225590,ÆÐ¼ÇÇÃ·§Æû,20180202,2260,2335,2235,2255,272929,258,5105000
875,A225590,ÆÐ¼ÇÇÃ·§Æû,20180201,2215,2435,2210,2260,468199,258,5105000
876,A225590,ÆÐ¼ÇÇÃ·§Æû,20180131,2120,2215,2105,2185,237566,258,5105000
877,A225590,ÆÐ¼ÇÇÃ·§Æû,20180130,2070,2135,2070,2125,148227,258,5105000
878,A225590,ÆÐ¼ÇÇÃ·§Æû,20180129,2135,2175,2060,2060,592062,258,5105000
879,A225590,ÆÐ¼ÇÇÃ·§Æû,20180126,2310,2400,2135,2145,1339821,258,5105000
880,A225590,ÆÐ¼ÇÇÃ·§Æû,20180125,2170,2715,2110,2310,3441382,258,5105000
881,A225590,ÆÐ¼ÇÇÃ·§Æû,20180124,2070,2160,2030,2160,291759,258,5105000
882,A225590,ÆÐ¼ÇÇÃ·§Æû,20180123,2005,2070,2005,2030,114335,258,5105000
883,A225590,ÆÐ¼ÇÇÃ·§Æû,20180122,1985,2075,1985,2040,125549,258,5105000
884,A225590,ÆÐ¼ÇÇÃ·§Æû,20180119,2020,2040,1990,2010,11929,258,5105000
885,A225590,ÆÐ¼ÇÇÃ·§Æû,20180118,1990,2060,1980,1985,44624,258,5105000
886,A225590,ÆÐ¼ÇÇÃ·§Æû,20180117,2030,2030,1970,1995,15297,258,5105000
887,A225590,ÆÐ¼ÇÇÃ·§Æû,20180116,1990,2000,1955,1990,49144,258,5105000
888,A225590,ÆÐ¼ÇÇÃ·§Æû,20180115,1970,1995,1915,1995,40380,258,5105000
889,A225590,ÆÐ¼ÇÇÃ·§Æû,20180112,1995,1995,1955,1970,14228,258,5105000
890,A225590,ÆÐ¼ÇÇÃ·§Æû,20180111,1920,1990,1920,1965,13297,258,5105000
891,A225590,ÆÐ¼ÇÇÃ·§Æû,20180110,1970,1995,1935,1980,31889,258,5105000
892,A225590,ÆÐ¼ÇÇÃ·§Æû,20180109,1990,1990,1950,1970,48787,258,5105000
893,A225590,ÆÐ¼ÇÇÃ·§Æû,20180108,2005,2015,1985,1985,8826,258,5105000
894,A225590,ÆÐ¼ÇÇÃ·§Æû,20180105,2025,2025,1950,2005,27944,258,5105000
895,A225590,ÆÐ¼ÇÇÃ·§Æû,20180104,2025,2025,1985,2010,56865,258,5105000
896,A225590,ÆÐ¼ÇÇÃ·§Æû,20180103,2000,2025,1950,2010,56239,258,5105000
897,A225590,ÆÐ¼ÇÇÃ·§Æû,20180102,1905,2000,1905,2000,41326,258,5105000
898,A225590,ÆÐ¼ÇÇÃ·§Æû,20171228,1870,1975,1840,1945,70405,258,5105000
899,A225590,ÆÐ¼ÇÇÃ·§Æû,20171227,1880,1885,1840,1845,31845,258,5105000
900,A225590,ÆÐ¼ÇÇÃ·§Æû,20171226,1890,1900,1830,1840,65754,258,5105000
901,A225590,ÆÐ¼ÇÇÃ·§Æû,20171222,1960,1970,1850,1860,131577,258,5105000
902,A225590,ÆÐ¼ÇÇÃ·§Æû,20171221,1955,1985,1930,1930,42015,258,5105000
903,A225590,ÆÐ¼ÇÇÃ·§Æû,20171220,2035,2035,1900,1990,61196,258,5105000
904,A225590,ÆÐ¼ÇÇÃ·§Æû,20171219,2010,2040,2010,2035,39466,258,5105000
905,A225590,ÆÐ¼ÇÇÃ·§Æû,20171218,2045,2045,2015,2040,30416,258,5105000
906,A225590,ÆÐ¼ÇÇÃ·§Æû,20171215,2025,2050,2020,2045,67526,258,5105000
907,A225590,ÆÐ¼ÇÇÃ·§Æû,20171214,2025,2050,2020,2050,228803,258,5105000
908,A225590,ÆÐ¼ÇÇÃ·§Æû,20171213,2045,2050,2015,2050,327433,258,5105000
909,A225590,ÆÐ¼ÇÇÃ·§Æû,20171212,2040,2045,2010,2020,112625,258,5105000
910,A225590,ÆÐ¼ÇÇÃ·§Æû,20171211,2040,2050,2010,2050,137812,258,5105000
911,A225590,ÆÐ¼ÇÇÃ·§Æû,20171208,2020,2040,2005,2040,77397,258,5105000
912,A225590,ÆÐ¼ÇÇÃ·§Æû,20171207,2010,2025,2000,2015,120063,258,5105000
913,A225590,ÆÐ¼ÇÇÃ·§Æû,20171206,2000,2015,2000,2010,83831,258,5105000
914,A225590,ÆÐ¼ÇÇÃ·§Æû,20171205,2005,2005,1995,2000,8614,258,5105000
915,A225590,ÆÐ¼ÇÇÃ·§Æû,20171204,2010,2015,2005,2010,15016,258,5105000
916,A225590,ÆÐ¼ÇÇÃ·§Æû,20171201,2015,2015,2000,2015,31120,258,5105000
917,A225590,ÆÐ¼ÇÇÃ·§Æû,20171130,2025,2030,2010,2010,44235,258,5105000
918,A225590,ÆÐ¼ÇÇÃ·§Æû,20171129,2010,2025,2000,2020,129159,258,5105000
919,A225590,ÆÐ¼ÇÇÃ·§Æû,20171128,1980,2010,1980,2005,4628,258,5105000
920,A225590,ÆÐ¼ÇÇÃ·§Æû,20171127,2000,2010,1990,1995,34801,258,5105000
921,A225590,ÆÐ¼ÇÇÃ·§Æû,20171124,2000,2000,1975,1985,6521,258,5105000
922,A225590,ÆÐ¼ÇÇÃ·§Æû,20171123,1990,1990,1975,1990,34994,258,5105000
923,A225590,ÆÐ¼ÇÇÃ·§Æû,20171122,1970,2000,1950,1990,9565,258,5105000
924,A225590,ÆÐ¼ÇÇÃ·§Æû,20171121,1995,2000,1970,1990,54073,258,5105000
925,A225590,ÆÐ¼ÇÇÃ·§Æû,20171120,1995,2005,1990,2000,59879,258,5105000
926,A225590,ÆÐ¼ÇÇÃ·§Æû,20171117,2000,2000,1995,2000,9888,258,5105000
927,A225590,ÆÐ¼ÇÇÃ·§Æû,20171116,2005,2015,2000,2000,20959,258,5105000
928,A225590,ÆÐ¼ÇÇÃ·§Æû,20171115,2005,2010,2000,2005,28469,258,5105000
929,A225590,ÆÐ¼ÇÇÃ·§Æû,20171114,2010,2015,2000,2005,20133,258,5105000
930,A225590,ÆÐ¼ÇÇÃ·§Æû,20171113,2010,2010,2000,2005,14149,258,5105000
931,A225590,ÆÐ¼ÇÇÃ·§Æû,20171110,2010,2010,2000,2010,12454,258,5105000
932,A225590,ÆÐ¼ÇÇÃ·§Æû,20171109,1995,2010,1995,2010,32935,258,5105000
933,A225590,ÆÐ¼ÇÇÃ·§Æû,20171108,2000,2015,1995,2015,26525,258,5105000
934,A225590,ÆÐ¼ÇÇÃ·§Æû,20171107,2000,2000,1995,1995,41019,258,5105000
935,A225590,ÆÐ¼ÇÇÃ·§Æû,20171106,2000,2005,1995,2000,43121,258,5105000
936,A225590,ÆÐ¼ÇÇÃ·§Æû,20171103,2005,2010,1995,2000,40708,258,5105000
937,A225590,ÆÐ¼ÇÇÃ·§Æû,20171102,2000,2010,2000,2005,65673,258,5105000
938,A225590,ÆÐ¼ÇÇÃ·§Æû,20171101,2005,2005,1995,2000,36980,258,5105000
939,A225590,ÆÐ¼ÇÇÃ·§Æû,20171031,2005,2015,2000,2005,20514,258,5105000
940,A225590,ÆÐ¼ÇÇÃ·§Æû,20171030,2005,2005,2000,2005,54887,258,5105000
941,A225590,ÆÐ¼ÇÇÃ·§Æû,20171027,2010,2020,2000,2005,46883,258,5105000
942,A225590,ÆÐ¼ÇÇÃ·§Æû,20171026,2000,2015,1990,2005,83296,258,5105000
943,A225590,ÆÐ¼ÇÇÃ·§Æû,20171025,2040,2090,1980,1995,390472,258,5105000
944,A225590,ÆÐ¼ÇÇÃ·§Æû,20171024,2000,2000,2000,2000,0,258,5105000
945,A225590,ÆÐ¼ÇÇÃ·§Æû,20171023,2000,2000,2000,2000,0,258,5105000
946,A225590,ÆÐ¼ÇÇÃ·§Æû,20171020,2000,2000,2000,2000,0,258,5105000
947,A225590,ÆÐ¼ÇÇÃ·§Æû,20171019,2000,2000,2000,2000,0,258,5105000
948,A225590,ÆÐ¼ÇÇÃ·§Æû,20171018,2000,2000,2000,2000,0,258,5105000
949,A225590,ÆÐ¼ÇÇÃ·§Æû,20171017,2000,2000,2000,2000,0,258,5105000
950,A225590,ÆÐ¼ÇÇÃ·§Æû,20171016,2000,2000,2000,2000,0,258,5105000
951,A225590,ÆÐ¼ÇÇÃ·§Æû,20171013,2000,2000,2000,2000,0,258,5105000
952,A225590,ÆÐ¼ÇÇÃ·§Æû,20171012,2000,2000,2000,2000,0,258,5105000
953,A225590,ÆÐ¼ÇÇÃ·§Æû,20171011,2000,2000,2000,2000,0,258,5105000
954,A225590,ÆÐ¼ÇÇÃ·§Æû,20171010,2000,2000,2000,2000,0,258,5105000
955,A225590,ÆÐ¼ÇÇÃ·§Æû,20170929,2000,2000,2000,2000,0,258,5105000
956,A225590,ÆÐ¼ÇÇÃ·§Æû,20170928,2000,2000,2000,2000,0,258,5105000
957,A225590,ÆÐ¼ÇÇÃ·§Æû,20170927,2000,2000,2000,2000,0,258,5105000
958,A225590,ÆÐ¼ÇÇÃ·§Æû,20170926,2000,2000,2000,2000,0,258,5105000
959,A225590,ÆÐ¼ÇÇÃ·§Æû,20170925,2000,2000,2000,2000,0,258,5105000
960,A225590,ÆÐ¼ÇÇÃ·§Æû,20170922,2000,2000,2000,2000,0,258,5105000
961,A225590,ÆÐ¼ÇÇÃ·§Æû,20170921,2000,2000,2000,2000,0,258,5105000
962,A225590,ÆÐ¼ÇÇÃ·§Æû,20170920,2000,2000,2000,2000,0,258,5105000
963,A225590,ÆÐ¼ÇÇÃ·§Æû,20170919,2000,2000,2000,2000,0,258,5105000
964,A225590,ÆÐ¼ÇÇÃ·§Æû,20170918,2000,2000,2000,2000,0,258,5105000
965,A225590,ÆÐ¼ÇÇÃ·§Æû,20170915,2000,2000,2000,2000,0,258,5105000
966,A225590,ÆÐ¼ÇÇÃ·§Æû,20170914,2000,2000,2000,2000,0,258,5105000
967,A225590,ÆÐ¼ÇÇÃ·§Æû,20170913,2000,2000,2000,2000,0,258,5105000
968,A225590,ÆÐ¼ÇÇÃ·§Æû,20170912,2000,2000,2000,2000,0,258,5105000
969,A225590,ÆÐ¼ÇÇÃ·§Æû,20170911,2000,2000,2000,2000,0,258,5105000
970,A225590,ÆÐ¼ÇÇÃ·§Æû,20170908,2000,2000,2000,2000,0,258,5105000
971,A225590,ÆÐ¼ÇÇÃ·§Æû,20170907,2000,2000,2000,2000,0,258,5105000
972,A225590,ÆÐ¼ÇÇÃ·§Æû,20170906,2000,2000,2000,2000,0,258,5105000
973,A225590,ÆÐ¼ÇÇÃ·§Æû,20170905,2000,2000,2000,2000,0,258,5105000
974,A225590,ÆÐ¼ÇÇÃ·§Æû,20170904,2000,2000,2000,2000,0,258,5105000
975,A225590,ÆÐ¼ÇÇÃ·§Æû,20170901,2000,2000,2000,2000,0,258,5105000
976,A225590,ÆÐ¼ÇÇÃ·§Æû,20170831,2000,2000,2000,2000,0,258,5105000
977,A225590,ÆÐ¼ÇÇÃ·§Æû,20170830,2000,2000,2000,2000,0,258,5105000
978,A225590,ÆÐ¼ÇÇÃ·§Æû,20170829,2000,2000,2000,2000,0,258,5105000
979,A225590,ÆÐ¼ÇÇÃ·§Æû,20170828,2000,2000,2000,2000,0,258,5105000
980,A225590,ÆÐ¼ÇÇÃ·§Æû,20170825,2000,2000,2000,2000,0,258,5105000
981,A225590,ÆÐ¼ÇÇÃ·§Æû,20170824,2005,2010,2000,2000,42674,258,5105000
982,A225590,ÆÐ¼ÇÇÃ·§Æû,20170823,2005,2010,2000,2010,53566,258,5105000
983,A225590,ÆÐ¼ÇÇÃ·§Æû,20170822,2005,2015,1995,2015,42260,258,5105000
984,A225590,ÆÐ¼ÇÇÃ·§Æû,20170821,2000,2015,2000,2005,26479,258,5105000
985,A225590,ÆÐ¼ÇÇÃ·§Æû,20170818,2010,2015,2000,2005,15071,258,5105000
986,A225590,ÆÐ¼ÇÇÃ·§Æû,20170817,2005,2010,1995,2000,15083,258,5105000
987,A225590,ÆÐ¼ÇÇÃ·§Æû,20170816,2000,2010,1995,2005,60438,258,5105000
988,A225590,ÆÐ¼ÇÇÃ·§Æû,20170814,2000,2000,1995,2000,39385,258,5105000
989,A225590,ÆÐ¼ÇÇÃ·§Æû,20170811,2000,2005,2000,2000,31430,258,5105000
990,A225590,ÆÐ¼ÇÇÃ·§Æû,20170810,1995,2010,1995,2000,43858,258,5105000
991,A225590,ÆÐ¼ÇÇÃ·§Æû,20170809,2005,2020,1995,2000,34633,258,5105000
992,A225590,ÆÐ¼ÇÇÃ·§Æû,20170808,2005,2020,2005,2015,76952,258,5105000
993,A225590,ÆÐ¼ÇÇÃ·§Æû,20170807,2000,2005,1995,2005,25448,258,5105000
994,A225590,ÆÐ¼ÇÇÃ·§Æû,20170804,2000,2010,1995,2005,23014,258,5105000
995,A225590,ÆÐ¼ÇÇÃ·§Æû,20170803,2005,2005,1995,2000,70871,258,5105000
996,A225590,ÆÐ¼ÇÇÃ·§Æû,20170802,1995,2005,1995,2005,41043,258,5105000
997,A225590,ÆÐ¼ÇÇÃ·§Æû,20170801,2005,2005,1990,1995,114369,258,5105000
998,A225590,ÆÐ¼ÇÇÃ·§Æû,20170731,2000,2010,1995,2005,50485,258,5105000
999,A225590,ÆÐ¼ÇÇÃ·§Æû,20170728,2010,2010,1995,1995,33990,258,5105000
1000,A225590,ÆÐ¼ÇÇÃ·§Æû,20170727,2005,2015,1995,2010,72719,258,5105000
1001,A225590,ÆÐ¼ÇÇÃ·§Æû,20170726,2005,2005,1990,1995,124722,258,5105000
1002,A225590,ÆÐ¼ÇÇÃ·§Æû,20170725,2015,2020,2005,2005,61941,258,5105000
1003,A225590,ÆÐ¼ÇÇÃ·§Æû,20170724,2010,2020,2005,2015,48094,258,5105000
1004,A225590,ÆÐ¼ÇÇÃ·§Æû,20170721,2020,2025,2010,2010,77038,258,5105000
1005,A225590,ÆÐ¼ÇÇÃ·§Æû,20170720,2020,2020,2005,2020,97160,258,5105000
1006,A225590,ÆÐ¼ÇÇÃ·§Æû,20170719,2015,2025,2015,2020,85353,258,5105000
1007,A225590,ÆÐ¼ÇÇÃ·§Æû,20170718,2035,2035,2015,2015,96250,258,5105000
1008,A225590,ÆÐ¼ÇÇÃ·§Æû,20170717,2030,2035,2015,2020,111090,258,5105000
1009,A225590,ÆÐ¼ÇÇÃ·§Æû,20170714,2030,2030,2010,2020,219627,258,5105000
1010,A225590,ÆÐ¼ÇÇÃ·§Æû,20170713,2025,2040,2010,2030,348230,258,5105000
1011,A225590,ÆÐ¼ÇÇÃ·§Æû,20170712,2085,2085,2020,2025,565256,258,5105000
1012,A225590,ÆÐ¼ÇÇÃ·§Æû,20170711,2020,2150,2015,2020,3145067,258,5105000
1013,A225590,ÆÐ¼ÇÇÃ·§Æû,20170710,2025,2025,1995,2000,304913,258,5105000
1014,A225590,ÆÐ¼ÇÇÃ·§Æû,20170707,2000,2020,1995,2010,320873,258,5105000
1015,A225590,ÆÐ¼ÇÇÃ·§Æû,20170706,2055,2140,2000,2005,3125245,258,5105000
1016,A225590,ÆÐ¼ÇÇÃ·§Æû,20170705,2005,2020,1990,1990,483792,258,5105000
1017,A225590,ÆÐ¼ÇÇÃ·§Æû,20170704,2040,2075,1995,2005,1028433,258,5105000
1018,A225590,ÆÐ¼ÇÇÃ·§Æû,20170703,2250,2350,2005,2010,3107769,258,5105000
1019,A225590,ÆÐ¼ÇÇÃ·§Æû,20170630,1985,2375,1985,2100,14696965,258,5105000
1020,A225590,ÆÐ¼ÇÇÃ·§Æû,20170629,1990,2180,1980,1985,158344,258,5105000
1021,A225590,ÆÐ¼ÇÇÃ·§Æû,20170628,1980,1995,1980,1985,10014,258,5105000
1022,A225590,ÆÐ¼ÇÇÃ·§Æû,20170627,1990,1990,1980,1980,42682,258,5105000
1023,A225590,ÆÐ¼ÇÇÃ·§Æû,20170626,1990,1990,1975,1985,5760,258,5105000
1024,A225590,ÆÐ¼ÇÇÃ·§Æû,20170623,1990,1990,1970,1985,4731,258,5105000
1025,A225590,ÆÐ¼ÇÇÃ·§Æû,20170622,1975,1985,1975,1980,2577,258,5105000
1026,A225590,ÆÐ¼ÇÇÃ·§Æû,20170621,1990,1990,1970,1980,3590,258,5105000
1027,A225590,ÆÐ¼ÇÇÃ·§Æû,20170620,1975,1990,1975,1990,4114,258,5105000
1028,A225590,ÆÐ¼ÇÇÃ·§Æû,20170619,1980,1990,1980,1980,28400,258,5105000
1029,A225590,ÆÐ¼ÇÇÃ·§Æû,20170616,1980,1990,1980,1985,10758,258,5105000
1030,A225590,ÆÐ¼ÇÇÃ·§Æû,20170615,1975,1990,1975,1985,6375,258,5105000
1031,A225590,ÆÐ¼ÇÇÃ·§Æû,20170614,1985,1985,1980,1985,25468,258,5105000
1032,A225590,ÆÐ¼ÇÇÃ·§Æû,20170613,1980,1980,1970,1980,2004,258,5105000
1033,A225590,ÆÐ¼ÇÇÃ·§Æû,20170612,1975,1980,1970,1980,2154,258,5105000
1034,A225590,ÆÐ¼ÇÇÃ·§Æû,20170609,1970,1985,1970,1980,2488,258,5105000
1035,A225590,ÆÐ¼ÇÇÃ·§Æû,20170608,1975,1985,1970,1980,6498,258,5105000
1036,A225590,ÆÐ¼ÇÇÃ·§Æû,20170607,1985,1985,1970,1985,9808,258,5105000
1037,A225590,ÆÐ¼ÇÇÃ·§Æû,20170605,1975,1990,1975,1980,4729,258,5105000
1038,A225590,ÆÐ¼ÇÇÃ·§Æû,20170602,1975,1980,1975,1980,2346,258,5105000
1039,A225590,ÆÐ¼ÇÇÃ·§Æû,20170601,1985,1985,1970,1985,2484,258,5105000
1040,A225590,ÆÐ¼ÇÇÃ·§Æû,20170531,1990,1990,1970,1980,7421,258,5105000
1041,A225590,ÆÐ¼ÇÇÃ·§Æû,20170530,1990,1990,1970,1975,3928,258,5105000
1042,A225590,ÆÐ¼ÇÇÃ·§Æû,20170529,1985,1990,1975,1980,5827,258,5105000
1043,A225590,ÆÐ¼ÇÇÃ·§Æû,20170526,1985,1990,1970,1985,7460,258,5105000
1044,A225590,ÆÐ¼ÇÇÃ·§Æû,20170525,1990,1995,1975,1975,11377,258,5105000
1045,A225590,ÆÐ¼ÇÇÃ·§Æû,20170524,1990,1990,1975,1985,6313,258,5105000
1046,A225590,ÆÐ¼ÇÇÃ·§Æû,20170523,1975,1995,1970,1985,57913,258,5105000
1047,A225590,ÆÐ¼ÇÇÃ·§Æû,20170522,1975,1985,1975,1980,4379,258,5105000
1048,A225590,ÆÐ¼ÇÇÃ·§Æû,20170519,1985,1985,1980,1980,2113,258,5105000
1049,A225590,ÆÐ¼ÇÇÃ·§Æû,20170518,1980,1985,1975,1985,7577,258,5105000
1050,A225590,ÆÐ¼ÇÇÃ·§Æû,20170517,1975,1985,1975,1980,1815,258,5105000
1051,A225590,ÆÐ¼ÇÇÃ·§Æû,20170516,1980,1985,1975,1985,1639,258,5105000
1052,A225590,ÆÐ¼ÇÇÃ·§Æû,20170515,1990,1995,1970,1980,23507,258,5105000
1053,A225590,ÆÐ¼ÇÇÃ·§Æû,20170512,1990,1990,1985,1990,3370,258,5105000
1054,A225590,ÆÐ¼ÇÇÃ·§Æû,20170511,1995,1995,1980,1990,3619,258,5105000
1055,A225590,ÆÐ¼ÇÇÃ·§Æû,20170510,1980,1990,1980,1990,6040,258,5105000
1056,A225590,ÆÐ¼ÇÇÃ·§Æû,20170508,1975,1995,1975,1980,14267,258,5105000
1057,A225590,ÆÐ¼ÇÇÃ·§Æû,20170504,1990,1995,1980,1995,11649,258,5105000
1058,A225590,ÆÐ¼ÇÇÃ·§Æû,20170502,1985,1985,1980,1980,33,258,5105000
1059,A225590,ÆÐ¼ÇÇÃ·§Æû,20170428,1975,1995,1975,1985,12879,258,5105000
1060,A225590,ÆÐ¼ÇÇÃ·§Æû,20170427,1995,1995,1975,1985,2811,258,5105000
1061,A225590,ÆÐ¼ÇÇÃ·§Æû,20170426,1980,1995,1975,1985,13972,258,5105000
1062,A225590,ÆÐ¼ÇÇÃ·§Æû,20170425,1995,1995,1965,1980,248285,258,5105000
1063,A225590,ÆÐ¼ÇÇÃ·§Æû,20170424,1980,1995,1980,1990,8574,258,5105000
1064,A225590,ÆÐ¼ÇÇÃ·§Æû,20170421,1980,2000,1980,1990,8800,258,5105000
1065,A225590,ÆÐ¼ÇÇÃ·§Æû,20170420,1995,1995,1975,1980,4227,258,5105000
1066,A225590,ÆÐ¼ÇÇÃ·§Æû,20170419,1990,1990,1985,1990,6821,258,5105000
1067,A225590,ÆÐ¼ÇÇÃ·§Æû,20170418,1995,1995,1980,1985,3912,258,5105000
1068,A225590,ÆÐ¼ÇÇÃ·§Æû,20170417,1995,1995,1970,1980,17530,258,5105000
1069,A225590,ÆÐ¼ÇÇÃ·§Æû,20170414,1975,1985,1975,1980,15354,258,5105000
1070,A225590,ÆÐ¼ÇÇÃ·§Æû,20170413,1975,1985,1970,1975,16649,258,5105000
1071,A225590,ÆÐ¼ÇÇÃ·§Æû,20170412,1990,1990,1970,1985,23025,258,5105000
1072,A225590,ÆÐ¼ÇÇÃ·§Æû,20170411,1975,1990,1975,1990,17173,258,5105000
1073,A225590,ÆÐ¼ÇÇÃ·§Æû,20170410,1975,1990,1975,1985,11644,258,5105000
1074,A225590,ÆÐ¼ÇÇÃ·§Æû,20170407,1995,1995,1970,1980,35848,258,5105000
1075,A225590,ÆÐ¼ÇÇÃ·§Æû,20170406,2010,2010,1990,2000,39000,258,5105000
1076,A225590,ÆÐ¼ÇÇÃ·§Æû,20170405,2005,2015,2005,2015,28740,258,5105000
1077,A225590,ÆÐ¼ÇÇÃ·§Æû,20170404,2010,2025,2000,2015,57921,258,5105000
1078,A225590,ÆÐ¼ÇÇÃ·§Æû,20170403,2010,2020,2000,2000,58052,258,5105000
1079,A225590,ÆÐ¼ÇÇÃ·§Æû,20170331,2005,2010,1990,2010,17461,258,5105000
1080,A225590,ÆÐ¼ÇÇÃ·§Æû,20170330,2005,2005,1990,2000,2489,258,5105000
1081,A225590,ÆÐ¼ÇÇÃ·§Æû,20170329,1995,2000,1975,2000,36305,258,5105000
1082,A225590,ÆÐ¼ÇÇÃ·§Æû,20170328,1995,1995,1970,1995,5727,258,5105000
1083,A225590,ÆÐ¼ÇÇÃ·§Æû,20170327,1980,1995,1975,1985,21425,258,5105000
1084,A225590,ÆÐ¼ÇÇÃ·§Æû,20170324,1985,1990,1970,1990,6255,258,5105000
1085,A225590,ÆÐ¼ÇÇÃ·§Æû,20170323,1995,1995,1960,1980,13786,258,5105000
1086,A225590,ÆÐ¼ÇÇÃ·§Æû,20170322,1995,1995,1975,1980,3309,258,5105000
1087,A225590,ÆÐ¼ÇÇÃ·§Æû,20170321,2000,2000,1965,1985,11310,258,5105000
1088,A225590,ÆÐ¼ÇÇÃ·§Æû,20170320,1990,2020,1950,1990,45402,258,5105000
1089,A225590,ÆÐ¼ÇÇÃ·§Æû,20170317,1970,2000,1970,1980,56003,258,5105000
1090,A225590,ÆÐ¼ÇÇÃ·§Æû,20170316,1960,1965,1945,1965,8237,258,5105000
1091,A225590,ÆÐ¼ÇÇÃ·§Æû,20170315,1940,1960,1940,1955,19200,258,5105000
1092,A225590,ÆÐ¼ÇÇÃ·§Æû,20170314,1945,1965,1945,1960,1371,258,5105000
1093,A225590,ÆÐ¼ÇÇÃ·§Æû,20170313,1945,1965,1940,1960,23074,258,5105000
1094,A225590,ÆÐ¼ÇÇÃ·§Æû,20170310,1955,1960,1950,1960,14144,258,5105000
1095,A225590,ÆÐ¼ÇÇÃ·§Æû,20170309,1940,1950,1940,1950,482,258,5105000
1096,A225590,ÆÐ¼ÇÇÃ·§Æû,20170308,1940,1955,1940,1955,23445,258,5105000
1097,A225590,ÆÐ¼ÇÇÃ·§Æû,20170307,1940,1955,1940,1955,479,258,5105000
1098,A225590,ÆÐ¼ÇÇÃ·§Æû,20170306,1975,1975,1940,1955,6253,258,5105000
1099,A225590,ÆÐ¼ÇÇÃ·§Æû,20170303,1950,1950,1940,1950,3762,258,5105000
1100,A225590,ÆÐ¼ÇÇÃ·§Æû,20170302,1945,1960,1940,1950,22920,258,5105000
1101,A225590,ÆÐ¼ÇÇÃ·§Æû,20170228,1935,1950,1935,1940,13363,258,5105000
1102,A225590,ÆÐ¼ÇÇÃ·§Æû,20170227,1955,1955,1935,1945,816,258,5105000
1103,A225590,ÆÐ¼ÇÇÃ·§Æû,20170224,1935,1950,1935,1950,5545,258,5105000
1104,A225590,ÆÐ¼ÇÇÃ·§Æû,20170223,1950,1950,1945,1945,38,258,5105000
1105,A225590,ÆÐ¼ÇÇÃ·§Æû,20170222,1950,1950,1930,1945,6224,258,5105000
1106,A225590,ÆÐ¼ÇÇÃ·§Æû,20170221,1935,1950,1935,1945,4417,258,5105000
1107,A225590,ÆÐ¼ÇÇÃ·§Æû,20170220,1935,1945,1935,1945,1357,258,5105000
1108,A225590,ÆÐ¼ÇÇÃ·§Æû,20170217,1940,1940,1935,1940,13259,258,5105000
1109,A225590,ÆÐ¼ÇÇÃ·§Æû,20170216,1940,1940,1930,1940,3371,258,5105000
1110,A225590,ÆÐ¼ÇÇÃ·§Æû,20170215,1935,1940,1930,1935,3985,258,5105000
1111,A225590,ÆÐ¼ÇÇÃ·§Æû,20170214,1920,1930,1915,1930,225595,258,5105000
1112,A225590,ÆÐ¼ÇÇÃ·§Æû,20170213,1940,1955,1930,1930,16429,258,5105000
1113,A225590,ÆÐ¼ÇÇÃ·§Æû,20170210,1940,1955,1940,1955,5340,258,5105000
1114,A225590,ÆÐ¼ÇÇÃ·§Æû,20170209,1940,1950,1940,1950,22367,258,5105000
1115,A225590,ÆÐ¼ÇÇÃ·§Æû,20170208,1945,1955,1940,1945,12742,258,5105000
1116,A225590,ÆÐ¼ÇÇÃ·§Æû,20170207,1945,1955,1945,1950,779,258,5105000
1117,A225590,ÆÐ¼ÇÇÃ·§Æû,20170206,1955,1955,1950,1955,1575,258,5105000
1118,A225590,ÆÐ¼ÇÇÃ·§Æû,20170203,1955,1960,1940,1950,1713,258,5105000
1119,A225590,ÆÐ¼ÇÇÃ·§Æû,20170202,1960,1960,1950,1955,812,258,5105000
1120,A225590,ÆÐ¼ÇÇÃ·§Æû,20170201,1955,1960,1955,1960,515,258,5105000
1121,A225590,ÆÐ¼ÇÇÃ·§Æû,20170131,1955,1970,1950,1955,11769,258,5105000
1122,A225590,ÆÐ¼ÇÇÃ·§Æû,20170126,1950,1955,1945,1950,21224,258,5105000
1123,A225590,ÆÐ¼ÇÇÃ·§Æû,20170125,1960,1960,1950,1960,2389,258,5105000
1124,A225590,ÆÐ¼ÇÇÃ·§Æû,20170124,1960,1980,1955,1980,28,258,5105000
1125,A225590,ÆÐ¼ÇÇÃ·§Æû,20170123,1960,1985,1960,1985,380,258,5105000
1126,A225590,ÆÐ¼ÇÇÃ·§Æû,20170120,1960,1995,1960,1990,363,258,5105000
1127,A225590,ÆÐ¼ÇÇÃ·§Æû,20170119,1970,1970,1960,1970,437,258,5105000
1128,A225590,ÆÐ¼ÇÇÃ·§Æû,20170118,1960,1990,1960,1965,461,258,5105000
1129,A225590,ÆÐ¼ÇÇÃ·§Æû,20170117,1985,1985,1965,1965,109,258,5105000
1130,A225590,ÆÐ¼ÇÇÃ·§Æû,20170116,1980,1985,1960,1980,1746,258,5105000
1131,A225590,ÆÐ¼ÇÇÃ·§Æû,20170113,1975,1975,1970,1975,365,258,5105000
1132,A225590,ÆÐ¼ÇÇÃ·§Æû,20170112,1965,1980,1965,1980,441,258,5105000
1133,A225590,ÆÐ¼ÇÇÃ·§Æû,20170111,1980,1985,1970,1970,369,258,5105000
1134,A225590,ÆÐ¼ÇÇÃ·§Æû,20170110,1960,1965,1960,1965,1617,258,5105000
1135,A225590,ÆÐ¼ÇÇÃ·§Æû,20170109,1995,1995,1960,1960,1708,258,5105000
1136,A225590,ÆÐ¼ÇÇÃ·§Æû,20170106,1985,1985,1985,1985,0,258,5105000
1137,A225590,ÆÐ¼ÇÇÃ·§Æû,20170105,1970,1985,1970,1985,3206,258,5105000
1138,A225590,ÆÐ¼ÇÇÃ·§Æû,20170104,1970,1995,1970,1985,1144,258,5105000
1139,A225590,ÆÐ¼ÇÇÃ·§Æû,20170103,1975,1995,1975,1975,10006,258,5105000
1140,A225590,ÆÐ¼ÇÇÃ·§Æû,20170102,1985,1985,1985,1985,7,258,5105000
1141,A225590,ÆÐ¼ÇÇÃ·§Æû,20161229,1995,1995,1995,1995,0,258,5105000
1142,A225590,ÆÐ¼ÇÇÃ·§Æû,20161228,1970,1995,1970,1995,1150,258,5105000
1143,A225590,ÆÐ¼ÇÇÃ·§Æû,20161227,1990,1990,1990,1990,0,258,5105000
1144,A225590,ÆÐ¼ÇÇÃ·§Æû,20161226,1970,1990,1970,1990,36,258,5105000
1145,A225590,ÆÐ¼ÇÇÃ·§Æû,20161223,1975,1990,1975,1990,203,258,5105000
1146,A225590,ÆÐ¼ÇÇÃ·§Æû,20161222,1975,1990,1975,1990,1131,258,5105000
1147,A225590,ÆÐ¼ÇÇÃ·§Æû,20161221,1990,1990,1975,1980,2243,258,5105000
1148,A225590,ÆÐ¼ÇÇÃ·§Æû,20161220,1980,1990,1980,1980,13901,258,5105000
1149,A225590,ÆÐ¼ÇÇÃ·§Æû,20161219,1975,1990,1970,1985,6060,258,5105000
1150,A225590,ÆÐ¼ÇÇÃ·§Æû,20161216,1980,1990,1980,1990,131,258,5105000
1151,A225590,ÆÐ¼ÇÇÃ·§Æû,20161215,1990,1990,1990,1990,0,258,5105000
1152,A225590,ÆÐ¼ÇÇÃ·§Æû,20161214,1975,1995,1975,1995,2130,258,5105000
1153,A225590,ÆÐ¼ÇÇÃ·§Æû,20161213,1995,1995,1980,1995,48,258,5105000
1154,A225590,ÆÐ¼ÇÇÃ·§Æû,20161212,1985,1985,1985,1985,5049,258,5105000
1155,A225590,ÆÐ¼ÇÇÃ·§Æû,20161209,1985,1995,1985,1995,89,258,5105000
1156,A225590,ÆÐ¼ÇÇÃ·§Æû,20161208,1985,1995,1985,1995,25,258,5105000
1157,A225590,ÆÐ¼ÇÇÃ·§Æû,20161207,1985,1995,1985,1995,999,258,5105000
1158,A225590,ÆÐ¼ÇÇÃ·§Æû,20161206,1980,1995,1980,1995,1603,258,5105000
1159,A225590,ÆÐ¼ÇÇÃ·§Æû,20161205,1970,1995,1970,1995,82,258,5105000
1160,A225590,ÆÐ¼ÇÇÃ·§Æû,20161202,1985,1990,1985,1990,432,258,5105000
1161,A225590,ÆÐ¼ÇÇÃ·§Æû,20161201,1990,1995,1970,1995,6915,258,5105000
1162,A225590,ÆÐ¼ÇÇÃ·§Æû,20161130,1995,1995,1995,1995,10000,258,5105000
1163,A225590,ÆÐ¼ÇÇÃ·§Æû,20161129,1980,1995,1975,1995,6576,258,5105000
1164,A225590,ÆÐ¼ÇÇÃ·§Æû,20161128,1975,1985,1975,1985,598,258,5105000
1165,A225590,ÆÐ¼ÇÇÃ·§Æû,20161125,1985,1985,1985,1985,1010,258,5105000
1166,A225590,ÆÐ¼ÇÇÃ·§Æû,20161124,1975,1990,1975,1990,623,258,5105000
1167,A225590,ÆÐ¼ÇÇÃ·§Æû,20161123,1975,1990,1975,1990,5274,258,5105000
1168,A225590,ÆÐ¼ÇÇÃ·§Æû,20161122,1975,1985,1975,1985,8245,258,5105000
1169,A225590,ÆÐ¼ÇÇÃ·§Æû,20161121,1980,1990,1980,1990,26136,258,5105000
1170,A225590,ÆÐ¼ÇÇÃ·§Æû,20161118,1990,1990,1980,1990,32,258,5105000
1171,A225590,ÆÐ¼ÇÇÃ·§Æû,20161117,1990,1990,1990,1990,11,258,5105000
1172,A225590,ÆÐ¼ÇÇÃ·§Æû,20161116,1985,2000,1970,1985,708,258,5105000
1173,A225590,ÆÐ¼ÇÇÃ·§Æû,20161115,1980,1985,1965,1980,4108,258,5105000
1174,A225590,ÆÐ¼ÇÇÃ·§Æû,20161114,1975,1990,1970,1985,2589,258,5105000
1175,A225590,ÆÐ¼ÇÇÃ·§Æû,20161111,1965,1990,1965,1990,71,258,5105000
1176,A225590,ÆÐ¼ÇÇÃ·§Æû,20161110,1995,1995,1970,1990,27397,258,5105000
1177,A225590,ÆÐ¼ÇÇÃ·§Æû,20161109,2000,2000,1970,1990,6102,258,5105000
1178,A225590,ÆÐ¼ÇÇÃ·§Æû,20161108,2000,2000,1970,1995,8590,258,5105000
1179,A225590,ÆÐ¼ÇÇÃ·§Æû,20161107,2005,2005,1975,2000,2206,258,5105000
1180,A225590,ÆÐ¼ÇÇÃ·§Æû,20161104,1985,1990,1985,1990,8315,258,5105000
1181,A225590,ÆÐ¼ÇÇÃ·§Æû,20161103,1990,1995,1985,1985,89567,258,5105000
1182,A225590,ÆÐ¼ÇÇÃ·§Æû,20161102,1990,2000,1990,2000,1111,258,5105000
1183,A225590,ÆÐ¼ÇÇÃ·§Æû,20161101,1995,2000,1990,2000,1653,258,5105000
1184,A225590,ÆÐ¼ÇÇÃ·§Æû,20161031,2000,2010,1995,2010,1759,258,5105000
1185,A225590,ÆÐ¼ÇÇÃ·§Æû,20161028,1995,2010,1995,2010,1010,258,5105000
1186,A225590,ÆÐ¼ÇÇÃ·§Æû,20161027,2015,2015,1980,2010,2080,258,5105000
1187,A225590,ÆÐ¼ÇÇÃ·§Æû,20161026,1985,2010,1985,2000,9280,258,5105000
1188,A225590,ÆÐ¼ÇÇÃ·§Æû,20161025,2015,2015,1990,2005,1780,258,5105000
1189,A225590,ÆÐ¼ÇÇÃ·§Æû,20161024,2000,2005,2000,2005,48,258,5105000
1190,A225590,ÆÐ¼ÇÇÃ·§Æû,20161021,2020,2020,1995,2010,4176,258,5105000
1191,A225590,ÆÐ¼ÇÇÃ·§Æû,20161020,2000,2000,1995,1995,2684,258,5105000
1192,A225590,ÆÐ¼ÇÇÃ·§Æû,20161019,2000,2010,1995,2005,1797,258,5105000
1193,A225590,ÆÐ¼ÇÇÃ·§Æû,20161018,2025,2025,1995,2010,58,258,5105000
1194,A225590,ÆÐ¼ÇÇÃ·§Æû,20161017,2005,2025,2000,2020,353,258,5105000
1195,A225590,ÆÐ¼ÇÇÃ·§Æû,20161014,2030,2030,2030,2030,10,258,5105000
1196,A225590,ÆÐ¼ÇÇÃ·§Æû,20161013,2000,2020,1995,2010,5109,258,5105000
1197,A225590,ÆÐ¼ÇÇÃ·§Æû,20161012,2025,2025,2025,2025,10,258,5105000
1198,A225590,ÆÐ¼ÇÇÃ·§Æû,20161011,2030,2030,2000,2020,65,258,5105000
1199,A225590,ÆÐ¼ÇÇÃ·§Æû,20161010,1995,2040,1995,2000,3471,258,5105000
1200,A225590,ÆÐ¼ÇÇÃ·§Æû,20161007,1995,2000,1995,2000,2082,258,5105000
1201,A225590,ÆÐ¼ÇÇÃ·§Æû,20161006,2035,2035,1995,1995,1706,258,5105000
1202,A225590,ÆÐ¼ÇÇÃ·§Æû,20161005,1995,2040,1995,2000,5753,258,5105000
1203,A225590,ÆÐ¼ÇÇÃ·§Æû,20161004,2000,2035,1995,2025,3876,258,5105000
1204,A225590,ÆÐ¼ÇÇÃ·§Æû,20160930,1995,2020,1995,2020,4590,258,5105000
1205,A225590,ÆÐ¼ÇÇÃ·§Æû,20160929,2000,2080,1995,2025,6346,258,5105000
1206,A225590,ÆÐ¼ÇÇÃ·§Æû,20160928,2000,2015,2000,2015,1064,258,5105000
1207,A225590,ÆÐ¼ÇÇÃ·§Æû,20160927,1995,2020,1995,2020,775,258,5105000
1208,A225590,ÆÐ¼ÇÇÃ·§Æû,20160926,2020,2020,2000,2020,10467,258,5105000
1209,A225590,ÆÐ¼ÇÇÃ·§Æû,20160923,2000,2035,2000,2015,4780,258,5105000
1210,A225590,ÆÐ¼ÇÇÃ·§Æû,20160922,2000,2030,2000,2025,4420,258,5105000
1211,A225590,ÆÐ¼ÇÇÃ·§Æû,20160921,2020,2020,2000,2005,4564,258,5105000
1212,A225590,ÆÐ¼ÇÇÃ·§Æû,20160920,2005,2025,1990,1995,17777,258,5105000
1213,A225590,ÆÐ¼ÇÇÃ·§Æû,20160919,2040,2040,2000,2030,2963,258,5105000
1214,A225590,ÆÐ¼ÇÇÃ·§Æû,20160913,1995,2020,1995,2020,2014,258,5105000
1215,A225590,ÆÐ¼ÇÇÃ·§Æû,20160912,2010,2010,2000,2010,397,258,5105000
1216,A225590,ÆÐ¼ÇÇÃ·§Æû,20160909,2010,2010,2005,2005,1515,258,5105000
1217,A225590,ÆÐ¼ÇÇÃ·§Æû,20160908,2000,2010,2000,2010,3212,258,5105000
1218,A225590,ÆÐ¼ÇÇÃ·§Æû,20160907,2010,2045,1995,2010,29841,258,5105000
1219,A225590,ÆÐ¼ÇÇÃ·§Æû,20160906,2015,2055,2010,2010,3090,258,5105000
1220,A225590,ÆÐ¼ÇÇÃ·§Æû,20160905,2010,2015,2005,2015,2875,258,5105000
1221,A225590,ÆÐ¼ÇÇÃ·§Æû,20160902,2000,2035,2000,2010,14299,258,5105000
1222,A225590,ÆÐ¼ÇÇÃ·§Æû,20160901,2040,2040,2000,2030,6691,258,5105000
1223,A225590,ÆÐ¼ÇÇÃ·§Æû,20160831,2005,2040,2005,2030,11940,258,5105000
1224,A225590,ÆÐ¼ÇÇÃ·§Æû,20160830,2010,2050,1995,1995,11013,258,5105000
1225,A225590,ÆÐ¼ÇÇÃ·§Æû,20160829,2000,2020,2000,2000,3452,258,5105000
1226,A225590,ÆÐ¼ÇÇÃ·§Æû,20160826,1990,2010,1990,2005,10409,258,5105000
1227,A225590,ÆÐ¼ÇÇÃ·§Æû,20160825,1990,2005,1985,2000,4087,258,5105000
1228,A225590,ÆÐ¼ÇÇÃ·§Æû,20160824,1985,2005,1985,2000,8230,258,5105000
1229,A225590,ÆÐ¼ÇÇÃ·§Æû,20160823,1980,1990,1980,1985,3987,258,5105000
1230,A225590,ÆÐ¼ÇÇÃ·§Æû,20160822,1985,1990,1985,1985,4352,258,5105000
1231,A225590,ÆÐ¼ÇÇÃ·§Æû,20160819,1990,2005,1985,1990,1910,258,5105000
1232,A225590,ÆÐ¼ÇÇÃ·§Æû,20160818,1980,2005,1980,1995,38453,258,5105000
1233,A225590,ÆÐ¼ÇÇÃ·§Æû,20160817,1985,2010,1985,2005,589,258,5105000
1234,A225590,ÆÐ¼ÇÇÃ·§Æû,20160816,2020,2020,1985,2010,5015,258,5105000
1235,A225590,ÆÐ¼ÇÇÃ·§Æû,20160812,1990,2010,1990,2010,1460,258,5105000
1236,A225590,ÆÐ¼ÇÇÃ·§Æû,20160811,1995,2010,1985,2010,5050,258,5105000
1237,A225590,ÆÐ¼ÇÇÃ·§Æû,20160810,1995,1995,1995,1995,39,258,5105000
1238,A225590,ÆÐ¼ÇÇÃ·§Æû,20160809,2000,2015,2000,2015,14,258,5105000
1239,A225590,ÆÐ¼ÇÇÃ·§Æû,20160808,2000,2020,2000,2015,1093,258,5105000
1240,A225590,ÆÐ¼ÇÇÃ·§Æû,20160805,2000,2015,2000,2015,360,258,5105000
1241,A225590,ÆÐ¼ÇÇÃ·§Æû,20160804,2000,2020,2000,2015,787,258,5105000
1242,A225590,ÆÐ¼ÇÇÃ·§Æû,20160803,2005,2020,2005,2020,273,258,5105000
1243,A225590,ÆÐ¼ÇÇÃ·§Æû,20160802,2020,2020,2000,2020,351,258,5105000
1244,A225590,ÆÐ¼ÇÇÃ·§Æû,20160801,2000,2015,2000,2015,437,258,5105000
1245,A225590,ÆÐ¼ÇÇÃ·§Æû,20160729,2020,2020,2020,2020,10,258,5105000
1246,A225590,ÆÐ¼ÇÇÃ·§Æû,20160728,2000,2015,2000,2015,1392,258,5105000
1247,A225590,ÆÐ¼ÇÇÃ·§Æû,20160727,2005,2020,2005,2020,240,258,5105000
1248,A225590,ÆÐ¼ÇÇÃ·§Æû,20160726,2015,2015,1995,2015,1651,258,5105000
1249,A225590,ÆÐ¼ÇÇÃ·§Æû,20160725,1990,2000,1990,2000,90,258,5105000
1250,A225590,ÆÐ¼ÇÇÃ·§Æû,20160722,1995,2005,1990,2005,7808,258,5105000
1251,A225590,ÆÐ¼ÇÇÃ·§Æû,20160721,2000,2000,1995,2000,7933,258,5105000
1252,A225590,ÆÐ¼ÇÇÃ·§Æû,20160720,2010,2010,2000,2010,6522,258,5105000
1253,A225590,ÆÐ¼ÇÇÃ·§Æû,20160719,2020,2020,2000,2005,4671,258,5105000
1254,A225590,ÆÐ¼ÇÇÃ·§Æû,20160718,2015,2015,2000,2000,9460,258,5105000
1255,A225590,ÆÐ¼ÇÇÃ·§Æû,20160715,2000,2020,2000,2010,11755,258,5105000
1256,A225590,ÆÐ¼ÇÇÃ·§Æû,20160714,2000,2020,2000,2015,3560,258,5105000
1257,A225590,ÆÐ¼ÇÇÃ·§Æû,20160713,2015,2020,2000,2000,27145,258,5105000
1258,A225590,ÆÐ¼ÇÇÃ·§Æû,20160712,2010,2020,2005,2010,20076,258,5105000
1259,A225590,ÆÐ¼ÇÇÃ·§Æû,20160711,2000,2005,2000,2005,10406,258,5105000
1260,A225590,ÆÐ¼ÇÇÃ·§Æû,20160708,2000,2000,1995,2000,5700,258,5105000
1261,A225590,ÆÐ¼ÇÇÃ·§Æû,20160707,2000,2000,2000,2000,927,258,5105000
1262,A225590,ÆÐ¼ÇÇÃ·§Æû,20160706,1980,2005,1970,2005,15010,258,5105000
1263,A225590,ÆÐ¼ÇÇÃ·§Æû,20160705,1995,2010,1990,2005,8329,258,5105000
1264,A225590,ÆÐ¼ÇÇÃ·§Æû,20160704,1975,2010,1975,2010,3648,258,5105000
1265,A225590,ÆÐ¼ÇÇÃ·§Æû,20160701,2000,2010,1995,2005,68298,258,5105000
1266,A225590,ÆÐ¼ÇÇÃ·§Æû,20160630,1955,2000,1950,1995,18084,258,5105000
1267,A225590,ÆÐ¼ÇÇÃ·§Æû,20160629,1955,1960,1955,1960,8000,258,5105000
1268,A225590,ÆÐ¼ÇÇÃ·§Æû,20160628,1950,1960,1950,1960,3495,258,5105000
1269,A225590,ÆÐ¼ÇÇÃ·§Æû,20160627,1950,1960,1945,1960,7998,258,5105000
1270,A225590,ÆÐ¼ÇÇÃ·§Æû,20160624,1950,1965,1945,1960,31104,258,5105000
1271,A225590,ÆÐ¼ÇÇÃ·§Æû,20160623,1950,1960,1950,1960,3288,258,5105000
1272,A225590,ÆÐ¼ÇÇÃ·§Æû,20160622,1950,1955,1945,1945,10313,258,5105000
1273,A225590,ÆÐ¼ÇÇÃ·§Æû,20160621,1960,1960,1950,1960,2062,258,5105000
1274,A225590,ÆÐ¼ÇÇÃ·§Æû,20160620,1960,1960,1945,1950,43058,258,5105000
1275,A225590,ÆÐ¼ÇÇÃ·§Æû,20160617,1945,1960,1945,1960,10067,258,5105000
1276,A225590,ÆÐ¼ÇÇÃ·§Æû,20160616,1945,1965,1945,1965,59,258,5105000
1277,A225590,ÆÐ¼ÇÇÃ·§Æû,20160615,1940,1960,1940,1960,1206,258,5105000
1278,A225590,ÆÐ¼ÇÇÃ·§Æû,20160614,1945,1965,1945,1965,64,258,5105000
1279,A225590,ÆÐ¼ÇÇÃ·§Æû,20160613,1965,1970,1965,1970,11,258,5105000
1280,A225590,ÆÐ¼ÇÇÃ·§Æû,20160610,1940,1970,1940,1955,2697,258,5105000
1281,A225590,ÆÐ¼ÇÇÃ·§Æû,20160609,1950,1970,1940,1950,499,258,5105000
1282,A225590,ÆÐ¼ÇÇÃ·§Æû,20160608,1945,1950,1940,1950,2604,258,5105000
1283,A225590,ÆÐ¼ÇÇÃ·§Æû,20160607,1960,1965,1895,1945,301618,258,5105000
1284,A225590,ÆÐ¼ÇÇÃ·§Æû,20160603,1950,1965,1950,1965,79928,258,5105000
1285,A225590,ÆÐ¼ÇÇÃ·§Æû,20160602,1965,1965,1945,1950,2799,258,5105000
1286,A225590,ÆÐ¼ÇÇÃ·§Æû,20160601,1950,1950,1945,1945,13462,258,5105000
1287,A225590,ÆÐ¼ÇÇÃ·§Æû,20160531,1950,1985,1945,1955,64740,258,5105000
1288,A225590,ÆÐ¼ÇÇÃ·§Æû,20160530,1950,1990,1950,1975,133503,258,5105000
1289,A225590,ÆÐ¼ÇÇÃ·§Æû,20160527,1970,1990,1950,1965,11836,258,5105000
1290,A225590,ÆÐ¼ÇÇÃ·§Æû,20160526,1980,1980,1975,1980,33694,258,5105000
1291,A225590,ÆÐ¼ÇÇÃ·§Æû,20160525,1985,1985,1985,1985,0,258,5105000
1292,A225590,ÆÐ¼ÇÇÃ·§Æû,20160524,1985,1985,1985,1985,38,258,5105000
1293,A225590,ÆÐ¼ÇÇÃ·§Æû,20160523,1980,1990,1975,1980,650,258,5105000
1294,A225590,ÆÐ¼ÇÇÃ·§Æû,20160520,1985,2000,1985,2000,5379,258,5105000
1295,A225590,ÆÐ¼ÇÇÃ·§Æû,20160519,1995,2000,1975,2000,11605,258,5105000
1296,A225590,ÆÐ¼ÇÇÃ·§Æû,20160518,1980,1990,1970,1975,4075,258,5105000
1297,A225590,ÆÐ¼ÇÇÃ·§Æû,20160517,1980,2000,1980,1990,958,258,5105000
1298,A225590,ÆÐ¼ÇÇÃ·§Æû,20160516,1985,2000,1975,2000,2228,258,5105000
1299,A225590,ÆÐ¼ÇÇÃ·§Æû,20160513,1970,1990,1970,1985,3479,258,5105000
1300,A225590,ÆÐ¼ÇÇÃ·§Æû,20160512,2000,2000,1995,2000,5060,258,5105000
1301,A225590,ÆÐ¼ÇÇÃ·§Æû,20160511,1970,2000,1970,2000,512,258,5105000
1302,A225590,ÆÐ¼ÇÇÃ·§Æû,20160510,1985,2000,1985,2000,101,258,5105000
1303,A225590,ÆÐ¼ÇÇÃ·§Æû,20160509,1985,1990,1985,1990,1685,258,5105000
1304,A225590,ÆÐ¼ÇÇÃ·§Æû,20160504,1995,2000,1980,2000,3095,258,5105000
1305,A225590,ÆÐ¼ÇÇÃ·§Æû,20160503,2000,2000,1975,2000,725,258,5105000
1306,A225590,ÆÐ¼ÇÇÃ·§Æû,20160502,1995,1995,1995,1995,0,258,5105000
1307,A225590,ÆÐ¼ÇÇÃ·§Æû,20160429,1975,1995,1975,1995,5195,258,5105000
1308,A225590,ÆÐ¼ÇÇÃ·§Æû,20160428,1995,2000,1995,2000,1183,258,5105000
1309,A225590,ÆÐ¼ÇÇÃ·§Æû,20160427,1980,1985,1980,1980,21874,258,5105000
1310,A225590,ÆÐ¼ÇÇÃ·§Æû,20160426,1975,1990,1955,1980,707,258,5105000
1311,A225590,ÆÐ¼ÇÇÃ·§Æû,20160425,1980,2000,1965,1975,23576,258,5105000
1312,A225590,ÆÐ¼ÇÇÃ·§Æû,20160422,1980,2000,1980,1980,12016,258,5105000
1313,A225590,ÆÐ¼ÇÇÃ·§Æû,20160421,1995,1995,1980,1980,17501,258,5105000
1314,A225590,ÆÐ¼ÇÇÃ·§Æû,20160420,1990,2000,1980,2000,25768,258,5105000
1315,A225590,ÆÐ¼ÇÇÃ·§Æû,20160419,1995,2010,1985,2000,11945,258,5105000
1316,A225590,ÆÐ¼ÇÇÃ·§Æû,20160418,2000,2005,1975,1990,410,258,5105000
1317,A225590,ÆÐ¼ÇÇÃ·§Æû,20160415,2020,2020,1960,2020,11052,258,5105000
1318,A225590,ÆÐ¼ÇÇÃ·§Æû,20160414,1990,2020,1990,2020,1527,258,5105000
1319,A225590,ÆÐ¼ÇÇÃ·§Æû,20160412,1990,2000,1980,2000,21108,258,5105000
1320,A225590,ÆÐ¼ÇÇÃ·§Æû,20160411,1990,2000,1985,1990,3812,258,5105000
1321,A225590,ÆÐ¼ÇÇÃ·§Æû,20160408,1995,2015,1950,1990,17623,258,5105000
1322,A225590,ÆÐ¼ÇÇÃ·§Æû,20160407,2020,2020,1995,1995,672,258,5105000
1323,A225590,ÆÐ¼ÇÇÃ·§Æû,20160406,2005,2010,1995,1995,1503,258,5105000
1324,A225590,ÆÐ¼ÇÇÃ·§Æû,20160405,1995,2005,1990,1990,8383,258,5105000
1325,A225590,ÆÐ¼ÇÇÃ·§Æû,20160404,2010,2010,1990,1990,3925,258,5105000
1326,A225590,ÆÐ¼ÇÇÃ·§Æû,20160401,2000,2005,1990,1990,2162,258,5105000
1327,A225590,ÆÐ¼ÇÇÃ·§Æû,20160331,2010,2010,1990,1990,5005,258,5105000
1328,A225590,ÆÐ¼ÇÇÃ·§Æû,20160330,2005,2005,1990,1990,522,258,5105000
1329,A225590,ÆÐ¼ÇÇÃ·§Æû,20160329,2005,2005,1995,1995,8400,258,5105000
1330,A225590,ÆÐ¼ÇÇÃ·§Æû,20160328,2030,2030,1995,1995,5013,258,5105000
1331,A225590,ÆÐ¼ÇÇÃ·§Æû,20160325,1995,2005,1995,2005,1743,258,5105000
1332,A225590,ÆÐ¼ÇÇÃ·§Æû,20160324,2000,2005,1995,2005,76,258,5105000
1333,A225590,ÆÐ¼ÇÇÃ·§Æû,20160323,1995,2000,1995,1995,7477,258,5105000
1334,A225590,ÆÐ¼ÇÇÃ·§Æû,20160322,2000,2005,2000,2005,563,258,5105000
1335,A225590,ÆÐ¼ÇÇÃ·§Æû,20160321,2040,2040,2005,2005,101,258,5105000
1336,A225590,ÆÐ¼ÇÇÃ·§Æû,20160318,1995,2005,1995,2000,3570,258,5105000
1337,A225590,ÆÐ¼ÇÇÃ·§Æû,20160317,2000,2000,1995,2000,19577,258,5105000
1338,A225590,ÆÐ¼ÇÇÃ·§Æû,20160316,2035,2035,2000,2025,40,258,5105000
1339,A225590,ÆÐ¼ÇÇÃ·§Æû,20160315,2045,2045,2000,2005,10199,258,5105000
1340,A225590,ÆÐ¼ÇÇÃ·§Æû,20160314,2005,2005,2000,2005,20204,258,5105000
1341,A225590,ÆÐ¼ÇÇÃ·§Æû,20160311,1995,2005,1995,2005,2175,258,5105000
1342,A225590,ÆÐ¼ÇÇÃ·§Æû,20160310,2000,2005,2000,2000,3504,258,5105000
1343,A225590,ÆÐ¼ÇÇÃ·§Æû,20160309,2000,2005,2000,2005,227,258,5105000
1344,A225590,ÆÐ¼ÇÇÃ·§Æû,20160308,1995,2020,1995,2020,1357,258,5105000
1345,A225590,ÆÐ¼ÇÇÃ·§Æû,20160307,1995,2020,1995,2000,2018,258,5105000
1346,A225590,ÆÐ¼ÇÇÃ·§Æû,20160304,2010,2010,1995,2010,2744,258,5105000
1347,A225590,ÆÐ¼ÇÇÃ·§Æû,20160303,2000,2010,1995,2000,2716,258,5105000
1348,A225590,ÆÐ¼ÇÇÃ·§Æû,20160302,2000,2015,1995,2000,6770,258,5105000
1349,A225590,ÆÐ¼ÇÇÃ·§Æû,20160229,2015,2015,2010,2015,1881,258,5105000
1350,A225590,ÆÐ¼ÇÇÃ·§Æû,20160226,2030,2030,1995,2000,1667,258,5105000
1351,A225590,ÆÐ¼ÇÇÃ·§Æû,20160225,1995,2005,1995,2005,1950,258,5105000
1352,A225590,ÆÐ¼ÇÇÃ·§Æû,20160224,2020,2045,1990,1995,1736,258,5105000
1353,A225590,ÆÐ¼ÇÇÃ·§Æû,20160223,2000,2045,2000,2045,1087,258,5105000
1354,A225590,ÆÐ¼ÇÇÃ·§Æû,20160222,2030,2065,2000,2000,1105,258,5105000
1355,A225590,ÆÐ¼ÇÇÃ·§Æû,20160219,2070,2070,2040,2045,15,258,5105000
1356,A225590,ÆÐ¼ÇÇÃ·§Æû,20160218,2000,2025,2000,2015,10309,258,5105000
1357,A225590,ÆÐ¼ÇÇÃ·§Æû,20160217,2085,2085,1995,1995,1821,258,5105000
1358,A225590,ÆÐ¼ÇÇÃ·§Æû,20160216,2050,2050,1995,1995,18,258,5105000
1359,A225590,ÆÐ¼ÇÇÃ·§Æû,20160215,2000,2015,2000,2010,6667,258,5105000
1360,A225590,ÆÐ¼ÇÇÃ·§Æû,20160212,2005,2030,1995,2000,13917,258,5105000
1361,A225590,ÆÐ¼ÇÇÃ·§Æû,20160211,2035,2035,2000,2030,9855,258,5105000
1362,A225590,ÆÐ¼ÇÇÃ·§Æû,20160205,2005,2015,2000,2010,5326,258,5105000
1363,A225590,ÆÐ¼ÇÇÃ·§Æû,20160204,2000,2085,2000,2035,4462,258,5105000
1364,A225590,ÆÐ¼ÇÇÃ·§Æû,20160203,2010,2065,2000,2065,307,258,5105000
1365,A225590,ÆÐ¼ÇÇÃ·§Æû,20160202,2005,2015,2005,2005,2467,258,5105000
1366,A225590,ÆÐ¼ÇÇÃ·§Æû,20160201,2050,2050,2010,2010,494,258,5105000
1367,A225590,ÆÐ¼ÇÇÃ·§Æû,20160129,1990,2095,1990,2080,42702,258,5105000
1368,A225590,ÆÐ¼ÇÇÃ·§Æû,20160128,2005,2005,2000,2000,18538,258,5105000
1369,A225590,ÆÐ¼ÇÇÃ·§Æû,20160127,2005,2015,2005,2005,1019,258,5105000
1370,A225590,ÆÐ¼ÇÇÃ·§Æû,20160126,2005,2005,2005,2005,0,258,5105000
1371,A225590,ÆÐ¼ÇÇÃ·§Æû,20160125,2000,2005,2000,2000,7757,258,5105000
1372,A225590,ÆÐ¼ÇÇÃ·§Æû,20160122,2005,2005,2005,2005,20,258,5105000
1373,A225590,ÆÐ¼ÇÇÃ·§Æû,20160121,2050,2050,2005,2005,33,258,5105000
1374,A225590,ÆÐ¼ÇÇÃ·§Æû,20160120,2000,2090,2000,2005,1757,258,5105000
1375,A225590,ÆÐ¼ÇÇÃ·§Æû,20160119,2010,2015,2005,2005,10699,258,5105000
1376,A225590,ÆÐ¼ÇÇÃ·§Æû,20160118,2000,2070,2000,2000,54,258,5105000
1377,A225590,ÆÐ¼ÇÇÃ·§Æû,20160115,2000,2035,2000,2000,470,258,5105000
1378,A225590,ÆÐ¼ÇÇÃ·§Æû,20160114,2040,2070,2005,2040,713,258,5105000
1379,A225590,ÆÐ¼ÇÇÃ·§Æû,20160113,2000,2040,2000,2040,675,258,5105000
1380,A225590,ÆÐ¼ÇÇÃ·§Æû,20160112,2035,2035,2000,2035,7054,258,5105000
1381,A225590,ÆÐ¼ÇÇÃ·§Æû,20160111,2005,2025,2000,2005,7984,258,5105000
1382,A225590,ÆÐ¼ÇÇÃ·§Æû,20160108,2010,2040,2010,2035,512,258,5105000
1383,A225590,ÆÐ¼ÇÇÃ·§Æû,20160107,2040,2040,2005,2005,3595,258,5105000
1384,A225590,ÆÐ¼ÇÇÃ·§Æû,20160106,2070,2070,2005,2010,737,258,5105000
1385,A225590,ÆÐ¼ÇÇÃ·§Æû,20160105,2045,2045,2010,2030,1102,258,5105000
1386,A225590,ÆÐ¼ÇÇÃ·§Æû,20160104,2030,2030,2005,2030,3508,258,5105000
